{"type": "CGSHOP2023_Instance", "name": "cheese658", "n": 658, "outer_boundary": [{"x": 70, "y": 612}, {"x": 10, "y": 587}, {"x": 13, "y": 171}, {"x": 14, "y": 156}, {"x": 61, "y": 44}, {"x": 232, "y": 23}, {"x": 651, "y": 10}, {"x": 674, "y": 215}, {"x": 694, "y": 319}, {"x": 689, "y": 510}, {"x": 695, "y": 651}, {"x": 678, "y": 672}, {"x": 217, "y": 680}, {"x": 198, "y": 673}], "holes": [[{"x": 175, "y": 381}, {"x": 164, "y": 397}, {"x": 161, "y": 404}, {"x": 180, "y": 404}, {"x": 175, "y": 383}], [{"x": 544, "y": 435}, {"x": 551, "y": 458}, {"x": 563, "y": 437}, {"x": 553, "y": 442}], [{"x": 60, "y": 326}, {"x": 81, "y": 326}, {"x": 57, "y": 321}], [{"x": 135, "y": 83}, {"x": 153, "y": 83}, {"x": 132, "y": 62}], [{"x": 454, "y": 357}, {"x": 448, "y": 379}, {"x": 466, "y": 370}], [{"x": 188, "y": 359}, {"x": 206, "y": 377}, {"x": 194, "y": 377}, {"x": 184, "y": 384}, {"x": 211, "y": 383}, {"x": 204, "y": 359}], [{"x": 311, "y": 216}, {"x": 310, "y": 221}, {"x": 337, "y": 221}, {"x": 336, "y": 219}], [{"x": 240, "y": 637}, {"x": 224, "y": 642}, {"x": 222, "y": 657}, {"x": 227, "y": 657}, {"x": 241, "y": 658}, {"x": 249, "y": 638}], [{"x": 669, "y": 482}, {"x": 664, "y": 478}, {"x": 662, "y": 478}, {"x": 672, "y": 486}], [{"x": 294, "y": 645}, {"x": 279, "y": 641}, {"x": 294, "y": 655}, {"x": 297, "y": 641}], [{"x": 439, "y": 482}, {"x": 454, "y": 473}, {"x": 464, "y": 482}, {"x": 458, "y": 472}, {"x": 439, "y": 460}], [{"x": 325, "y": 254}, {"x": 325, "y": 261}, {"x": 347, "y": 240}, {"x": 346, "y": 238}, {"x": 317, "y": 242}], [{"x": 645, "y": 626}, {"x": 655, "y": 629}, {"x": 668, "y": 633}, {"x": 666, "y": 644}, {"x": 666, "y": 651}, {"x": 671, "y": 624}], [{"x": 296, "y": 71}, {"x": 310, "y": 75}, {"x": 297, "y": 94}, {"x": 298, "y": 94}, {"x": 318, "y": 66}, {"x": 312, "y": 71}], [{"x": 451, "y": 321}, {"x": 461, "y": 335}, {"x": 461, "y": 337}, {"x": 465, "y": 339}], [{"x": 509, "y": 327}, {"x": 510, "y": 325}, {"x": 495, "y": 306}, {"x": 497, "y": 319}], [{"x": 395, "y": 405}, {"x": 397, "y": 426}, {"x": 414, "y": 428}, {"x": 415, "y": 419}], [{"x": 416, "y": 215}, {"x": 417, "y": 229}, {"x": 442, "y": 231}, {"x": 444, "y": 231}, {"x": 424, "y": 213}, {"x": 417, "y": 226}], [{"x": 53, "y": 287}, {"x": 56, "y": 301}, {"x": 69, "y": 308}, {"x": 72, "y": 289}], [{"x": 525, "y": 499}, {"x": 522, "y": 486}, {"x": 516, "y": 479}, {"x": 524, "y": 500}, {"x": 541, "y": 486}], [{"x": 564, "y": 251}, {"x": 582, "y": 246}, {"x": 567, "y": 263}, {"x": 589, "y": 263}, {"x": 587, "y": 243}], [{"x": 665, "y": 394}, {"x": 666, "y": 372}, {"x": 659, "y": 366}, {"x": 658, "y": 371}, {"x": 659, "y": 391}], [{"x": 632, "y": 209}, {"x": 637, "y": 206}, {"x": 660, "y": 187}, {"x": 656, "y": 183}, {"x": 632, "y": 181}], [{"x": 439, "y": 113}, {"x": 440, "y": 116}, {"x": 462, "y": 134}, {"x": 466, "y": 137}, {"x": 440, "y": 115}, {"x": 463, "y": 110}], [{"x": 668, "y": 348}, {"x": 665, "y": 341}, {"x": 647, "y": 343}, {"x": 665, "y": 349}], [{"x": 343, "y": 432}, {"x": 343, "y": 435}, {"x": 349, "y": 436}, {"x": 366, "y": 431}, {"x": 368, "y": 414}], [{"x": 507, "y": 79}, {"x": 507, "y": 54}, {"x": 491, "y": 52}, {"x": 491, "y": 57}, {"x": 490, "y": 73}], [{"x": 136, "y": 410}, {"x": 156, "y": 411}, {"x": 153, "y": 393}, {"x": 139, "y": 398}, {"x": 134, "y": 416}], [{"x": 212, "y": 164}, {"x": 208, "y": 150}, {"x": 206, "y": 149}], [{"x": 517, "y": 626}, {"x": 517, "y": 627}, {"x": 537, "y": 604}, {"x": 529, "y": 602}], [{"x": 562, "y": 132}, {"x": 561, "y": 129}, {"x": 559, "y": 126}, {"x": 541, "y": 127}, {"x": 553, "y": 155}], [{"x": 444, "y": 81}, {"x": 453, "y": 83}, {"x": 469, "y": 63}, {"x": 465, "y": 65}, {"x": 451, "y": 68}], [{"x": 259, "y": 33}, {"x": 241, "y": 53}, {"x": 261, "y": 54}], [{"x": 124, "y": 351}, {"x": 142, "y": 333}, {"x": 119, "y": 332}, {"x": 119, "y": 333}, {"x": 118, "y": 353}], [{"x": 339, "y": 274}, {"x": 344, "y": 271}, {"x": 338, "y": 254}, {"x": 336, "y": 271}], [{"x": 491, "y": 386}, {"x": 491, "y": 384}, {"x": 471, "y": 360}, {"x": 471, "y": 361}], [{"x": 400, "y": 365}, {"x": 421, "y": 368}, {"x": 422, "y": 351}, {"x": 399, "y": 350}, {"x": 401, "y": 363}, {"x": 396, "y": 367}], [{"x": 96, "y": 359}, {"x": 99, "y": 363}, {"x": 120, "y": 363}, {"x": 117, "y": 358}, {"x": 121, "y": 353}, {"x": 101, "y": 357}], [{"x": 209, "y": 309}, {"x": 231, "y": 329}, {"x": 216, "y": 333}, {"x": 238, "y": 334}, {"x": 238, "y": 328}, {"x": 231, "y": 305}], [{"x": 305, "y": 344}, {"x": 301, "y": 362}, {"x": 307, "y": 348}, {"x": 303, "y": 365}, {"x": 326, "y": 363}, {"x": 310, "y": 344}], [{"x": 508, "y": 436}, {"x": 509, "y": 431}, {"x": 503, "y": 434}], [{"x": 511, "y": 81}, {"x": 536, "y": 76}, {"x": 535, "y": 75}, {"x": 529, "y": 54}, {"x": 528, "y": 56}, {"x": 517, "y": 58}], [{"x": 422, "y": 174}, {"x": 425, "y": 162}, {"x": 429, "y": 158}, {"x": 421, "y": 154}], [{"x": 401, "y": 251}, {"x": 402, "y": 256}, {"x": 421, "y": 267}], [{"x": 454, "y": 435}, {"x": 477, "y": 429}, {"x": 482, "y": 410}, {"x": 483, "y": 406}, {"x": 456, "y": 415}], [{"x": 267, "y": 326}, {"x": 274, "y": 321}, {"x": 270, "y": 328}, {"x": 293, "y": 303}, {"x": 269, "y": 307}, {"x": 264, "y": 302}], [{"x": 613, "y": 615}, {"x": 612, "y": 622}, {"x": 640, "y": 624}, {"x": 632, "y": 603}, {"x": 636, "y": 615}, {"x": 618, "y": 601}], [{"x": 280, "y": 212}, {"x": 281, "y": 205}, {"x": 253, "y": 210}, {"x": 258, "y": 225}, {"x": 256, "y": 232}], [{"x": 499, "y": 594}, {"x": 503, "y": 613}, {"x": 505, "y": 592}, {"x": 520, "y": 593}, {"x": 521, "y": 586}], [{"x": 188, "y": 108}, {"x": 192, "y": 130}, {"x": 209, "y": 133}, {"x": 194, "y": 113}, {"x": 207, "y": 115}], [{"x": 237, "y": 571}, {"x": 231, "y": 589}, {"x": 239, "y": 586}, {"x": 249, "y": 581}], [{"x": 618, "y": 52}, {"x": 636, "y": 36}, {"x": 619, "y": 36}], [{"x": 97, "y": 88}, {"x": 116, "y": 66}, {"x": 95, "y": 66}, {"x": 90, "y": 62}], [{"x": 375, "y": 542}, {"x": 383, "y": 551}, {"x": 397, "y": 546}, {"x": 396, "y": 544}], [{"x": 523, "y": 464}, {"x": 545, "y": 459}, {"x": 540, "y": 458}], [{"x": 216, "y": 106}, {"x": 211, "y": 87}, {"x": 190, "y": 88}, {"x": 196, "y": 108}, {"x": 209, "y": 112}], [{"x": 76, "y": 540}, {"x": 88, "y": 537}, {"x": 66, "y": 519}], [{"x": 594, "y": 606}, {"x": 596, "y": 591}, {"x": 567, "y": 587}, {"x": 590, "y": 591}, {"x": 569, "y": 595}], [{"x": 578, "y": 209}, {"x": 585, "y": 216}, {"x": 602, "y": 208}], [{"x": 494, "y": 145}, {"x": 492, "y": 141}, {"x": 490, "y": 159}], [{"x": 305, "y": 398}, {"x": 307, "y": 372}, {"x": 303, "y": 397}], [{"x": 46, "y": 365}, {"x": 49, "y": 365}, {"x": 66, "y": 355}, {"x": 66, "y": 350}, {"x": 51, "y": 346}], [{"x": 168, "y": 151}, {"x": 170, "y": 148}, {"x": 149, "y": 153}, {"x": 151, "y": 153}, {"x": 150, "y": 156}, {"x": 176, "y": 158}], [{"x": 574, "y": 420}, {"x": 578, "y": 420}, {"x": 577, "y": 414}, {"x": 571, "y": 399}, {"x": 555, "y": 403}, {"x": 552, "y": 403}], [{"x": 591, "y": 554}, {"x": 595, "y": 545}, {"x": 588, "y": 535}, {"x": 572, "y": 545}], [{"x": 442, "y": 570}, {"x": 447, "y": 581}, {"x": 449, "y": 568}, {"x": 422, "y": 564}, {"x": 419, "y": 566}, {"x": 420, "y": 569}], [{"x": 86, "y": 534}, {"x": 99, "y": 533}, {"x": 82, "y": 513}, {"x": 83, "y": 530}], [{"x": 504, "y": 92}, {"x": 495, "y": 111}, {"x": 503, "y": 111}, {"x": 499, "y": 114}, {"x": 520, "y": 112}, {"x": 519, "y": 106}], [{"x": 535, "y": 255}, {"x": 531, "y": 258}, {"x": 536, "y": 277}, {"x": 552, "y": 277}, {"x": 550, "y": 250}, {"x": 548, "y": 252}], [{"x": 555, "y": 493}, {"x": 538, "y": 496}, {"x": 540, "y": 497}, {"x": 560, "y": 501}], [{"x": 339, "y": 130}, {"x": 338, "y": 131}, {"x": 340, "y": 138}, {"x": 347, "y": 157}, {"x": 359, "y": 155}, {"x": 359, "y": 152}], [{"x": 584, "y": 149}, {"x": 578, "y": 175}, {"x": 584, "y": 172}], [{"x": 174, "y": 189}, {"x": 176, "y": 191}, {"x": 177, "y": 170}, {"x": 182, "y": 167}, {"x": 175, "y": 164}], [{"x": 656, "y": 196}, {"x": 660, "y": 191}, {"x": 652, "y": 197}, {"x": 639, "y": 214}], [{"x": 154, "y": 517}, {"x": 161, "y": 533}, {"x": 163, "y": 528}, {"x": 160, "y": 517}, {"x": 161, "y": 510}, {"x": 156, "y": 509}], [{"x": 546, "y": 67}, {"x": 553, "y": 66}, {"x": 532, "y": 47}, {"x": 530, "y": 46}], [{"x": 209, "y": 290}, {"x": 214, "y": 297}, {"x": 211, "y": 272}, {"x": 207, "y": 273}, {"x": 207, "y": 300}], [{"x": 75, "y": 461}, {"x": 79, "y": 440}, {"x": 61, "y": 465}, {"x": 62, "y": 469}], [{"x": 72, "y": 165}, {"x": 87, "y": 180}, {"x": 75, "y": 182}, {"x": 91, "y": 182}], [{"x": 422, "y": 320}, {"x": 430, "y": 299}, {"x": 430, "y": 296}, {"x": 426, "y": 295}], [{"x": 534, "y": 239}, {"x": 538, "y": 229}, {"x": 513, "y": 238}], [{"x": 582, "y": 39}, {"x": 608, "y": 55}, {"x": 610, "y": 50}, {"x": 608, "y": 37}, {"x": 604, "y": 36}], [{"x": 214, "y": 617}, {"x": 235, "y": 605}, {"x": 233, "y": 603}], [{"x": 394, "y": 168}, {"x": 413, "y": 191}, {"x": 417, "y": 170}, {"x": 403, "y": 162}], [{"x": 599, "y": 587}, {"x": 600, "y": 585}, {"x": 594, "y": 569}], [{"x": 96, "y": 111}, {"x": 97, "y": 111}, {"x": 98, "y": 114}, {"x": 117, "y": 98}, {"x": 113, "y": 91}], [{"x": 633, "y": 419}, {"x": 639, "y": 426}, {"x": 654, "y": 443}, {"x": 663, "y": 449}, {"x": 654, "y": 422}, {"x": 640, "y": 419}], [{"x": 507, "y": 360}, {"x": 482, "y": 360}, {"x": 489, "y": 369}, {"x": 508, "y": 388}, {"x": 509, "y": 388}], [{"x": 53, "y": 426}, {"x": 56, "y": 432}, {"x": 53, "y": 412}], [{"x": 442, "y": 76}, {"x": 422, "y": 84}, {"x": 416, "y": 104}], [{"x": 593, "y": 442}, {"x": 617, "y": 424}, {"x": 612, "y": 424}, {"x": 588, "y": 425}, {"x": 590, "y": 450}], [{"x": 309, "y": 170}, {"x": 311, "y": 171}, {"x": 309, "y": 147}, {"x": 306, "y": 162}, {"x": 285, "y": 161}, {"x": 308, "y": 170}], [{"x": 203, "y": 250}, {"x": 219, "y": 250}, {"x": 200, "y": 232}], [{"x": 296, "y": 460}, {"x": 319, "y": 459}, {"x": 296, "y": 434}, {"x": 293, "y": 454}], [{"x": 477, "y": 262}, {"x": 496, "y": 240}, {"x": 480, "y": 236}, {"x": 474, "y": 261}], [{"x": 434, "y": 634}, {"x": 460, "y": 635}, {"x": 459, "y": 613}], [{"x": 455, "y": 230}, {"x": 455, "y": 208}, {"x": 453, "y": 211}, {"x": 440, "y": 211}], [{"x": 419, "y": 443}, {"x": 418, "y": 447}, {"x": 408, "y": 463}, {"x": 428, "y": 467}], [{"x": 303, "y": 588}, {"x": 303, "y": 592}, {"x": 307, "y": 585}], [{"x": 426, "y": 650}, {"x": 427, "y": 646}, {"x": 426, "y": 646}, {"x": 412, "y": 648}, {"x": 407, "y": 650}], [{"x": 110, "y": 459}, {"x": 94, "y": 453}, {"x": 91, "y": 478}, {"x": 111, "y": 479}, {"x": 112, "y": 480}], [{"x": 474, "y": 114}, {"x": 474, "y": 117}, {"x": 491, "y": 134}], [{"x": 475, "y": 457}, {"x": 474, "y": 474}, {"x": 493, "y": 476}], [{"x": 401, "y": 399}, {"x": 422, "y": 402}, {"x": 427, "y": 380}, {"x": 425, "y": 380}], [{"x": 492, "y": 541}, {"x": 498, "y": 547}, {"x": 496, "y": 539}, {"x": 496, "y": 523}, {"x": 494, "y": 529}, {"x": 494, "y": 539}], [{"x": 131, "y": 447}, {"x": 148, "y": 428}, {"x": 122, "y": 429}, {"x": 122, "y": 451}, {"x": 129, "y": 445}], [{"x": 641, "y": 249}, {"x": 663, "y": 252}, {"x": 643, "y": 233}, {"x": 660, "y": 245}, {"x": 658, "y": 226}, {"x": 638, "y": 228}], [{"x": 148, "y": 187}, {"x": 151, "y": 186}, {"x": 163, "y": 166}, {"x": 149, "y": 181}], [{"x": 125, "y": 293}, {"x": 129, "y": 290}, {"x": 107, "y": 294}], [{"x": 202, "y": 325}, {"x": 209, "y": 328}, {"x": 189, "y": 307}, {"x": 184, "y": 305}, {"x": 189, "y": 315}, {"x": 201, "y": 325}], [{"x": 84, "y": 367}, {"x": 86, "y": 349}, {"x": 84, "y": 363}, {"x": 66, "y": 362}], [{"x": 641, "y": 321}, {"x": 660, "y": 328}, {"x": 665, "y": 309}, {"x": 642, "y": 309}, {"x": 637, "y": 306}], [{"x": 353, "y": 51}, {"x": 351, "y": 69}, {"x": 350, "y": 73}, {"x": 356, "y": 65}], [{"x": 621, "y": 462}, {"x": 645, "y": 462}, {"x": 628, "y": 458}], [{"x": 157, "y": 495}, {"x": 159, "y": 470}, {"x": 141, "y": 471}, {"x": 137, "y": 467}], [{"x": 33, "y": 192}, {"x": 37, "y": 192}, {"x": 59, "y": 174}, {"x": 35, "y": 169}], [{"x": 365, "y": 544}, {"x": 362, "y": 566}, {"x": 365, "y": 558}], [{"x": 571, "y": 628}, {"x": 575, "y": 627}, {"x": 575, "y": 625}, {"x": 590, "y": 609}, {"x": 591, "y": 606}], [{"x": 511, "y": 542}, {"x": 529, "y": 569}, {"x": 538, "y": 562}], [{"x": 382, "y": 628}, {"x": 386, "y": 601}, {"x": 380, "y": 625}], [{"x": 257, "y": 405}, {"x": 260, "y": 384}, {"x": 233, "y": 412}, {"x": 254, "y": 412}], [{"x": 224, "y": 243}, {"x": 240, "y": 218}, {"x": 220, "y": 215}, {"x": 215, "y": 242}], [{"x": 536, "y": 205}, {"x": 562, "y": 180}, {"x": 556, "y": 182}, {"x": 541, "y": 198}, {"x": 538, "y": 201}], [{"x": 127, "y": 217}, {"x": 153, "y": 238}, {"x": 156, "y": 233}, {"x": 156, "y": 218}, {"x": 154, "y": 210}], [{"x": 641, "y": 354}, {"x": 646, "y": 334}, {"x": 640, "y": 348}, {"x": 623, "y": 332}, {"x": 620, "y": 330}, {"x": 627, "y": 350}], [{"x": 144, "y": 253}, {"x": 146, "y": 254}, {"x": 172, "y": 231}, {"x": 143, "y": 250}], [{"x": 344, "y": 446}, {"x": 339, "y": 458}, {"x": 342, "y": 458}, {"x": 362, "y": 462}, {"x": 368, "y": 438}], [{"x": 46, "y": 324}, {"x": 47, "y": 349}, {"x": 60, "y": 329}], [{"x": 413, "y": 585}, {"x": 420, "y": 587}, {"x": 414, "y": 605}, {"x": 436, "y": 591}, {"x": 440, "y": 582}], [{"x": 432, "y": 505}, {"x": 452, "y": 512}, {"x": 451, "y": 511}, {"x": 454, "y": 504}, {"x": 437, "y": 490}, {"x": 434, "y": 490}], [{"x": 111, "y": 579}, {"x": 115, "y": 599}, {"x": 113, "y": 601}, {"x": 134, "y": 598}, {"x": 131, "y": 595}, {"x": 136, "y": 579}], [{"x": 574, "y": 67}, {"x": 584, "y": 91}, {"x": 579, "y": 74}], [{"x": 302, "y": 516}, {"x": 300, "y": 529}, {"x": 300, "y": 531}, {"x": 305, "y": 528}, {"x": 320, "y": 508}], [{"x": 39, "y": 566}, {"x": 59, "y": 589}, {"x": 47, "y": 565}, {"x": 63, "y": 569}, {"x": 44, "y": 561}, {"x": 44, "y": 564}], [{"x": 471, "y": 548}, {"x": 474, "y": 567}, {"x": 475, "y": 556}, {"x": 489, "y": 568}, {"x": 473, "y": 549}], [{"x": 124, "y": 488}, {"x": 143, "y": 507}, {"x": 140, "y": 485}, {"x": 134, "y": 482}, {"x": 137, "y": 479}], [{"x": 429, "y": 319}, {"x": 436, "y": 318}, {"x": 452, "y": 321}, {"x": 451, "y": 314}, {"x": 453, "y": 297}], [{"x": 233, "y": 121}, {"x": 230, "y": 119}, {"x": 228, "y": 116}, {"x": 208, "y": 135}, {"x": 230, "y": 133}], [{"x": 545, "y": 557}, {"x": 550, "y": 537}, {"x": 534, "y": 538}], [{"x": 532, "y": 325}, {"x": 547, "y": 313}, {"x": 549, "y": 329}, {"x": 549, "y": 309}, {"x": 544, "y": 313}], [{"x": 255, "y": 498}, {"x": 256, "y": 484}, {"x": 247, "y": 476}, {"x": 230, "y": 506}, {"x": 256, "y": 502}], [{"x": 213, "y": 375}, {"x": 233, "y": 352}, {"x": 228, "y": 356}, {"x": 211, "y": 370}], [{"x": 573, "y": 270}, {"x": 585, "y": 267}, {"x": 572, "y": 270}, {"x": 567, "y": 283}, {"x": 570, "y": 284}], [{"x": 326, "y": 558}, {"x": 329, "y": 531}, {"x": 321, "y": 535}]]}
