{"type": "CGSHOP2023_Instance", "name": "cheese2502", "n": 2502, "outer_boundary": [{"x": 45, "y": 1160}, {"x": 13, "y": 782}, {"x": 10, "y": 439}, {"x": 45, "y": 106}, {"x": 104, "y": 36}, {"x": 213, "y": 10}, {"x": 1200, "y": 34}, {"x": 1300, "y": 32}, {"x": 1343, "y": 162}, {"x": 1294, "y": 997}, {"x": 1319, "y": 1185}, {"x": 1247, "y": 1297}, {"x": 1164, "y": 1293}, {"x": 1084, "y": 1339}, {"x": 116, "y": 1288}, {"x": 26, "y": 1242}], "holes": [[{"x": 768, "y": 1251}, {"x": 772, "y": 1253}, {"x": 767, "y": 1235}], [{"x": 668, "y": 453}, {"x": 673, "y": 443}, {"x": 672, "y": 438}, {"x": 654, "y": 441}], [{"x": 781, "y": 1095}, {"x": 769, "y": 1089}, {"x": 764, "y": 1092}, {"x": 760, "y": 1088}, {"x": 781, "y": 1110}, {"x": 788, "y": 1117}], [{"x": 602, "y": 445}, {"x": 596, "y": 466}, {"x": 603, "y": 462}, {"x": 603, "y": 446}, {"x": 619, "y": 438}, {"x": 604, "y": 441}], [{"x": 880, "y": 334}, {"x": 882, "y": 335}, {"x": 899, "y": 344}, {"x": 908, "y": 335}], [{"x": 621, "y": 1025}, {"x": 624, "y": 1023}, {"x": 619, "y": 997}, {"x": 607, "y": 996}, {"x": 608, "y": 1017}, {"x": 619, "y": 1022}], [{"x": 230, "y": 610}, {"x": 251, "y": 605}, {"x": 240, "y": 583}], [{"x": 545, "y": 206}, {"x": 545, "y": 214}, {"x": 565, "y": 193}, {"x": 542, "y": 189}, {"x": 541, "y": 213}, {"x": 542, "y": 192}], [{"x": 1250, "y": 499}, {"x": 1267, "y": 496}, {"x": 1257, "y": 472}], [{"x": 115, "y": 1045}, {"x": 140, "y": 1045}, {"x": 120, "y": 1029}], [{"x": 1126, "y": 617}, {"x": 1147, "y": 635}, {"x": 1146, "y": 619}, {"x": 1138, "y": 610}], [{"x": 1055, "y": 391}, {"x": 1048, "y": 387}, {"x": 1035, "y": 405}], [{"x": 694, "y": 516}, {"x": 674, "y": 516}, {"x": 668, "y": 538}, {"x": 691, "y": 545}, {"x": 694, "y": 542}], [{"x": 1160, "y": 1143}, {"x": 1157, "y": 1121}, {"x": 1154, "y": 1122}, {"x": 1157, "y": 1143}], [{"x": 754, "y": 792}, {"x": 778, "y": 792}, {"x": 777, "y": 787}, {"x": 759, "y": 772}, {"x": 753, "y": 770}], [{"x": 1010, "y": 1085}, {"x": 1011, "y": 1081}, {"x": 992, "y": 1080}, {"x": 990, "y": 1084}, {"x": 1020, "y": 1104}], [{"x": 317, "y": 97}, {"x": 339, "y": 124}, {"x": 339, "y": 97}, {"x": 335, "y": 100}, {"x": 319, "y": 98}], [{"x": 137, "y": 404}, {"x": 146, "y": 406}, {"x": 139, "y": 400}, {"x": 124, "y": 404}, {"x": 126, "y": 424}], [{"x": 349, "y": 1246}, {"x": 360, "y": 1271}, {"x": 370, "y": 1270}, {"x": 368, "y": 1267}, {"x": 350, "y": 1244}, {"x": 349, "y": 1243}], [{"x": 331, "y": 623}, {"x": 337, "y": 598}, {"x": 333, "y": 604}, {"x": 313, "y": 614}, {"x": 310, "y": 619}], [{"x": 394, "y": 1047}, {"x": 380, "y": 1048}, {"x": 401, "y": 1071}], [{"x": 1167, "y": 516}, {"x": 1171, "y": 493}, {"x": 1164, "y": 512}], [{"x": 653, "y": 210}, {"x": 670, "y": 194}, {"x": 657, "y": 188}, {"x": 652, "y": 187}, {"x": 656, "y": 196}, {"x": 654, "y": 207}], [{"x": 977, "y": 932}, {"x": 996, "y": 949}, {"x": 996, "y": 935}], [{"x": 372, "y": 249}, {"x": 399, "y": 273}, {"x": 399, "y": 257}], [{"x": 460, "y": 137}, {"x": 464, "y": 110}, {"x": 458, "y": 129}, {"x": 458, "y": 108}, {"x": 443, "y": 115}, {"x": 441, "y": 128}], [{"x": 127, "y": 194}, {"x": 153, "y": 221}, {"x": 148, "y": 198}, {"x": 130, "y": 191}], [{"x": 153, "y": 446}, {"x": 162, "y": 427}, {"x": 153, "y": 424}, {"x": 141, "y": 434}, {"x": 141, "y": 448}], [{"x": 716, "y": 661}, {"x": 735, "y": 659}, {"x": 723, "y": 659}], [{"x": 848, "y": 110}, {"x": 837, "y": 104}, {"x": 834, "y": 108}, {"x": 827, "y": 130}, {"x": 849, "y": 132}, {"x": 856, "y": 124}], [{"x": 621, "y": 1214}, {"x": 600, "y": 1186}, {"x": 598, "y": 1185}, {"x": 604, "y": 1205}, {"x": 617, "y": 1213}], [{"x": 736, "y": 440}, {"x": 738, "y": 446}, {"x": 757, "y": 420}], [{"x": 746, "y": 749}, {"x": 766, "y": 765}, {"x": 772, "y": 769}], [{"x": 140, "y": 53}, {"x": 155, "y": 78}, {"x": 163, "y": 72}, {"x": 142, "y": 50}], [{"x": 1234, "y": 912}, {"x": 1254, "y": 914}, {"x": 1234, "y": 902}], [{"x": 323, "y": 552}, {"x": 325, "y": 553}, {"x": 324, "y": 568}, {"x": 325, "y": 574}, {"x": 327, "y": 550}, {"x": 301, "y": 554}], [{"x": 147, "y": 1131}, {"x": 164, "y": 1119}, {"x": 168, "y": 1111}, {"x": 141, "y": 1120}, {"x": 145, "y": 1131}, {"x": 143, "y": 1121}], [{"x": 544, "y": 656}, {"x": 527, "y": 676}, {"x": 528, "y": 685}, {"x": 529, "y": 684}, {"x": 551, "y": 681}], [{"x": 1025, "y": 1150}, {"x": 1046, "y": 1172}, {"x": 1046, "y": 1145}], [{"x": 874, "y": 293}, {"x": 892, "y": 291}, {"x": 888, "y": 289}, {"x": 895, "y": 274}, {"x": 889, "y": 265}, {"x": 870, "y": 266}], [{"x": 428, "y": 760}, {"x": 458, "y": 741}, {"x": 438, "y": 748}], [{"x": 706, "y": 364}, {"x": 715, "y": 365}, {"x": 710, "y": 349}, {"x": 690, "y": 372}], [{"x": 1140, "y": 828}, {"x": 1152, "y": 826}, {"x": 1156, "y": 823}], [{"x": 794, "y": 1255}, {"x": 806, "y": 1248}, {"x": 791, "y": 1253}, {"x": 790, "y": 1257}, {"x": 814, "y": 1268}, {"x": 814, "y": 1251}], [{"x": 574, "y": 151}, {"x": 576, "y": 135}, {"x": 549, "y": 127}, {"x": 550, "y": 132}, {"x": 571, "y": 151}, {"x": 567, "y": 152}], [{"x": 406, "y": 694}, {"x": 410, "y": 719}, {"x": 407, "y": 691}, {"x": 405, "y": 689}], [{"x": 318, "y": 697}, {"x": 338, "y": 696}, {"x": 317, "y": 688}], [{"x": 860, "y": 857}, {"x": 866, "y": 880}, {"x": 868, "y": 862}], [{"x": 1163, "y": 109}, {"x": 1163, "y": 110}, {"x": 1164, "y": 114}, {"x": 1165, "y": 111}, {"x": 1164, "y": 108}], [{"x": 920, "y": 302}, {"x": 923, "y": 285}, {"x": 928, "y": 279}, {"x": 920, "y": 284}, {"x": 907, "y": 288}, {"x": 901, "y": 299}], [{"x": 195, "y": 1101}, {"x": 199, "y": 1102}, {"x": 176, "y": 1078}], [{"x": 1057, "y": 245}, {"x": 1079, "y": 261}, {"x": 1079, "y": 242}], [{"x": 666, "y": 753}, {"x": 695, "y": 756}, {"x": 668, "y": 749}], [{"x": 1217, "y": 614}, {"x": 1225, "y": 611}, {"x": 1217, "y": 612}, {"x": 1202, "y": 593}, {"x": 1199, "y": 595}], [{"x": 1129, "y": 738}, {"x": 1131, "y": 757}, {"x": 1132, "y": 759}, {"x": 1134, "y": 760}, {"x": 1138, "y": 760}], [{"x": 222, "y": 142}, {"x": 199, "y": 139}, {"x": 197, "y": 138}, {"x": 197, "y": 159}, {"x": 205, "y": 162}, {"x": 222, "y": 160}], [{"x": 202, "y": 545}, {"x": 220, "y": 547}, {"x": 224, "y": 545}, {"x": 224, "y": 535}, {"x": 200, "y": 525}, {"x": 200, "y": 528}], [{"x": 759, "y": 512}, {"x": 761, "y": 513}, {"x": 758, "y": 509}, {"x": 743, "y": 507}, {"x": 739, "y": 509}, {"x": 742, "y": 534}], [{"x": 554, "y": 1038}, {"x": 542, "y": 1050}, {"x": 537, "y": 1049}, {"x": 560, "y": 1058}, {"x": 554, "y": 1034}, {"x": 541, "y": 1036}], [{"x": 528, "y": 280}, {"x": 547, "y": 296}, {"x": 529, "y": 285}, {"x": 551, "y": 299}, {"x": 548, "y": 286}], [{"x": 1140, "y": 1248}, {"x": 1140, "y": 1271}, {"x": 1141, "y": 1272}, {"x": 1161, "y": 1269}, {"x": 1159, "y": 1268}, {"x": 1157, "y": 1244}], [{"x": 284, "y": 178}, {"x": 280, "y": 194}, {"x": 286, "y": 201}], [{"x": 997, "y": 1172}, {"x": 1000, "y": 1171}, {"x": 986, "y": 1151}, {"x": 979, "y": 1147}, {"x": 982, "y": 1173}, {"x": 984, "y": 1176}], [{"x": 725, "y": 695}, {"x": 727, "y": 687}, {"x": 711, "y": 685}, {"x": 714, "y": 690}], [{"x": 930, "y": 881}, {"x": 933, "y": 894}, {"x": 954, "y": 904}], [{"x": 416, "y": 923}, {"x": 431, "y": 925}, {"x": 432, "y": 910}, {"x": 410, "y": 904}, {"x": 414, "y": 910}], [{"x": 1190, "y": 623}, {"x": 1192, "y": 609}, {"x": 1190, "y": 603}, {"x": 1172, "y": 600}, {"x": 1168, "y": 608}, {"x": 1170, "y": 606}], [{"x": 256, "y": 445}, {"x": 254, "y": 443}, {"x": 238, "y": 439}], [{"x": 607, "y": 1158}, {"x": 609, "y": 1152}, {"x": 608, "y": 1137}, {"x": 609, "y": 1131}, {"x": 605, "y": 1130}, {"x": 585, "y": 1138}], [{"x": 1041, "y": 191}, {"x": 1056, "y": 210}, {"x": 1053, "y": 192}], [{"x": 265, "y": 804}, {"x": 273, "y": 810}, {"x": 294, "y": 805}, {"x": 293, "y": 788}, {"x": 272, "y": 785}], [{"x": 503, "y": 104}, {"x": 506, "y": 87}, {"x": 522, "y": 84}, {"x": 504, "y": 85}, {"x": 500, "y": 107}], [{"x": 806, "y": 1047}, {"x": 814, "y": 1027}, {"x": 793, "y": 1019}], [{"x": 766, "y": 161}, {"x": 768, "y": 135}, {"x": 748, "y": 139}], [{"x": 520, "y": 188}, {"x": 531, "y": 194}, {"x": 519, "y": 166}], [{"x": 766, "y": 1032}, {"x": 770, "y": 1062}, {"x": 767, "y": 1037}], [{"x": 847, "y": 761}, {"x": 855, "y": 764}, {"x": 856, "y": 748}, {"x": 830, "y": 741}, {"x": 830, "y": 767}, {"x": 852, "y": 767}], [{"x": 704, "y": 177}, {"x": 714, "y": 186}, {"x": 733, "y": 182}, {"x": 725, "y": 165}, {"x": 704, "y": 164}], [{"x": 519, "y": 324}, {"x": 531, "y": 314}, {"x": 512, "y": 294}, {"x": 512, "y": 300}], [{"x": 604, "y": 851}, {"x": 609, "y": 828}, {"x": 604, "y": 850}], [{"x": 468, "y": 721}, {"x": 473, "y": 734}, {"x": 488, "y": 737}, {"x": 492, "y": 712}, {"x": 487, "y": 718}, {"x": 489, "y": 720}], [{"x": 946, "y": 969}, {"x": 947, "y": 954}, {"x": 941, "y": 970}, {"x": 966, "y": 974}, {"x": 963, "y": 948}], [{"x": 266, "y": 1105}, {"x": 267, "y": 1106}, {"x": 254, "y": 1102}, {"x": 267, "y": 1111}, {"x": 270, "y": 1126}, {"x": 274, "y": 1102}], [{"x": 213, "y": 553}, {"x": 215, "y": 557}, {"x": 235, "y": 578}, {"x": 235, "y": 572}, {"x": 231, "y": 555}], [{"x": 892, "y": 375}, {"x": 911, "y": 358}, {"x": 911, "y": 353}, {"x": 904, "y": 358}], [{"x": 326, "y": 352}, {"x": 330, "y": 334}, {"x": 324, "y": 328}, {"x": 308, "y": 336}, {"x": 307, "y": 348}], [{"x": 140, "y": 652}, {"x": 143, "y": 677}, {"x": 149, "y": 681}, {"x": 162, "y": 678}, {"x": 162, "y": 661}, {"x": 144, "y": 651}], [{"x": 623, "y": 118}, {"x": 652, "y": 143}, {"x": 633, "y": 124}], [{"x": 517, "y": 508}, {"x": 534, "y": 502}, {"x": 513, "y": 509}, {"x": 537, "y": 506}], [{"x": 423, "y": 662}, {"x": 449, "y": 667}, {"x": 428, "y": 661}, {"x": 450, "y": 646}, {"x": 443, "y": 642}], [{"x": 681, "y": 248}, {"x": 702, "y": 262}, {"x": 708, "y": 243}, {"x": 683, "y": 243}, {"x": 682, "y": 245}], [{"x": 303, "y": 980}, {"x": 303, "y": 954}, {"x": 288, "y": 957}, {"x": 289, "y": 962}, {"x": 279, "y": 956}], [{"x": 1096, "y": 1027}, {"x": 1115, "y": 1003}, {"x": 1104, "y": 999}], [{"x": 305, "y": 1110}, {"x": 303, "y": 1107}, {"x": 286, "y": 1127}, {"x": 293, "y": 1130}, {"x": 306, "y": 1132}, {"x": 312, "y": 1132}], [{"x": 986, "y": 1046}, {"x": 988, "y": 1032}, {"x": 983, "y": 1031}, {"x": 982, "y": 1049}], [{"x": 922, "y": 607}, {"x": 941, "y": 624}, {"x": 930, "y": 630}, {"x": 943, "y": 625}, {"x": 947, "y": 613}], [{"x": 271, "y": 55}, {"x": 273, "y": 56}, {"x": 275, "y": 76}, {"x": 278, "y": 70}, {"x": 296, "y": 52}, {"x": 297, "y": 47}], [{"x": 1006, "y": 1035}, {"x": 1006, "y": 1044}, {"x": 1017, "y": 1038}, {"x": 1020, "y": 1039}, {"x": 1020, "y": 1035}, {"x": 998, "y": 1016}], [{"x": 1244, "y": 454}, {"x": 1250, "y": 454}, {"x": 1261, "y": 452}, {"x": 1264, "y": 435}, {"x": 1261, "y": 432}, {"x": 1243, "y": 450}], [{"x": 170, "y": 810}, {"x": 194, "y": 812}, {"x": 168, "y": 802}, {"x": 170, "y": 807}], [{"x": 1001, "y": 474}, {"x": 1021, "y": 474}, {"x": 1008, "y": 457}, {"x": 1004, "y": 453}], [{"x": 305, "y": 513}, {"x": 327, "y": 516}, {"x": 325, "y": 501}, {"x": 309, "y": 502}], [{"x": 991, "y": 667}, {"x": 991, "y": 693}, {"x": 1017, "y": 696}], [{"x": 223, "y": 507}, {"x": 228, "y": 489}, {"x": 206, "y": 516}, {"x": 225, "y": 508}], [{"x": 211, "y": 289}, {"x": 215, "y": 293}, {"x": 209, "y": 277}, {"x": 188, "y": 269}, {"x": 210, "y": 289}], [{"x": 568, "y": 707}, {"x": 576, "y": 713}, {"x": 591, "y": 713}, {"x": 592, "y": 707}], [{"x": 424, "y": 322}, {"x": 442, "y": 316}, {"x": 447, "y": 299}, {"x": 425, "y": 316}], [{"x": 501, "y": 910}, {"x": 500, "y": 936}, {"x": 529, "y": 928}, {"x": 504, "y": 906}], [{"x": 720, "y": 1166}, {"x": 723, "y": 1163}, {"x": 704, "y": 1161}], [{"x": 734, "y": 1007}, {"x": 750, "y": 1000}, {"x": 733, "y": 1003}, {"x": 735, "y": 1005}], [{"x": 544, "y": 386}, {"x": 530, "y": 386}, {"x": 527, "y": 401}], [{"x": 835, "y": 174}, {"x": 836, "y": 174}, {"x": 836, "y": 173}, {"x": 862, "y": 181}, {"x": 856, "y": 161}, {"x": 841, "y": 158}], [{"x": 100, "y": 358}, {"x": 114, "y": 377}, {"x": 119, "y": 355}], [{"x": 460, "y": 1095}, {"x": 461, "y": 1119}, {"x": 462, "y": 1103}], [{"x": 1000, "y": 720}, {"x": 999, "y": 707}, {"x": 982, "y": 727}], [{"x": 557, "y": 655}, {"x": 562, "y": 627}, {"x": 560, "y": 630}], [{"x": 663, "y": 828}, {"x": 681, "y": 849}, {"x": 688, "y": 848}, {"x": 684, "y": 832}], [{"x": 833, "y": 216}, {"x": 838, "y": 222}, {"x": 850, "y": 219}, {"x": 852, "y": 202}, {"x": 832, "y": 199}], [{"x": 391, "y": 772}, {"x": 389, "y": 774}, {"x": 409, "y": 776}, {"x": 415, "y": 774}, {"x": 411, "y": 768}], [{"x": 401, "y": 258}, {"x": 409, "y": 262}, {"x": 428, "y": 244}, {"x": 405, "y": 245}], [{"x": 93, "y": 1214}, {"x": 118, "y": 1218}, {"x": 99, "y": 1199}, {"x": 98, "y": 1194}, {"x": 89, "y": 1196}], [{"x": 967, "y": 96}, {"x": 969, "y": 115}, {"x": 982, "y": 120}, {"x": 992, "y": 96}], [{"x": 894, "y": 1024}, {"x": 902, "y": 1008}, {"x": 880, "y": 1021}], [{"x": 478, "y": 200}, {"x": 482, "y": 202}, {"x": 499, "y": 187}, {"x": 504, "y": 182}, {"x": 502, "y": 179}], [{"x": 1171, "y": 1029}, {"x": 1173, "y": 1057}, {"x": 1192, "y": 1055}], [{"x": 415, "y": 1142}, {"x": 393, "y": 1144}, {"x": 388, "y": 1150}, {"x": 392, "y": 1171}, {"x": 394, "y": 1169}, {"x": 392, "y": 1165}], [{"x": 977, "y": 1153}, {"x": 982, "y": 1128}, {"x": 978, "y": 1128}, {"x": 956, "y": 1124}, {"x": 958, "y": 1129}, {"x": 976, "y": 1150}], [{"x": 799, "y": 119}, {"x": 800, "y": 130}, {"x": 800, "y": 111}], [{"x": 803, "y": 408}, {"x": 823, "y": 387}, {"x": 802, "y": 396}, {"x": 800, "y": 412}], [{"x": 772, "y": 334}, {"x": 770, "y": 335}, {"x": 772, "y": 348}, {"x": 792, "y": 356}, {"x": 795, "y": 353}, {"x": 795, "y": 327}], [{"x": 1077, "y": 202}, {"x": 1096, "y": 224}, {"x": 1097, "y": 204}, {"x": 1099, "y": 204}], [{"x": 279, "y": 313}, {"x": 274, "y": 319}, {"x": 295, "y": 300}], [{"x": 196, "y": 1032}, {"x": 220, "y": 1037}, {"x": 213, "y": 1019}], [{"x": 1050, "y": 290}, {"x": 1035, "y": 301}, {"x": 1030, "y": 305}], [{"x": 1265, "y": 964}, {"x": 1246, "y": 984}, {"x": 1270, "y": 983}], [{"x": 442, "y": 737}, {"x": 448, "y": 736}, {"x": 423, "y": 721}, {"x": 424, "y": 738}, {"x": 438, "y": 740}, {"x": 444, "y": 739}], [{"x": 994, "y": 193}, {"x": 989, "y": 195}, {"x": 987, "y": 217}, {"x": 1012, "y": 218}, {"x": 1016, "y": 200}], [{"x": 592, "y": 1213}, {"x": 595, "y": 1233}, {"x": 611, "y": 1241}, {"x": 596, "y": 1218}], [{"x": 671, "y": 886}, {"x": 673, "y": 905}, {"x": 689, "y": 906}, {"x": 688, "y": 903}, {"x": 690, "y": 880}], [{"x": 937, "y": 1154}, {"x": 941, "y": 1126}, {"x": 926, "y": 1126}], [{"x": 1137, "y": 276}, {"x": 1139, "y": 278}, {"x": 1162, "y": 278}, {"x": 1161, "y": 249}], [{"x": 344, "y": 370}, {"x": 364, "y": 352}, {"x": 345, "y": 355}], [{"x": 616, "y": 919}, {"x": 640, "y": 930}, {"x": 625, "y": 915}], [{"x": 716, "y": 894}, {"x": 725, "y": 873}, {"x": 718, "y": 875}], [{"x": 742, "y": 682}, {"x": 745, "y": 681}, {"x": 740, "y": 696}, {"x": 765, "y": 675}, {"x": 739, "y": 675}], [{"x": 329, "y": 1064}, {"x": 303, "y": 1061}, {"x": 302, "y": 1074}], [{"x": 455, "y": 613}, {"x": 456, "y": 605}, {"x": 452, "y": 587}, {"x": 439, "y": 584}, {"x": 452, "y": 588}, {"x": 430, "y": 603}], [{"x": 854, "y": 277}, {"x": 862, "y": 292}, {"x": 873, "y": 296}], [{"x": 1035, "y": 1274}, {"x": 1050, "y": 1282}, {"x": 1034, "y": 1257}, {"x": 1028, "y": 1253}, {"x": 1027, "y": 1262}], [{"x": 931, "y": 391}, {"x": 910, "y": 390}, {"x": 908, "y": 388}, {"x": 925, "y": 416}, {"x": 931, "y": 397}], [{"x": 121, "y": 859}, {"x": 118, "y": 862}, {"x": 95, "y": 874}, {"x": 100, "y": 877}, {"x": 116, "y": 880}, {"x": 118, "y": 874}], [{"x": 573, "y": 626}, {"x": 581, "y": 629}, {"x": 592, "y": 630}, {"x": 574, "y": 626}, {"x": 596, "y": 621}, {"x": 591, "y": 622}], [{"x": 690, "y": 1273}, {"x": 703, "y": 1270}, {"x": 707, "y": 1269}, {"x": 684, "y": 1268}], [{"x": 747, "y": 816}, {"x": 745, "y": 828}, {"x": 738, "y": 811}, {"x": 746, "y": 831}, {"x": 767, "y": 831}], [{"x": 106, "y": 191}, {"x": 125, "y": 172}, {"x": 130, "y": 165}], [{"x": 1221, "y": 384}, {"x": 1224, "y": 388}, {"x": 1241, "y": 389}, {"x": 1244, "y": 383}, {"x": 1244, "y": 366}, {"x": 1225, "y": 368}], [{"x": 293, "y": 1239}, {"x": 311, "y": 1240}, {"x": 311, "y": 1217}, {"x": 289, "y": 1217}, {"x": 289, "y": 1242}], [{"x": 543, "y": 1217}, {"x": 558, "y": 1206}, {"x": 539, "y": 1200}, {"x": 542, "y": 1207}], [{"x": 1166, "y": 886}, {"x": 1183, "y": 886}, {"x": 1182, "y": 883}, {"x": 1158, "y": 858}, {"x": 1159, "y": 880}, {"x": 1160, "y": 883}], [{"x": 189, "y": 1083}, {"x": 208, "y": 1087}, {"x": 203, "y": 1060}], [{"x": 225, "y": 70}, {"x": 230, "y": 69}, {"x": 227, "y": 65}, {"x": 224, "y": 41}, {"x": 209, "y": 66}, {"x": 208, "y": 69}], [{"x": 547, "y": 1152}, {"x": 551, "y": 1155}, {"x": 554, "y": 1162}, {"x": 576, "y": 1157}, {"x": 575, "y": 1152}, {"x": 556, "y": 1132}], [{"x": 245, "y": 976}, {"x": 242, "y": 1000}, {"x": 265, "y": 995}], [{"x": 331, "y": 308}, {"x": 360, "y": 330}, {"x": 339, "y": 309}], [{"x": 1156, "y": 1041}, {"x": 1171, "y": 1042}, {"x": 1170, "y": 1038}], [{"x": 1099, "y": 435}, {"x": 1108, "y": 441}, {"x": 1119, "y": 421}, {"x": 1124, "y": 417}, {"x": 1103, "y": 432}, {"x": 1103, "y": 418}], [{"x": 569, "y": 1087}, {"x": 573, "y": 1094}, {"x": 572, "y": 1106}, {"x": 563, "y": 1108}, {"x": 586, "y": 1107}, {"x": 586, "y": 1087}], [{"x": 934, "y": 986}, {"x": 940, "y": 970}, {"x": 939, "y": 966}, {"x": 920, "y": 965}, {"x": 920, "y": 984}], [{"x": 1131, "y": 856}, {"x": 1133, "y": 877}, {"x": 1133, "y": 875}, {"x": 1139, "y": 869}, {"x": 1139, "y": 855}, {"x": 1130, "y": 852}], [{"x": 212, "y": 436}, {"x": 227, "y": 429}, {"x": 232, "y": 413}, {"x": 204, "y": 434}, {"x": 231, "y": 414}], [{"x": 1034, "y": 130}, {"x": 1053, "y": 148}, {"x": 1056, "y": 146}], [{"x": 315, "y": 442}, {"x": 322, "y": 456}, {"x": 341, "y": 455}, {"x": 340, "y": 439}, {"x": 339, "y": 434}, {"x": 324, "y": 437}], [{"x": 909, "y": 1223}, {"x": 883, "y": 1227}, {"x": 882, "y": 1228}, {"x": 882, "y": 1243}], [{"x": 428, "y": 1106}, {"x": 428, "y": 1131}, {"x": 442, "y": 1128}, {"x": 449, "y": 1108}, {"x": 429, "y": 1106}], [{"x": 419, "y": 681}, {"x": 426, "y": 685}, {"x": 427, "y": 687}, {"x": 420, "y": 661}, {"x": 398, "y": 682}, {"x": 405, "y": 685}], [{"x": 1153, "y": 290}, {"x": 1170, "y": 292}, {"x": 1174, "y": 282}, {"x": 1166, "y": 285}], [{"x": 577, "y": 227}, {"x": 581, "y": 210}, {"x": 580, "y": 210}, {"x": 562, "y": 225}, {"x": 579, "y": 235}], [{"x": 1196, "y": 128}, {"x": 1189, "y": 122}, {"x": 1187, "y": 129}, {"x": 1192, "y": 150}, {"x": 1209, "y": 148}, {"x": 1212, "y": 146}], [{"x": 735, "y": 183}, {"x": 730, "y": 202}, {"x": 749, "y": 205}, {"x": 752, "y": 186}], [{"x": 798, "y": 305}, {"x": 788, "y": 325}, {"x": 809, "y": 304}], [{"x": 474, "y": 134}, {"x": 492, "y": 158}, {"x": 501, "y": 164}, {"x": 502, "y": 157}, {"x": 497, "y": 158}, {"x": 502, "y": 155}], [{"x": 1123, "y": 135}, {"x": 1103, "y": 131}, {"x": 1098, "y": 111}, {"x": 1103, "y": 132}, {"x": 1117, "y": 134}], [{"x": 791, "y": 630}, {"x": 810, "y": 651}, {"x": 809, "y": 643}], [{"x": 1089, "y": 473}, {"x": 1073, "y": 494}, {"x": 1090, "y": 495}], [{"x": 930, "y": 1020}, {"x": 906, "y": 1017}, {"x": 901, "y": 1021}, {"x": 925, "y": 1032}], [{"x": 303, "y": 930}, {"x": 331, "y": 931}, {"x": 331, "y": 927}, {"x": 311, "y": 910}], [{"x": 458, "y": 632}, {"x": 478, "y": 647}, {"x": 478, "y": 633}, {"x": 456, "y": 627}, {"x": 457, "y": 630}], [{"x": 401, "y": 1039}, {"x": 405, "y": 1040}, {"x": 423, "y": 1037}], [{"x": 1280, "y": 1009}, {"x": 1258, "y": 1011}, {"x": 1256, "y": 1029}, {"x": 1282, "y": 1019}], [{"x": 210, "y": 1079}, {"x": 235, "y": 1078}, {"x": 234, "y": 1072}], [{"x": 1200, "y": 397}, {"x": 1202, "y": 409}, {"x": 1223, "y": 392}, {"x": 1219, "y": 391}, {"x": 1202, "y": 398}], [{"x": 1209, "y": 1049}, {"x": 1209, "y": 1044}, {"x": 1206, "y": 1022}, {"x": 1202, "y": 1023}, {"x": 1208, "y": 1046}], [{"x": 714, "y": 970}, {"x": 732, "y": 964}, {"x": 719, "y": 986}, {"x": 741, "y": 985}, {"x": 737, "y": 961}, {"x": 712, "y": 967}], [{"x": 570, "y": 451}, {"x": 591, "y": 445}, {"x": 570, "y": 427}], [{"x": 891, "y": 876}, {"x": 905, "y": 853}, {"x": 890, "y": 873}], [{"x": 1081, "y": 804}, {"x": 1098, "y": 806}, {"x": 1104, "y": 807}, {"x": 1082, "y": 781}, {"x": 1084, "y": 786}, {"x": 1076, "y": 778}], [{"x": 214, "y": 1102}, {"x": 231, "y": 1105}, {"x": 216, "y": 1108}, {"x": 235, "y": 1110}, {"x": 219, "y": 1088}], [{"x": 1229, "y": 445}, {"x": 1234, "y": 461}, {"x": 1233, "y": 436}, {"x": 1233, "y": 442}], [{"x": 876, "y": 1112}, {"x": 879, "y": 1084}, {"x": 857, "y": 1091}, {"x": 876, "y": 1102}], [{"x": 855, "y": 64}, {"x": 870, "y": 65}, {"x": 870, "y": 60}], [{"x": 355, "y": 388}, {"x": 378, "y": 392}, {"x": 377, "y": 385}, {"x": 358, "y": 365}, {"x": 362, "y": 385}], [{"x": 925, "y": 167}, {"x": 926, "y": 188}, {"x": 945, "y": 188}, {"x": 948, "y": 165}, {"x": 928, "y": 186}, {"x": 947, "y": 162}], [{"x": 1206, "y": 211}, {"x": 1210, "y": 211}, {"x": 1210, "y": 200}, {"x": 1208, "y": 199}, {"x": 1202, "y": 216}], [{"x": 353, "y": 58}, {"x": 369, "y": 74}, {"x": 366, "y": 72}, {"x": 348, "y": 73}, {"x": 374, "y": 78}, {"x": 368, "y": 69}], [{"x": 90, "y": 128}, {"x": 110, "y": 113}, {"x": 110, "y": 109}], [{"x": 832, "y": 611}, {"x": 851, "y": 618}, {"x": 854, "y": 597}, {"x": 831, "y": 593}], [{"x": 181, "y": 1243}, {"x": 184, "y": 1249}, {"x": 191, "y": 1221}, {"x": 168, "y": 1228}, {"x": 163, "y": 1244}], [{"x": 691, "y": 1100}, {"x": 704, "y": 1089}, {"x": 710, "y": 1104}, {"x": 709, "y": 1081}], [{"x": 541, "y": 130}, {"x": 522, "y": 107}, {"x": 541, "y": 132}, {"x": 542, "y": 111}], [{"x": 205, "y": 791}, {"x": 211, "y": 787}, {"x": 209, "y": 783}, {"x": 189, "y": 769}, {"x": 189, "y": 772}, {"x": 183, "y": 788}], [{"x": 781, "y": 1158}, {"x": 770, "y": 1162}, {"x": 764, "y": 1167}, {"x": 766, "y": 1187}, {"x": 786, "y": 1182}], [{"x": 1177, "y": 1269}, {"x": 1189, "y": 1266}, {"x": 1176, "y": 1239}], [{"x": 568, "y": 546}, {"x": 562, "y": 547}, {"x": 560, "y": 547}, {"x": 579, "y": 548}], [{"x": 198, "y": 876}, {"x": 182, "y": 895}, {"x": 194, "y": 886}, {"x": 203, "y": 876}], [{"x": 83, "y": 584}, {"x": 112, "y": 584}, {"x": 92, "y": 560}, {"x": 84, "y": 565}], [{"x": 739, "y": 710}, {"x": 758, "y": 733}, {"x": 765, "y": 729}, {"x": 767, "y": 726}, {"x": 760, "y": 728}, {"x": 758, "y": 712}], [{"x": 983, "y": 886}, {"x": 981, "y": 889}, {"x": 997, "y": 883}, {"x": 1001, "y": 871}], [{"x": 160, "y": 726}, {"x": 162, "y": 708}, {"x": 160, "y": 724}, {"x": 140, "y": 731}, {"x": 161, "y": 726}], [{"x": 1245, "y": 315}, {"x": 1246, "y": 307}, {"x": 1218, "y": 331}, {"x": 1240, "y": 313}, {"x": 1226, "y": 336}], [{"x": 612, "y": 791}, {"x": 613, "y": 790}, {"x": 597, "y": 771}, {"x": 602, "y": 782}, {"x": 592, "y": 788}], [{"x": 449, "y": 753}, {"x": 455, "y": 769}, {"x": 477, "y": 771}, {"x": 455, "y": 753}], [{"x": 137, "y": 1262}, {"x": 152, "y": 1258}, {"x": 133, "y": 1253}, {"x": 135, "y": 1275}], [{"x": 1128, "y": 803}, {"x": 1136, "y": 782}, {"x": 1112, "y": 789}, {"x": 1110, "y": 810}, {"x": 1117, "y": 811}, {"x": 1133, "y": 789}], [{"x": 863, "y": 1058}, {"x": 855, "y": 1059}, {"x": 833, "y": 1057}, {"x": 839, "y": 1074}, {"x": 857, "y": 1079}, {"x": 859, "y": 1063}], [{"x": 791, "y": 712}, {"x": 787, "y": 715}, {"x": 783, "y": 732}, {"x": 786, "y": 736}, {"x": 790, "y": 729}], [{"x": 652, "y": 372}, {"x": 649, "y": 366}, {"x": 634, "y": 354}, {"x": 635, "y": 368}], [{"x": 1120, "y": 1259}, {"x": 1103, "y": 1272}, {"x": 1098, "y": 1273}, {"x": 1125, "y": 1279}, {"x": 1117, "y": 1274}, {"x": 1126, "y": 1257}], [{"x": 894, "y": 998}, {"x": 871, "y": 996}, {"x": 887, "y": 1001}, {"x": 894, "y": 999}], [{"x": 1199, "y": 732}, {"x": 1212, "y": 757}, {"x": 1219, "y": 736}, {"x": 1213, "y": 749}], [{"x": 250, "y": 486}, {"x": 254, "y": 485}, {"x": 270, "y": 463}, {"x": 245, "y": 463}], [{"x": 1166, "y": 536}, {"x": 1185, "y": 542}, {"x": 1193, "y": 525}, {"x": 1167, "y": 521}, {"x": 1167, "y": 525}], [{"x": 1198, "y": 1129}, {"x": 1194, "y": 1114}, {"x": 1177, "y": 1129}, {"x": 1178, "y": 1134}, {"x": 1193, "y": 1131}, {"x": 1199, "y": 1137}], [{"x": 496, "y": 377}, {"x": 500, "y": 374}, {"x": 499, "y": 368}], [{"x": 928, "y": 99}, {"x": 953, "y": 123}, {"x": 944, "y": 104}], [{"x": 210, "y": 701}, {"x": 210, "y": 706}, {"x": 215, "y": 725}, {"x": 218, "y": 726}, {"x": 218, "y": 706}, {"x": 212, "y": 702}], [{"x": 221, "y": 922}, {"x": 228, "y": 920}, {"x": 210, "y": 904}], [{"x": 602, "y": 265}, {"x": 627, "y": 246}, {"x": 603, "y": 238}, {"x": 601, "y": 243}], [{"x": 414, "y": 805}, {"x": 431, "y": 822}, {"x": 432, "y": 818}, {"x": 412, "y": 798}, {"x": 411, "y": 821}, {"x": 414, "y": 816}], [{"x": 187, "y": 610}, {"x": 190, "y": 625}, {"x": 211, "y": 626}], [{"x": 1049, "y": 233}, {"x": 1051, "y": 235}, {"x": 1078, "y": 213}, {"x": 1072, "y": 214}, {"x": 1048, "y": 231}], [{"x": 421, "y": 252}, {"x": 441, "y": 274}, {"x": 440, "y": 254}], [{"x": 204, "y": 448}, {"x": 201, "y": 469}, {"x": 210, "y": 469}, {"x": 230, "y": 474}, {"x": 206, "y": 449}], [{"x": 1037, "y": 590}, {"x": 1051, "y": 591}, {"x": 1033, "y": 585}], [{"x": 131, "y": 126}, {"x": 146, "y": 122}, {"x": 127, "y": 127}, {"x": 146, "y": 147}, {"x": 150, "y": 145}], [{"x": 1269, "y": 1004}, {"x": 1277, "y": 993}, {"x": 1256, "y": 988}, {"x": 1255, "y": 984}, {"x": 1248, "y": 985}, {"x": 1257, "y": 1011}], [{"x": 462, "y": 408}, {"x": 463, "y": 412}, {"x": 469, "y": 425}, {"x": 469, "y": 406}], [{"x": 852, "y": 278}, {"x": 876, "y": 260}, {"x": 870, "y": 252}, {"x": 859, "y": 251}, {"x": 851, "y": 275}], [{"x": 1098, "y": 504}, {"x": 1122, "y": 530}, {"x": 1122, "y": 524}, {"x": 1114, "y": 510}, {"x": 1119, "y": 526}, {"x": 1098, "y": 500}], [{"x": 256, "y": 417}, {"x": 259, "y": 424}, {"x": 277, "y": 439}], [{"x": 83, "y": 517}, {"x": 79, "y": 519}, {"x": 62, "y": 539}, {"x": 82, "y": 545}], [{"x": 1183, "y": 1065}, {"x": 1188, "y": 1066}, {"x": 1169, "y": 1059}], [{"x": 341, "y": 1203}, {"x": 363, "y": 1211}, {"x": 369, "y": 1212}], [{"x": 962, "y": 328}, {"x": 986, "y": 349}, {"x": 986, "y": 328}, {"x": 964, "y": 329}], [{"x": 607, "y": 174}, {"x": 608, "y": 200}, {"x": 629, "y": 170}], [{"x": 116, "y": 763}, {"x": 114, "y": 763}, {"x": 110, "y": 790}, {"x": 116, "y": 790}, {"x": 118, "y": 770}, {"x": 133, "y": 769}], [{"x": 248, "y": 886}, {"x": 248, "y": 868}, {"x": 240, "y": 886}, {"x": 227, "y": 869}, {"x": 244, "y": 893}], [{"x": 367, "y": 627}, {"x": 395, "y": 631}, {"x": 394, "y": 608}, {"x": 391, "y": 607}, {"x": 393, "y": 626}, {"x": 368, "y": 626}], [{"x": 759, "y": 310}, {"x": 778, "y": 294}, {"x": 771, "y": 292}], [{"x": 628, "y": 385}, {"x": 631, "y": 366}, {"x": 607, "y": 368}, {"x": 605, "y": 390}], [{"x": 369, "y": 631}, {"x": 364, "y": 645}, {"x": 366, "y": 646}, {"x": 368, "y": 634}, {"x": 385, "y": 645}, {"x": 391, "y": 634}], [{"x": 1112, "y": 662}, {"x": 1131, "y": 681}, {"x": 1135, "y": 683}, {"x": 1132, "y": 663}], [{"x": 640, "y": 1107}, {"x": 640, "y": 1123}, {"x": 666, "y": 1129}, {"x": 661, "y": 1108}, {"x": 665, "y": 1109}, {"x": 659, "y": 1101}], [{"x": 625, "y": 1097}, {"x": 643, "y": 1102}, {"x": 622, "y": 1101}, {"x": 649, "y": 1103}, {"x": 643, "y": 1076}], [{"x": 693, "y": 1065}, {"x": 711, "y": 1071}, {"x": 713, "y": 1043}, {"x": 694, "y": 1051}], [{"x": 674, "y": 66}, {"x": 673, "y": 65}, {"x": 670, "y": 59}, {"x": 648, "y": 64}, {"x": 676, "y": 86}], [{"x": 230, "y": 1182}, {"x": 231, "y": 1154}, {"x": 219, "y": 1156}], [{"x": 1125, "y": 641}, {"x": 1127, "y": 641}, {"x": 1122, "y": 638}], [{"x": 915, "y": 752}, {"x": 924, "y": 749}, {"x": 945, "y": 746}, {"x": 941, "y": 746}, {"x": 942, "y": 744}, {"x": 922, "y": 733}], [{"x": 732, "y": 740}, {"x": 738, "y": 723}, {"x": 717, "y": 722}, {"x": 735, "y": 724}, {"x": 731, "y": 741}], [{"x": 292, "y": 564}, {"x": 276, "y": 560}, {"x": 266, "y": 582}, {"x": 266, "y": 584}, {"x": 289, "y": 587}], [{"x": 450, "y": 477}, {"x": 451, "y": 487}, {"x": 471, "y": 471}], [{"x": 492, "y": 812}, {"x": 515, "y": 809}, {"x": 517, "y": 792}, {"x": 519, "y": 786}, {"x": 493, "y": 804}], [{"x": 181, "y": 370}, {"x": 190, "y": 363}, {"x": 167, "y": 351}, {"x": 161, "y": 363}], [{"x": 767, "y": 1130}, {"x": 783, "y": 1131}, {"x": 788, "y": 1134}, {"x": 782, "y": 1128}, {"x": 790, "y": 1130}, {"x": 761, "y": 1111}], [{"x": 677, "y": 877}, {"x": 678, "y": 861}, {"x": 673, "y": 853}], [{"x": 141, "y": 167}, {"x": 142, "y": 171}, {"x": 143, "y": 173}, {"x": 171, "y": 177}, {"x": 162, "y": 157}], [{"x": 1256, "y": 1044}, {"x": 1277, "y": 1040}, {"x": 1279, "y": 1061}, {"x": 1278, "y": 1035}, {"x": 1252, "y": 1037}], [{"x": 812, "y": 861}, {"x": 819, "y": 857}, {"x": 794, "y": 856}, {"x": 802, "y": 864}, {"x": 812, "y": 862}], [{"x": 88, "y": 1229}, {"x": 90, "y": 1214}, {"x": 78, "y": 1232}, {"x": 97, "y": 1233}, {"x": 91, "y": 1226}], [{"x": 1251, "y": 894}, {"x": 1258, "y": 900}, {"x": 1260, "y": 877}, {"x": 1238, "y": 877}, {"x": 1233, "y": 892}, {"x": 1233, "y": 898}], [{"x": 560, "y": 722}, {"x": 536, "y": 737}, {"x": 562, "y": 723}], [{"x": 191, "y": 1001}, {"x": 195, "y": 999}, {"x": 199, "y": 984}, {"x": 192, "y": 980}], [{"x": 613, "y": 931}, {"x": 621, "y": 947}, {"x": 612, "y": 949}, {"x": 641, "y": 950}, {"x": 637, "y": 946}, {"x": 618, "y": 928}], [{"x": 75, "y": 406}, {"x": 82, "y": 398}, {"x": 58, "y": 407}, {"x": 61, "y": 418}], [{"x": 1231, "y": 847}, {"x": 1233, "y": 825}, {"x": 1203, "y": 827}, {"x": 1207, "y": 848}, {"x": 1229, "y": 848}], [{"x": 652, "y": 397}, {"x": 656, "y": 396}, {"x": 650, "y": 392}, {"x": 638, "y": 398}, {"x": 637, "y": 399}, {"x": 655, "y": 398}], [{"x": 693, "y": 884}, {"x": 692, "y": 904}, {"x": 713, "y": 910}, {"x": 714, "y": 886}], [{"x": 930, "y": 329}, {"x": 927, "y": 341}, {"x": 925, "y": 351}, {"x": 931, "y": 351}, {"x": 949, "y": 341}, {"x": 945, "y": 322}], [{"x": 277, "y": 1098}, {"x": 297, "y": 1092}, {"x": 299, "y": 1077}], [{"x": 1056, "y": 565}, {"x": 1052, "y": 556}, {"x": 1032, "y": 560}, {"x": 1052, "y": 565}], [{"x": 690, "y": 217}, {"x": 691, "y": 211}, {"x": 684, "y": 229}], [{"x": 90, "y": 690}, {"x": 85, "y": 671}, {"x": 62, "y": 663}, {"x": 82, "y": 686}, {"x": 91, "y": 691}, {"x": 64, "y": 665}], [{"x": 1074, "y": 1092}, {"x": 1082, "y": 1085}, {"x": 1058, "y": 1089}, {"x": 1059, "y": 1107}], [{"x": 928, "y": 158}, {"x": 921, "y": 147}, {"x": 902, "y": 161}, {"x": 910, "y": 167}, {"x": 920, "y": 158}, {"x": 920, "y": 159}], [{"x": 1058, "y": 442}, {"x": 1071, "y": 444}, {"x": 1054, "y": 446}, {"x": 1077, "y": 444}, {"x": 1068, "y": 438}, {"x": 1049, "y": 439}], [{"x": 252, "y": 732}, {"x": 250, "y": 703}, {"x": 249, "y": 706}], [{"x": 187, "y": 338}, {"x": 201, "y": 357}, {"x": 207, "y": 341}, {"x": 181, "y": 337}, {"x": 185, "y": 356}], [{"x": 1053, "y": 1199}, {"x": 1075, "y": 1179}, {"x": 1060, "y": 1181}], [{"x": 1235, "y": 115}, {"x": 1238, "y": 116}, {"x": 1258, "y": 123}, {"x": 1259, "y": 114}, {"x": 1256, "y": 99}, {"x": 1235, "y": 114}], [{"x": 474, "y": 225}, {"x": 496, "y": 240}, {"x": 503, "y": 219}, {"x": 477, "y": 222}], [{"x": 371, "y": 687}, {"x": 376, "y": 686}, {"x": 361, "y": 668}], [{"x": 1087, "y": 1171}, {"x": 1093, "y": 1175}, {"x": 1070, "y": 1158}, {"x": 1089, "y": 1173}], [{"x": 130, "y": 313}, {"x": 135, "y": 286}, {"x": 106, "y": 285}, {"x": 130, "y": 292}, {"x": 112, "y": 310}, {"x": 127, "y": 310}], [{"x": 671, "y": 420}, {"x": 692, "y": 415}, {"x": 669, "y": 401}, {"x": 668, "y": 403}], [{"x": 1106, "y": 937}, {"x": 1113, "y": 945}, {"x": 1132, "y": 941}, {"x": 1110, "y": 919}, {"x": 1111, "y": 926}], [{"x": 110, "y": 470}, {"x": 122, "y": 447}, {"x": 108, "y": 450}, {"x": 129, "y": 444}, {"x": 107, "y": 445}], [{"x": 1113, "y": 1147}, {"x": 1117, "y": 1131}, {"x": 1094, "y": 1154}, {"x": 1116, "y": 1150}, {"x": 1099, "y": 1153}], [{"x": 308, "y": 375}, {"x": 284, "y": 371}, {"x": 290, "y": 375}, {"x": 285, "y": 395}, {"x": 289, "y": 395}, {"x": 314, "y": 392}], [{"x": 797, "y": 458}, {"x": 812, "y": 460}, {"x": 818, "y": 439}, {"x": 795, "y": 441}], [{"x": 966, "y": 92}, {"x": 977, "y": 75}, {"x": 966, "y": 79}, {"x": 965, "y": 76}, {"x": 961, "y": 99}], [{"x": 93, "y": 799}, {"x": 115, "y": 812}, {"x": 98, "y": 798}, {"x": 115, "y": 793}], [{"x": 571, "y": 657}, {"x": 597, "y": 657}, {"x": 573, "y": 638}], [{"x": 1028, "y": 811}, {"x": 1035, "y": 813}, {"x": 1032, "y": 830}, {"x": 1058, "y": 835}, {"x": 1049, "y": 809}, {"x": 1032, "y": 809}], [{"x": 449, "y": 1011}, {"x": 452, "y": 1006}, {"x": 449, "y": 1005}, {"x": 431, "y": 983}, {"x": 437, "y": 1010}], [{"x": 288, "y": 1267}, {"x": 286, "y": 1242}, {"x": 283, "y": 1246}, {"x": 261, "y": 1239}], [{"x": 598, "y": 965}, {"x": 603, "y": 988}, {"x": 600, "y": 991}, {"x": 613, "y": 995}, {"x": 614, "y": 985}], [{"x": 513, "y": 410}, {"x": 503, "y": 403}, {"x": 503, "y": 405}, {"x": 505, "y": 433}, {"x": 527, "y": 433}, {"x": 513, "y": 424}], [{"x": 510, "y": 1195}, {"x": 519, "y": 1196}, {"x": 538, "y": 1198}, {"x": 536, "y": 1179}, {"x": 533, "y": 1180}], [{"x": 954, "y": 900}, {"x": 967, "y": 898}, {"x": 976, "y": 895}, {"x": 973, "y": 883}, {"x": 967, "y": 873}, {"x": 956, "y": 894}], [{"x": 532, "y": 1152}, {"x": 536, "y": 1134}, {"x": 512, "y": 1134}, {"x": 512, "y": 1147}], [{"x": 819, "y": 195}, {"x": 834, "y": 196}, {"x": 839, "y": 180}, {"x": 834, "y": 181}], [{"x": 974, "y": 905}, {"x": 1003, "y": 894}, {"x": 1001, "y": 894}], [{"x": 452, "y": 888}, {"x": 470, "y": 883}, {"x": 473, "y": 863}], [{"x": 928, "y": 255}, {"x": 936, "y": 261}, {"x": 936, "y": 256}, {"x": 934, "y": 242}, {"x": 909, "y": 236}], [{"x": 1176, "y": 454}, {"x": 1178, "y": 434}, {"x": 1153, "y": 437}, {"x": 1168, "y": 452}, {"x": 1154, "y": 458}, {"x": 1174, "y": 455}], [{"x": 702, "y": 383}, {"x": 723, "y": 382}, {"x": 725, "y": 379}, {"x": 727, "y": 366}], [{"x": 1266, "y": 139}, {"x": 1269, "y": 144}, {"x": 1284, "y": 161}, {"x": 1287, "y": 137}], [{"x": 1237, "y": 67}, {"x": 1237, "y": 74}, {"x": 1236, "y": 97}, {"x": 1256, "y": 97}, {"x": 1257, "y": 77}], [{"x": 720, "y": 239}, {"x": 732, "y": 249}, {"x": 734, "y": 250}, {"x": 739, "y": 234}], [{"x": 1102, "y": 880}, {"x": 1086, "y": 875}, {"x": 1076, "y": 880}, {"x": 1078, "y": 897}, {"x": 1082, "y": 899}, {"x": 1086, "y": 896}], [{"x": 99, "y": 559}, {"x": 106, "y": 534}, {"x": 102, "y": 533}], [{"x": 1260, "y": 461}, {"x": 1244, "y": 469}, {"x": 1241, "y": 483}, {"x": 1243, "y": 485}], [{"x": 501, "y": 339}, {"x": 525, "y": 355}, {"x": 501, "y": 332}, {"x": 498, "y": 332}, {"x": 505, "y": 360}], [{"x": 964, "y": 316}, {"x": 965, "y": 317}, {"x": 966, "y": 320}, {"x": 966, "y": 294}, {"x": 965, "y": 299}], [{"x": 190, "y": 1174}, {"x": 205, "y": 1177}, {"x": 207, "y": 1171}], [{"x": 672, "y": 723}, {"x": 671, "y": 743}, {"x": 677, "y": 726}, {"x": 679, "y": 717}], [{"x": 222, "y": 246}, {"x": 225, "y": 247}, {"x": 241, "y": 243}], [{"x": 625, "y": 636}, {"x": 627, "y": 633}, {"x": 609, "y": 635}, {"x": 602, "y": 656}, {"x": 608, "y": 659}], [{"x": 707, "y": 566}, {"x": 710, "y": 565}, {"x": 691, "y": 562}, {"x": 708, "y": 587}, {"x": 712, "y": 567}, {"x": 712, "y": 565}], [{"x": 1148, "y": 157}, {"x": 1151, "y": 155}, {"x": 1132, "y": 158}], [{"x": 724, "y": 296}, {"x": 725, "y": 300}, {"x": 750, "y": 276}, {"x": 745, "y": 278}, {"x": 730, "y": 280}, {"x": 724, "y": 276}], [{"x": 1229, "y": 163}, {"x": 1232, "y": 184}, {"x": 1245, "y": 185}, {"x": 1242, "y": 161}], [{"x": 867, "y": 338}, {"x": 875, "y": 348}, {"x": 870, "y": 324}, {"x": 847, "y": 346}], [{"x": 634, "y": 285}, {"x": 635, "y": 308}, {"x": 650, "y": 309}, {"x": 650, "y": 303}, {"x": 647, "y": 289}], [{"x": 710, "y": 229}, {"x": 728, "y": 227}, {"x": 709, "y": 207}, {"x": 721, "y": 227}], [{"x": 724, "y": 103}, {"x": 747, "y": 122}, {"x": 726, "y": 100}], [{"x": 391, "y": 128}, {"x": 371, "y": 126}, {"x": 369, "y": 129}, {"x": 377, "y": 140}], [{"x": 555, "y": 723}, {"x": 535, "y": 703}, {"x": 529, "y": 706}], [{"x": 645, "y": 738}, {"x": 645, "y": 736}, {"x": 637, "y": 717}, {"x": 619, "y": 736}, {"x": 622, "y": 734}, {"x": 640, "y": 740}], [{"x": 90, "y": 1000}, {"x": 89, "y": 1000}, {"x": 87, "y": 1008}, {"x": 105, "y": 1006}], [{"x": 708, "y": 510}, {"x": 704, "y": 510}, {"x": 711, "y": 534}, {"x": 733, "y": 534}, {"x": 734, "y": 508}], [{"x": 1189, "y": 346}, {"x": 1171, "y": 340}, {"x": 1169, "y": 362}, {"x": 1169, "y": 367}, {"x": 1186, "y": 366}, {"x": 1194, "y": 358}], [{"x": 1103, "y": 824}, {"x": 1111, "y": 822}, {"x": 1107, "y": 801}], [{"x": 607, "y": 276}, {"x": 627, "y": 275}, {"x": 624, "y": 252}, {"x": 624, "y": 251}, {"x": 605, "y": 273}], [{"x": 349, "y": 286}, {"x": 364, "y": 284}, {"x": 371, "y": 283}, {"x": 367, "y": 278}, {"x": 348, "y": 278}, {"x": 345, "y": 304}], [{"x": 522, "y": 1183}, {"x": 526, "y": 1158}, {"x": 526, "y": 1157}, {"x": 508, "y": 1181}, {"x": 499, "y": 1183}, {"x": 521, "y": 1181}], [{"x": 476, "y": 1043}, {"x": 464, "y": 1039}, {"x": 462, "y": 1048}, {"x": 480, "y": 1063}, {"x": 480, "y": 1046}], [{"x": 521, "y": 444}, {"x": 547, "y": 444}, {"x": 545, "y": 420}], [{"x": 488, "y": 262}, {"x": 487, "y": 236}, {"x": 465, "y": 259}], [{"x": 376, "y": 357}, {"x": 377, "y": 373}, {"x": 381, "y": 380}, {"x": 400, "y": 370}, {"x": 395, "y": 356}], [{"x": 1096, "y": 331}, {"x": 1114, "y": 345}, {"x": 1115, "y": 328}], [{"x": 520, "y": 1081}, {"x": 542, "y": 1100}, {"x": 519, "y": 1075}], [{"x": 314, "y": 243}, {"x": 319, "y": 263}, {"x": 337, "y": 259}, {"x": 332, "y": 238}, {"x": 331, "y": 258}], [{"x": 729, "y": 854}, {"x": 730, "y": 830}, {"x": 728, "y": 830}, {"x": 703, "y": 846}, {"x": 710, "y": 848}, {"x": 729, "y": 850}], [{"x": 630, "y": 1182}, {"x": 650, "y": 1183}, {"x": 629, "y": 1181}, {"x": 622, "y": 1205}], [{"x": 648, "y": 799}, {"x": 651, "y": 782}, {"x": 627, "y": 784}, {"x": 622, "y": 799}], [{"x": 243, "y": 110}, {"x": 244, "y": 128}, {"x": 247, "y": 102}], [{"x": 148, "y": 550}, {"x": 164, "y": 541}, {"x": 165, "y": 530}, {"x": 149, "y": 526}], [{"x": 153, "y": 644}, {"x": 179, "y": 653}, {"x": 181, "y": 645}, {"x": 159, "y": 633}, {"x": 161, "y": 629}], [{"x": 395, "y": 1025}, {"x": 421, "y": 1009}, {"x": 420, "y": 1009}, {"x": 401, "y": 1014}], [{"x": 425, "y": 433}, {"x": 422, "y": 438}, {"x": 448, "y": 418}, {"x": 447, "y": 414}], [{"x": 960, "y": 435}, {"x": 976, "y": 430}, {"x": 976, "y": 416}, {"x": 951, "y": 436}], [{"x": 200, "y": 272}, {"x": 213, "y": 273}, {"x": 213, "y": 269}], [{"x": 93, "y": 1140}, {"x": 98, "y": 1141}, {"x": 116, "y": 1138}, {"x": 117, "y": 1135}, {"x": 100, "y": 1140}, {"x": 95, "y": 1122}], [{"x": 717, "y": 121}, {"x": 719, "y": 97}, {"x": 714, "y": 96}, {"x": 695, "y": 106}], [{"x": 641, "y": 330}, {"x": 642, "y": 346}, {"x": 667, "y": 342}], [{"x": 941, "y": 1030}, {"x": 964, "y": 1031}, {"x": 968, "y": 1029}, {"x": 942, "y": 1023}, {"x": 943, "y": 1002}], [{"x": 942, "y": 1220}, {"x": 963, "y": 1237}, {"x": 967, "y": 1240}, {"x": 945, "y": 1217}], [{"x": 491, "y": 1228}, {"x": 489, "y": 1249}, {"x": 493, "y": 1252}, {"x": 495, "y": 1232}, {"x": 499, "y": 1226}], [{"x": 72, "y": 1195}, {"x": 94, "y": 1190}, {"x": 94, "y": 1171}, {"x": 91, "y": 1169}, {"x": 79, "y": 1172}], [{"x": 545, "y": 521}, {"x": 560, "y": 505}, {"x": 544, "y": 505}, {"x": 538, "y": 524}, {"x": 558, "y": 527}], [{"x": 473, "y": 1179}, {"x": 446, "y": 1175}, {"x": 473, "y": 1180}, {"x": 472, "y": 1200}, {"x": 475, "y": 1177}, {"x": 474, "y": 1176}], [{"x": 938, "y": 865}, {"x": 942, "y": 886}, {"x": 945, "y": 888}, {"x": 945, "y": 873}], [{"x": 642, "y": 455}, {"x": 662, "y": 481}, {"x": 664, "y": 472}, {"x": 666, "y": 457}], [{"x": 206, "y": 855}, {"x": 202, "y": 851}, {"x": 201, "y": 854}, {"x": 183, "y": 854}], [{"x": 113, "y": 1202}, {"x": 121, "y": 1206}, {"x": 139, "y": 1208}, {"x": 133, "y": 1199}], [{"x": 1067, "y": 149}, {"x": 1090, "y": 177}, {"x": 1090, "y": 150}, {"x": 1083, "y": 148}], [{"x": 936, "y": 1069}, {"x": 941, "y": 1063}, {"x": 955, "y": 1043}], [{"x": 1176, "y": 307}, {"x": 1181, "y": 326}, {"x": 1195, "y": 325}], [{"x": 945, "y": 1007}, {"x": 962, "y": 991}, {"x": 943, "y": 1004}], [{"x": 477, "y": 630}, {"x": 480, "y": 608}, {"x": 477, "y": 624}], [{"x": 632, "y": 825}, {"x": 625, "y": 845}, {"x": 627, "y": 845}, {"x": 632, "y": 851}, {"x": 644, "y": 823}], [{"x": 120, "y": 1144}, {"x": 140, "y": 1125}, {"x": 141, "y": 1118}, {"x": 139, "y": 1118}, {"x": 117, "y": 1122}], [{"x": 351, "y": 420}, {"x": 373, "y": 440}, {"x": 349, "y": 417}, {"x": 350, "y": 437}, {"x": 370, "y": 439}], [{"x": 981, "y": 578}, {"x": 1005, "y": 576}, {"x": 997, "y": 557}], [{"x": 583, "y": 601}, {"x": 587, "y": 588}, {"x": 584, "y": 581}], [{"x": 838, "y": 1184}, {"x": 861, "y": 1165}, {"x": 856, "y": 1162}, {"x": 843, "y": 1156}, {"x": 836, "y": 1163}], [{"x": 1244, "y": 1063}, {"x": 1239, "y": 1059}, {"x": 1263, "y": 1080}, {"x": 1266, "y": 1065}, {"x": 1263, "y": 1079}], [{"x": 964, "y": 381}, {"x": 990, "y": 375}, {"x": 970, "y": 375}, {"x": 964, "y": 378}], [{"x": 161, "y": 221}, {"x": 156, "y": 243}, {"x": 161, "y": 246}], [{"x": 1125, "y": 330}, {"x": 1130, "y": 316}, {"x": 1141, "y": 335}, {"x": 1145, "y": 337}, {"x": 1129, "y": 313}, {"x": 1122, "y": 335}], [{"x": 659, "y": 993}, {"x": 647, "y": 968}, {"x": 638, "y": 969}, {"x": 644, "y": 991}], [{"x": 363, "y": 739}, {"x": 378, "y": 761}, {"x": 382, "y": 759}, {"x": 378, "y": 731}], [{"x": 974, "y": 1263}, {"x": 975, "y": 1264}, {"x": 998, "y": 1245}, {"x": 980, "y": 1247}], [{"x": 938, "y": 1112}, {"x": 947, "y": 1127}, {"x": 959, "y": 1133}], [{"x": 419, "y": 893}, {"x": 437, "y": 900}, {"x": 434, "y": 872}, {"x": 430, "y": 875}, {"x": 420, "y": 892}], [{"x": 179, "y": 1151}, {"x": 180, "y": 1159}, {"x": 182, "y": 1171}, {"x": 204, "y": 1154}], [{"x": 200, "y": 965}, {"x": 203, "y": 966}, {"x": 203, "y": 964}, {"x": 210, "y": 958}, {"x": 206, "y": 942}], [{"x": 1124, "y": 396}, {"x": 1125, "y": 402}, {"x": 1145, "y": 400}, {"x": 1146, "y": 397}, {"x": 1127, "y": 399}, {"x": 1148, "y": 375}], [{"x": 313, "y": 836}, {"x": 340, "y": 834}, {"x": 339, "y": 829}, {"x": 342, "y": 810}, {"x": 321, "y": 817}, {"x": 320, "y": 829}], [{"x": 694, "y": 1137}, {"x": 683, "y": 1122}, {"x": 683, "y": 1121}, {"x": 677, "y": 1115}, {"x": 674, "y": 1120}, {"x": 673, "y": 1142}], [{"x": 248, "y": 826}, {"x": 257, "y": 827}, {"x": 231, "y": 801}, {"x": 232, "y": 809}], [{"x": 933, "y": 688}, {"x": 919, "y": 694}, {"x": 918, "y": 710}, {"x": 922, "y": 715}, {"x": 942, "y": 693}, {"x": 934, "y": 691}], [{"x": 485, "y": 858}, {"x": 497, "y": 857}, {"x": 487, "y": 837}, {"x": 483, "y": 843}], [{"x": 366, "y": 610}, {"x": 369, "y": 585}, {"x": 341, "y": 605}], [{"x": 920, "y": 544}, {"x": 920, "y": 526}, {"x": 899, "y": 526}, {"x": 893, "y": 547}, {"x": 911, "y": 548}, {"x": 919, "y": 547}], [{"x": 774, "y": 65}, {"x": 778, "y": 76}, {"x": 797, "y": 66}, {"x": 801, "y": 56}, {"x": 783, "y": 63}], [{"x": 1039, "y": 776}, {"x": 1042, "y": 790}, {"x": 1063, "y": 789}, {"x": 1063, "y": 775}], [{"x": 391, "y": 309}, {"x": 394, "y": 317}, {"x": 414, "y": 336}, {"x": 407, "y": 316}, {"x": 407, "y": 312}], [{"x": 774, "y": 255}, {"x": 774, "y": 256}, {"x": 795, "y": 251}], [{"x": 1062, "y": 754}, {"x": 1086, "y": 758}, {"x": 1088, "y": 731}, {"x": 1082, "y": 735}, {"x": 1082, "y": 753}], [{"x": 1255, "y": 1143}, {"x": 1256, "y": 1151}, {"x": 1277, "y": 1164}, {"x": 1281, "y": 1166}, {"x": 1278, "y": 1163}], [{"x": 282, "y": 840}, {"x": 300, "y": 845}, {"x": 305, "y": 823}, {"x": 306, "y": 817}, {"x": 302, "y": 822}, {"x": 284, "y": 822}], [{"x": 834, "y": 1132}, {"x": 833, "y": 1150}, {"x": 842, "y": 1135}], [{"x": 639, "y": 443}, {"x": 653, "y": 422}, {"x": 638, "y": 439}], [{"x": 1057, "y": 591}, {"x": 1080, "y": 616}, {"x": 1063, "y": 596}, {"x": 1087, "y": 610}, {"x": 1062, "y": 587}], [{"x": 298, "y": 948}, {"x": 305, "y": 949}, {"x": 317, "y": 967}, {"x": 321, "y": 940}, {"x": 301, "y": 941}, {"x": 303, "y": 941}], [{"x": 166, "y": 137}, {"x": 167, "y": 138}, {"x": 167, "y": 125}], [{"x": 246, "y": 664}, {"x": 249, "y": 685}, {"x": 261, "y": 683}, {"x": 249, "y": 688}, {"x": 270, "y": 688}, {"x": 261, "y": 673}], [{"x": 787, "y": 509}, {"x": 790, "y": 502}, {"x": 789, "y": 500}, {"x": 767, "y": 502}], [{"x": 576, "y": 742}, {"x": 592, "y": 762}, {"x": 598, "y": 760}, {"x": 598, "y": 759}, {"x": 591, "y": 734}, {"x": 574, "y": 743}], [{"x": 375, "y": 76}, {"x": 377, "y": 105}, {"x": 389, "y": 96}, {"x": 390, "y": 101}, {"x": 395, "y": 82}, {"x": 388, "y": 79}], [{"x": 263, "y": 98}, {"x": 283, "y": 103}, {"x": 288, "y": 104}, {"x": 289, "y": 97}, {"x": 260, "y": 77}], [{"x": 277, "y": 518}, {"x": 301, "y": 496}, {"x": 302, "y": 491}, {"x": 286, "y": 498}, {"x": 281, "y": 514}], [{"x": 462, "y": 853}, {"x": 461, "y": 851}, {"x": 457, "y": 873}, {"x": 477, "y": 852}], [{"x": 358, "y": 575}, {"x": 377, "y": 581}, {"x": 371, "y": 558}], [{"x": 885, "y": 469}, {"x": 871, "y": 450}, {"x": 862, "y": 453}, {"x": 864, "y": 466}, {"x": 869, "y": 466}, {"x": 886, "y": 471}], [{"x": 618, "y": 683}, {"x": 616, "y": 685}, {"x": 638, "y": 703}, {"x": 643, "y": 702}, {"x": 635, "y": 683}], [{"x": 577, "y": 1039}, {"x": 586, "y": 1041}, {"x": 606, "y": 1040}, {"x": 604, "y": 1039}], [{"x": 667, "y": 129}, {"x": 689, "y": 130}, {"x": 688, "y": 121}], [{"x": 930, "y": 866}, {"x": 937, "y": 858}, {"x": 934, "y": 856}], [{"x": 804, "y": 659}, {"x": 801, "y": 669}, {"x": 806, "y": 676}, {"x": 825, "y": 679}, {"x": 820, "y": 672}, {"x": 807, "y": 654}], [{"x": 582, "y": 895}, {"x": 583, "y": 893}, {"x": 577, "y": 871}, {"x": 557, "y": 876}, {"x": 558, "y": 897}], [{"x": 806, "y": 295}, {"x": 788, "y": 281}, {"x": 786, "y": 279}, {"x": 785, "y": 296}, {"x": 787, "y": 298}, {"x": 799, "y": 297}], [{"x": 139, "y": 486}, {"x": 143, "y": 456}, {"x": 125, "y": 462}], [{"x": 431, "y": 506}, {"x": 448, "y": 504}, {"x": 452, "y": 502}, {"x": 428, "y": 502}, {"x": 426, "y": 517}, {"x": 432, "y": 518}], [{"x": 147, "y": 519}, {"x": 146, "y": 518}, {"x": 130, "y": 496}, {"x": 125, "y": 499}, {"x": 125, "y": 518}, {"x": 124, "y": 525}], [{"x": 804, "y": 477}, {"x": 813, "y": 474}, {"x": 833, "y": 464}, {"x": 825, "y": 454}], [{"x": 438, "y": 359}, {"x": 422, "y": 372}, {"x": 419, "y": 375}, {"x": 447, "y": 360}, {"x": 442, "y": 360}, {"x": 441, "y": 358}], [{"x": 556, "y": 1020}, {"x": 554, "y": 1016}, {"x": 535, "y": 997}], [{"x": 370, "y": 1217}, {"x": 365, "y": 1215}, {"x": 347, "y": 1210}, {"x": 354, "y": 1215}, {"x": 373, "y": 1218}], [{"x": 518, "y": 213}, {"x": 520, "y": 230}, {"x": 522, "y": 232}, {"x": 522, "y": 235}, {"x": 525, "y": 231}, {"x": 536, "y": 205}], [{"x": 1117, "y": 1072}, {"x": 1117, "y": 1076}, {"x": 1118, "y": 1099}, {"x": 1136, "y": 1072}], [{"x": 472, "y": 215}, {"x": 450, "y": 239}, {"x": 448, "y": 242}, {"x": 450, "y": 240}, {"x": 457, "y": 238}, {"x": 476, "y": 241}], [{"x": 904, "y": 818}, {"x": 903, "y": 819}, {"x": 923, "y": 819}, {"x": 924, "y": 815}], [{"x": 973, "y": 493}, {"x": 990, "y": 513}, {"x": 998, "y": 513}, {"x": 997, "y": 511}, {"x": 995, "y": 504}, {"x": 979, "y": 493}], [{"x": 204, "y": 313}, {"x": 210, "y": 332}, {"x": 210, "y": 331}], [{"x": 204, "y": 1260}, {"x": 233, "y": 1237}, {"x": 225, "y": 1237}, {"x": 211, "y": 1240}], [{"x": 1230, "y": 1060}, {"x": 1230, "y": 1035}, {"x": 1215, "y": 1037}, {"x": 1228, "y": 1064}], [{"x": 196, "y": 176}, {"x": 197, "y": 198}, {"x": 216, "y": 197}, {"x": 212, "y": 178}, {"x": 218, "y": 177}], [{"x": 1219, "y": 261}, {"x": 1225, "y": 267}, {"x": 1247, "y": 283}], [{"x": 1029, "y": 869}, {"x": 1028, "y": 875}, {"x": 1026, "y": 847}, {"x": 1025, "y": 877}, {"x": 1045, "y": 872}, {"x": 1049, "y": 869}], [{"x": 368, "y": 1041}, {"x": 370, "y": 1041}, {"x": 368, "y": 1022}, {"x": 346, "y": 1039}, {"x": 350, "y": 1045}], [{"x": 1267, "y": 665}, {"x": 1270, "y": 672}, {"x": 1269, "y": 690}, {"x": 1272, "y": 666}, {"x": 1264, "y": 662}], [{"x": 490, "y": 974}, {"x": 497, "y": 980}, {"x": 493, "y": 996}, {"x": 519, "y": 996}, {"x": 519, "y": 995}, {"x": 514, "y": 976}], [{"x": 520, "y": 575}, {"x": 528, "y": 589}, {"x": 548, "y": 593}, {"x": 546, "y": 569}, {"x": 523, "y": 574}, {"x": 525, "y": 569}], [{"x": 983, "y": 258}, {"x": 1009, "y": 276}, {"x": 1001, "y": 253}, {"x": 990, "y": 252}], [{"x": 526, "y": 895}, {"x": 545, "y": 900}, {"x": 555, "y": 892}, {"x": 549, "y": 880}, {"x": 528, "y": 879}], [{"x": 234, "y": 159}, {"x": 246, "y": 133}, {"x": 226, "y": 132}], [{"x": 399, "y": 146}, {"x": 398, "y": 146}, {"x": 398, "y": 163}, {"x": 419, "y": 147}, {"x": 421, "y": 147}], [{"x": 1213, "y": 1081}, {"x": 1218, "y": 1071}, {"x": 1215, "y": 1056}, {"x": 1194, "y": 1060}, {"x": 1203, "y": 1075}, {"x": 1203, "y": 1073}], [{"x": 1190, "y": 842}, {"x": 1199, "y": 841}, {"x": 1169, "y": 837}, {"x": 1192, "y": 841}], [{"x": 872, "y": 547}, {"x": 892, "y": 555}, {"x": 887, "y": 548}], [{"x": 696, "y": 1003}, {"x": 693, "y": 995}, {"x": 695, "y": 1015}, {"x": 696, "y": 1021}, {"x": 714, "y": 1022}, {"x": 713, "y": 1004}], [{"x": 311, "y": 1128}, {"x": 315, "y": 1135}, {"x": 313, "y": 1152}, {"x": 336, "y": 1150}, {"x": 338, "y": 1135}, {"x": 329, "y": 1132}], [{"x": 317, "y": 1035}, {"x": 324, "y": 1037}, {"x": 322, "y": 1036}], [{"x": 803, "y": 1067}, {"x": 825, "y": 1066}, {"x": 801, "y": 1066}], [{"x": 171, "y": 497}, {"x": 191, "y": 511}, {"x": 194, "y": 511}, {"x": 198, "y": 497}, {"x": 195, "y": 495}], [{"x": 244, "y": 1004}, {"x": 224, "y": 1003}, {"x": 219, "y": 1031}, {"x": 248, "y": 1007}], [{"x": 1168, "y": 749}, {"x": 1173, "y": 756}, {"x": 1191, "y": 774}], [{"x": 847, "y": 682}, {"x": 869, "y": 661}, {"x": 847, "y": 666}], [{"x": 1189, "y": 925}, {"x": 1195, "y": 911}, {"x": 1194, "y": 910}, {"x": 1170, "y": 929}], [{"x": 127, "y": 934}, {"x": 123, "y": 929}, {"x": 108, "y": 929}, {"x": 104, "y": 933}, {"x": 108, "y": 952}, {"x": 132, "y": 955}], [{"x": 544, "y": 477}, {"x": 560, "y": 462}, {"x": 541, "y": 459}], [{"x": 929, "y": 824}, {"x": 949, "y": 820}, {"x": 953, "y": 801}, {"x": 950, "y": 796}, {"x": 932, "y": 799}], [{"x": 423, "y": 848}, {"x": 425, "y": 843}, {"x": 429, "y": 830}, {"x": 440, "y": 824}, {"x": 427, "y": 828}, {"x": 421, "y": 821}], [{"x": 633, "y": 493}, {"x": 611, "y": 493}, {"x": 608, "y": 491}, {"x": 606, "y": 514}, {"x": 631, "y": 507}], [{"x": 466, "y": 318}, {"x": 473, "y": 320}, {"x": 492, "y": 325}, {"x": 491, "y": 317}, {"x": 469, "y": 304}], [{"x": 305, "y": 1173}, {"x": 334, "y": 1188}, {"x": 333, "y": 1173}, {"x": 329, "y": 1170}, {"x": 306, "y": 1166}, {"x": 305, "y": 1167}], [{"x": 817, "y": 1101}, {"x": 799, "y": 1079}, {"x": 800, "y": 1084}, {"x": 795, "y": 1084}, {"x": 791, "y": 1086}, {"x": 818, "y": 1105}], [{"x": 438, "y": 725}, {"x": 458, "y": 720}, {"x": 460, "y": 701}, {"x": 456, "y": 703}, {"x": 458, "y": 699}], [{"x": 940, "y": 225}, {"x": 960, "y": 232}, {"x": 940, "y": 233}, {"x": 960, "y": 233}, {"x": 962, "y": 212}, {"x": 954, "y": 213}], [{"x": 198, "y": 1120}, {"x": 198, "y": 1125}, {"x": 219, "y": 1103}, {"x": 209, "y": 1105}, {"x": 210, "y": 1099}], [{"x": 1077, "y": 396}, {"x": 1105, "y": 394}, {"x": 1107, "y": 376}, {"x": 1106, "y": 379}, {"x": 1106, "y": 374}, {"x": 1105, "y": 377}], [{"x": 1065, "y": 1058}, {"x": 1073, "y": 1058}, {"x": 1088, "y": 1040}, {"x": 1092, "y": 1034}, {"x": 1088, "y": 1036}], [{"x": 74, "y": 339}, {"x": 99, "y": 340}, {"x": 98, "y": 336}, {"x": 70, "y": 332}, {"x": 72, "y": 336}], [{"x": 336, "y": 535}, {"x": 357, "y": 535}, {"x": 350, "y": 513}, {"x": 351, "y": 510}, {"x": 333, "y": 531}, {"x": 338, "y": 532}], [{"x": 1135, "y": 1116}, {"x": 1160, "y": 1119}, {"x": 1155, "y": 1117}, {"x": 1160, "y": 1110}, {"x": 1140, "y": 1099}, {"x": 1138, "y": 1114}], [{"x": 75, "y": 699}, {"x": 81, "y": 703}, {"x": 94, "y": 725}, {"x": 101, "y": 698}, {"x": 94, "y": 706}, {"x": 99, "y": 698}], [{"x": 530, "y": 1267}, {"x": 550, "y": 1261}, {"x": 555, "y": 1241}, {"x": 529, "y": 1242}, {"x": 552, "y": 1243}, {"x": 548, "y": 1260}], [{"x": 819, "y": 317}, {"x": 836, "y": 301}, {"x": 840, "y": 319}, {"x": 838, "y": 293}, {"x": 817, "y": 313}], [{"x": 1176, "y": 724}, {"x": 1195, "y": 716}, {"x": 1166, "y": 703}, {"x": 1168, "y": 725}], [{"x": 418, "y": 154}, {"x": 425, "y": 178}, {"x": 426, "y": 154}], [{"x": 181, "y": 584}, {"x": 184, "y": 589}, {"x": 202, "y": 603}, {"x": 204, "y": 589}], [{"x": 1197, "y": 348}, {"x": 1194, "y": 346}, {"x": 1195, "y": 371}, {"x": 1216, "y": 370}], [{"x": 211, "y": 751}, {"x": 217, "y": 770}, {"x": 219, "y": 745}], [{"x": 69, "y": 376}, {"x": 69, "y": 377}, {"x": 83, "y": 380}, {"x": 85, "y": 364}, {"x": 62, "y": 377}], [{"x": 1214, "y": 315}, {"x": 1234, "y": 315}, {"x": 1232, "y": 292}, {"x": 1230, "y": 289}, {"x": 1218, "y": 287}, {"x": 1209, "y": 288}], [{"x": 1195, "y": 430}, {"x": 1200, "y": 413}, {"x": 1180, "y": 412}], [{"x": 238, "y": 731}, {"x": 247, "y": 705}, {"x": 237, "y": 704}, {"x": 221, "y": 706}, {"x": 224, "y": 728}, {"x": 224, "y": 724}], [{"x": 1040, "y": 99}, {"x": 1035, "y": 95}, {"x": 1016, "y": 115}, {"x": 1044, "y": 117}, {"x": 1044, "y": 98}], [{"x": 76, "y": 833}, {"x": 82, "y": 834}, {"x": 78, "y": 808}, {"x": 80, "y": 828}, {"x": 65, "y": 810}, {"x": 63, "y": 811}], [{"x": 290, "y": 886}, {"x": 278, "y": 862}, {"x": 270, "y": 860}, {"x": 270, "y": 867}, {"x": 273, "y": 878}], [{"x": 795, "y": 489}, {"x": 797, "y": 497}, {"x": 790, "y": 492}, {"x": 812, "y": 513}, {"x": 817, "y": 497}], [{"x": 1043, "y": 118}, {"x": 1052, "y": 123}, {"x": 1063, "y": 144}, {"x": 1072, "y": 123}, {"x": 1068, "y": 114}, {"x": 1048, "y": 114}], [{"x": 565, "y": 806}, {"x": 569, "y": 785}, {"x": 550, "y": 789}, {"x": 562, "y": 806}], [{"x": 405, "y": 981}, {"x": 432, "y": 973}, {"x": 424, "y": 954}], [{"x": 74, "y": 626}, {"x": 101, "y": 629}, {"x": 99, "y": 628}, {"x": 101, "y": 607}], [{"x": 1044, "y": 262}, {"x": 1048, "y": 261}, {"x": 1039, "y": 262}, {"x": 1026, "y": 276}, {"x": 1041, "y": 279}], [{"x": 1246, "y": 1257}, {"x": 1268, "y": 1257}, {"x": 1247, "y": 1232}, {"x": 1267, "y": 1256}], [{"x": 119, "y": 191}, {"x": 141, "y": 172}, {"x": 121, "y": 178}], [{"x": 256, "y": 875}, {"x": 279, "y": 849}, {"x": 259, "y": 855}], [{"x": 515, "y": 56}, {"x": 532, "y": 72}, {"x": 527, "y": 76}, {"x": 537, "y": 76}, {"x": 534, "y": 56}], [{"x": 356, "y": 771}, {"x": 360, "y": 787}, {"x": 364, "y": 793}, {"x": 376, "y": 793}, {"x": 384, "y": 764}, {"x": 357, "y": 763}], [{"x": 967, "y": 935}, {"x": 959, "y": 929}, {"x": 938, "y": 931}], [{"x": 356, "y": 1198}, {"x": 358, "y": 1196}, {"x": 359, "y": 1196}, {"x": 361, "y": 1173}, {"x": 360, "y": 1171}], [{"x": 872, "y": 237}, {"x": 875, "y": 221}, {"x": 853, "y": 239}], [{"x": 327, "y": 1090}, {"x": 328, "y": 1091}, {"x": 354, "y": 1092}, {"x": 351, "y": 1075}, {"x": 332, "y": 1066}], [{"x": 1269, "y": 227}, {"x": 1284, "y": 222}, {"x": 1284, "y": 221}, {"x": 1260, "y": 200}, {"x": 1259, "y": 203}], [{"x": 1040, "y": 170}, {"x": 1045, "y": 175}, {"x": 1049, "y": 168}, {"x": 1065, "y": 155}, {"x": 1043, "y": 148}, {"x": 1039, "y": 150}], [{"x": 611, "y": 1151}, {"x": 617, "y": 1165}, {"x": 635, "y": 1169}, {"x": 635, "y": 1162}], [{"x": 889, "y": 1117}, {"x": 909, "y": 1113}, {"x": 909, "y": 1098}], [{"x": 498, "y": 891}, {"x": 519, "y": 894}, {"x": 500, "y": 889}], [{"x": 768, "y": 395}, {"x": 792, "y": 380}, {"x": 767, "y": 379}], [{"x": 1014, "y": 731}, {"x": 1020, "y": 743}, {"x": 1039, "y": 746}, {"x": 1034, "y": 732}], [{"x": 1246, "y": 543}, {"x": 1247, "y": 557}, {"x": 1250, "y": 558}, {"x": 1250, "y": 565}, {"x": 1256, "y": 535}], [{"x": 116, "y": 622}, {"x": 116, "y": 616}, {"x": 97, "y": 638}], [{"x": 379, "y": 477}, {"x": 362, "y": 478}, {"x": 381, "y": 499}, {"x": 387, "y": 475}], [{"x": 1090, "y": 537}, {"x": 1113, "y": 566}, {"x": 1108, "y": 542}], [{"x": 913, "y": 1237}, {"x": 918, "y": 1259}, {"x": 942, "y": 1261}, {"x": 940, "y": 1236}], [{"x": 128, "y": 651}, {"x": 108, "y": 649}, {"x": 124, "y": 658}, {"x": 133, "y": 675}], [{"x": 136, "y": 787}, {"x": 141, "y": 784}, {"x": 156, "y": 772}, {"x": 160, "y": 765}, {"x": 145, "y": 767}, {"x": 135, "y": 770}], [{"x": 1257, "y": 605}, {"x": 1262, "y": 606}, {"x": 1255, "y": 584}, {"x": 1261, "y": 604}, {"x": 1254, "y": 591}], [{"x": 466, "y": 283}, {"x": 469, "y": 268}, {"x": 467, "y": 265}, {"x": 461, "y": 264}, {"x": 466, "y": 287}], [{"x": 534, "y": 110}, {"x": 540, "y": 124}, {"x": 541, "y": 124}], [{"x": 1257, "y": 411}, {"x": 1264, "y": 383}, {"x": 1283, "y": 385}, {"x": 1256, "y": 381}], [{"x": 1045, "y": 884}, {"x": 1045, "y": 885}, {"x": 1051, "y": 892}, {"x": 1041, "y": 910}, {"x": 1062, "y": 889}, {"x": 1067, "y": 889}], [{"x": 965, "y": 217}, {"x": 961, "y": 241}, {"x": 984, "y": 224}], [{"x": 397, "y": 857}, {"x": 412, "y": 833}, {"x": 390, "y": 856}, {"x": 388, "y": 858}, {"x": 388, "y": 859}], [{"x": 860, "y": 645}, {"x": 868, "y": 619}, {"x": 842, "y": 626}, {"x": 840, "y": 645}, {"x": 845, "y": 648}, {"x": 868, "y": 647}], [{"x": 1022, "y": 1092}, {"x": 1028, "y": 1097}, {"x": 1018, "y": 1114}, {"x": 1027, "y": 1117}, {"x": 1047, "y": 1093}], [{"x": 501, "y": 787}, {"x": 476, "y": 785}, {"x": 472, "y": 801}, {"x": 475, "y": 808}, {"x": 478, "y": 802}, {"x": 491, "y": 804}], [{"x": 916, "y": 496}, {"x": 923, "y": 496}, {"x": 919, "y": 476}, {"x": 904, "y": 468}, {"x": 898, "y": 487}], [{"x": 900, "y": 1065}, {"x": 899, "y": 1081}, {"x": 902, "y": 1080}, {"x": 903, "y": 1080}, {"x": 920, "y": 1067}]]}
