{"type": "CGSHOP2023_Instance", "name": "cheese263", "n": 263, "outer_boundary": [{"x": 18, "y": 381}, {"x": 10, "y": 218}, {"x": 10, "y": 192}, {"x": 20, "y": 81}, {"x": 55, "y": 16}, {"x": 122, "y": 10}, {"x": 288, "y": 15}, {"x": 303, "y": 22}, {"x": 400, "y": 81}, {"x": 431, "y": 290}, {"x": 442, "y": 397}, {"x": 267, "y": 427}, {"x": 195, "y": 429}, {"x": 116, "y": 423}], "holes": [[{"x": 338, "y": 310}, {"x": 332, "y": 312}, {"x": 336, "y": 332}, {"x": 355, "y": 313}, {"x": 349, "y": 311}, {"x": 350, "y": 307}], [{"x": 205, "y": 419}, {"x": 221, "y": 417}, {"x": 226, "y": 396}, {"x": 222, "y": 391}], [{"x": 140, "y": 163}, {"x": 139, "y": 179}, {"x": 137, "y": 180}, {"x": 160, "y": 183}, {"x": 145, "y": 159}], [{"x": 112, "y": 75}, {"x": 134, "y": 93}, {"x": 134, "y": 90}, {"x": 137, "y": 85}], [{"x": 337, "y": 221}, {"x": 320, "y": 218}, {"x": 318, "y": 239}, {"x": 323, "y": 246}, {"x": 338, "y": 244}, {"x": 338, "y": 243}], [{"x": 165, "y": 200}, {"x": 148, "y": 201}, {"x": 148, "y": 203}, {"x": 143, "y": 202}, {"x": 166, "y": 224}, {"x": 167, "y": 202}], [{"x": 74, "y": 171}, {"x": 83, "y": 147}, {"x": 76, "y": 148}], [{"x": 189, "y": 322}, {"x": 200, "y": 323}, {"x": 208, "y": 302}, {"x": 206, "y": 301}, {"x": 189, "y": 304}, {"x": 184, "y": 317}], [{"x": 261, "y": 354}, {"x": 255, "y": 357}, {"x": 237, "y": 373}, {"x": 242, "y": 376}, {"x": 260, "y": 370}], [{"x": 38, "y": 170}, {"x": 53, "y": 173}, {"x": 59, "y": 146}], [{"x": 91, "y": 295}, {"x": 96, "y": 291}, {"x": 75, "y": 297}], [{"x": 277, "y": 58}, {"x": 293, "y": 36}, {"x": 275, "y": 31}], [{"x": 82, "y": 393}, {"x": 103, "y": 407}, {"x": 101, "y": 389}], [{"x": 36, "y": 206}, {"x": 58, "y": 185}, {"x": 56, "y": 181}, {"x": 29, "y": 202}, {"x": 29, "y": 204}], [{"x": 87, "y": 44}, {"x": 107, "y": 50}, {"x": 88, "y": 44}, {"x": 109, "y": 26}, {"x": 89, "y": 29}, {"x": 88, "y": 33}], [{"x": 260, "y": 67}, {"x": 265, "y": 78}, {"x": 288, "y": 82}], [{"x": 289, "y": 99}, {"x": 289, "y": 115}, {"x": 294, "y": 117}, {"x": 294, "y": 111}], [{"x": 324, "y": 364}, {"x": 347, "y": 369}, {"x": 344, "y": 368}, {"x": 352, "y": 365}, {"x": 354, "y": 347}, {"x": 350, "y": 349}], [{"x": 90, "y": 236}, {"x": 94, "y": 253}, {"x": 100, "y": 258}, {"x": 91, "y": 237}], [{"x": 303, "y": 137}, {"x": 305, "y": 131}, {"x": 299, "y": 116}, {"x": 302, "y": 137}], [{"x": 345, "y": 249}, {"x": 361, "y": 251}, {"x": 347, "y": 243}, {"x": 340, "y": 245}, {"x": 337, "y": 270}], [{"x": 109, "y": 40}, {"x": 139, "y": 38}, {"x": 133, "y": 34}, {"x": 138, "y": 21}], [{"x": 57, "y": 376}, {"x": 60, "y": 367}, {"x": 59, "y": 356}, {"x": 55, "y": 346}, {"x": 37, "y": 371}], [{"x": 245, "y": 83}, {"x": 248, "y": 63}, {"x": 231, "y": 89}, {"x": 235, "y": 84}], [{"x": 267, "y": 299}, {"x": 277, "y": 285}, {"x": 257, "y": 276}, {"x": 267, "y": 295}], [{"x": 97, "y": 185}, {"x": 93, "y": 162}, {"x": 91, "y": 164}, {"x": 93, "y": 188}, {"x": 115, "y": 185}], [{"x": 63, "y": 204}, {"x": 86, "y": 231}, {"x": 84, "y": 212}], [{"x": 372, "y": 289}, {"x": 374, "y": 298}, {"x": 386, "y": 288}, {"x": 389, "y": 271}, {"x": 369, "y": 270}, {"x": 364, "y": 270}], [{"x": 178, "y": 80}, {"x": 193, "y": 81}, {"x": 174, "y": 63}, {"x": 178, "y": 70}], [{"x": 317, "y": 192}, {"x": 303, "y": 188}, {"x": 295, "y": 188}, {"x": 298, "y": 189}, {"x": 299, "y": 211}], [{"x": 266, "y": 263}, {"x": 280, "y": 267}, {"x": 284, "y": 257}, {"x": 281, "y": 237}, {"x": 263, "y": 242}], [{"x": 116, "y": 327}, {"x": 122, "y": 309}, {"x": 99, "y": 300}], [{"x": 231, "y": 104}, {"x": 230, "y": 109}, {"x": 231, "y": 122}], [{"x": 84, "y": 385}, {"x": 98, "y": 363}, {"x": 87, "y": 364}], [{"x": 67, "y": 50}, {"x": 67, "y": 53}, {"x": 77, "y": 28}, {"x": 73, "y": 28}], [{"x": 302, "y": 404}, {"x": 307, "y": 390}, {"x": 301, "y": 386}, {"x": 283, "y": 405}, {"x": 280, "y": 410}], [{"x": 337, "y": 87}, {"x": 330, "y": 92}, {"x": 331, "y": 113}, {"x": 351, "y": 111}, {"x": 352, "y": 109}], [{"x": 240, "y": 114}, {"x": 245, "y": 134}, {"x": 246, "y": 125}], [{"x": 229, "y": 293}, {"x": 232, "y": 286}, {"x": 228, "y": 287}, {"x": 215, "y": 290}, {"x": 211, "y": 296}, {"x": 227, "y": 310}], [{"x": 127, "y": 223}, {"x": 128, "y": 217}, {"x": 127, "y": 196}], [{"x": 122, "y": 389}, {"x": 152, "y": 388}, {"x": 132, "y": 368}, {"x": 128, "y": 366}], [{"x": 410, "y": 251}, {"x": 409, "y": 250}, {"x": 397, "y": 249}, {"x": 411, "y": 270}, {"x": 408, "y": 270}, {"x": 414, "y": 274}], [{"x": 37, "y": 99}, {"x": 62, "y": 91}, {"x": 53, "y": 89}, {"x": 59, "y": 78}, {"x": 53, "y": 71}, {"x": 42, "y": 95}], [{"x": 304, "y": 279}, {"x": 306, "y": 281}, {"x": 323, "y": 265}, {"x": 304, "y": 262}], [{"x": 257, "y": 169}, {"x": 266, "y": 169}, {"x": 262, "y": 140}, {"x": 261, "y": 140}], [{"x": 361, "y": 300}, {"x": 366, "y": 286}, {"x": 345, "y": 284}, {"x": 342, "y": 303}, {"x": 364, "y": 306}, {"x": 368, "y": 305}], [{"x": 173, "y": 200}, {"x": 184, "y": 176}, {"x": 187, "y": 194}, {"x": 189, "y": 179}, {"x": 190, "y": 174}, {"x": 168, "y": 178}], [{"x": 268, "y": 218}, {"x": 276, "y": 218}, {"x": 296, "y": 220}, {"x": 296, "y": 215}, {"x": 270, "y": 192}, {"x": 266, "y": 212}], [{"x": 378, "y": 94}, {"x": 360, "y": 107}, {"x": 357, "y": 115}, {"x": 384, "y": 92}], [{"x": 135, "y": 193}, {"x": 136, "y": 192}, {"x": 136, "y": 172}, {"x": 134, "y": 192}], [{"x": 184, "y": 396}, {"x": 184, "y": 408}, {"x": 203, "y": 391}], [{"x": 213, "y": 353}, {"x": 208, "y": 363}, {"x": 203, "y": 367}, {"x": 210, "y": 370}, {"x": 233, "y": 345}], [{"x": 419, "y": 361}, {"x": 401, "y": 362}, {"x": 399, "y": 383}, {"x": 424, "y": 382}, {"x": 427, "y": 385}], [{"x": 95, "y": 258}, {"x": 95, "y": 267}, {"x": 94, "y": 258}, {"x": 90, "y": 279}, {"x": 115, "y": 279}], [{"x": 202, "y": 265}, {"x": 198, "y": 248}, {"x": 194, "y": 253}], [{"x": 34, "y": 222}, {"x": 55, "y": 217}, {"x": 55, "y": 225}, {"x": 61, "y": 206}]]}
