{"type": "CGSHOP2023_Instance", "name": "cheese512", "n": 512, "outer_boundary": [{"x": 31, "y": 534}, {"x": 10, "y": 353}, {"x": 11, "y": 26}, {"x": 163, "y": 18}, {"x": 380, "y": 10}, {"x": 614, "y": 46}, {"x": 615, "y": 503}, {"x": 534, "y": 581}, {"x": 499, "y": 611}, {"x": 458, "y": 611}, {"x": 84, "y": 604}, {"x": 34, "y": 583}], "holes": [[{"x": 207, "y": 230}, {"x": 205, "y": 227}, {"x": 188, "y": 227}, {"x": 208, "y": 245}, {"x": 211, "y": 229}, {"x": 212, "y": 223}], [{"x": 38, "y": 348}, {"x": 64, "y": 351}, {"x": 59, "y": 330}, {"x": 36, "y": 328}, {"x": 62, "y": 343}], [{"x": 404, "y": 342}, {"x": 408, "y": 319}, {"x": 381, "y": 343}, {"x": 380, "y": 345}, {"x": 380, "y": 346}], [{"x": 250, "y": 123}, {"x": 253, "y": 121}, {"x": 230, "y": 136}], [{"x": 202, "y": 263}, {"x": 202, "y": 267}, {"x": 218, "y": 265}, {"x": 217, "y": 249}], [{"x": 190, "y": 324}, {"x": 210, "y": 343}, {"x": 215, "y": 342}, {"x": 218, "y": 335}, {"x": 214, "y": 317}, {"x": 191, "y": 321}], [{"x": 140, "y": 268}, {"x": 143, "y": 246}, {"x": 118, "y": 252}, {"x": 119, "y": 274}, {"x": 138, "y": 275}], [{"x": 505, "y": 474}, {"x": 501, "y": 455}, {"x": 490, "y": 456}, {"x": 487, "y": 479}, {"x": 483, "y": 479}, {"x": 502, "y": 482}], [{"x": 309, "y": 472}, {"x": 326, "y": 449}, {"x": 308, "y": 455}, {"x": 304, "y": 466}, {"x": 302, "y": 475}, {"x": 327, "y": 472}], [{"x": 358, "y": 488}, {"x": 348, "y": 486}, {"x": 347, "y": 494}, {"x": 348, "y": 511}, {"x": 362, "y": 516}, {"x": 368, "y": 491}], [{"x": 432, "y": 269}, {"x": 433, "y": 271}, {"x": 439, "y": 275}, {"x": 439, "y": 273}, {"x": 453, "y": 253}, {"x": 429, "y": 255}], [{"x": 572, "y": 517}, {"x": 577, "y": 518}, {"x": 594, "y": 519}, {"x": 571, "y": 493}], [{"x": 389, "y": 242}, {"x": 392, "y": 242}, {"x": 377, "y": 234}, {"x": 375, "y": 240}, {"x": 397, "y": 262}, {"x": 397, "y": 255}], [{"x": 113, "y": 140}, {"x": 120, "y": 135}, {"x": 118, "y": 118}, {"x": 92, "y": 113}, {"x": 98, "y": 130}, {"x": 114, "y": 139}], [{"x": 171, "y": 351}, {"x": 169, "y": 355}, {"x": 169, "y": 375}, {"x": 174, "y": 372}], [{"x": 116, "y": 67}, {"x": 144, "y": 45}, {"x": 122, "y": 48}], [{"x": 582, "y": 229}, {"x": 562, "y": 233}, {"x": 561, "y": 247}, {"x": 564, "y": 245}, {"x": 566, "y": 248}, {"x": 587, "y": 230}], [{"x": 167, "y": 237}, {"x": 188, "y": 239}, {"x": 173, "y": 224}], [{"x": 460, "y": 116}, {"x": 464, "y": 123}, {"x": 485, "y": 100}, {"x": 457, "y": 106}], [{"x": 254, "y": 570}, {"x": 232, "y": 567}, {"x": 233, "y": 583}, {"x": 234, "y": 570}, {"x": 254, "y": 587}], [{"x": 447, "y": 140}, {"x": 463, "y": 145}, {"x": 449, "y": 120}, {"x": 443, "y": 128}], [{"x": 276, "y": 510}, {"x": 266, "y": 513}, {"x": 246, "y": 529}, {"x": 251, "y": 535}, {"x": 255, "y": 538}, {"x": 271, "y": 517}], [{"x": 474, "y": 295}, {"x": 493, "y": 300}, {"x": 494, "y": 271}, {"x": 481, "y": 281}], [{"x": 246, "y": 60}, {"x": 248, "y": 63}, {"x": 249, "y": 85}, {"x": 240, "y": 86}, {"x": 269, "y": 83}, {"x": 268, "y": 78}], [{"x": 122, "y": 531}, {"x": 128, "y": 533}, {"x": 121, "y": 551}, {"x": 147, "y": 551}, {"x": 144, "y": 527}], [{"x": 314, "y": 490}, {"x": 309, "y": 475}, {"x": 293, "y": 480}], [{"x": 235, "y": 398}, {"x": 236, "y": 392}, {"x": 207, "y": 392}, {"x": 212, "y": 399}], [{"x": 397, "y": 420}, {"x": 418, "y": 417}, {"x": 392, "y": 414}, {"x": 389, "y": 418}, {"x": 398, "y": 441}], [{"x": 359, "y": 298}, {"x": 362, "y": 320}, {"x": 345, "y": 319}, {"x": 359, "y": 322}, {"x": 364, "y": 328}], [{"x": 416, "y": 594}, {"x": 438, "y": 567}, {"x": 425, "y": 576}], [{"x": 259, "y": 265}, {"x": 279, "y": 287}, {"x": 264, "y": 266}, {"x": 261, "y": 262}], [{"x": 351, "y": 354}, {"x": 347, "y": 326}, {"x": 329, "y": 354}, {"x": 348, "y": 347}], [{"x": 107, "y": 585}, {"x": 125, "y": 559}, {"x": 112, "y": 557}, {"x": 113, "y": 564}], [{"x": 553, "y": 559}, {"x": 558, "y": 546}, {"x": 550, "y": 538}], [{"x": 508, "y": 168}, {"x": 512, "y": 163}, {"x": 490, "y": 166}, {"x": 487, "y": 171}], [{"x": 290, "y": 104}, {"x": 276, "y": 105}, {"x": 278, "y": 121}, {"x": 292, "y": 118}, {"x": 299, "y": 95}, {"x": 296, "y": 103}], [{"x": 185, "y": 517}, {"x": 198, "y": 521}, {"x": 208, "y": 516}, {"x": 205, "y": 503}, {"x": 179, "y": 499}, {"x": 182, "y": 505}], [{"x": 300, "y": 340}, {"x": 313, "y": 316}, {"x": 301, "y": 334}], [{"x": 530, "y": 210}, {"x": 533, "y": 184}, {"x": 530, "y": 190}, {"x": 524, "y": 205}], [{"x": 472, "y": 213}, {"x": 495, "y": 234}, {"x": 497, "y": 234}, {"x": 498, "y": 209}], [{"x": 297, "y": 135}, {"x": 303, "y": 146}, {"x": 316, "y": 152}, {"x": 321, "y": 154}], [{"x": 73, "y": 417}, {"x": 79, "y": 401}, {"x": 78, "y": 399}, {"x": 74, "y": 413}], [{"x": 404, "y": 271}, {"x": 408, "y": 263}, {"x": 381, "y": 284}, {"x": 384, "y": 292}], [{"x": 127, "y": 138}, {"x": 129, "y": 139}, {"x": 135, "y": 110}], [{"x": 418, "y": 114}, {"x": 441, "y": 131}, {"x": 438, "y": 110}, {"x": 414, "y": 107}], [{"x": 520, "y": 115}, {"x": 498, "y": 93}, {"x": 497, "y": 114}, {"x": 517, "y": 121}], [{"x": 365, "y": 236}, {"x": 369, "y": 209}, {"x": 364, "y": 215}], [{"x": 310, "y": 105}, {"x": 332, "y": 107}, {"x": 329, "y": 106}], [{"x": 101, "y": 507}, {"x": 118, "y": 506}, {"x": 107, "y": 504}, {"x": 122, "y": 498}, {"x": 127, "y": 480}, {"x": 106, "y": 481}], [{"x": 85, "y": 76}, {"x": 112, "y": 82}, {"x": 113, "y": 74}, {"x": 106, "y": 74}], [{"x": 432, "y": 507}, {"x": 413, "y": 499}, {"x": 412, "y": 521}, {"x": 420, "y": 529}, {"x": 431, "y": 519}, {"x": 432, "y": 520}], [{"x": 60, "y": 299}, {"x": 44, "y": 304}, {"x": 64, "y": 304}, {"x": 68, "y": 283}], [{"x": 212, "y": 424}, {"x": 209, "y": 396}, {"x": 199, "y": 401}, {"x": 195, "y": 415}], [{"x": 241, "y": 208}, {"x": 247, "y": 213}, {"x": 249, "y": 189}, {"x": 247, "y": 196}, {"x": 246, "y": 192}, {"x": 242, "y": 189}], [{"x": 87, "y": 424}, {"x": 86, "y": 427}, {"x": 107, "y": 429}, {"x": 90, "y": 426}], [{"x": 419, "y": 155}, {"x": 415, "y": 153}, {"x": 401, "y": 153}, {"x": 419, "y": 179}], [{"x": 224, "y": 443}, {"x": 243, "y": 441}, {"x": 242, "y": 467}, {"x": 246, "y": 441}, {"x": 218, "y": 440}], [{"x": 390, "y": 58}, {"x": 397, "y": 35}, {"x": 392, "y": 37}, {"x": 377, "y": 61}], [{"x": 69, "y": 343}, {"x": 75, "y": 360}, {"x": 77, "y": 336}], [{"x": 64, "y": 344}, {"x": 89, "y": 320}, {"x": 66, "y": 320}, {"x": 67, "y": 324}, {"x": 85, "y": 321}, {"x": 62, "y": 341}], [{"x": 458, "y": 404}, {"x": 465, "y": 386}, {"x": 442, "y": 387}], [{"x": 546, "y": 530}, {"x": 549, "y": 546}, {"x": 541, "y": 526}, {"x": 524, "y": 533}, {"x": 547, "y": 554}, {"x": 551, "y": 554}], [{"x": 100, "y": 294}, {"x": 121, "y": 276}, {"x": 106, "y": 273}], [{"x": 478, "y": 519}, {"x": 478, "y": 542}, {"x": 481, "y": 535}, {"x": 480, "y": 542}, {"x": 505, "y": 539}, {"x": 485, "y": 515}], [{"x": 309, "y": 375}, {"x": 336, "y": 374}, {"x": 317, "y": 374}, {"x": 314, "y": 373}], [{"x": 524, "y": 112}, {"x": 540, "y": 118}, {"x": 535, "y": 93}], [{"x": 488, "y": 390}, {"x": 496, "y": 389}, {"x": 491, "y": 381}, {"x": 488, "y": 381}, {"x": 470, "y": 361}, {"x": 472, "y": 384}], [{"x": 571, "y": 63}, {"x": 575, "y": 69}, {"x": 596, "y": 66}], [{"x": 456, "y": 504}, {"x": 451, "y": 485}, {"x": 434, "y": 486}, {"x": 441, "y": 498}, {"x": 457, "y": 505}], [{"x": 283, "y": 90}, {"x": 288, "y": 71}, {"x": 289, "y": 84}, {"x": 306, "y": 90}, {"x": 311, "y": 66}, {"x": 288, "y": 63}], [{"x": 405, "y": 100}, {"x": 426, "y": 97}, {"x": 425, "y": 77}, {"x": 407, "y": 85}, {"x": 402, "y": 98}], [{"x": 208, "y": 461}, {"x": 229, "y": 460}, {"x": 230, "y": 458}], [{"x": 316, "y": 169}, {"x": 313, "y": 168}, {"x": 314, "y": 170}, {"x": 320, "y": 172}], [{"x": 116, "y": 451}, {"x": 137, "y": 436}, {"x": 137, "y": 431}], [{"x": 228, "y": 375}, {"x": 231, "y": 380}, {"x": 226, "y": 365}], [{"x": 457, "y": 75}, {"x": 457, "y": 82}, {"x": 474, "y": 62}, {"x": 472, "y": 56}], [{"x": 132, "y": 386}, {"x": 136, "y": 368}, {"x": 110, "y": 370}, {"x": 130, "y": 389}], [{"x": 507, "y": 228}, {"x": 518, "y": 234}, {"x": 517, "y": 206}, {"x": 503, "y": 213}], [{"x": 299, "y": 61}, {"x": 303, "y": 55}, {"x": 279, "y": 45}, {"x": 280, "y": 62}, {"x": 284, "y": 55}], [{"x": 34, "y": 53}, {"x": 37, "y": 72}, {"x": 38, "y": 57}, {"x": 53, "y": 71}, {"x": 61, "y": 69}], [{"x": 365, "y": 392}, {"x": 359, "y": 388}, {"x": 358, "y": 414}, {"x": 367, "y": 411}], [{"x": 266, "y": 558}, {"x": 270, "y": 568}, {"x": 267, "y": 542}, {"x": 251, "y": 541}, {"x": 245, "y": 547}, {"x": 265, "y": 562}], [{"x": 132, "y": 184}, {"x": 133, "y": 164}, {"x": 113, "y": 165}, {"x": 112, "y": 168}, {"x": 125, "y": 183}], [{"x": 44, "y": 368}, {"x": 69, "y": 384}, {"x": 40, "y": 362}], [{"x": 320, "y": 227}, {"x": 322, "y": 219}, {"x": 323, "y": 217}, {"x": 322, "y": 226}, {"x": 328, "y": 206}, {"x": 301, "y": 224}], [{"x": 529, "y": 177}, {"x": 531, "y": 176}, {"x": 524, "y": 174}, {"x": 529, "y": 183}], [{"x": 206, "y": 252}, {"x": 231, "y": 243}, {"x": 205, "y": 252}], [{"x": 52, "y": 560}, {"x": 52, "y": 544}, {"x": 51, "y": 566}, {"x": 70, "y": 539}, {"x": 69, "y": 540}], [{"x": 363, "y": 168}, {"x": 363, "y": 186}, {"x": 386, "y": 191}, {"x": 389, "y": 186}, {"x": 365, "y": 162}], [{"x": 192, "y": 567}, {"x": 210, "y": 571}, {"x": 216, "y": 569}, {"x": 199, "y": 549}], [{"x": 209, "y": 491}, {"x": 209, "y": 507}, {"x": 213, "y": 510}, {"x": 229, "y": 506}, {"x": 227, "y": 490}], [{"x": 125, "y": 206}, {"x": 132, "y": 206}, {"x": 130, "y": 188}], [{"x": 422, "y": 310}, {"x": 426, "y": 288}, {"x": 416, "y": 287}, {"x": 403, "y": 307}, {"x": 403, "y": 309}], [{"x": 448, "y": 282}, {"x": 440, "y": 286}, {"x": 439, "y": 283}, {"x": 424, "y": 309}, {"x": 442, "y": 305}, {"x": 449, "y": 291}], [{"x": 480, "y": 596}, {"x": 485, "y": 592}, {"x": 482, "y": 592}, {"x": 481, "y": 593}, {"x": 462, "y": 591}, {"x": 478, "y": 597}], [{"x": 73, "y": 210}, {"x": 80, "y": 210}, {"x": 99, "y": 189}, {"x": 98, "y": 188}, {"x": 94, "y": 190}, {"x": 92, "y": 190}], [{"x": 402, "y": 364}, {"x": 409, "y": 359}, {"x": 406, "y": 360}], [{"x": 333, "y": 190}, {"x": 333, "y": 210}, {"x": 331, "y": 219}, {"x": 336, "y": 218}, {"x": 349, "y": 213}, {"x": 336, "y": 210}], [{"x": 268, "y": 255}, {"x": 249, "y": 250}, {"x": 247, "y": 236}, {"x": 246, "y": 230}, {"x": 245, "y": 255}, {"x": 248, "y": 256}], [{"x": 70, "y": 498}, {"x": 69, "y": 518}, {"x": 48, "y": 522}, {"x": 77, "y": 523}, {"x": 78, "y": 493}, {"x": 49, "y": 502}], [{"x": 62, "y": 232}, {"x": 39, "y": 235}, {"x": 42, "y": 251}, {"x": 39, "y": 255}, {"x": 47, "y": 255}, {"x": 64, "y": 236}], [{"x": 244, "y": 463}, {"x": 245, "y": 483}, {"x": 248, "y": 481}, {"x": 266, "y": 488}, {"x": 265, "y": 465}, {"x": 260, "y": 462}], [{"x": 355, "y": 158}, {"x": 334, "y": 156}, {"x": 329, "y": 175}, {"x": 329, "y": 180}, {"x": 357, "y": 175}], [{"x": 524, "y": 325}, {"x": 529, "y": 333}, {"x": 528, "y": 315}], [{"x": 326, "y": 90}, {"x": 342, "y": 96}, {"x": 340, "y": 70}], [{"x": 331, "y": 142}, {"x": 332, "y": 138}, {"x": 316, "y": 119}, {"x": 331, "y": 140}], [{"x": 500, "y": 85}, {"x": 524, "y": 106}, {"x": 525, "y": 100}], [{"x": 440, "y": 178}, {"x": 457, "y": 182}, {"x": 431, "y": 175}, {"x": 452, "y": 195}, {"x": 441, "y": 184}], [{"x": 428, "y": 387}, {"x": 433, "y": 395}, {"x": 434, "y": 413}, {"x": 448, "y": 412}, {"x": 448, "y": 407}], [{"x": 567, "y": 93}, {"x": 584, "y": 73}, {"x": 563, "y": 93}], [{"x": 237, "y": 163}, {"x": 234, "y": 163}, {"x": 209, "y": 188}, {"x": 230, "y": 185}]]}
