{"type": "CGSHOP2023_Instance", "name": "cheese102", "n": 102, "outer_boundary": [{"x": 19, "y": 282}, {"x": 12, "y": 256}, {"x": 10, "y": 205}, {"x": 57, "y": 127}, {"x": 93, "y": 58}, {"x": 118, "y": 40}, {"x": 255, "y": 10}, {"x": 280, "y": 104}, {"x": 282, "y": 132}, {"x": 253, "y": 253}, {"x": 190, "y": 297}], "holes": [[{"x": 183, "y": 238}, {"x": 184, "y": 238}, {"x": 200, "y": 232}, {"x": 203, "y": 230}, {"x": 197, "y": 219}, {"x": 176, "y": 216}], [{"x": 217, "y": 46}, {"x": 244, "y": 48}, {"x": 244, "y": 21}, {"x": 239, "y": 45}], [{"x": 167, "y": 72}, {"x": 192, "y": 71}, {"x": 191, "y": 71}], [{"x": 202, "y": 58}, {"x": 200, "y": 54}, {"x": 200, "y": 33}, {"x": 195, "y": 49}], [{"x": 218, "y": 142}, {"x": 238, "y": 144}, {"x": 215, "y": 126}, {"x": 218, "y": 151}], [{"x": 142, "y": 88}, {"x": 166, "y": 79}, {"x": 147, "y": 82}, {"x": 143, "y": 79}, {"x": 140, "y": 89}, {"x": 139, "y": 107}], [{"x": 85, "y": 241}, {"x": 106, "y": 227}, {"x": 111, "y": 222}, {"x": 93, "y": 225}], [{"x": 71, "y": 188}, {"x": 71, "y": 202}, {"x": 94, "y": 186}, {"x": 89, "y": 183}], [{"x": 206, "y": 150}, {"x": 207, "y": 162}, {"x": 212, "y": 148}], [{"x": 68, "y": 235}, {"x": 84, "y": 241}, {"x": 85, "y": 212}, {"x": 67, "y": 233}], [{"x": 225, "y": 226}, {"x": 226, "y": 251}, {"x": 227, "y": 251}, {"x": 241, "y": 242}, {"x": 238, "y": 226}], [{"x": 69, "y": 116}, {"x": 72, "y": 143}, {"x": 92, "y": 136}], [{"x": 141, "y": 211}, {"x": 144, "y": 202}, {"x": 145, "y": 188}, {"x": 143, "y": 188}, {"x": 122, "y": 189}], [{"x": 207, "y": 93}, {"x": 204, "y": 87}, {"x": 182, "y": 113}, {"x": 202, "y": 115}], [{"x": 58, "y": 215}, {"x": 55, "y": 238}, {"x": 71, "y": 214}], [{"x": 22, "y": 244}, {"x": 32, "y": 261}, {"x": 30, "y": 270}, {"x": 42, "y": 262}], [{"x": 246, "y": 125}, {"x": 249, "y": 141}, {"x": 271, "y": 144}, {"x": 270, "y": 121}, {"x": 270, "y": 116}], [{"x": 174, "y": 282}, {"x": 201, "y": 285}, {"x": 173, "y": 261}], [{"x": 23, "y": 213}, {"x": 38, "y": 198}, {"x": 35, "y": 195}, {"x": 20, "y": 215}], [{"x": 234, "y": 171}, {"x": 234, "y": 195}, {"x": 249, "y": 186}, {"x": 258, "y": 168}, {"x": 254, "y": 168}], [{"x": 129, "y": 50}, {"x": 128, "y": 53}, {"x": 103, "y": 69}, {"x": 129, "y": 54}], [{"x": 65, "y": 182}, {"x": 77, "y": 183}, {"x": 59, "y": 167}, {"x": 62, "y": 181}]]}
