{"type": "CGSHOP2023_Instance", "name": "cheese1760", "n": 1760, "outer_boundary": [{"x": 24, "y": 893}, {"x": 10, "y": 674}, {"x": 16, "y": 16}, {"x": 43, "y": 10}, {"x": 174, "y": 37}, {"x": 643, "y": 32}, {"x": 997, "y": 58}, {"x": 1033, "y": 55}, {"x": 1057, "y": 50}, {"x": 1094, "y": 196}, {"x": 1095, "y": 203}, {"x": 1113, "y": 283}, {"x": 1102, "y": 987}, {"x": 1099, "y": 1023}, {"x": 1038, "y": 1128}, {"x": 486, "y": 1111}, {"x": 134, "y": 1108}, {"x": 38, "y": 992}], "holes": [[{"x": 893, "y": 816}, {"x": 890, "y": 814}, {"x": 875, "y": 810}, {"x": 870, "y": 833}], [{"x": 59, "y": 412}, {"x": 72, "y": 409}, {"x": 70, "y": 391}, {"x": 57, "y": 393}], [{"x": 395, "y": 385}, {"x": 400, "y": 400}, {"x": 401, "y": 402}, {"x": 401, "y": 385}], [{"x": 1054, "y": 575}, {"x": 1059, "y": 568}, {"x": 1036, "y": 573}], [{"x": 921, "y": 781}, {"x": 943, "y": 774}, {"x": 941, "y": 756}, {"x": 923, "y": 762}, {"x": 918, "y": 780}], [{"x": 273, "y": 342}, {"x": 281, "y": 343}, {"x": 274, "y": 335}, {"x": 259, "y": 334}], [{"x": 997, "y": 889}, {"x": 999, "y": 884}, {"x": 991, "y": 864}, {"x": 973, "y": 865}], [{"x": 191, "y": 856}, {"x": 193, "y": 839}, {"x": 172, "y": 837}, {"x": 179, "y": 855}], [{"x": 804, "y": 922}, {"x": 805, "y": 924}, {"x": 824, "y": 924}, {"x": 801, "y": 903}], [{"x": 1013, "y": 653}, {"x": 1015, "y": 677}, {"x": 1018, "y": 674}, {"x": 1014, "y": 652}, {"x": 995, "y": 659}, {"x": 999, "y": 661}], [{"x": 475, "y": 1038}, {"x": 475, "y": 1044}, {"x": 496, "y": 1022}], [{"x": 539, "y": 824}, {"x": 539, "y": 826}, {"x": 544, "y": 848}, {"x": 563, "y": 826}], [{"x": 270, "y": 981}, {"x": 272, "y": 986}, {"x": 294, "y": 988}, {"x": 292, "y": 985}, {"x": 290, "y": 979}], [{"x": 139, "y": 261}, {"x": 126, "y": 261}, {"x": 124, "y": 283}, {"x": 124, "y": 285}, {"x": 149, "y": 287}, {"x": 126, "y": 285}], [{"x": 627, "y": 312}, {"x": 642, "y": 329}, {"x": 643, "y": 324}], [{"x": 492, "y": 861}, {"x": 489, "y": 866}, {"x": 488, "y": 868}, {"x": 486, "y": 887}, {"x": 512, "y": 889}, {"x": 508, "y": 862}], [{"x": 974, "y": 1081}, {"x": 990, "y": 1059}, {"x": 973, "y": 1062}], [{"x": 991, "y": 578}, {"x": 997, "y": 573}, {"x": 997, "y": 571}, {"x": 975, "y": 554}, {"x": 990, "y": 570}, {"x": 972, "y": 574}], [{"x": 650, "y": 909}, {"x": 670, "y": 931}, {"x": 678, "y": 931}, {"x": 671, "y": 911}, {"x": 670, "y": 907}], [{"x": 1060, "y": 157}, {"x": 1061, "y": 181}, {"x": 1065, "y": 176}], [{"x": 218, "y": 340}, {"x": 221, "y": 353}, {"x": 225, "y": 336}, {"x": 225, "y": 335}, {"x": 196, "y": 337}, {"x": 219, "y": 339}], [{"x": 535, "y": 345}, {"x": 535, "y": 344}, {"x": 508, "y": 325}, {"x": 505, "y": 327}, {"x": 511, "y": 349}, {"x": 533, "y": 348}], [{"x": 728, "y": 479}, {"x": 710, "y": 482}, {"x": 713, "y": 502}, {"x": 728, "y": 503}, {"x": 730, "y": 498}], [{"x": 573, "y": 810}, {"x": 545, "y": 789}, {"x": 568, "y": 815}, {"x": 571, "y": 816}, {"x": 574, "y": 812}], [{"x": 780, "y": 104}, {"x": 782, "y": 112}, {"x": 785, "y": 123}, {"x": 787, "y": 108}], [{"x": 994, "y": 1045}, {"x": 998, "y": 1022}, {"x": 992, "y": 1018}, {"x": 973, "y": 1019}, {"x": 976, "y": 1026}], [{"x": 961, "y": 327}, {"x": 982, "y": 329}, {"x": 960, "y": 314}, {"x": 958, "y": 314}, {"x": 955, "y": 332}, {"x": 977, "y": 336}], [{"x": 514, "y": 673}, {"x": 513, "y": 653}, {"x": 508, "y": 655}, {"x": 496, "y": 650}, {"x": 497, "y": 672}], [{"x": 986, "y": 439}, {"x": 1003, "y": 413}, {"x": 979, "y": 430}], [{"x": 633, "y": 864}, {"x": 643, "y": 863}, {"x": 625, "y": 862}], [{"x": 636, "y": 971}, {"x": 637, "y": 985}, {"x": 634, "y": 990}, {"x": 654, "y": 985}, {"x": 654, "y": 984}, {"x": 629, "y": 963}], [{"x": 795, "y": 200}, {"x": 797, "y": 184}, {"x": 777, "y": 187}, {"x": 770, "y": 206}, {"x": 776, "y": 207}, {"x": 788, "y": 204}], [{"x": 171, "y": 303}, {"x": 186, "y": 304}, {"x": 187, "y": 306}, {"x": 189, "y": 285}], [{"x": 694, "y": 866}, {"x": 707, "y": 886}, {"x": 686, "y": 891}, {"x": 691, "y": 896}, {"x": 714, "y": 895}, {"x": 710, "y": 889}], [{"x": 383, "y": 63}, {"x": 364, "y": 69}, {"x": 364, "y": 70}, {"x": 381, "y": 83}, {"x": 387, "y": 65}], [{"x": 76, "y": 694}, {"x": 76, "y": 695}, {"x": 91, "y": 672}, {"x": 81, "y": 680}, {"x": 80, "y": 682}], [{"x": 936, "y": 487}, {"x": 937, "y": 480}, {"x": 929, "y": 485}], [{"x": 863, "y": 512}, {"x": 844, "y": 509}, {"x": 862, "y": 514}, {"x": 861, "y": 527}, {"x": 865, "y": 514}], [{"x": 374, "y": 734}, {"x": 388, "y": 746}, {"x": 391, "y": 725}, {"x": 386, "y": 726}, {"x": 376, "y": 727}, {"x": 374, "y": 731}], [{"x": 731, "y": 519}, {"x": 749, "y": 547}, {"x": 758, "y": 548}], [{"x": 98, "y": 785}, {"x": 103, "y": 782}, {"x": 97, "y": 770}, {"x": 81, "y": 767}, {"x": 77, "y": 789}, {"x": 100, "y": 785}], [{"x": 492, "y": 936}, {"x": 501, "y": 955}, {"x": 520, "y": 958}, {"x": 517, "y": 940}, {"x": 514, "y": 935}, {"x": 500, "y": 950}], [{"x": 320, "y": 942}, {"x": 338, "y": 941}, {"x": 337, "y": 922}, {"x": 337, "y": 924}, {"x": 316, "y": 919}, {"x": 313, "y": 947}], [{"x": 749, "y": 184}, {"x": 745, "y": 201}, {"x": 770, "y": 182}, {"x": 773, "y": 188}, {"x": 772, "y": 179}, {"x": 764, "y": 182}], [{"x": 603, "y": 687}, {"x": 608, "y": 688}, {"x": 631, "y": 685}, {"x": 611, "y": 674}], [{"x": 874, "y": 648}, {"x": 874, "y": 650}, {"x": 880, "y": 628}], [{"x": 1011, "y": 167}, {"x": 1026, "y": 190}, {"x": 1032, "y": 191}, {"x": 1036, "y": 189}], [{"x": 1018, "y": 429}, {"x": 1045, "y": 429}, {"x": 1046, "y": 403}, {"x": 1019, "y": 427}, {"x": 1044, "y": 410}], [{"x": 1037, "y": 362}, {"x": 1014, "y": 343}, {"x": 1013, "y": 350}], [{"x": 818, "y": 257}, {"x": 819, "y": 252}, {"x": 801, "y": 232}], [{"x": 713, "y": 1052}, {"x": 698, "y": 1050}, {"x": 691, "y": 1056}], [{"x": 663, "y": 878}, {"x": 668, "y": 867}, {"x": 646, "y": 863}, {"x": 644, "y": 867}], [{"x": 367, "y": 233}, {"x": 372, "y": 213}, {"x": 351, "y": 233}, {"x": 348, "y": 242}, {"x": 354, "y": 242}, {"x": 375, "y": 241}], [{"x": 900, "y": 300}, {"x": 906, "y": 296}, {"x": 907, "y": 298}, {"x": 920, "y": 280}, {"x": 920, "y": 274}, {"x": 905, "y": 275}], [{"x": 249, "y": 336}, {"x": 254, "y": 340}, {"x": 255, "y": 341}, {"x": 254, "y": 319}, {"x": 253, "y": 320}], [{"x": 814, "y": 457}, {"x": 808, "y": 477}, {"x": 833, "y": 464}], [{"x": 119, "y": 1069}, {"x": 123, "y": 1069}, {"x": 123, "y": 1045}, {"x": 121, "y": 1046}, {"x": 117, "y": 1060}], [{"x": 1027, "y": 530}, {"x": 1041, "y": 528}, {"x": 1050, "y": 511}, {"x": 1048, "y": 505}, {"x": 1046, "y": 502}, {"x": 1028, "y": 527}], [{"x": 322, "y": 708}, {"x": 339, "y": 707}, {"x": 346, "y": 694}], [{"x": 299, "y": 496}, {"x": 324, "y": 517}, {"x": 319, "y": 505}], [{"x": 418, "y": 615}, {"x": 421, "y": 622}, {"x": 437, "y": 622}, {"x": 417, "y": 599}], [{"x": 951, "y": 392}, {"x": 953, "y": 389}, {"x": 950, "y": 389}, {"x": 946, "y": 396}, {"x": 930, "y": 391}, {"x": 954, "y": 415}], [{"x": 176, "y": 376}, {"x": 174, "y": 350}, {"x": 155, "y": 360}], [{"x": 71, "y": 580}, {"x": 77, "y": 581}, {"x": 78, "y": 561}, {"x": 59, "y": 575}], [{"x": 151, "y": 580}, {"x": 174, "y": 575}, {"x": 172, "y": 553}, {"x": 153, "y": 573}, {"x": 153, "y": 551}], [{"x": 1037, "y": 332}, {"x": 1038, "y": 322}, {"x": 1032, "y": 311}, {"x": 1009, "y": 308}, {"x": 1012, "y": 324}, {"x": 1031, "y": 331}], [{"x": 575, "y": 1000}, {"x": 576, "y": 994}, {"x": 554, "y": 992}, {"x": 560, "y": 1001}], [{"x": 334, "y": 585}, {"x": 333, "y": 584}, {"x": 320, "y": 588}], [{"x": 450, "y": 512}, {"x": 471, "y": 528}, {"x": 476, "y": 504}], [{"x": 842, "y": 560}, {"x": 858, "y": 556}, {"x": 867, "y": 556}, {"x": 861, "y": 540}, {"x": 857, "y": 554}], [{"x": 699, "y": 168}, {"x": 698, "y": 190}, {"x": 701, "y": 194}, {"x": 700, "y": 176}, {"x": 703, "y": 176}, {"x": 721, "y": 167}], [{"x": 499, "y": 517}, {"x": 504, "y": 537}, {"x": 482, "y": 520}, {"x": 499, "y": 534}, {"x": 506, "y": 539}], [{"x": 399, "y": 478}, {"x": 402, "y": 494}, {"x": 413, "y": 476}, {"x": 399, "y": 472}], [{"x": 232, "y": 98}, {"x": 231, "y": 92}, {"x": 207, "y": 120}, {"x": 229, "y": 120}], [{"x": 612, "y": 372}, {"x": 614, "y": 380}, {"x": 626, "y": 398}, {"x": 628, "y": 370}], [{"x": 54, "y": 705}, {"x": 61, "y": 709}, {"x": 83, "y": 709}, {"x": 75, "y": 708}], [{"x": 439, "y": 422}, {"x": 417, "y": 406}, {"x": 417, "y": 424}, {"x": 418, "y": 427}, {"x": 443, "y": 428}], [{"x": 191, "y": 788}, {"x": 210, "y": 790}, {"x": 203, "y": 786}, {"x": 192, "y": 781}], [{"x": 534, "y": 1004}, {"x": 535, "y": 997}, {"x": 551, "y": 980}, {"x": 537, "y": 975}], [{"x": 322, "y": 805}, {"x": 342, "y": 808}, {"x": 327, "y": 804}], [{"x": 842, "y": 1066}, {"x": 858, "y": 1065}, {"x": 859, "y": 1062}], [{"x": 751, "y": 249}, {"x": 754, "y": 248}, {"x": 725, "y": 245}, {"x": 752, "y": 252}], [{"x": 117, "y": 165}, {"x": 121, "y": 181}, {"x": 116, "y": 187}, {"x": 140, "y": 183}, {"x": 142, "y": 160}], [{"x": 904, "y": 488}, {"x": 914, "y": 469}, {"x": 885, "y": 470}, {"x": 888, "y": 490}, {"x": 891, "y": 496}], [{"x": 993, "y": 641}, {"x": 997, "y": 633}, {"x": 972, "y": 632}, {"x": 976, "y": 652}, {"x": 991, "y": 635}, {"x": 977, "y": 655}], [{"x": 179, "y": 446}, {"x": 177, "y": 425}, {"x": 174, "y": 421}, {"x": 173, "y": 426}, {"x": 174, "y": 444}, {"x": 175, "y": 443}], [{"x": 425, "y": 908}, {"x": 429, "y": 903}, {"x": 422, "y": 909}, {"x": 421, "y": 929}], [{"x": 628, "y": 890}, {"x": 627, "y": 890}, {"x": 621, "y": 892}, {"x": 609, "y": 889}, {"x": 601, "y": 891}, {"x": 628, "y": 895}], [{"x": 430, "y": 1001}, {"x": 433, "y": 1002}, {"x": 456, "y": 1009}], [{"x": 181, "y": 708}, {"x": 205, "y": 702}, {"x": 181, "y": 681}, {"x": 199, "y": 698}, {"x": 187, "y": 703}, {"x": 177, "y": 704}], [{"x": 534, "y": 673}, {"x": 523, "y": 656}, {"x": 517, "y": 654}], [{"x": 261, "y": 143}, {"x": 283, "y": 149}, {"x": 284, "y": 143}], [{"x": 485, "y": 487}, {"x": 493, "y": 502}, {"x": 509, "y": 506}, {"x": 508, "y": 478}, {"x": 504, "y": 487}], [{"x": 432, "y": 289}, {"x": 433, "y": 288}, {"x": 425, "y": 289}, {"x": 403, "y": 291}, {"x": 425, "y": 295}], [{"x": 642, "y": 265}, {"x": 646, "y": 262}, {"x": 661, "y": 263}, {"x": 662, "y": 236}, {"x": 645, "y": 239}], [{"x": 574, "y": 954}, {"x": 592, "y": 956}, {"x": 591, "y": 931}, {"x": 573, "y": 953}], [{"x": 262, "y": 835}, {"x": 253, "y": 828}, {"x": 237, "y": 829}, {"x": 242, "y": 832}, {"x": 253, "y": 835}, {"x": 261, "y": 836}], [{"x": 592, "y": 83}, {"x": 617, "y": 111}, {"x": 597, "y": 82}, {"x": 598, "y": 86}, {"x": 596, "y": 84}], [{"x": 659, "y": 308}, {"x": 684, "y": 318}, {"x": 654, "y": 298}, {"x": 656, "y": 300}], [{"x": 504, "y": 250}, {"x": 504, "y": 257}, {"x": 530, "y": 231}, {"x": 526, "y": 227}], [{"x": 734, "y": 161}, {"x": 752, "y": 164}, {"x": 756, "y": 181}, {"x": 759, "y": 160}, {"x": 755, "y": 162}, {"x": 742, "y": 162}], [{"x": 353, "y": 97}, {"x": 351, "y": 89}, {"x": 334, "y": 93}], [{"x": 695, "y": 698}, {"x": 698, "y": 702}, {"x": 703, "y": 698}], [{"x": 641, "y": 133}, {"x": 643, "y": 117}, {"x": 641, "y": 118}, {"x": 637, "y": 137}], [{"x": 654, "y": 896}, {"x": 671, "y": 901}, {"x": 671, "y": 884}, {"x": 666, "y": 884}], [{"x": 562, "y": 1055}, {"x": 563, "y": 1078}, {"x": 585, "y": 1051}], [{"x": 574, "y": 426}, {"x": 588, "y": 420}, {"x": 564, "y": 423}, {"x": 566, "y": 449}, {"x": 567, "y": 450}], [{"x": 379, "y": 498}, {"x": 386, "y": 485}, {"x": 378, "y": 479}, {"x": 365, "y": 476}], [{"x": 198, "y": 789}, {"x": 198, "y": 791}, {"x": 203, "y": 809}, {"x": 218, "y": 813}, {"x": 226, "y": 815}], [{"x": 969, "y": 909}, {"x": 972, "y": 907}, {"x": 966, "y": 906}], [{"x": 981, "y": 325}, {"x": 985, "y": 322}, {"x": 984, "y": 344}, {"x": 988, "y": 347}, {"x": 985, "y": 321}, {"x": 983, "y": 318}], [{"x": 748, "y": 818}, {"x": 763, "y": 814}, {"x": 768, "y": 796}, {"x": 747, "y": 794}, {"x": 741, "y": 811}], [{"x": 492, "y": 581}, {"x": 493, "y": 574}, {"x": 467, "y": 555}, {"x": 470, "y": 579}, {"x": 467, "y": 581}, {"x": 492, "y": 578}], [{"x": 205, "y": 812}, {"x": 202, "y": 808}, {"x": 187, "y": 826}, {"x": 183, "y": 829}, {"x": 202, "y": 829}, {"x": 209, "y": 822}], [{"x": 341, "y": 639}, {"x": 361, "y": 636}, {"x": 364, "y": 618}, {"x": 367, "y": 614}, {"x": 362, "y": 610}], [{"x": 802, "y": 1045}, {"x": 807, "y": 1061}, {"x": 804, "y": 1069}, {"x": 821, "y": 1061}], [{"x": 641, "y": 1011}, {"x": 661, "y": 1018}, {"x": 642, "y": 998}, {"x": 659, "y": 995}, {"x": 637, "y": 997}], [{"x": 811, "y": 311}, {"x": 786, "y": 293}, {"x": 782, "y": 297}], [{"x": 91, "y": 229}, {"x": 100, "y": 236}, {"x": 110, "y": 237}, {"x": 116, "y": 215}, {"x": 99, "y": 216}], [{"x": 589, "y": 499}, {"x": 590, "y": 480}, {"x": 588, "y": 496}, {"x": 582, "y": 498}], [{"x": 217, "y": 683}, {"x": 237, "y": 685}, {"x": 217, "y": 678}, {"x": 213, "y": 682}, {"x": 218, "y": 681}], [{"x": 780, "y": 885}, {"x": 778, "y": 865}, {"x": 754, "y": 866}, {"x": 774, "y": 890}, {"x": 778, "y": 888}], [{"x": 544, "y": 255}, {"x": 551, "y": 272}, {"x": 574, "y": 252}, {"x": 548, "y": 245}], [{"x": 192, "y": 1050}, {"x": 187, "y": 1072}, {"x": 210, "y": 1067}], [{"x": 993, "y": 279}, {"x": 987, "y": 259}, {"x": 977, "y": 280}], [{"x": 501, "y": 60}, {"x": 505, "y": 68}, {"x": 524, "y": 88}, {"x": 526, "y": 89}], [{"x": 157, "y": 653}, {"x": 158, "y": 649}, {"x": 152, "y": 646}], [{"x": 503, "y": 1012}, {"x": 505, "y": 1014}, {"x": 523, "y": 1013}], [{"x": 529, "y": 525}, {"x": 528, "y": 545}, {"x": 532, "y": 546}, {"x": 557, "y": 527}, {"x": 533, "y": 520}, {"x": 531, "y": 521}], [{"x": 113, "y": 918}, {"x": 115, "y": 936}, {"x": 115, "y": 920}, {"x": 137, "y": 937}, {"x": 141, "y": 945}, {"x": 141, "y": 916}], [{"x": 639, "y": 942}, {"x": 633, "y": 920}, {"x": 619, "y": 930}, {"x": 613, "y": 929}, {"x": 616, "y": 941}, {"x": 631, "y": 950}], [{"x": 340, "y": 1037}, {"x": 360, "y": 1039}, {"x": 360, "y": 1037}, {"x": 344, "y": 1023}, {"x": 340, "y": 1036}], [{"x": 91, "y": 446}, {"x": 89, "y": 463}, {"x": 111, "y": 463}, {"x": 95, "y": 440}], [{"x": 439, "y": 729}, {"x": 445, "y": 736}, {"x": 456, "y": 748}, {"x": 445, "y": 734}], [{"x": 540, "y": 890}, {"x": 535, "y": 880}, {"x": 534, "y": 882}, {"x": 519, "y": 880}, {"x": 537, "y": 887}], [{"x": 704, "y": 111}, {"x": 712, "y": 110}, {"x": 729, "y": 106}, {"x": 733, "y": 90}, {"x": 711, "y": 87}, {"x": 708, "y": 91}], [{"x": 385, "y": 108}, {"x": 388, "y": 111}, {"x": 402, "y": 105}], [{"x": 717, "y": 1069}, {"x": 720, "y": 1068}, {"x": 718, "y": 1066}, {"x": 727, "y": 1065}, {"x": 725, "y": 1063}, {"x": 707, "y": 1067}], [{"x": 267, "y": 430}, {"x": 267, "y": 436}, {"x": 270, "y": 454}, {"x": 285, "y": 453}, {"x": 288, "y": 449}, {"x": 292, "y": 447}], [{"x": 136, "y": 159}, {"x": 141, "y": 132}, {"x": 139, "y": 139}], [{"x": 361, "y": 198}, {"x": 362, "y": 196}, {"x": 384, "y": 200}, {"x": 363, "y": 179}], [{"x": 433, "y": 109}, {"x": 441, "y": 128}, {"x": 453, "y": 131}], [{"x": 860, "y": 589}, {"x": 840, "y": 571}, {"x": 837, "y": 575}], [{"x": 457, "y": 765}, {"x": 432, "y": 765}, {"x": 431, "y": 781}, {"x": 434, "y": 780}, {"x": 437, "y": 781}], [{"x": 286, "y": 740}, {"x": 286, "y": 747}, {"x": 282, "y": 757}, {"x": 304, "y": 767}, {"x": 303, "y": 759}, {"x": 308, "y": 738}], [{"x": 172, "y": 86}, {"x": 194, "y": 88}, {"x": 198, "y": 92}, {"x": 195, "y": 71}], [{"x": 849, "y": 879}, {"x": 852, "y": 900}, {"x": 873, "y": 880}], [{"x": 449, "y": 793}, {"x": 446, "y": 794}, {"x": 450, "y": 794}], [{"x": 745, "y": 114}, {"x": 768, "y": 132}, {"x": 763, "y": 112}, {"x": 752, "y": 114}], [{"x": 630, "y": 480}, {"x": 625, "y": 507}, {"x": 632, "y": 501}, {"x": 647, "y": 487}, {"x": 646, "y": 486}, {"x": 633, "y": 484}], [{"x": 602, "y": 658}, {"x": 605, "y": 631}, {"x": 578, "y": 636}], [{"x": 753, "y": 764}, {"x": 777, "y": 743}, {"x": 769, "y": 745}], [{"x": 201, "y": 601}, {"x": 221, "y": 582}, {"x": 220, "y": 573}, {"x": 194, "y": 572}, {"x": 194, "y": 600}], [{"x": 160, "y": 634}, {"x": 163, "y": 647}, {"x": 180, "y": 648}], [{"x": 210, "y": 1046}, {"x": 240, "y": 1048}, {"x": 230, "y": 1044}], [{"x": 360, "y": 73}, {"x": 363, "y": 97}, {"x": 361, "y": 101}, {"x": 360, "y": 101}, {"x": 377, "y": 103}], [{"x": 605, "y": 615}, {"x": 624, "y": 597}, {"x": 600, "y": 619}, {"x": 608, "y": 622}, {"x": 630, "y": 623}], [{"x": 265, "y": 224}, {"x": 266, "y": 206}, {"x": 245, "y": 227}], [{"x": 704, "y": 942}, {"x": 723, "y": 942}, {"x": 722, "y": 939}, {"x": 717, "y": 939}, {"x": 723, "y": 920}, {"x": 721, "y": 916}], [{"x": 833, "y": 821}, {"x": 832, "y": 839}, {"x": 841, "y": 832}, {"x": 861, "y": 831}, {"x": 861, "y": 819}, {"x": 838, "y": 818}], [{"x": 871, "y": 1036}, {"x": 865, "y": 1009}, {"x": 849, "y": 1032}, {"x": 864, "y": 1030}, {"x": 867, "y": 1032}], [{"x": 227, "y": 201}, {"x": 248, "y": 201}, {"x": 253, "y": 199}, {"x": 231, "y": 200}], [{"x": 682, "y": 64}, {"x": 688, "y": 85}, {"x": 707, "y": 69}, {"x": 707, "y": 66}], [{"x": 568, "y": 283}, {"x": 555, "y": 286}, {"x": 555, "y": 303}, {"x": 571, "y": 287}], [{"x": 585, "y": 347}, {"x": 580, "y": 343}, {"x": 589, "y": 369}, {"x": 588, "y": 365}], [{"x": 542, "y": 855}, {"x": 541, "y": 854}, {"x": 538, "y": 853}, {"x": 538, "y": 854}, {"x": 518, "y": 870}, {"x": 540, "y": 871}], [{"x": 336, "y": 656}, {"x": 317, "y": 636}, {"x": 313, "y": 631}, {"x": 313, "y": 635}], [{"x": 447, "y": 736}, {"x": 471, "y": 753}, {"x": 473, "y": 748}, {"x": 471, "y": 748}, {"x": 475, "y": 730}, {"x": 448, "y": 730}], [{"x": 178, "y": 729}, {"x": 180, "y": 734}, {"x": 167, "y": 746}, {"x": 184, "y": 732}], [{"x": 946, "y": 971}, {"x": 955, "y": 988}, {"x": 973, "y": 968}, {"x": 947, "y": 967}, {"x": 948, "y": 961}], [{"x": 865, "y": 933}, {"x": 890, "y": 927}, {"x": 873, "y": 915}], [{"x": 153, "y": 853}, {"x": 170, "y": 850}, {"x": 150, "y": 832}], [{"x": 1018, "y": 1048}, {"x": 1015, "y": 1047}, {"x": 1013, "y": 1044}, {"x": 996, "y": 1047}, {"x": 1012, "y": 1053}, {"x": 1013, "y": 1068}], [{"x": 847, "y": 961}, {"x": 828, "y": 955}, {"x": 824, "y": 978}, {"x": 846, "y": 979}, {"x": 847, "y": 977}], [{"x": 168, "y": 139}, {"x": 189, "y": 155}, {"x": 190, "y": 154}, {"x": 197, "y": 134}, {"x": 171, "y": 137}, {"x": 168, "y": 135}], [{"x": 738, "y": 855}, {"x": 742, "y": 830}, {"x": 723, "y": 835}, {"x": 715, "y": 850}, {"x": 735, "y": 836}, {"x": 713, "y": 858}], [{"x": 962, "y": 380}, {"x": 965, "y": 390}, {"x": 985, "y": 376}], [{"x": 591, "y": 956}, {"x": 589, "y": 957}, {"x": 570, "y": 963}, {"x": 575, "y": 983}, {"x": 597, "y": 981}, {"x": 598, "y": 983}], [{"x": 625, "y": 438}, {"x": 632, "y": 431}, {"x": 627, "y": 429}, {"x": 623, "y": 413}, {"x": 611, "y": 430}], [{"x": 828, "y": 1030}, {"x": 826, "y": 1028}, {"x": 806, "y": 1024}, {"x": 807, "y": 1026}, {"x": 809, "y": 1029}], [{"x": 535, "y": 665}, {"x": 544, "y": 678}, {"x": 555, "y": 664}, {"x": 538, "y": 658}], [{"x": 565, "y": 765}, {"x": 580, "y": 741}, {"x": 561, "y": 759}, {"x": 559, "y": 764}], [{"x": 193, "y": 617}, {"x": 188, "y": 623}, {"x": 186, "y": 646}, {"x": 207, "y": 638}, {"x": 208, "y": 641}, {"x": 213, "y": 619}], [{"x": 218, "y": 385}, {"x": 223, "y": 386}, {"x": 242, "y": 382}, {"x": 246, "y": 376}, {"x": 228, "y": 378}], [{"x": 873, "y": 132}, {"x": 897, "y": 147}, {"x": 890, "y": 130}, {"x": 880, "y": 133}, {"x": 897, "y": 123}, {"x": 879, "y": 123}], [{"x": 606, "y": 586}, {"x": 614, "y": 585}, {"x": 610, "y": 563}], [{"x": 867, "y": 391}, {"x": 869, "y": 391}, {"x": 867, "y": 365}, {"x": 853, "y": 371}, {"x": 848, "y": 384}], [{"x": 271, "y": 589}, {"x": 270, "y": 576}, {"x": 255, "y": 568}, {"x": 252, "y": 597}, {"x": 271, "y": 593}], [{"x": 817, "y": 1078}, {"x": 839, "y": 1077}, {"x": 841, "y": 1060}], [{"x": 427, "y": 178}, {"x": 429, "y": 179}, {"x": 449, "y": 161}, {"x": 443, "y": 157}, {"x": 426, "y": 175}], [{"x": 136, "y": 752}, {"x": 161, "y": 761}, {"x": 156, "y": 759}], [{"x": 300, "y": 511}, {"x": 304, "y": 512}, {"x": 294, "y": 495}], [{"x": 661, "y": 683}, {"x": 637, "y": 656}, {"x": 635, "y": 657}, {"x": 639, "y": 680}, {"x": 640, "y": 684}, {"x": 641, "y": 686}], [{"x": 925, "y": 181}, {"x": 927, "y": 164}, {"x": 907, "y": 167}, {"x": 906, "y": 161}, {"x": 907, "y": 170}, {"x": 923, "y": 189}], [{"x": 562, "y": 1028}, {"x": 585, "y": 1029}, {"x": 559, "y": 1011}, {"x": 557, "y": 1015}], [{"x": 471, "y": 423}, {"x": 472, "y": 414}, {"x": 466, "y": 415}, {"x": 451, "y": 423}, {"x": 475, "y": 441}], [{"x": 693, "y": 196}, {"x": 694, "y": 208}, {"x": 701, "y": 214}, {"x": 719, "y": 207}], [{"x": 140, "y": 893}, {"x": 156, "y": 912}, {"x": 158, "y": 910}, {"x": 165, "y": 898}], [{"x": 521, "y": 1093}, {"x": 532, "y": 1070}, {"x": 521, "y": 1069}, {"x": 519, "y": 1069}], [{"x": 963, "y": 668}, {"x": 965, "y": 674}, {"x": 967, "y": 669}, {"x": 969, "y": 656}, {"x": 968, "y": 655}], [{"x": 114, "y": 799}, {"x": 118, "y": 793}, {"x": 96, "y": 793}, {"x": 98, "y": 792}, {"x": 92, "y": 792}], [{"x": 714, "y": 664}, {"x": 729, "y": 664}, {"x": 710, "y": 685}, {"x": 730, "y": 679}, {"x": 733, "y": 663}, {"x": 731, "y": 658}], [{"x": 756, "y": 357}, {"x": 763, "y": 380}, {"x": 759, "y": 364}, {"x": 776, "y": 363}, {"x": 782, "y": 361}], [{"x": 995, "y": 983}, {"x": 1002, "y": 986}, {"x": 1020, "y": 983}], [{"x": 226, "y": 342}, {"x": 250, "y": 351}, {"x": 230, "y": 330}], [{"x": 313, "y": 781}, {"x": 317, "y": 788}, {"x": 322, "y": 789}, {"x": 315, "y": 782}, {"x": 339, "y": 785}, {"x": 337, "y": 762}], [{"x": 906, "y": 270}, {"x": 928, "y": 255}, {"x": 903, "y": 254}], [{"x": 942, "y": 886}, {"x": 949, "y": 890}, {"x": 960, "y": 890}, {"x": 967, "y": 889}], [{"x": 726, "y": 326}, {"x": 736, "y": 333}, {"x": 735, "y": 347}, {"x": 746, "y": 331}, {"x": 746, "y": 327}], [{"x": 960, "y": 822}, {"x": 963, "y": 820}, {"x": 961, "y": 820}, {"x": 959, "y": 822}, {"x": 960, "y": 841}], [{"x": 976, "y": 976}, {"x": 995, "y": 980}, {"x": 977, "y": 952}], [{"x": 430, "y": 1068}, {"x": 455, "y": 1084}, {"x": 453, "y": 1081}], [{"x": 166, "y": 482}, {"x": 169, "y": 484}, {"x": 167, "y": 487}, {"x": 185, "y": 488}, {"x": 182, "y": 460}, {"x": 165, "y": 468}], [{"x": 819, "y": 571}, {"x": 820, "y": 577}, {"x": 839, "y": 568}, {"x": 826, "y": 569}], [{"x": 623, "y": 883}, {"x": 641, "y": 885}, {"x": 639, "y": 879}, {"x": 637, "y": 879}], [{"x": 920, "y": 565}, {"x": 921, "y": 547}, {"x": 938, "y": 568}, {"x": 921, "y": 544}], [{"x": 921, "y": 283}, {"x": 942, "y": 304}, {"x": 942, "y": 306}, {"x": 949, "y": 307}, {"x": 951, "y": 283}, {"x": 948, "y": 292}], [{"x": 765, "y": 1073}, {"x": 767, "y": 1076}, {"x": 778, "y": 1072}, {"x": 767, "y": 1075}], [{"x": 292, "y": 560}, {"x": 296, "y": 545}, {"x": 278, "y": 540}, {"x": 296, "y": 567}, {"x": 298, "y": 539}], [{"x": 837, "y": 764}, {"x": 861, "y": 767}, {"x": 855, "y": 764}, {"x": 860, "y": 744}, {"x": 859, "y": 743}], [{"x": 408, "y": 824}, {"x": 389, "y": 846}, {"x": 389, "y": 827}, {"x": 388, "y": 851}], [{"x": 461, "y": 331}, {"x": 461, "y": 355}, {"x": 479, "y": 331}, {"x": 477, "y": 329}], [{"x": 105, "y": 492}, {"x": 109, "y": 478}, {"x": 105, "y": 491}, {"x": 89, "y": 473}], [{"x": 665, "y": 824}, {"x": 666, "y": 821}, {"x": 661, "y": 807}, {"x": 641, "y": 803}, {"x": 640, "y": 806}, {"x": 643, "y": 819}], [{"x": 898, "y": 758}, {"x": 916, "y": 767}, {"x": 921, "y": 760}, {"x": 901, "y": 748}, {"x": 898, "y": 740}, {"x": 893, "y": 758}], [{"x": 1079, "y": 320}, {"x": 1077, "y": 325}, {"x": 1051, "y": 320}, {"x": 1053, "y": 345}, {"x": 1072, "y": 343}], [{"x": 466, "y": 1018}, {"x": 487, "y": 1023}, {"x": 466, "y": 1017}], [{"x": 83, "y": 875}, {"x": 80, "y": 874}, {"x": 68, "y": 862}, {"x": 65, "y": 861}, {"x": 67, "y": 863}, {"x": 87, "y": 882}], [{"x": 722, "y": 366}, {"x": 723, "y": 368}, {"x": 729, "y": 369}, {"x": 720, "y": 390}, {"x": 743, "y": 362}], [{"x": 769, "y": 684}, {"x": 766, "y": 703}, {"x": 775, "y": 702}, {"x": 795, "y": 689}, {"x": 793, "y": 686}, {"x": 794, "y": 682}], [{"x": 419, "y": 81}, {"x": 419, "y": 101}, {"x": 399, "y": 107}, {"x": 421, "y": 102}, {"x": 427, "y": 83}], [{"x": 1073, "y": 665}, {"x": 1066, "y": 649}, {"x": 1047, "y": 649}, {"x": 1066, "y": 663}], [{"x": 432, "y": 469}, {"x": 456, "y": 452}, {"x": 434, "y": 467}, {"x": 434, "y": 445}], [{"x": 761, "y": 494}, {"x": 766, "y": 489}, {"x": 786, "y": 475}, {"x": 788, "y": 472}, {"x": 769, "y": 471}, {"x": 764, "y": 486}], [{"x": 725, "y": 608}, {"x": 732, "y": 625}, {"x": 748, "y": 627}, {"x": 733, "y": 612}], [{"x": 652, "y": 942}, {"x": 674, "y": 957}, {"x": 676, "y": 943}, {"x": 680, "y": 937}], [{"x": 674, "y": 194}, {"x": 693, "y": 179}, {"x": 691, "y": 172}, {"x": 676, "y": 174}, {"x": 670, "y": 174}, {"x": 669, "y": 177}], [{"x": 85, "y": 327}, {"x": 106, "y": 328}, {"x": 113, "y": 327}, {"x": 115, "y": 326}, {"x": 85, "y": 307}], [{"x": 312, "y": 1027}, {"x": 330, "y": 1025}, {"x": 326, "y": 1005}, {"x": 305, "y": 1002}, {"x": 304, "y": 1029}, {"x": 329, "y": 1021}], [{"x": 161, "y": 125}, {"x": 162, "y": 150}, {"x": 166, "y": 123}], [{"x": 656, "y": 588}, {"x": 658, "y": 590}, {"x": 660, "y": 569}], [{"x": 353, "y": 933}, {"x": 377, "y": 954}, {"x": 377, "y": 939}, {"x": 374, "y": 938}], [{"x": 492, "y": 662}, {"x": 483, "y": 656}, {"x": 483, "y": 639}, {"x": 468, "y": 632}, {"x": 467, "y": 637}, {"x": 464, "y": 656}], [{"x": 990, "y": 462}, {"x": 1007, "y": 465}, {"x": 985, "y": 442}, {"x": 984, "y": 446}], [{"x": 74, "y": 181}, {"x": 66, "y": 202}, {"x": 87, "y": 202}], [{"x": 792, "y": 849}, {"x": 797, "y": 847}, {"x": 791, "y": 828}, {"x": 771, "y": 833}, {"x": 770, "y": 854}, {"x": 793, "y": 852}], [{"x": 527, "y": 139}, {"x": 524, "y": 135}, {"x": 506, "y": 123}, {"x": 500, "y": 123}], [{"x": 1037, "y": 675}, {"x": 1035, "y": 690}, {"x": 1050, "y": 690}, {"x": 1058, "y": 692}, {"x": 1048, "y": 677}], [{"x": 737, "y": 1085}, {"x": 737, "y": 1076}, {"x": 719, "y": 1080}, {"x": 732, "y": 1084}, {"x": 732, "y": 1085}], [{"x": 1004, "y": 665}, {"x": 986, "y": 665}, {"x": 984, "y": 667}, {"x": 985, "y": 690}], [{"x": 991, "y": 90}, {"x": 1014, "y": 94}, {"x": 1017, "y": 88}, {"x": 1008, "y": 74}], [{"x": 124, "y": 401}, {"x": 141, "y": 402}, {"x": 122, "y": 403}, {"x": 143, "y": 404}, {"x": 142, "y": 384}], [{"x": 596, "y": 1036}, {"x": 588, "y": 1050}, {"x": 589, "y": 1054}, {"x": 610, "y": 1035}], [{"x": 955, "y": 842}, {"x": 959, "y": 867}, {"x": 943, "y": 866}, {"x": 939, "y": 866}, {"x": 964, "y": 869}, {"x": 955, "y": 841}], [{"x": 136, "y": 1067}, {"x": 138, "y": 1065}, {"x": 133, "y": 1046}, {"x": 134, "y": 1065}], [{"x": 589, "y": 424}, {"x": 589, "y": 446}, {"x": 607, "y": 439}, {"x": 590, "y": 418}], [{"x": 210, "y": 910}, {"x": 236, "y": 935}, {"x": 237, "y": 914}, {"x": 237, "y": 912}], [{"x": 394, "y": 428}, {"x": 405, "y": 418}, {"x": 387, "y": 400}], [{"x": 98, "y": 97}, {"x": 111, "y": 109}, {"x": 97, "y": 96}], [{"x": 866, "y": 434}, {"x": 868, "y": 461}, {"x": 871, "y": 441}, {"x": 883, "y": 457}, {"x": 892, "y": 440}], [{"x": 322, "y": 639}, {"x": 335, "y": 642}, {"x": 319, "y": 618}], [{"x": 1021, "y": 383}, {"x": 1020, "y": 362}, {"x": 1016, "y": 364}, {"x": 1012, "y": 360}, {"x": 1014, "y": 364}, {"x": 993, "y": 380}], [{"x": 200, "y": 168}, {"x": 202, "y": 191}, {"x": 202, "y": 192}, {"x": 220, "y": 168}, {"x": 203, "y": 165}], [{"x": 49, "y": 61}, {"x": 55, "y": 76}, {"x": 50, "y": 83}, {"x": 75, "y": 82}, {"x": 77, "y": 57}], [{"x": 720, "y": 732}, {"x": 701, "y": 756}, {"x": 720, "y": 760}], [{"x": 762, "y": 301}, {"x": 767, "y": 287}, {"x": 763, "y": 284}, {"x": 740, "y": 303}, {"x": 764, "y": 304}], [{"x": 919, "y": 462}, {"x": 943, "y": 461}, {"x": 940, "y": 457}], [{"x": 419, "y": 435}, {"x": 414, "y": 453}, {"x": 421, "y": 455}, {"x": 439, "y": 437}, {"x": 431, "y": 432}], [{"x": 410, "y": 130}, {"x": 411, "y": 148}, {"x": 437, "y": 122}, {"x": 433, "y": 120}, {"x": 409, "y": 126}], [{"x": 947, "y": 129}, {"x": 947, "y": 127}, {"x": 946, "y": 102}, {"x": 938, "y": 107}], [{"x": 439, "y": 833}, {"x": 457, "y": 856}, {"x": 461, "y": 833}, {"x": 456, "y": 829}], [{"x": 819, "y": 412}, {"x": 819, "y": 414}, {"x": 816, "y": 427}, {"x": 817, "y": 430}, {"x": 824, "y": 433}, {"x": 840, "y": 430}], [{"x": 273, "y": 315}, {"x": 277, "y": 337}, {"x": 299, "y": 332}, {"x": 289, "y": 312}, {"x": 279, "y": 311}], [{"x": 233, "y": 327}, {"x": 235, "y": 311}, {"x": 216, "y": 307}, {"x": 210, "y": 329}, {"x": 214, "y": 332}, {"x": 219, "y": 333}], [{"x": 663, "y": 391}, {"x": 684, "y": 372}, {"x": 684, "y": 369}, {"x": 656, "y": 375}], [{"x": 954, "y": 551}, {"x": 975, "y": 557}, {"x": 971, "y": 554}], [{"x": 624, "y": 578}, {"x": 618, "y": 570}, {"x": 618, "y": 591}, {"x": 639, "y": 578}, {"x": 638, "y": 576}], [{"x": 257, "y": 542}, {"x": 281, "y": 567}, {"x": 260, "y": 541}, {"x": 260, "y": 542}], [{"x": 488, "y": 631}, {"x": 493, "y": 630}, {"x": 469, "y": 627}], [{"x": 228, "y": 505}, {"x": 229, "y": 500}, {"x": 225, "y": 506}, {"x": 224, "y": 530}, {"x": 230, "y": 520}, {"x": 230, "y": 510}], [{"x": 526, "y": 850}, {"x": 530, "y": 849}, {"x": 529, "y": 846}, {"x": 524, "y": 846}], [{"x": 787, "y": 520}, {"x": 797, "y": 541}, {"x": 814, "y": 524}, {"x": 809, "y": 520}, {"x": 813, "y": 517}, {"x": 794, "y": 519}], [{"x": 250, "y": 366}, {"x": 268, "y": 356}, {"x": 247, "y": 342}, {"x": 264, "y": 357}, {"x": 248, "y": 365}], [{"x": 406, "y": 989}, {"x": 387, "y": 965}, {"x": 384, "y": 990}], [{"x": 338, "y": 65}, {"x": 335, "y": 81}, {"x": 357, "y": 88}, {"x": 358, "y": 85}, {"x": 358, "y": 83}, {"x": 354, "y": 69}], [{"x": 914, "y": 960}, {"x": 914, "y": 979}, {"x": 938, "y": 956}, {"x": 938, "y": 954}], [{"x": 298, "y": 987}, {"x": 319, "y": 995}, {"x": 324, "y": 995}, {"x": 296, "y": 986}], [{"x": 802, "y": 439}, {"x": 824, "y": 444}, {"x": 808, "y": 461}, {"x": 828, "y": 443}, {"x": 828, "y": 438}, {"x": 804, "y": 435}], [{"x": 1052, "y": 1082}, {"x": 1069, "y": 1059}, {"x": 1055, "y": 1075}, {"x": 1056, "y": 1076}], [{"x": 94, "y": 598}, {"x": 95, "y": 595}, {"x": 77, "y": 592}, {"x": 91, "y": 613}, {"x": 91, "y": 619}, {"x": 97, "y": 612}], [{"x": 927, "y": 660}, {"x": 931, "y": 658}, {"x": 907, "y": 658}, {"x": 908, "y": 683}, {"x": 912, "y": 688}, {"x": 934, "y": 665}], [{"x": 703, "y": 439}, {"x": 725, "y": 463}, {"x": 701, "y": 464}, {"x": 719, "y": 466}, {"x": 724, "y": 466}, {"x": 727, "y": 464}], [{"x": 243, "y": 238}, {"x": 268, "y": 260}, {"x": 253, "y": 241}, {"x": 265, "y": 252}, {"x": 267, "y": 236}], [{"x": 84, "y": 409}, {"x": 85, "y": 415}, {"x": 104, "y": 412}, {"x": 102, "y": 412}], [{"x": 729, "y": 469}, {"x": 741, "y": 469}, {"x": 742, "y": 467}, {"x": 745, "y": 445}, {"x": 742, "y": 441}, {"x": 729, "y": 444}], [{"x": 323, "y": 264}, {"x": 333, "y": 243}, {"x": 315, "y": 244}, {"x": 314, "y": 270}, {"x": 315, "y": 270}], [{"x": 329, "y": 718}, {"x": 356, "y": 722}, {"x": 353, "y": 697}], [{"x": 947, "y": 706}, {"x": 950, "y": 690}, {"x": 926, "y": 705}], [{"x": 188, "y": 700}, {"x": 191, "y": 699}, {"x": 186, "y": 699}], [{"x": 75, "y": 957}, {"x": 94, "y": 937}, {"x": 89, "y": 935}, {"x": 91, "y": 936}], [{"x": 649, "y": 653}, {"x": 670, "y": 646}, {"x": 671, "y": 629}, {"x": 652, "y": 629}], [{"x": 567, "y": 553}, {"x": 568, "y": 554}, {"x": 582, "y": 578}, {"x": 566, "y": 550}, {"x": 561, "y": 548}], [{"x": 784, "y": 161}, {"x": 802, "y": 165}, {"x": 808, "y": 159}, {"x": 808, "y": 137}, {"x": 805, "y": 137}], [{"x": 1020, "y": 771}, {"x": 1040, "y": 771}, {"x": 1042, "y": 750}, {"x": 1026, "y": 755}, {"x": 1024, "y": 758}], [{"x": 249, "y": 161}, {"x": 249, "y": 155}, {"x": 242, "y": 176}, {"x": 242, "y": 179}, {"x": 268, "y": 175}, {"x": 266, "y": 156}], [{"x": 310, "y": 689}, {"x": 295, "y": 684}, {"x": 287, "y": 693}, {"x": 309, "y": 693}], [{"x": 960, "y": 496}, {"x": 966, "y": 474}, {"x": 962, "y": 471}], [{"x": 528, "y": 478}, {"x": 549, "y": 463}, {"x": 551, "y": 478}, {"x": 550, "y": 458}], [{"x": 103, "y": 963}, {"x": 103, "y": 944}, {"x": 98, "y": 959}], [{"x": 209, "y": 673}, {"x": 227, "y": 668}, {"x": 213, "y": 653}], [{"x": 875, "y": 538}, {"x": 901, "y": 514}, {"x": 876, "y": 517}], [{"x": 102, "y": 768}, {"x": 115, "y": 766}, {"x": 115, "y": 758}, {"x": 102, "y": 760}], [{"x": 895, "y": 572}, {"x": 898, "y": 554}, {"x": 869, "y": 578}, {"x": 891, "y": 581}], [{"x": 584, "y": 1014}, {"x": 602, "y": 993}, {"x": 602, "y": 992}], [{"x": 817, "y": 365}, {"x": 809, "y": 371}, {"x": 831, "y": 373}, {"x": 833, "y": 373}, {"x": 827, "y": 369}], [{"x": 1037, "y": 84}, {"x": 1023, "y": 84}, {"x": 1019, "y": 88}], [{"x": 965, "y": 191}, {"x": 968, "y": 194}, {"x": 984, "y": 191}, {"x": 985, "y": 167}, {"x": 962, "y": 173}, {"x": 960, "y": 176}], [{"x": 1056, "y": 1034}, {"x": 1080, "y": 1033}, {"x": 1060, "y": 1031}, {"x": 1055, "y": 1032}], [{"x": 397, "y": 290}, {"x": 426, "y": 287}, {"x": 418, "y": 267}], [{"x": 803, "y": 486}, {"x": 806, "y": 482}, {"x": 784, "y": 457}], [{"x": 88, "y": 302}, {"x": 101, "y": 302}, {"x": 102, "y": 299}, {"x": 89, "y": 299}], [{"x": 632, "y": 413}, {"x": 636, "y": 397}, {"x": 607, "y": 400}], [{"x": 421, "y": 261}, {"x": 443, "y": 262}, {"x": 445, "y": 260}, {"x": 440, "y": 239}, {"x": 421, "y": 241}], [{"x": 317, "y": 961}, {"x": 317, "y": 972}, {"x": 340, "y": 960}, {"x": 341, "y": 958}, {"x": 316, "y": 960}], [{"x": 396, "y": 528}, {"x": 419, "y": 505}, {"x": 404, "y": 504}], [{"x": 751, "y": 489}, {"x": 755, "y": 494}, {"x": 758, "y": 513}, {"x": 774, "y": 514}], [{"x": 396, "y": 1069}, {"x": 398, "y": 1047}, {"x": 393, "y": 1074}, {"x": 410, "y": 1070}, {"x": 418, "y": 1066}], [{"x": 806, "y": 326}, {"x": 824, "y": 327}, {"x": 825, "y": 302}, {"x": 808, "y": 321}], [{"x": 644, "y": 728}, {"x": 665, "y": 710}, {"x": 663, "y": 704}, {"x": 640, "y": 708}, {"x": 639, "y": 732}], [{"x": 385, "y": 221}, {"x": 389, "y": 222}, {"x": 394, "y": 203}, {"x": 384, "y": 197}], [{"x": 350, "y": 133}, {"x": 351, "y": 126}, {"x": 326, "y": 144}, {"x": 333, "y": 152}], [{"x": 348, "y": 255}, {"x": 350, "y": 261}, {"x": 344, "y": 262}, {"x": 370, "y": 284}, {"x": 352, "y": 256}], [{"x": 397, "y": 253}, {"x": 418, "y": 242}, {"x": 395, "y": 234}, {"x": 388, "y": 254}], [{"x": 396, "y": 813}, {"x": 396, "y": 796}, {"x": 378, "y": 802}], [{"x": 160, "y": 1035}, {"x": 157, "y": 1036}, {"x": 155, "y": 1041}], [{"x": 205, "y": 403}, {"x": 185, "y": 400}, {"x": 178, "y": 407}, {"x": 181, "y": 427}], [{"x": 275, "y": 868}, {"x": 279, "y": 882}, {"x": 281, "y": 866}], [{"x": 246, "y": 616}, {"x": 236, "y": 592}, {"x": 232, "y": 596}, {"x": 234, "y": 596}], [{"x": 123, "y": 1003}, {"x": 138, "y": 1024}, {"x": 115, "y": 1020}, {"x": 125, "y": 1024}, {"x": 143, "y": 1030}, {"x": 135, "y": 1006}], [{"x": 694, "y": 976}, {"x": 694, "y": 995}, {"x": 697, "y": 1000}, {"x": 707, "y": 995}, {"x": 708, "y": 991}, {"x": 716, "y": 994}], [{"x": 991, "y": 488}, {"x": 1000, "y": 488}, {"x": 1011, "y": 460}], [{"x": 242, "y": 257}, {"x": 243, "y": 258}, {"x": 240, "y": 251}, {"x": 239, "y": 249}, {"x": 221, "y": 272}, {"x": 243, "y": 276}], [{"x": 388, "y": 96}, {"x": 410, "y": 90}, {"x": 409, "y": 89}], [{"x": 631, "y": 477}, {"x": 648, "y": 455}, {"x": 631, "y": 460}, {"x": 624, "y": 475}, {"x": 624, "y": 485}, {"x": 651, "y": 459}], [{"x": 379, "y": 1042}, {"x": 384, "y": 1039}, {"x": 361, "y": 1014}], [{"x": 59, "y": 308}, {"x": 83, "y": 309}, {"x": 67, "y": 284}, {"x": 61, "y": 279}], [{"x": 494, "y": 355}, {"x": 521, "y": 372}, {"x": 520, "y": 357}], [{"x": 245, "y": 885}, {"x": 247, "y": 867}, {"x": 224, "y": 870}], [{"x": 442, "y": 316}, {"x": 468, "y": 316}, {"x": 442, "y": 315}, {"x": 448, "y": 314}, {"x": 446, "y": 295}, {"x": 439, "y": 311}], [{"x": 603, "y": 751}, {"x": 621, "y": 765}, {"x": 609, "y": 768}, {"x": 627, "y": 766}, {"x": 628, "y": 748}, {"x": 622, "y": 746}], [{"x": 960, "y": 338}, {"x": 960, "y": 342}, {"x": 971, "y": 362}, {"x": 975, "y": 342}, {"x": 976, "y": 336}, {"x": 972, "y": 341}], [{"x": 196, "y": 999}, {"x": 215, "y": 1003}, {"x": 219, "y": 978}, {"x": 197, "y": 979}, {"x": 213, "y": 979}, {"x": 190, "y": 986}], [{"x": 716, "y": 788}, {"x": 698, "y": 765}, {"x": 696, "y": 773}], [{"x": 354, "y": 424}, {"x": 351, "y": 448}, {"x": 375, "y": 448}, {"x": 372, "y": 427}], [{"x": 965, "y": 101}, {"x": 971, "y": 100}, {"x": 967, "y": 71}, {"x": 945, "y": 94}, {"x": 944, "y": 100}], [{"x": 523, "y": 933}, {"x": 526, "y": 926}, {"x": 521, "y": 910}, {"x": 498, "y": 931}, {"x": 506, "y": 932}], [{"x": 754, "y": 1054}, {"x": 771, "y": 1031}, {"x": 759, "y": 1054}, {"x": 773, "y": 1030}, {"x": 759, "y": 1024}, {"x": 756, "y": 1048}], [{"x": 616, "y": 310}, {"x": 595, "y": 337}, {"x": 618, "y": 333}, {"x": 619, "y": 316}], [{"x": 208, "y": 396}, {"x": 209, "y": 416}, {"x": 214, "y": 415}, {"x": 236, "y": 394}, {"x": 210, "y": 390}, {"x": 213, "y": 393}], [{"x": 598, "y": 213}, {"x": 599, "y": 211}, {"x": 601, "y": 194}, {"x": 596, "y": 201}], [{"x": 409, "y": 757}, {"x": 411, "y": 755}, {"x": 390, "y": 757}, {"x": 394, "y": 758}], [{"x": 322, "y": 837}, {"x": 320, "y": 840}, {"x": 334, "y": 837}, {"x": 339, "y": 819}, {"x": 336, "y": 824}], [{"x": 884, "y": 303}, {"x": 887, "y": 311}, {"x": 888, "y": 289}, {"x": 880, "y": 283}, {"x": 867, "y": 293}, {"x": 865, "y": 312}], [{"x": 303, "y": 579}, {"x": 305, "y": 598}, {"x": 320, "y": 580}, {"x": 321, "y": 578}, {"x": 321, "y": 574}, {"x": 303, "y": 578}], [{"x": 406, "y": 932}, {"x": 407, "y": 958}, {"x": 408, "y": 961}, {"x": 418, "y": 957}, {"x": 423, "y": 954}], [{"x": 398, "y": 568}, {"x": 417, "y": 563}, {"x": 409, "y": 550}, {"x": 395, "y": 564}, {"x": 394, "y": 569}], [{"x": 154, "y": 52}, {"x": 138, "y": 76}, {"x": 135, "y": 82}, {"x": 142, "y": 82}, {"x": 162, "y": 81}, {"x": 144, "y": 80}], [{"x": 101, "y": 447}, {"x": 116, "y": 464}, {"x": 124, "y": 468}, {"x": 123, "y": 453}, {"x": 118, "y": 454}, {"x": 105, "y": 446}], [{"x": 353, "y": 570}, {"x": 381, "y": 571}, {"x": 361, "y": 552}, {"x": 357, "y": 554}, {"x": 354, "y": 549}], [{"x": 737, "y": 564}, {"x": 720, "y": 558}, {"x": 718, "y": 577}], [{"x": 170, "y": 209}, {"x": 156, "y": 201}, {"x": 151, "y": 228}, {"x": 159, "y": 228}, {"x": 174, "y": 223}], [{"x": 1071, "y": 535}, {"x": 1076, "y": 530}, {"x": 1056, "y": 528}], [{"x": 384, "y": 896}, {"x": 386, "y": 914}, {"x": 412, "y": 917}, {"x": 404, "y": 897}, {"x": 388, "y": 900}], [{"x": 247, "y": 761}, {"x": 250, "y": 753}, {"x": 234, "y": 754}, {"x": 232, "y": 753}, {"x": 231, "y": 762}, {"x": 249, "y": 779}], [{"x": 288, "y": 199}, {"x": 310, "y": 183}, {"x": 281, "y": 179}, {"x": 281, "y": 180}], [{"x": 280, "y": 185}, {"x": 284, "y": 160}, {"x": 267, "y": 177}], [{"x": 832, "y": 486}, {"x": 861, "y": 486}, {"x": 852, "y": 470}, {"x": 862, "y": 470}, {"x": 832, "y": 467}, {"x": 836, "y": 469}], [{"x": 901, "y": 106}, {"x": 905, "y": 81}, {"x": 909, "y": 79}, {"x": 887, "y": 77}, {"x": 886, "y": 78}, {"x": 888, "y": 80}], [{"x": 887, "y": 679}, {"x": 908, "y": 686}, {"x": 902, "y": 676}, {"x": 887, "y": 657}], [{"x": 755, "y": 706}, {"x": 759, "y": 723}, {"x": 781, "y": 731}, {"x": 776, "y": 728}], [{"x": 295, "y": 697}, {"x": 315, "y": 698}, {"x": 312, "y": 696}], [{"x": 98, "y": 869}, {"x": 118, "y": 887}, {"x": 123, "y": 861}], [{"x": 971, "y": 109}, {"x": 975, "y": 113}, {"x": 996, "y": 98}, {"x": 998, "y": 93}, {"x": 979, "y": 95}], [{"x": 594, "y": 148}, {"x": 591, "y": 151}, {"x": 588, "y": 151}, {"x": 609, "y": 152}, {"x": 617, "y": 147}, {"x": 610, "y": 146}], [{"x": 810, "y": 785}, {"x": 832, "y": 783}, {"x": 833, "y": 780}, {"x": 829, "y": 769}, {"x": 808, "y": 782}], [{"x": 1043, "y": 1068}, {"x": 1046, "y": 1072}, {"x": 1037, "y": 1052}, {"x": 1036, "y": 1064}, {"x": 1044, "y": 1073}], [{"x": 883, "y": 593}, {"x": 895, "y": 608}, {"x": 897, "y": 613}, {"x": 896, "y": 596}], [{"x": 772, "y": 715}, {"x": 797, "y": 734}, {"x": 776, "y": 709}], [{"x": 1053, "y": 809}, {"x": 1056, "y": 805}, {"x": 1036, "y": 787}, {"x": 1037, "y": 809}]]}
