{"type": "CGSHOP2023_Instance", "name": "cheese2978", "n": 2978, "outer_boundary": [{"x": 34, "y": 1383}, {"x": 24, "y": 1262}, {"x": 36, "y": 748}, {"x": 10, "y": 123}, {"x": 19, "y": 122}, {"x": 19, "y": 50}, {"x": 87, "y": 31}, {"x": 218, "y": 34}, {"x": 326, "y": 10}, {"x": 611, "y": 21}, {"x": 1100, "y": 26}, {"x": 1359, "y": 29}, {"x": 1382, "y": 17}, {"x": 1375, "y": 50}, {"x": 1407, "y": 186}, {"x": 1390, "y": 280}, {"x": 1391, "y": 333}, {"x": 1445, "y": 397}, {"x": 1424, "y": 767}, {"x": 1438, "y": 1112}, {"x": 1438, "y": 1202}, {"x": 1445, "y": 1397}, {"x": 1333, "y": 1410}, {"x": 852, "y": 1435}, {"x": 533, "y": 1449}, {"x": 247, "y": 1436}, {"x": 173, "y": 1434}], "holes": [[{"x": 1231, "y": 543}, {"x": 1233, "y": 551}, {"x": 1237, "y": 568}, {"x": 1250, "y": 572}], [{"x": 298, "y": 723}, {"x": 298, "y": 728}, {"x": 306, "y": 727}], [{"x": 632, "y": 982}, {"x": 651, "y": 954}, {"x": 636, "y": 959}], [{"x": 129, "y": 200}, {"x": 131, "y": 183}, {"x": 108, "y": 184}, {"x": 106, "y": 205}], [{"x": 1092, "y": 1126}, {"x": 1111, "y": 1147}, {"x": 1114, "y": 1150}, {"x": 1119, "y": 1152}], [{"x": 82, "y": 246}, {"x": 66, "y": 245}, {"x": 69, "y": 259}, {"x": 86, "y": 266}, {"x": 87, "y": 263}], [{"x": 829, "y": 782}, {"x": 829, "y": 754}, {"x": 807, "y": 757}], [{"x": 1243, "y": 177}, {"x": 1252, "y": 173}, {"x": 1244, "y": 173}, {"x": 1223, "y": 179}, {"x": 1224, "y": 180}, {"x": 1228, "y": 193}], [{"x": 548, "y": 966}, {"x": 551, "y": 964}, {"x": 544, "y": 939}, {"x": 533, "y": 943}, {"x": 544, "y": 941}], [{"x": 815, "y": 1073}, {"x": 815, "y": 1066}, {"x": 792, "y": 1070}, {"x": 793, "y": 1090}], [{"x": 204, "y": 229}, {"x": 227, "y": 227}, {"x": 227, "y": 226}, {"x": 199, "y": 204}, {"x": 219, "y": 224}, {"x": 202, "y": 224}], [{"x": 463, "y": 331}, {"x": 468, "y": 334}, {"x": 464, "y": 317}], [{"x": 649, "y": 488}, {"x": 672, "y": 512}, {"x": 674, "y": 493}], [{"x": 1323, "y": 511}, {"x": 1323, "y": 505}, {"x": 1317, "y": 504}, {"x": 1298, "y": 507}, {"x": 1295, "y": 512}, {"x": 1295, "y": 514}], [{"x": 56, "y": 438}, {"x": 76, "y": 460}, {"x": 82, "y": 444}, {"x": 84, "y": 441}, {"x": 76, "y": 438}, {"x": 83, "y": 437}], [{"x": 1368, "y": 871}, {"x": 1394, "y": 896}, {"x": 1395, "y": 867}, {"x": 1389, "y": 872}], [{"x": 412, "y": 1261}, {"x": 416, "y": 1243}, {"x": 408, "y": 1248}, {"x": 393, "y": 1248}, {"x": 412, "y": 1267}], [{"x": 647, "y": 402}, {"x": 651, "y": 381}, {"x": 651, "y": 376}, {"x": 641, "y": 379}, {"x": 641, "y": 381}, {"x": 643, "y": 398}], [{"x": 624, "y": 904}, {"x": 630, "y": 924}, {"x": 646, "y": 927}, {"x": 653, "y": 901}, {"x": 644, "y": 922}], [{"x": 977, "y": 799}, {"x": 995, "y": 789}, {"x": 993, "y": 786}, {"x": 988, "y": 784}, {"x": 969, "y": 807}], [{"x": 748, "y": 115}, {"x": 772, "y": 118}, {"x": 767, "y": 96}, {"x": 756, "y": 92}, {"x": 750, "y": 92}, {"x": 751, "y": 110}], [{"x": 811, "y": 1028}, {"x": 811, "y": 1044}, {"x": 817, "y": 1045}], [{"x": 869, "y": 565}, {"x": 848, "y": 561}, {"x": 842, "y": 555}, {"x": 850, "y": 585}], [{"x": 285, "y": 1106}, {"x": 302, "y": 1107}, {"x": 309, "y": 1106}, {"x": 311, "y": 1105}, {"x": 306, "y": 1103}, {"x": 289, "y": 1105}], [{"x": 401, "y": 529}, {"x": 427, "y": 551}, {"x": 429, "y": 541}, {"x": 429, "y": 522}, {"x": 419, "y": 528}], [{"x": 1080, "y": 1305}, {"x": 1102, "y": 1286}, {"x": 1098, "y": 1284}, {"x": 1083, "y": 1299}], [{"x": 569, "y": 1241}, {"x": 567, "y": 1241}, {"x": 566, "y": 1243}, {"x": 571, "y": 1244}, {"x": 587, "y": 1227}, {"x": 571, "y": 1237}], [{"x": 1083, "y": 556}, {"x": 1094, "y": 559}, {"x": 1103, "y": 530}, {"x": 1077, "y": 551}, {"x": 1080, "y": 552}], [{"x": 356, "y": 922}, {"x": 383, "y": 912}, {"x": 355, "y": 896}], [{"x": 948, "y": 201}, {"x": 965, "y": 199}, {"x": 939, "y": 199}, {"x": 942, "y": 212}, {"x": 944, "y": 212}], [{"x": 1208, "y": 670}, {"x": 1216, "y": 687}, {"x": 1231, "y": 665}, {"x": 1216, "y": 671}, {"x": 1231, "y": 661}, {"x": 1214, "y": 664}], [{"x": 711, "y": 1054}, {"x": 713, "y": 1043}, {"x": 695, "y": 1053}, {"x": 695, "y": 1061}], [{"x": 1123, "y": 748}, {"x": 1127, "y": 753}, {"x": 1150, "y": 735}, {"x": 1124, "y": 746}], [{"x": 921, "y": 280}, {"x": 922, "y": 272}, {"x": 898, "y": 272}, {"x": 906, "y": 278}, {"x": 925, "y": 290}], [{"x": 666, "y": 297}, {"x": 670, "y": 295}, {"x": 674, "y": 277}, {"x": 654, "y": 297}], [{"x": 1149, "y": 396}, {"x": 1153, "y": 389}, {"x": 1146, "y": 379}, {"x": 1147, "y": 392}], [{"x": 527, "y": 157}, {"x": 528, "y": 162}, {"x": 539, "y": 158}], [{"x": 820, "y": 906}, {"x": 817, "y": 903}, {"x": 799, "y": 902}, {"x": 823, "y": 927}], [{"x": 55, "y": 741}, {"x": 73, "y": 742}, {"x": 71, "y": 725}, {"x": 70, "y": 718}, {"x": 51, "y": 719}, {"x": 59, "y": 725}], [{"x": 678, "y": 369}, {"x": 682, "y": 387}, {"x": 707, "y": 390}, {"x": 684, "y": 364}, {"x": 682, "y": 362}, {"x": 679, "y": 367}], [{"x": 805, "y": 244}, {"x": 813, "y": 240}, {"x": 810, "y": 237}, {"x": 809, "y": 239}], [{"x": 293, "y": 1232}, {"x": 297, "y": 1232}, {"x": 278, "y": 1228}], [{"x": 438, "y": 254}, {"x": 448, "y": 258}, {"x": 456, "y": 254}, {"x": 438, "y": 230}], [{"x": 1034, "y": 126}, {"x": 1036, "y": 140}, {"x": 1039, "y": 124}, {"x": 1059, "y": 120}, {"x": 1037, "y": 117}, {"x": 1037, "y": 125}], [{"x": 1220, "y": 413}, {"x": 1223, "y": 400}, {"x": 1220, "y": 396}, {"x": 1218, "y": 414}, {"x": 1240, "y": 412}, {"x": 1239, "y": 411}], [{"x": 1060, "y": 845}, {"x": 1060, "y": 837}, {"x": 1046, "y": 840}, {"x": 1041, "y": 859}, {"x": 1047, "y": 862}, {"x": 1066, "y": 858}], [{"x": 864, "y": 395}, {"x": 889, "y": 419}, {"x": 887, "y": 396}], [{"x": 810, "y": 1025}, {"x": 818, "y": 1024}, {"x": 817, "y": 1024}], [{"x": 712, "y": 1019}, {"x": 731, "y": 1017}, {"x": 736, "y": 1010}, {"x": 732, "y": 991}, {"x": 712, "y": 1014}, {"x": 715, "y": 1014}], [{"x": 193, "y": 343}, {"x": 195, "y": 342}, {"x": 194, "y": 329}, {"x": 191, "y": 331}], [{"x": 564, "y": 704}, {"x": 557, "y": 710}, {"x": 541, "y": 704}, {"x": 538, "y": 711}, {"x": 558, "y": 711}, {"x": 561, "y": 708}], [{"x": 162, "y": 250}, {"x": 158, "y": 250}, {"x": 160, "y": 257}, {"x": 177, "y": 256}, {"x": 179, "y": 255}, {"x": 176, "y": 253}], [{"x": 741, "y": 577}, {"x": 726, "y": 555}, {"x": 721, "y": 554}], [{"x": 881, "y": 1348}, {"x": 898, "y": 1333}, {"x": 898, "y": 1331}, {"x": 881, "y": 1327}, {"x": 874, "y": 1332}], [{"x": 1211, "y": 1027}, {"x": 1214, "y": 1032}, {"x": 1230, "y": 1030}, {"x": 1213, "y": 1025}, {"x": 1210, "y": 1026}], [{"x": 1290, "y": 590}, {"x": 1313, "y": 609}, {"x": 1292, "y": 615}, {"x": 1314, "y": 618}, {"x": 1313, "y": 608}, {"x": 1310, "y": 596}], [{"x": 1199, "y": 269}, {"x": 1220, "y": 284}, {"x": 1226, "y": 289}, {"x": 1221, "y": 268}, {"x": 1201, "y": 265}], [{"x": 1060, "y": 976}, {"x": 1066, "y": 994}, {"x": 1085, "y": 974}], [{"x": 211, "y": 1285}, {"x": 219, "y": 1303}, {"x": 235, "y": 1309}], [{"x": 379, "y": 90}, {"x": 382, "y": 111}, {"x": 360, "y": 115}, {"x": 384, "y": 111}], [{"x": 339, "y": 827}, {"x": 344, "y": 805}, {"x": 344, "y": 804}, {"x": 336, "y": 811}, {"x": 337, "y": 822}, {"x": 316, "y": 808}], [{"x": 1208, "y": 1028}, {"x": 1200, "y": 1024}, {"x": 1186, "y": 1024}], [{"x": 338, "y": 1183}, {"x": 354, "y": 1202}, {"x": 356, "y": 1198}, {"x": 351, "y": 1177}], [{"x": 109, "y": 271}, {"x": 110, "y": 269}, {"x": 81, "y": 272}, {"x": 103, "y": 290}, {"x": 89, "y": 276}, {"x": 108, "y": 293}], [{"x": 582, "y": 499}, {"x": 604, "y": 492}, {"x": 604, "y": 495}, {"x": 605, "y": 477}, {"x": 578, "y": 498}], [{"x": 1253, "y": 173}, {"x": 1264, "y": 167}, {"x": 1254, "y": 168}], [{"x": 236, "y": 1388}, {"x": 243, "y": 1364}, {"x": 239, "y": 1366}, {"x": 217, "y": 1365}, {"x": 217, "y": 1380}, {"x": 225, "y": 1389}], [{"x": 1167, "y": 201}, {"x": 1146, "y": 183}, {"x": 1141, "y": 184}, {"x": 1146, "y": 189}, {"x": 1167, "y": 203}], [{"x": 781, "y": 1179}, {"x": 801, "y": 1189}, {"x": 802, "y": 1169}], [{"x": 1343, "y": 762}, {"x": 1348, "y": 761}, {"x": 1365, "y": 754}, {"x": 1365, "y": 743}, {"x": 1367, "y": 739}], [{"x": 1049, "y": 699}, {"x": 1055, "y": 705}, {"x": 1056, "y": 678}, {"x": 1033, "y": 676}, {"x": 1035, "y": 682}], [{"x": 1142, "y": 1012}, {"x": 1156, "y": 1011}, {"x": 1163, "y": 990}, {"x": 1164, "y": 985}, {"x": 1142, "y": 983}, {"x": 1143, "y": 984}], [{"x": 1205, "y": 204}, {"x": 1209, "y": 201}, {"x": 1208, "y": 196}, {"x": 1183, "y": 205}, {"x": 1187, "y": 225}], [{"x": 943, "y": 1209}, {"x": 944, "y": 1207}, {"x": 923, "y": 1183}, {"x": 924, "y": 1211}, {"x": 938, "y": 1204}], [{"x": 1093, "y": 494}, {"x": 1092, "y": 493}, {"x": 1085, "y": 492}, {"x": 1086, "y": 516}, {"x": 1087, "y": 517}, {"x": 1094, "y": 494}], [{"x": 69, "y": 915}, {"x": 63, "y": 916}, {"x": 65, "y": 940}, {"x": 91, "y": 936}, {"x": 84, "y": 920}, {"x": 89, "y": 932}], [{"x": 757, "y": 1143}, {"x": 765, "y": 1142}, {"x": 761, "y": 1117}, {"x": 746, "y": 1127}, {"x": 745, "y": 1120}, {"x": 738, "y": 1123}], [{"x": 647, "y": 1347}, {"x": 674, "y": 1332}, {"x": 653, "y": 1332}], [{"x": 1064, "y": 1106}, {"x": 1068, "y": 1096}, {"x": 1067, "y": 1096}], [{"x": 1223, "y": 396}, {"x": 1247, "y": 392}, {"x": 1218, "y": 372}], [{"x": 1199, "y": 1368}, {"x": 1201, "y": 1360}, {"x": 1192, "y": 1364}, {"x": 1182, "y": 1358}, {"x": 1182, "y": 1384}], [{"x": 300, "y": 1045}, {"x": 298, "y": 1032}, {"x": 293, "y": 1030}, {"x": 278, "y": 1045}, {"x": 299, "y": 1043}, {"x": 298, "y": 1047}], [{"x": 1200, "y": 1030}, {"x": 1199, "y": 1040}, {"x": 1222, "y": 1056}, {"x": 1218, "y": 1038}, {"x": 1220, "y": 1037}], [{"x": 263, "y": 1363}, {"x": 262, "y": 1368}, {"x": 284, "y": 1392}, {"x": 291, "y": 1385}, {"x": 270, "y": 1371}], [{"x": 809, "y": 435}, {"x": 811, "y": 433}, {"x": 810, "y": 447}, {"x": 810, "y": 449}, {"x": 814, "y": 429}], [{"x": 1011, "y": 818}, {"x": 1012, "y": 799}, {"x": 1010, "y": 802}, {"x": 1009, "y": 822}, {"x": 1029, "y": 818}], [{"x": 442, "y": 517}, {"x": 467, "y": 521}, {"x": 470, "y": 518}, {"x": 467, "y": 516}, {"x": 461, "y": 502}], [{"x": 244, "y": 1118}, {"x": 253, "y": 1120}, {"x": 251, "y": 1101}, {"x": 252, "y": 1095}, {"x": 229, "y": 1121}], [{"x": 1101, "y": 1239}, {"x": 1107, "y": 1236}, {"x": 1125, "y": 1220}, {"x": 1104, "y": 1214}, {"x": 1105, "y": 1236}], [{"x": 249, "y": 1005}, {"x": 251, "y": 1030}, {"x": 265, "y": 1028}], [{"x": 1015, "y": 535}, {"x": 1034, "y": 533}, {"x": 1041, "y": 532}, {"x": 1033, "y": 511}, {"x": 1016, "y": 516}], [{"x": 541, "y": 45}, {"x": 548, "y": 48}, {"x": 570, "y": 66}, {"x": 548, "y": 46}, {"x": 564, "y": 44}], [{"x": 1352, "y": 1107}, {"x": 1377, "y": 1104}, {"x": 1380, "y": 1084}, {"x": 1353, "y": 1093}], [{"x": 1236, "y": 51}, {"x": 1232, "y": 52}, {"x": 1227, "y": 53}, {"x": 1231, "y": 60}, {"x": 1228, "y": 70}, {"x": 1250, "y": 55}], [{"x": 1053, "y": 389}, {"x": 1055, "y": 364}, {"x": 1038, "y": 366}], [{"x": 87, "y": 233}, {"x": 105, "y": 259}, {"x": 107, "y": 233}, {"x": 89, "y": 234}], [{"x": 468, "y": 318}, {"x": 468, "y": 319}, {"x": 474, "y": 333}, {"x": 474, "y": 312}, {"x": 451, "y": 311}], [{"x": 234, "y": 91}, {"x": 237, "y": 65}, {"x": 219, "y": 85}, {"x": 219, "y": 87}, {"x": 238, "y": 94}], [{"x": 536, "y": 1284}, {"x": 534, "y": 1280}, {"x": 512, "y": 1274}, {"x": 537, "y": 1303}, {"x": 541, "y": 1296}], [{"x": 370, "y": 201}, {"x": 385, "y": 192}, {"x": 385, "y": 181}], [{"x": 755, "y": 250}, {"x": 780, "y": 229}, {"x": 762, "y": 226}, {"x": 758, "y": 226}, {"x": 755, "y": 230}], [{"x": 682, "y": 582}, {"x": 684, "y": 607}, {"x": 687, "y": 582}], [{"x": 432, "y": 1250}, {"x": 431, "y": 1277}, {"x": 449, "y": 1273}, {"x": 447, "y": 1268}], [{"x": 417, "y": 1015}, {"x": 441, "y": 992}, {"x": 422, "y": 994}, {"x": 418, "y": 995}, {"x": 417, "y": 1013}], [{"x": 340, "y": 671}, {"x": 316, "y": 664}, {"x": 338, "y": 685}, {"x": 341, "y": 670}], [{"x": 607, "y": 1279}, {"x": 628, "y": 1282}, {"x": 624, "y": 1279}, {"x": 624, "y": 1277}, {"x": 626, "y": 1275}], [{"x": 1265, "y": 1057}, {"x": 1265, "y": 1036}, {"x": 1244, "y": 1039}, {"x": 1245, "y": 1057}, {"x": 1250, "y": 1064}, {"x": 1266, "y": 1062}], [{"x": 1193, "y": 1229}, {"x": 1217, "y": 1224}, {"x": 1213, "y": 1203}, {"x": 1211, "y": 1202}, {"x": 1189, "y": 1200}, {"x": 1192, "y": 1203}], [{"x": 510, "y": 1014}, {"x": 511, "y": 1029}, {"x": 510, "y": 1036}, {"x": 531, "y": 1013}, {"x": 513, "y": 1011}], [{"x": 713, "y": 1311}, {"x": 732, "y": 1316}, {"x": 735, "y": 1298}, {"x": 733, "y": 1291}, {"x": 719, "y": 1295}, {"x": 713, "y": 1299}], [{"x": 1064, "y": 354}, {"x": 1066, "y": 331}, {"x": 1045, "y": 334}, {"x": 1043, "y": 355}, {"x": 1046, "y": 349}, {"x": 1056, "y": 347}], [{"x": 662, "y": 636}, {"x": 663, "y": 661}, {"x": 678, "y": 662}, {"x": 686, "y": 654}, {"x": 678, "y": 654}], [{"x": 55, "y": 153}, {"x": 54, "y": 175}, {"x": 71, "y": 153}], [{"x": 227, "y": 446}, {"x": 252, "y": 429}, {"x": 250, "y": 427}, {"x": 223, "y": 435}], [{"x": 779, "y": 837}, {"x": 786, "y": 837}, {"x": 800, "y": 833}, {"x": 801, "y": 814}, {"x": 786, "y": 816}, {"x": 777, "y": 822}], [{"x": 123, "y": 332}, {"x": 129, "y": 311}, {"x": 129, "y": 306}], [{"x": 1277, "y": 476}, {"x": 1275, "y": 487}, {"x": 1284, "y": 472}], [{"x": 184, "y": 1089}, {"x": 183, "y": 1087}, {"x": 157, "y": 1081}, {"x": 157, "y": 1088}, {"x": 167, "y": 1104}, {"x": 185, "y": 1105}], [{"x": 620, "y": 629}, {"x": 629, "y": 633}, {"x": 648, "y": 614}], [{"x": 382, "y": 676}, {"x": 386, "y": 682}, {"x": 392, "y": 698}, {"x": 406, "y": 703}], [{"x": 1280, "y": 751}, {"x": 1284, "y": 740}, {"x": 1264, "y": 736}, {"x": 1263, "y": 760}, {"x": 1277, "y": 755}], [{"x": 779, "y": 1025}, {"x": 775, "y": 1035}, {"x": 797, "y": 1029}], [{"x": 481, "y": 662}, {"x": 463, "y": 663}, {"x": 462, "y": 669}, {"x": 483, "y": 672}, {"x": 484, "y": 667}], [{"x": 332, "y": 556}, {"x": 340, "y": 574}, {"x": 339, "y": 569}, {"x": 357, "y": 552}, {"x": 354, "y": 553}, {"x": 332, "y": 554}], [{"x": 1251, "y": 231}, {"x": 1271, "y": 212}, {"x": 1269, "y": 206}, {"x": 1268, "y": 211}, {"x": 1249, "y": 210}, {"x": 1244, "y": 232}], [{"x": 1055, "y": 581}, {"x": 1073, "y": 582}, {"x": 1073, "y": 580}, {"x": 1047, "y": 558}, {"x": 1049, "y": 580}], [{"x": 1072, "y": 738}, {"x": 1096, "y": 738}, {"x": 1093, "y": 718}, {"x": 1072, "y": 721}], [{"x": 1354, "y": 670}, {"x": 1361, "y": 676}, {"x": 1381, "y": 676}, {"x": 1360, "y": 669}], [{"x": 1342, "y": 1182}, {"x": 1348, "y": 1184}, {"x": 1349, "y": 1176}, {"x": 1341, "y": 1159}], [{"x": 1020, "y": 897}, {"x": 1037, "y": 898}, {"x": 1015, "y": 873}], [{"x": 182, "y": 1034}, {"x": 197, "y": 1033}, {"x": 200, "y": 1010}, {"x": 193, "y": 1013}], [{"x": 1264, "y": 300}, {"x": 1279, "y": 320}, {"x": 1284, "y": 322}], [{"x": 1061, "y": 67}, {"x": 1076, "y": 70}, {"x": 1081, "y": 63}, {"x": 1079, "y": 49}, {"x": 1064, "y": 43}, {"x": 1056, "y": 42}], [{"x": 1114, "y": 1138}, {"x": 1125, "y": 1158}, {"x": 1133, "y": 1164}, {"x": 1129, "y": 1145}, {"x": 1127, "y": 1142}, {"x": 1126, "y": 1137}], [{"x": 321, "y": 79}, {"x": 302, "y": 52}, {"x": 299, "y": 61}, {"x": 304, "y": 77}, {"x": 320, "y": 81}], [{"x": 612, "y": 411}, {"x": 614, "y": 412}, {"x": 636, "y": 415}, {"x": 633, "y": 393}, {"x": 619, "y": 389}], [{"x": 946, "y": 678}, {"x": 962, "y": 677}, {"x": 964, "y": 656}, {"x": 963, "y": 654}, {"x": 957, "y": 656}], [{"x": 333, "y": 1245}, {"x": 333, "y": 1251}, {"x": 356, "y": 1222}], [{"x": 658, "y": 1105}, {"x": 676, "y": 1090}, {"x": 662, "y": 1090}], [{"x": 1081, "y": 622}, {"x": 1085, "y": 618}, {"x": 1061, "y": 639}, {"x": 1063, "y": 646}], [{"x": 1091, "y": 244}, {"x": 1096, "y": 261}, {"x": 1121, "y": 255}, {"x": 1117, "y": 237}, {"x": 1113, "y": 235}], [{"x": 126, "y": 69}, {"x": 133, "y": 89}, {"x": 153, "y": 63}], [{"x": 831, "y": 218}, {"x": 825, "y": 198}, {"x": 805, "y": 205}, {"x": 823, "y": 204}, {"x": 832, "y": 226}], [{"x": 198, "y": 1380}, {"x": 215, "y": 1384}, {"x": 215, "y": 1379}], [{"x": 406, "y": 949}, {"x": 422, "y": 952}, {"x": 410, "y": 928}], [{"x": 1253, "y": 534}, {"x": 1269, "y": 544}, {"x": 1277, "y": 539}, {"x": 1258, "y": 516}, {"x": 1257, "y": 514}], [{"x": 264, "y": 492}, {"x": 264, "y": 512}, {"x": 286, "y": 515}, {"x": 292, "y": 512}], [{"x": 668, "y": 186}, {"x": 689, "y": 180}, {"x": 685, "y": 158}], [{"x": 1296, "y": 1027}, {"x": 1312, "y": 1027}, {"x": 1321, "y": 1007}, {"x": 1296, "y": 1014}], [{"x": 652, "y": 127}, {"x": 654, "y": 102}, {"x": 624, "y": 105}, {"x": 624, "y": 108}, {"x": 644, "y": 124}], [{"x": 56, "y": 477}, {"x": 81, "y": 502}, {"x": 63, "y": 482}, {"x": 74, "y": 485}, {"x": 80, "y": 486}], [{"x": 404, "y": 381}, {"x": 412, "y": 400}, {"x": 410, "y": 378}], [{"x": 270, "y": 458}, {"x": 289, "y": 458}, {"x": 289, "y": 456}, {"x": 286, "y": 440}, {"x": 284, "y": 437}], [{"x": 1158, "y": 249}, {"x": 1159, "y": 230}, {"x": 1131, "y": 230}, {"x": 1136, "y": 246}, {"x": 1140, "y": 249}, {"x": 1139, "y": 251}], [{"x": 440, "y": 1215}, {"x": 437, "y": 1197}, {"x": 432, "y": 1217}], [{"x": 1113, "y": 519}, {"x": 1142, "y": 527}, {"x": 1134, "y": 507}, {"x": 1139, "y": 506}, {"x": 1120, "y": 499}], [{"x": 97, "y": 570}, {"x": 101, "y": 567}, {"x": 86, "y": 571}], [{"x": 600, "y": 444}, {"x": 604, "y": 454}, {"x": 606, "y": 446}, {"x": 603, "y": 430}, {"x": 596, "y": 424}, {"x": 581, "y": 427}], [{"x": 1320, "y": 966}, {"x": 1316, "y": 983}, {"x": 1314, "y": 992}, {"x": 1320, "y": 986}], [{"x": 178, "y": 599}, {"x": 196, "y": 592}, {"x": 177, "y": 596}], [{"x": 964, "y": 75}, {"x": 977, "y": 73}, {"x": 983, "y": 59}, {"x": 975, "y": 56}], [{"x": 659, "y": 289}, {"x": 665, "y": 283}, {"x": 681, "y": 264}, {"x": 680, "y": 284}, {"x": 683, "y": 260}], [{"x": 885, "y": 655}, {"x": 864, "y": 664}, {"x": 865, "y": 680}, {"x": 889, "y": 683}], [{"x": 818, "y": 883}, {"x": 817, "y": 863}, {"x": 792, "y": 871}, {"x": 797, "y": 883}, {"x": 801, "y": 890}, {"x": 814, "y": 891}], [{"x": 1233, "y": 421}, {"x": 1216, "y": 427}, {"x": 1215, "y": 428}, {"x": 1232, "y": 443}, {"x": 1232, "y": 429}], [{"x": 847, "y": 1320}, {"x": 859, "y": 1315}, {"x": 844, "y": 1291}], [{"x": 1310, "y": 913}, {"x": 1336, "y": 911}, {"x": 1334, "y": 906}], [{"x": 663, "y": 757}, {"x": 665, "y": 762}, {"x": 664, "y": 778}, {"x": 691, "y": 764}, {"x": 690, "y": 759}], [{"x": 1274, "y": 649}, {"x": 1295, "y": 631}, {"x": 1284, "y": 645}, {"x": 1294, "y": 644}, {"x": 1303, "y": 626}, {"x": 1295, "y": 623}], [{"x": 877, "y": 749}, {"x": 880, "y": 756}, {"x": 873, "y": 730}, {"x": 872, "y": 736}], [{"x": 172, "y": 774}, {"x": 164, "y": 759}, {"x": 151, "y": 773}, {"x": 172, "y": 778}], [{"x": 379, "y": 1352}, {"x": 378, "y": 1356}, {"x": 394, "y": 1355}], [{"x": 1006, "y": 1242}, {"x": 991, "y": 1235}, {"x": 988, "y": 1236}, {"x": 992, "y": 1239}, {"x": 985, "y": 1260}, {"x": 1007, "y": 1262}], [{"x": 145, "y": 833}, {"x": 173, "y": 808}, {"x": 165, "y": 809}, {"x": 149, "y": 812}], [{"x": 218, "y": 595}, {"x": 220, "y": 622}, {"x": 221, "y": 622}, {"x": 221, "y": 599}], [{"x": 1330, "y": 880}, {"x": 1358, "y": 885}, {"x": 1356, "y": 883}, {"x": 1353, "y": 882}], [{"x": 802, "y": 951}, {"x": 799, "y": 950}, {"x": 807, "y": 964}, {"x": 802, "y": 952}, {"x": 821, "y": 962}, {"x": 828, "y": 952}], [{"x": 340, "y": 211}, {"x": 341, "y": 207}, {"x": 338, "y": 196}, {"x": 337, "y": 194}], [{"x": 109, "y": 578}, {"x": 105, "y": 571}, {"x": 101, "y": 598}, {"x": 127, "y": 590}], [{"x": 327, "y": 616}, {"x": 302, "y": 613}, {"x": 298, "y": 620}, {"x": 298, "y": 622}, {"x": 324, "y": 642}, {"x": 320, "y": 633}], [{"x": 466, "y": 345}, {"x": 486, "y": 367}, {"x": 486, "y": 363}], [{"x": 993, "y": 1332}, {"x": 1001, "y": 1333}, {"x": 1014, "y": 1334}, {"x": 1015, "y": 1308}, {"x": 1016, "y": 1307}, {"x": 996, "y": 1312}], [{"x": 198, "y": 949}, {"x": 198, "y": 952}, {"x": 196, "y": 955}, {"x": 204, "y": 976}, {"x": 226, "y": 976}, {"x": 202, "y": 956}], [{"x": 619, "y": 614}, {"x": 619, "y": 594}, {"x": 603, "y": 620}, {"x": 621, "y": 614}, {"x": 624, "y": 603}], [{"x": 545, "y": 167}, {"x": 568, "y": 154}, {"x": 568, "y": 149}], [{"x": 827, "y": 670}, {"x": 826, "y": 691}, {"x": 830, "y": 666}, {"x": 828, "y": 668}], [{"x": 67, "y": 819}, {"x": 66, "y": 829}, {"x": 85, "y": 839}, {"x": 90, "y": 817}], [{"x": 954, "y": 223}, {"x": 962, "y": 226}, {"x": 962, "y": 222}], [{"x": 924, "y": 917}, {"x": 924, "y": 920}, {"x": 923, "y": 942}, {"x": 915, "y": 945}, {"x": 935, "y": 939}, {"x": 934, "y": 918}], [{"x": 509, "y": 130}, {"x": 513, "y": 160}, {"x": 524, "y": 134}, {"x": 525, "y": 155}, {"x": 524, "y": 132}], [{"x": 1290, "y": 616}, {"x": 1293, "y": 601}, {"x": 1293, "y": 597}, {"x": 1267, "y": 594}, {"x": 1267, "y": 603}, {"x": 1268, "y": 617}], [{"x": 753, "y": 701}, {"x": 766, "y": 702}, {"x": 747, "y": 692}, {"x": 746, "y": 699}], [{"x": 228, "y": 656}, {"x": 230, "y": 672}, {"x": 232, "y": 671}], [{"x": 301, "y": 301}, {"x": 301, "y": 300}, {"x": 277, "y": 282}, {"x": 295, "y": 300}], [{"x": 1091, "y": 638}, {"x": 1093, "y": 638}, {"x": 1095, "y": 621}], [{"x": 376, "y": 1297}, {"x": 397, "y": 1297}, {"x": 396, "y": 1275}, {"x": 375, "y": 1275}, {"x": 371, "y": 1282}, {"x": 371, "y": 1293}], [{"x": 309, "y": 219}, {"x": 312, "y": 216}, {"x": 317, "y": 210}, {"x": 310, "y": 190}, {"x": 309, "y": 198}], [{"x": 909, "y": 523}, {"x": 938, "y": 540}, {"x": 934, "y": 522}, {"x": 909, "y": 515}], [{"x": 811, "y": 167}, {"x": 819, "y": 167}, {"x": 820, "y": 166}], [{"x": 959, "y": 103}, {"x": 959, "y": 117}, {"x": 985, "y": 122}, {"x": 985, "y": 103}, {"x": 961, "y": 99}, {"x": 965, "y": 114}], [{"x": 710, "y": 326}, {"x": 734, "y": 333}, {"x": 726, "y": 314}, {"x": 712, "y": 306}, {"x": 716, "y": 314}], [{"x": 285, "y": 410}, {"x": 305, "y": 429}, {"x": 310, "y": 410}, {"x": 303, "y": 424}], [{"x": 285, "y": 955}, {"x": 287, "y": 963}, {"x": 281, "y": 963}, {"x": 307, "y": 964}], [{"x": 1319, "y": 1078}, {"x": 1338, "y": 1070}, {"x": 1341, "y": 1070}, {"x": 1347, "y": 1051}, {"x": 1325, "y": 1054}], [{"x": 1227, "y": 1142}, {"x": 1229, "y": 1123}, {"x": 1210, "y": 1143}, {"x": 1234, "y": 1142}], [{"x": 834, "y": 1174}, {"x": 859, "y": 1149}, {"x": 855, "y": 1150}, {"x": 836, "y": 1156}, {"x": 832, "y": 1167}], [{"x": 394, "y": 489}, {"x": 400, "y": 485}, {"x": 397, "y": 468}, {"x": 375, "y": 490}], [{"x": 403, "y": 110}, {"x": 391, "y": 104}, {"x": 385, "y": 126}, {"x": 412, "y": 104}], [{"x": 1023, "y": 475}, {"x": 1023, "y": 497}, {"x": 1027, "y": 482}, {"x": 1041, "y": 499}], [{"x": 386, "y": 1193}, {"x": 385, "y": 1223}, {"x": 406, "y": 1193}, {"x": 386, "y": 1218}, {"x": 403, "y": 1194}, {"x": 387, "y": 1201}], [{"x": 412, "y": 673}, {"x": 439, "y": 693}, {"x": 437, "y": 687}, {"x": 422, "y": 671}, {"x": 421, "y": 664}], [{"x": 911, "y": 1031}, {"x": 930, "y": 1051}, {"x": 929, "y": 1025}], [{"x": 1046, "y": 1252}, {"x": 1055, "y": 1273}, {"x": 1071, "y": 1274}], [{"x": 1126, "y": 605}, {"x": 1124, "y": 604}, {"x": 1117, "y": 631}, {"x": 1140, "y": 628}, {"x": 1143, "y": 608}, {"x": 1126, "y": 610}], [{"x": 859, "y": 991}, {"x": 860, "y": 1008}, {"x": 868, "y": 990}, {"x": 860, "y": 988}, {"x": 844, "y": 986}, {"x": 846, "y": 1001}], [{"x": 175, "y": 1157}, {"x": 176, "y": 1158}, {"x": 204, "y": 1170}], [{"x": 937, "y": 92}, {"x": 920, "y": 68}, {"x": 917, "y": 72}, {"x": 916, "y": 90}], [{"x": 1374, "y": 906}, {"x": 1393, "y": 921}, {"x": 1368, "y": 901}], [{"x": 640, "y": 1323}, {"x": 646, "y": 1322}, {"x": 629, "y": 1321}, {"x": 625, "y": 1318}, {"x": 628, "y": 1322}], [{"x": 718, "y": 245}, {"x": 724, "y": 241}, {"x": 728, "y": 223}, {"x": 724, "y": 217}, {"x": 721, "y": 224}], [{"x": 86, "y": 1322}, {"x": 87, "y": 1343}, {"x": 111, "y": 1320}, {"x": 108, "y": 1320}], [{"x": 535, "y": 509}, {"x": 559, "y": 527}, {"x": 564, "y": 526}], [{"x": 669, "y": 1204}, {"x": 690, "y": 1221}, {"x": 668, "y": 1202}], [{"x": 630, "y": 126}, {"x": 630, "y": 125}, {"x": 617, "y": 146}, {"x": 631, "y": 148}, {"x": 636, "y": 123}], [{"x": 323, "y": 855}, {"x": 335, "y": 872}, {"x": 342, "y": 875}, {"x": 342, "y": 849}], [{"x": 1326, "y": 278}, {"x": 1336, "y": 278}, {"x": 1323, "y": 275}, {"x": 1325, "y": 273}, {"x": 1319, "y": 275}], [{"x": 732, "y": 666}, {"x": 753, "y": 646}, {"x": 728, "y": 661}, {"x": 724, "y": 666}], [{"x": 707, "y": 200}, {"x": 683, "y": 202}, {"x": 681, "y": 205}, {"x": 698, "y": 229}], [{"x": 1009, "y": 1110}, {"x": 1011, "y": 1087}, {"x": 1004, "y": 1084}, {"x": 988, "y": 1082}], [{"x": 784, "y": 1234}, {"x": 790, "y": 1256}, {"x": 804, "y": 1250}, {"x": 814, "y": 1230}, {"x": 804, "y": 1227}], [{"x": 852, "y": 1046}, {"x": 856, "y": 1020}, {"x": 854, "y": 1021}], [{"x": 267, "y": 579}, {"x": 268, "y": 596}, {"x": 269, "y": 599}, {"x": 292, "y": 598}, {"x": 288, "y": 576}, {"x": 275, "y": 575}], [{"x": 64, "y": 357}, {"x": 64, "y": 359}, {"x": 73, "y": 356}, {"x": 66, "y": 372}, {"x": 85, "y": 359}, {"x": 66, "y": 353}], [{"x": 603, "y": 1143}, {"x": 606, "y": 1143}, {"x": 604, "y": 1138}, {"x": 586, "y": 1140}, {"x": 604, "y": 1140}], [{"x": 356, "y": 291}, {"x": 356, "y": 278}, {"x": 354, "y": 270}, {"x": 353, "y": 298}, {"x": 368, "y": 274}], [{"x": 519, "y": 470}, {"x": 529, "y": 453}, {"x": 523, "y": 455}], [{"x": 210, "y": 1161}, {"x": 228, "y": 1157}, {"x": 207, "y": 1156}, {"x": 210, "y": 1181}, {"x": 229, "y": 1181}], [{"x": 976, "y": 1341}, {"x": 956, "y": 1344}, {"x": 957, "y": 1363}, {"x": 966, "y": 1369}, {"x": 982, "y": 1362}], [{"x": 693, "y": 66}, {"x": 699, "y": 52}, {"x": 672, "y": 53}, {"x": 680, "y": 66}, {"x": 678, "y": 74}, {"x": 699, "y": 73}], [{"x": 234, "y": 463}, {"x": 232, "y": 463}, {"x": 211, "y": 479}, {"x": 209, "y": 486}, {"x": 211, "y": 480}], [{"x": 431, "y": 1084}, {"x": 449, "y": 1058}, {"x": 429, "y": 1055}], [{"x": 995, "y": 816}, {"x": 993, "y": 815}, {"x": 992, "y": 835}, {"x": 995, "y": 838}, {"x": 1008, "y": 836}], [{"x": 85, "y": 1015}, {"x": 90, "y": 1030}, {"x": 91, "y": 1032}], [{"x": 792, "y": 1365}, {"x": 793, "y": 1381}, {"x": 787, "y": 1364}, {"x": 786, "y": 1388}, {"x": 795, "y": 1389}, {"x": 809, "y": 1366}], [{"x": 86, "y": 946}, {"x": 84, "y": 945}, {"x": 68, "y": 941}], [{"x": 448, "y": 441}, {"x": 449, "y": 437}, {"x": 435, "y": 458}], [{"x": 1063, "y": 213}, {"x": 1065, "y": 232}, {"x": 1071, "y": 235}, {"x": 1066, "y": 215}, {"x": 1072, "y": 215}], [{"x": 1234, "y": 268}, {"x": 1241, "y": 268}, {"x": 1239, "y": 262}, {"x": 1237, "y": 259}, {"x": 1241, "y": 239}], [{"x": 355, "y": 91}, {"x": 375, "y": 71}, {"x": 376, "y": 69}], [{"x": 762, "y": 1214}, {"x": 764, "y": 1236}, {"x": 766, "y": 1222}], [{"x": 224, "y": 275}, {"x": 242, "y": 292}, {"x": 242, "y": 270}], [{"x": 1299, "y": 339}, {"x": 1312, "y": 344}, {"x": 1319, "y": 326}], [{"x": 1187, "y": 614}, {"x": 1189, "y": 616}, {"x": 1189, "y": 608}], [{"x": 353, "y": 957}, {"x": 355, "y": 964}, {"x": 381, "y": 967}, {"x": 378, "y": 957}, {"x": 377, "y": 937}, {"x": 359, "y": 940}], [{"x": 325, "y": 1254}, {"x": 352, "y": 1269}, {"x": 328, "y": 1251}, {"x": 330, "y": 1253}, {"x": 324, "y": 1249}, {"x": 325, "y": 1251}], [{"x": 394, "y": 852}, {"x": 391, "y": 835}, {"x": 370, "y": 856}], [{"x": 81, "y": 977}, {"x": 98, "y": 976}, {"x": 103, "y": 975}, {"x": 100, "y": 973}, {"x": 94, "y": 971}, {"x": 81, "y": 973}], [{"x": 1003, "y": 779}, {"x": 1008, "y": 752}, {"x": 1022, "y": 752}, {"x": 1009, "y": 750}, {"x": 1005, "y": 756}, {"x": 1003, "y": 774}], [{"x": 1146, "y": 367}, {"x": 1148, "y": 364}, {"x": 1124, "y": 363}, {"x": 1123, "y": 380}, {"x": 1125, "y": 380}], [{"x": 835, "y": 361}, {"x": 859, "y": 349}, {"x": 835, "y": 343}], [{"x": 232, "y": 214}, {"x": 234, "y": 227}, {"x": 236, "y": 232}], [{"x": 1222, "y": 655}, {"x": 1250, "y": 648}, {"x": 1245, "y": 648}], [{"x": 1024, "y": 241}, {"x": 1042, "y": 242}, {"x": 1022, "y": 225}, {"x": 1022, "y": 226}], [{"x": 938, "y": 1128}, {"x": 942, "y": 1103}, {"x": 924, "y": 1118}, {"x": 926, "y": 1127}], [{"x": 1085, "y": 923}, {"x": 1092, "y": 949}, {"x": 1110, "y": 930}, {"x": 1106, "y": 921}, {"x": 1103, "y": 922}, {"x": 1087, "y": 929}], [{"x": 1093, "y": 1164}, {"x": 1117, "y": 1163}, {"x": 1093, "y": 1145}, {"x": 1092, "y": 1163}], [{"x": 1239, "y": 804}, {"x": 1257, "y": 785}, {"x": 1250, "y": 781}], [{"x": 638, "y": 1301}, {"x": 659, "y": 1316}, {"x": 666, "y": 1299}], [{"x": 1366, "y": 1360}, {"x": 1373, "y": 1368}, {"x": 1366, "y": 1384}, {"x": 1394, "y": 1367}, {"x": 1387, "y": 1359}], [{"x": 1337, "y": 365}, {"x": 1348, "y": 341}, {"x": 1335, "y": 344}, {"x": 1331, "y": 347}, {"x": 1329, "y": 364}, {"x": 1330, "y": 369}], [{"x": 616, "y": 575}, {"x": 611, "y": 577}, {"x": 595, "y": 569}, {"x": 587, "y": 574}, {"x": 588, "y": 590}, {"x": 615, "y": 589}], [{"x": 716, "y": 820}, {"x": 718, "y": 845}, {"x": 737, "y": 841}, {"x": 743, "y": 843}, {"x": 737, "y": 837}], [{"x": 92, "y": 878}, {"x": 92, "y": 899}, {"x": 112, "y": 876}, {"x": 106, "y": 876}], [{"x": 342, "y": 793}, {"x": 347, "y": 776}, {"x": 344, "y": 779}, {"x": 338, "y": 800}, {"x": 345, "y": 803}], [{"x": 299, "y": 928}, {"x": 302, "y": 905}, {"x": 299, "y": 904}, {"x": 281, "y": 903}, {"x": 279, "y": 923}], [{"x": 154, "y": 934}, {"x": 177, "y": 931}, {"x": 169, "y": 916}, {"x": 171, "y": 910}], [{"x": 1251, "y": 135}, {"x": 1254, "y": 159}, {"x": 1278, "y": 162}, {"x": 1254, "y": 157}], [{"x": 784, "y": 959}, {"x": 802, "y": 979}, {"x": 801, "y": 976}, {"x": 809, "y": 977}], [{"x": 1197, "y": 1337}, {"x": 1175, "y": 1319}, {"x": 1172, "y": 1338}, {"x": 1180, "y": 1332}], [{"x": 968, "y": 566}, {"x": 954, "y": 540}, {"x": 952, "y": 548}, {"x": 944, "y": 548}, {"x": 947, "y": 569}], [{"x": 1064, "y": 615}, {"x": 1066, "y": 620}, {"x": 1064, "y": 598}, {"x": 1061, "y": 613}], [{"x": 238, "y": 250}, {"x": 259, "y": 245}, {"x": 258, "y": 228}, {"x": 255, "y": 221}, {"x": 237, "y": 227}], [{"x": 662, "y": 907}, {"x": 688, "y": 889}, {"x": 688, "y": 888}, {"x": 680, "y": 889}, {"x": 683, "y": 885}], [{"x": 649, "y": 131}, {"x": 662, "y": 154}, {"x": 661, "y": 133}], [{"x": 955, "y": 457}, {"x": 979, "y": 473}, {"x": 960, "y": 456}], [{"x": 1002, "y": 224}, {"x": 1017, "y": 204}, {"x": 1003, "y": 204}], [{"x": 89, "y": 1293}, {"x": 90, "y": 1269}, {"x": 68, "y": 1295}, {"x": 93, "y": 1293}], [{"x": 926, "y": 884}, {"x": 929, "y": 865}, {"x": 908, "y": 894}], [{"x": 79, "y": 653}, {"x": 80, "y": 660}, {"x": 90, "y": 676}, {"x": 97, "y": 682}, {"x": 93, "y": 659}], [{"x": 404, "y": 322}, {"x": 425, "y": 308}, {"x": 403, "y": 302}], [{"x": 964, "y": 905}, {"x": 991, "y": 923}, {"x": 969, "y": 904}, {"x": 965, "y": 902}, {"x": 964, "y": 904}], [{"x": 464, "y": 305}, {"x": 472, "y": 309}, {"x": 444, "y": 290}], [{"x": 334, "y": 801}, {"x": 316, "y": 796}, {"x": 314, "y": 803}], [{"x": 1012, "y": 1174}, {"x": 1020, "y": 1177}, {"x": 1036, "y": 1152}, {"x": 1013, "y": 1154}], [{"x": 839, "y": 1320}, {"x": 843, "y": 1312}, {"x": 843, "y": 1301}], [{"x": 522, "y": 598}, {"x": 519, "y": 605}, {"x": 543, "y": 601}, {"x": 536, "y": 598}], [{"x": 130, "y": 406}, {"x": 129, "y": 420}, {"x": 153, "y": 425}, {"x": 155, "y": 422}, {"x": 147, "y": 402}, {"x": 151, "y": 419}], [{"x": 1079, "y": 903}, {"x": 1085, "y": 885}, {"x": 1081, "y": 885}, {"x": 1065, "y": 891}, {"x": 1082, "y": 908}], [{"x": 926, "y": 1251}, {"x": 927, "y": 1252}, {"x": 924, "y": 1230}, {"x": 928, "y": 1231}, {"x": 923, "y": 1229}, {"x": 907, "y": 1226}], [{"x": 511, "y": 1207}, {"x": 529, "y": 1208}, {"x": 527, "y": 1186}, {"x": 536, "y": 1183}, {"x": 507, "y": 1185}, {"x": 514, "y": 1188}], [{"x": 911, "y": 631}, {"x": 929, "y": 629}, {"x": 929, "y": 602}, {"x": 911, "y": 626}], [{"x": 846, "y": 69}, {"x": 850, "y": 81}, {"x": 870, "y": 67}, {"x": 851, "y": 64}, {"x": 848, "y": 71}], [{"x": 980, "y": 288}, {"x": 980, "y": 293}, {"x": 1001, "y": 297}], [{"x": 269, "y": 697}, {"x": 247, "y": 696}, {"x": 245, "y": 713}, {"x": 249, "y": 700}], [{"x": 395, "y": 630}, {"x": 395, "y": 653}, {"x": 416, "y": 654}, {"x": 421, "y": 638}, {"x": 418, "y": 629}, {"x": 414, "y": 637}], [{"x": 1329, "y": 505}, {"x": 1345, "y": 501}, {"x": 1344, "y": 483}, {"x": 1328, "y": 484}, {"x": 1319, "y": 488}], [{"x": 1337, "y": 1296}, {"x": 1336, "y": 1294}, {"x": 1310, "y": 1281}, {"x": 1312, "y": 1300}], [{"x": 355, "y": 454}, {"x": 351, "y": 455}, {"x": 355, "y": 474}], [{"x": 247, "y": 94}, {"x": 268, "y": 113}, {"x": 245, "y": 122}, {"x": 268, "y": 118}, {"x": 270, "y": 100}], [{"x": 437, "y": 352}, {"x": 441, "y": 354}, {"x": 439, "y": 326}], [{"x": 640, "y": 809}, {"x": 662, "y": 783}, {"x": 644, "y": 793}], [{"x": 179, "y": 214}, {"x": 174, "y": 219}, {"x": 176, "y": 233}, {"x": 179, "y": 230}, {"x": 194, "y": 231}, {"x": 190, "y": 211}], [{"x": 769, "y": 1219}, {"x": 772, "y": 1223}, {"x": 778, "y": 1222}, {"x": 774, "y": 1203}], [{"x": 941, "y": 582}, {"x": 941, "y": 588}, {"x": 949, "y": 607}, {"x": 961, "y": 582}, {"x": 944, "y": 580}], [{"x": 872, "y": 1186}, {"x": 891, "y": 1185}, {"x": 874, "y": 1184}, {"x": 889, "y": 1163}, {"x": 870, "y": 1159}], [{"x": 778, "y": 641}, {"x": 784, "y": 641}, {"x": 776, "y": 622}, {"x": 763, "y": 616}, {"x": 757, "y": 636}], [{"x": 1159, "y": 1352}, {"x": 1167, "y": 1373}, {"x": 1168, "y": 1372}, {"x": 1169, "y": 1367}, {"x": 1165, "y": 1343}], [{"x": 1275, "y": 762}, {"x": 1276, "y": 761}, {"x": 1294, "y": 740}], [{"x": 149, "y": 442}, {"x": 160, "y": 441}, {"x": 145, "y": 440}], [{"x": 182, "y": 436}, {"x": 182, "y": 442}, {"x": 189, "y": 466}, {"x": 190, "y": 459}, {"x": 210, "y": 458}, {"x": 186, "y": 442}], [{"x": 1083, "y": 1178}, {"x": 1104, "y": 1182}, {"x": 1103, "y": 1194}, {"x": 1110, "y": 1199}, {"x": 1107, "y": 1182}, {"x": 1085, "y": 1178}], [{"x": 1299, "y": 127}, {"x": 1287, "y": 125}, {"x": 1278, "y": 148}, {"x": 1305, "y": 129}], [{"x": 1237, "y": 753}, {"x": 1241, "y": 753}, {"x": 1239, "y": 772}, {"x": 1241, "y": 775}, {"x": 1242, "y": 746}, {"x": 1222, "y": 746}], [{"x": 566, "y": 607}, {"x": 552, "y": 601}, {"x": 547, "y": 622}, {"x": 573, "y": 626}, {"x": 566, "y": 603}], [{"x": 893, "y": 1091}, {"x": 905, "y": 1112}, {"x": 911, "y": 1116}], [{"x": 1295, "y": 1109}, {"x": 1320, "y": 1108}, {"x": 1314, "y": 1104}], [{"x": 860, "y": 898}, {"x": 872, "y": 881}, {"x": 859, "y": 880}, {"x": 852, "y": 883}], [{"x": 1362, "y": 724}, {"x": 1363, "y": 727}, {"x": 1388, "y": 707}, {"x": 1364, "y": 706}], [{"x": 865, "y": 602}, {"x": 873, "y": 597}, {"x": 868, "y": 598}, {"x": 865, "y": 593}, {"x": 873, "y": 574}, {"x": 849, "y": 599}], [{"x": 483, "y": 334}, {"x": 488, "y": 356}, {"x": 507, "y": 358}, {"x": 509, "y": 338}], [{"x": 205, "y": 87}, {"x": 206, "y": 81}, {"x": 181, "y": 83}, {"x": 182, "y": 103}, {"x": 182, "y": 105}], [{"x": 1073, "y": 312}, {"x": 1076, "y": 329}, {"x": 1089, "y": 337}, {"x": 1089, "y": 316}, {"x": 1072, "y": 311}], [{"x": 1140, "y": 510}, {"x": 1148, "y": 506}, {"x": 1145, "y": 495}, {"x": 1165, "y": 506}, {"x": 1158, "y": 493}, {"x": 1138, "y": 489}], [{"x": 395, "y": 1043}, {"x": 399, "y": 1040}, {"x": 378, "y": 1046}, {"x": 378, "y": 1066}, {"x": 392, "y": 1060}], [{"x": 784, "y": 537}, {"x": 801, "y": 536}, {"x": 802, "y": 534}, {"x": 782, "y": 513}], [{"x": 679, "y": 1357}, {"x": 681, "y": 1347}, {"x": 666, "y": 1346}, {"x": 666, "y": 1363}, {"x": 684, "y": 1362}, {"x": 683, "y": 1347}], [{"x": 86, "y": 189}, {"x": 106, "y": 173}, {"x": 86, "y": 166}], [{"x": 1140, "y": 527}, {"x": 1167, "y": 536}, {"x": 1161, "y": 532}], [{"x": 1338, "y": 987}, {"x": 1321, "y": 985}, {"x": 1323, "y": 989}, {"x": 1340, "y": 1010}], [{"x": 701, "y": 1126}, {"x": 696, "y": 1115}, {"x": 673, "y": 1112}, {"x": 694, "y": 1129}, {"x": 677, "y": 1115}, {"x": 699, "y": 1130}], [{"x": 1034, "y": 315}, {"x": 1034, "y": 340}, {"x": 1054, "y": 319}, {"x": 1049, "y": 320}], [{"x": 1392, "y": 826}, {"x": 1395, "y": 823}, {"x": 1369, "y": 819}, {"x": 1368, "y": 820}, {"x": 1367, "y": 841}, {"x": 1373, "y": 826}], [{"x": 729, "y": 1190}, {"x": 725, "y": 1208}, {"x": 726, "y": 1198}, {"x": 721, "y": 1210}, {"x": 726, "y": 1213}, {"x": 742, "y": 1208}], [{"x": 704, "y": 724}, {"x": 731, "y": 728}, {"x": 731, "y": 714}], [{"x": 114, "y": 683}, {"x": 121, "y": 679}, {"x": 117, "y": 662}, {"x": 112, "y": 660}, {"x": 96, "y": 665}], [{"x": 952, "y": 966}, {"x": 954, "y": 965}, {"x": 946, "y": 971}, {"x": 966, "y": 967}, {"x": 955, "y": 963}, {"x": 946, "y": 970}], [{"x": 321, "y": 1238}, {"x": 328, "y": 1219}, {"x": 320, "y": 1216}, {"x": 308, "y": 1219}, {"x": 320, "y": 1241}], [{"x": 102, "y": 681}, {"x": 126, "y": 699}, {"x": 125, "y": 695}], [{"x": 1282, "y": 1373}, {"x": 1311, "y": 1368}, {"x": 1312, "y": 1355}], [{"x": 562, "y": 1146}, {"x": 564, "y": 1142}, {"x": 563, "y": 1118}, {"x": 549, "y": 1125}, {"x": 541, "y": 1141}], [{"x": 1144, "y": 761}, {"x": 1144, "y": 762}, {"x": 1143, "y": 780}, {"x": 1170, "y": 780}, {"x": 1140, "y": 754}, {"x": 1140, "y": 755}], [{"x": 1077, "y": 201}, {"x": 1079, "y": 199}, {"x": 1096, "y": 202}, {"x": 1092, "y": 189}, {"x": 1075, "y": 201}, {"x": 1095, "y": 206}], [{"x": 1132, "y": 920}, {"x": 1151, "y": 899}, {"x": 1128, "y": 923}, {"x": 1148, "y": 919}], [{"x": 1114, "y": 1262}, {"x": 1115, "y": 1265}, {"x": 1109, "y": 1245}], [{"x": 749, "y": 1285}, {"x": 756, "y": 1283}, {"x": 752, "y": 1267}, {"x": 770, "y": 1281}, {"x": 771, "y": 1263}, {"x": 750, "y": 1262}], [{"x": 1294, "y": 216}, {"x": 1313, "y": 222}, {"x": 1314, "y": 222}, {"x": 1323, "y": 221}, {"x": 1293, "y": 201}], [{"x": 1260, "y": 630}, {"x": 1263, "y": 610}, {"x": 1257, "y": 613}, {"x": 1238, "y": 614}, {"x": 1243, "y": 628}, {"x": 1235, "y": 638}], [{"x": 549, "y": 1100}, {"x": 551, "y": 1105}, {"x": 569, "y": 1122}], [{"x": 1156, "y": 709}, {"x": 1157, "y": 714}, {"x": 1173, "y": 705}], [{"x": 178, "y": 1060}, {"x": 179, "y": 1041}, {"x": 161, "y": 1034}, {"x": 160, "y": 1059}, {"x": 157, "y": 1061}, {"x": 176, "y": 1057}], [{"x": 293, "y": 869}, {"x": 279, "y": 888}, {"x": 274, "y": 893}, {"x": 295, "y": 891}, {"x": 296, "y": 887}], [{"x": 933, "y": 395}, {"x": 937, "y": 394}, {"x": 921, "y": 395}, {"x": 913, "y": 390}, {"x": 933, "y": 408}, {"x": 935, "y": 411}], [{"x": 1031, "y": 575}, {"x": 1035, "y": 598}, {"x": 1037, "y": 596}], [{"x": 447, "y": 1072}, {"x": 463, "y": 1072}, {"x": 446, "y": 1064}], [{"x": 900, "y": 1364}, {"x": 900, "y": 1369}, {"x": 912, "y": 1374}, {"x": 914, "y": 1344}, {"x": 892, "y": 1366}], [{"x": 224, "y": 569}, {"x": 242, "y": 566}, {"x": 223, "y": 544}, {"x": 218, "y": 543}, {"x": 214, "y": 545}, {"x": 217, "y": 565}], [{"x": 824, "y": 594}, {"x": 832, "y": 617}, {"x": 829, "y": 599}], [{"x": 968, "y": 350}, {"x": 986, "y": 345}, {"x": 994, "y": 330}, {"x": 972, "y": 325}], [{"x": 817, "y": 1311}, {"x": 836, "y": 1292}, {"x": 823, "y": 1288}], [{"x": 1039, "y": 259}, {"x": 1052, "y": 264}, {"x": 1032, "y": 243}, {"x": 1032, "y": 255}, {"x": 1031, "y": 257}], [{"x": 109, "y": 114}, {"x": 128, "y": 113}, {"x": 108, "y": 108}], [{"x": 862, "y": 773}, {"x": 860, "y": 770}, {"x": 844, "y": 776}, {"x": 859, "y": 786}, {"x": 865, "y": 791}, {"x": 865, "y": 786}], [{"x": 821, "y": 874}, {"x": 832, "y": 847}, {"x": 821, "y": 869}, {"x": 816, "y": 852}], [{"x": 712, "y": 794}, {"x": 732, "y": 803}, {"x": 739, "y": 802}], [{"x": 958, "y": 625}, {"x": 978, "y": 603}, {"x": 957, "y": 626}, {"x": 985, "y": 605}], [{"x": 314, "y": 310}, {"x": 332, "y": 310}, {"x": 337, "y": 323}, {"x": 334, "y": 306}, {"x": 316, "y": 303}], [{"x": 648, "y": 1225}, {"x": 648, "y": 1240}, {"x": 668, "y": 1243}, {"x": 674, "y": 1225}], [{"x": 848, "y": 506}, {"x": 849, "y": 508}, {"x": 865, "y": 523}, {"x": 863, "y": 518}, {"x": 850, "y": 505}, {"x": 848, "y": 505}], [{"x": 960, "y": 522}, {"x": 976, "y": 525}, {"x": 977, "y": 509}], [{"x": 401, "y": 884}, {"x": 381, "y": 891}, {"x": 378, "y": 908}, {"x": 388, "y": 904}, {"x": 401, "y": 892}, {"x": 403, "y": 888}], [{"x": 114, "y": 534}, {"x": 101, "y": 532}, {"x": 113, "y": 557}, {"x": 123, "y": 549}, {"x": 123, "y": 536}], [{"x": 106, "y": 716}, {"x": 107, "y": 714}, {"x": 110, "y": 715}, {"x": 110, "y": 712}, {"x": 100, "y": 718}], [{"x": 1272, "y": 1204}, {"x": 1273, "y": 1213}, {"x": 1277, "y": 1231}], [{"x": 145, "y": 534}, {"x": 148, "y": 561}, {"x": 148, "y": 560}], [{"x": 152, "y": 721}, {"x": 157, "y": 726}, {"x": 139, "y": 704}, {"x": 131, "y": 699}], [{"x": 538, "y": 1032}, {"x": 520, "y": 1026}, {"x": 518, "y": 1046}, {"x": 538, "y": 1052}, {"x": 547, "y": 1044}], [{"x": 640, "y": 1028}, {"x": 641, "y": 1024}, {"x": 646, "y": 1003}, {"x": 625, "y": 1006}, {"x": 626, "y": 1012}], [{"x": 487, "y": 272}, {"x": 489, "y": 275}, {"x": 510, "y": 273}, {"x": 515, "y": 253}], [{"x": 1334, "y": 1135}, {"x": 1330, "y": 1122}, {"x": 1311, "y": 1120}, {"x": 1328, "y": 1140}], [{"x": 547, "y": 997}, {"x": 549, "y": 984}, {"x": 544, "y": 981}, {"x": 520, "y": 976}, {"x": 540, "y": 984}, {"x": 544, "y": 996}], [{"x": 1030, "y": 728}, {"x": 1011, "y": 750}, {"x": 1038, "y": 725}], [{"x": 623, "y": 849}, {"x": 625, "y": 851}, {"x": 637, "y": 845}, {"x": 641, "y": 827}, {"x": 619, "y": 834}, {"x": 620, "y": 853}], [{"x": 775, "y": 161}, {"x": 780, "y": 156}, {"x": 784, "y": 139}], [{"x": 880, "y": 1101}, {"x": 856, "y": 1081}, {"x": 857, "y": 1090}, {"x": 862, "y": 1105}, {"x": 884, "y": 1103}], [{"x": 630, "y": 564}, {"x": 636, "y": 579}, {"x": 653, "y": 588}, {"x": 654, "y": 588}, {"x": 630, "y": 563}], [{"x": 813, "y": 187}, {"x": 820, "y": 181}, {"x": 813, "y": 181}], [{"x": 429, "y": 108}, {"x": 445, "y": 105}, {"x": 425, "y": 103}, {"x": 423, "y": 129}, {"x": 426, "y": 109}], [{"x": 1153, "y": 122}, {"x": 1153, "y": 123}, {"x": 1157, "y": 123}, {"x": 1169, "y": 120}], [{"x": 431, "y": 207}, {"x": 453, "y": 186}, {"x": 437, "y": 208}, {"x": 459, "y": 184}, {"x": 435, "y": 185}], [{"x": 698, "y": 94}, {"x": 704, "y": 97}, {"x": 728, "y": 102}, {"x": 722, "y": 79}, {"x": 702, "y": 79}], [{"x": 513, "y": 411}, {"x": 513, "y": 406}, {"x": 506, "y": 432}, {"x": 516, "y": 436}], [{"x": 1334, "y": 204}, {"x": 1361, "y": 217}, {"x": 1357, "y": 197}], [{"x": 801, "y": 339}, {"x": 810, "y": 345}, {"x": 827, "y": 348}, {"x": 830, "y": 347}, {"x": 825, "y": 325}, {"x": 823, "y": 319}], [{"x": 1198, "y": 400}, {"x": 1214, "y": 396}, {"x": 1193, "y": 385}], [{"x": 692, "y": 616}, {"x": 698, "y": 624}, {"x": 714, "y": 624}, {"x": 691, "y": 595}, {"x": 689, "y": 603}], [{"x": 1088, "y": 399}, {"x": 1092, "y": 424}, {"x": 1106, "y": 406}, {"x": 1106, "y": 404}, {"x": 1111, "y": 417}, {"x": 1105, "y": 400}], [{"x": 1134, "y": 478}, {"x": 1154, "y": 476}, {"x": 1160, "y": 475}], [{"x": 151, "y": 241}, {"x": 155, "y": 220}, {"x": 148, "y": 216}, {"x": 132, "y": 243}], [{"x": 62, "y": 893}, {"x": 83, "y": 892}, {"x": 67, "y": 880}, {"x": 83, "y": 876}, {"x": 89, "y": 871}, {"x": 70, "y": 872}], [{"x": 855, "y": 318}, {"x": 871, "y": 317}, {"x": 852, "y": 302}], [{"x": 346, "y": 434}, {"x": 353, "y": 430}, {"x": 352, "y": 429}, {"x": 354, "y": 414}, {"x": 333, "y": 414}, {"x": 329, "y": 418}], [{"x": 1210, "y": 1286}, {"x": 1201, "y": 1269}, {"x": 1182, "y": 1267}, {"x": 1189, "y": 1292}, {"x": 1184, "y": 1273}], [{"x": 99, "y": 131}, {"x": 106, "y": 156}, {"x": 123, "y": 141}, {"x": 127, "y": 136}], [{"x": 1360, "y": 411}, {"x": 1380, "y": 403}, {"x": 1378, "y": 411}, {"x": 1377, "y": 412}, {"x": 1387, "y": 408}, {"x": 1360, "y": 385}], [{"x": 910, "y": 238}, {"x": 917, "y": 262}, {"x": 919, "y": 261}, {"x": 930, "y": 265}], [{"x": 986, "y": 460}, {"x": 987, "y": 442}, {"x": 985, "y": 454}, {"x": 978, "y": 444}, {"x": 985, "y": 460}], [{"x": 321, "y": 391}, {"x": 324, "y": 391}, {"x": 343, "y": 370}], [{"x": 1322, "y": 913}, {"x": 1324, "y": 938}, {"x": 1327, "y": 930}], [{"x": 365, "y": 237}, {"x": 372, "y": 241}, {"x": 367, "y": 219}], [{"x": 344, "y": 905}, {"x": 349, "y": 902}, {"x": 331, "y": 897}, {"x": 326, "y": 918}], [{"x": 768, "y": 334}, {"x": 763, "y": 323}, {"x": 759, "y": 316}, {"x": 748, "y": 342}, {"x": 762, "y": 333}, {"x": 768, "y": 341}], [{"x": 248, "y": 904}, {"x": 262, "y": 903}, {"x": 244, "y": 903}, {"x": 263, "y": 923}, {"x": 263, "y": 922}], [{"x": 224, "y": 747}, {"x": 228, "y": 768}, {"x": 224, "y": 746}, {"x": 208, "y": 747}], [{"x": 250, "y": 176}, {"x": 250, "y": 182}, {"x": 267, "y": 201}], [{"x": 176, "y": 694}, {"x": 178, "y": 691}, {"x": 154, "y": 688}, {"x": 150, "y": 691}, {"x": 149, "y": 694}], [{"x": 1200, "y": 1113}, {"x": 1221, "y": 1107}, {"x": 1206, "y": 1128}, {"x": 1225, "y": 1104}], [{"x": 296, "y": 626}, {"x": 298, "y": 629}, {"x": 301, "y": 628}], [{"x": 1352, "y": 295}, {"x": 1357, "y": 301}, {"x": 1380, "y": 293}], [{"x": 1266, "y": 78}, {"x": 1256, "y": 76}, {"x": 1254, "y": 84}], [{"x": 583, "y": 90}, {"x": 578, "y": 68}, {"x": 557, "y": 74}, {"x": 578, "y": 75}], [{"x": 1303, "y": 721}, {"x": 1309, "y": 713}, {"x": 1289, "y": 696}, {"x": 1290, "y": 714}], [{"x": 192, "y": 136}, {"x": 203, "y": 116}, {"x": 204, "y": 112}], [{"x": 502, "y": 955}, {"x": 525, "y": 976}, {"x": 506, "y": 954}, {"x": 526, "y": 971}, {"x": 508, "y": 951}], [{"x": 1147, "y": 1273}, {"x": 1128, "y": 1296}, {"x": 1147, "y": 1293}], [{"x": 178, "y": 559}, {"x": 187, "y": 540}, {"x": 188, "y": 537}, {"x": 167, "y": 540}, {"x": 167, "y": 552}], [{"x": 545, "y": 642}, {"x": 548, "y": 660}, {"x": 567, "y": 663}, {"x": 559, "y": 659}, {"x": 558, "y": 659}, {"x": 563, "y": 638}], [{"x": 1090, "y": 711}, {"x": 1087, "y": 695}, {"x": 1068, "y": 714}, {"x": 1071, "y": 717}, {"x": 1096, "y": 715}], [{"x": 1339, "y": 239}, {"x": 1368, "y": 239}, {"x": 1346, "y": 233}], [{"x": 1123, "y": 694}, {"x": 1130, "y": 693}, {"x": 1146, "y": 687}, {"x": 1130, "y": 689}], [{"x": 691, "y": 434}, {"x": 698, "y": 416}, {"x": 676, "y": 415}, {"x": 679, "y": 441}, {"x": 689, "y": 439}], [{"x": 207, "y": 594}, {"x": 233, "y": 594}, {"x": 211, "y": 572}, {"x": 209, "y": 568}], [{"x": 1275, "y": 584}, {"x": 1270, "y": 589}, {"x": 1278, "y": 584}, {"x": 1278, "y": 567}], [{"x": 600, "y": 922}, {"x": 622, "y": 903}, {"x": 615, "y": 900}, {"x": 613, "y": 900}, {"x": 601, "y": 915}], [{"x": 1220, "y": 184}, {"x": 1228, "y": 164}, {"x": 1221, "y": 164}, {"x": 1207, "y": 169}, {"x": 1203, "y": 171}, {"x": 1208, "y": 189}], [{"x": 1007, "y": 1206}, {"x": 1032, "y": 1203}, {"x": 1034, "y": 1187}, {"x": 1030, "y": 1187}, {"x": 1013, "y": 1202}], [{"x": 1351, "y": 463}, {"x": 1371, "y": 484}, {"x": 1372, "y": 484}, {"x": 1375, "y": 467}], [{"x": 79, "y": 222}, {"x": 87, "y": 222}, {"x": 60, "y": 198}], [{"x": 365, "y": 1238}, {"x": 367, "y": 1267}, {"x": 367, "y": 1260}], [{"x": 921, "y": 159}, {"x": 908, "y": 176}, {"x": 929, "y": 179}, {"x": 931, "y": 153}], [{"x": 74, "y": 114}, {"x": 72, "y": 113}, {"x": 87, "y": 141}], [{"x": 506, "y": 97}, {"x": 526, "y": 78}, {"x": 517, "y": 70}, {"x": 506, "y": 94}], [{"x": 576, "y": 266}, {"x": 600, "y": 281}, {"x": 599, "y": 265}], [{"x": 1334, "y": 925}, {"x": 1359, "y": 950}, {"x": 1362, "y": 952}, {"x": 1360, "y": 928}], [{"x": 131, "y": 1050}, {"x": 141, "y": 1048}, {"x": 122, "y": 1043}, {"x": 128, "y": 1050}, {"x": 129, "y": 1052}, {"x": 122, "y": 1071}], [{"x": 680, "y": 1236}, {"x": 684, "y": 1250}, {"x": 686, "y": 1252}, {"x": 706, "y": 1253}], [{"x": 1326, "y": 80}, {"x": 1322, "y": 75}, {"x": 1304, "y": 54}, {"x": 1298, "y": 79}, {"x": 1320, "y": 83}], [{"x": 491, "y": 1094}, {"x": 496, "y": 1109}, {"x": 476, "y": 1099}, {"x": 497, "y": 1118}, {"x": 500, "y": 1095}, {"x": 473, "y": 1089}], [{"x": 805, "y": 1111}, {"x": 819, "y": 1133}, {"x": 823, "y": 1128}], [{"x": 360, "y": 603}, {"x": 361, "y": 607}, {"x": 356, "y": 605}, {"x": 373, "y": 627}, {"x": 373, "y": 603}], [{"x": 176, "y": 527}, {"x": 202, "y": 513}, {"x": 203, "y": 509}, {"x": 194, "y": 510}, {"x": 194, "y": 505}, {"x": 174, "y": 526}], [{"x": 738, "y": 1312}, {"x": 757, "y": 1299}, {"x": 758, "y": 1296}, {"x": 752, "y": 1291}, {"x": 739, "y": 1311}, {"x": 739, "y": 1293}], [{"x": 746, "y": 820}, {"x": 757, "y": 836}, {"x": 747, "y": 819}, {"x": 739, "y": 816}, {"x": 741, "y": 819}], [{"x": 1345, "y": 860}, {"x": 1347, "y": 854}, {"x": 1317, "y": 856}], [{"x": 656, "y": 503}, {"x": 634, "y": 499}, {"x": 644, "y": 505}, {"x": 660, "y": 506}], [{"x": 78, "y": 1093}, {"x": 97, "y": 1096}, {"x": 78, "y": 1090}, {"x": 69, "y": 1117}, {"x": 93, "y": 1096}], [{"x": 1096, "y": 164}, {"x": 1101, "y": 162}, {"x": 1099, "y": 146}, {"x": 1076, "y": 142}], [{"x": 584, "y": 103}, {"x": 570, "y": 100}, {"x": 561, "y": 99}], [{"x": 569, "y": 514}, {"x": 572, "y": 532}, {"x": 573, "y": 509}, {"x": 556, "y": 510}, {"x": 555, "y": 511}], [{"x": 903, "y": 485}, {"x": 913, "y": 489}, {"x": 926, "y": 505}, {"x": 933, "y": 506}, {"x": 932, "y": 484}], [{"x": 595, "y": 705}, {"x": 596, "y": 685}, {"x": 594, "y": 680}, {"x": 580, "y": 683}, {"x": 593, "y": 687}, {"x": 593, "y": 705}], [{"x": 499, "y": 571}, {"x": 507, "y": 571}, {"x": 477, "y": 570}], [{"x": 393, "y": 457}, {"x": 391, "y": 452}, {"x": 380, "y": 455}, {"x": 393, "y": 458}, {"x": 399, "y": 453}], [{"x": 871, "y": 717}, {"x": 865, "y": 713}, {"x": 848, "y": 719}], [{"x": 1149, "y": 679}, {"x": 1153, "y": 682}, {"x": 1152, "y": 698}, {"x": 1151, "y": 698}, {"x": 1149, "y": 706}, {"x": 1172, "y": 686}], [{"x": 1137, "y": 951}, {"x": 1145, "y": 953}, {"x": 1164, "y": 957}, {"x": 1164, "y": 950}, {"x": 1157, "y": 938}, {"x": 1159, "y": 934}], [{"x": 393, "y": 998}, {"x": 381, "y": 1001}, {"x": 373, "y": 1016}, {"x": 398, "y": 1005}, {"x": 396, "y": 1001}, {"x": 398, "y": 1002}], [{"x": 909, "y": 787}, {"x": 933, "y": 782}, {"x": 925, "y": 761}], [{"x": 205, "y": 372}, {"x": 221, "y": 386}, {"x": 223, "y": 368}], [{"x": 251, "y": 1040}, {"x": 250, "y": 1021}, {"x": 234, "y": 1026}], [{"x": 585, "y": 833}, {"x": 591, "y": 811}, {"x": 568, "y": 814}], [{"x": 627, "y": 543}, {"x": 643, "y": 546}, {"x": 648, "y": 521}, {"x": 626, "y": 526}, {"x": 627, "y": 545}], [{"x": 704, "y": 582}, {"x": 729, "y": 583}, {"x": 729, "y": 567}, {"x": 710, "y": 581}, {"x": 725, "y": 565}, {"x": 702, "y": 565}], [{"x": 947, "y": 341}, {"x": 954, "y": 324}, {"x": 933, "y": 320}, {"x": 927, "y": 330}, {"x": 931, "y": 348}], [{"x": 654, "y": 165}, {"x": 651, "y": 164}, {"x": 650, "y": 184}, {"x": 655, "y": 180}, {"x": 669, "y": 165}, {"x": 668, "y": 158}], [{"x": 136, "y": 1148}, {"x": 141, "y": 1165}, {"x": 160, "y": 1167}, {"x": 165, "y": 1141}, {"x": 162, "y": 1141}, {"x": 142, "y": 1150}], [{"x": 779, "y": 987}, {"x": 798, "y": 1016}, {"x": 796, "y": 993}, {"x": 796, "y": 1010}], [{"x": 364, "y": 370}, {"x": 372, "y": 367}, {"x": 369, "y": 368}], [{"x": 1090, "y": 845}, {"x": 1110, "y": 844}, {"x": 1111, "y": 843}], [{"x": 1227, "y": 819}, {"x": 1223, "y": 800}, {"x": 1221, "y": 797}, {"x": 1224, "y": 819}, {"x": 1247, "y": 824}, {"x": 1248, "y": 799}], [{"x": 884, "y": 462}, {"x": 880, "y": 489}, {"x": 907, "y": 466}, {"x": 902, "y": 461}], [{"x": 336, "y": 953}, {"x": 338, "y": 937}, {"x": 319, "y": 934}, {"x": 334, "y": 956}, {"x": 335, "y": 953}], [{"x": 223, "y": 536}, {"x": 225, "y": 538}, {"x": 207, "y": 517}, {"x": 226, "y": 541}], [{"x": 1101, "y": 1094}, {"x": 1087, "y": 1100}, {"x": 1084, "y": 1113}, {"x": 1101, "y": 1119}, {"x": 1109, "y": 1096}], [{"x": 942, "y": 1048}, {"x": 963, "y": 1070}, {"x": 968, "y": 1048}], [{"x": 321, "y": 475}, {"x": 306, "y": 500}, {"x": 305, "y": 482}, {"x": 300, "y": 503}, {"x": 306, "y": 503}, {"x": 324, "y": 475}], [{"x": 1169, "y": 471}, {"x": 1172, "y": 487}, {"x": 1176, "y": 466}, {"x": 1156, "y": 465}, {"x": 1152, "y": 469}], [{"x": 270, "y": 1185}, {"x": 272, "y": 1187}, {"x": 282, "y": 1167}, {"x": 268, "y": 1161}, {"x": 265, "y": 1169}], [{"x": 190, "y": 649}, {"x": 205, "y": 649}, {"x": 188, "y": 627}, {"x": 184, "y": 628}, {"x": 183, "y": 651}, {"x": 209, "y": 654}], [{"x": 1245, "y": 369}, {"x": 1264, "y": 367}, {"x": 1267, "y": 351}, {"x": 1269, "y": 347}, {"x": 1247, "y": 344}], [{"x": 435, "y": 980}, {"x": 448, "y": 960}, {"x": 426, "y": 977}, {"x": 433, "y": 982}], [{"x": 558, "y": 228}, {"x": 578, "y": 226}, {"x": 579, "y": 224}, {"x": 586, "y": 223}, {"x": 579, "y": 208}, {"x": 559, "y": 207}], [{"x": 311, "y": 864}, {"x": 321, "y": 843}, {"x": 296, "y": 837}, {"x": 318, "y": 843}], [{"x": 73, "y": 409}, {"x": 83, "y": 427}, {"x": 83, "y": 414}, {"x": 82, "y": 408}], [{"x": 1023, "y": 292}, {"x": 1021, "y": 273}, {"x": 1018, "y": 291}], [{"x": 879, "y": 1022}, {"x": 902, "y": 1024}, {"x": 902, "y": 997}, {"x": 877, "y": 1019}], [{"x": 138, "y": 1343}, {"x": 157, "y": 1360}, {"x": 163, "y": 1359}, {"x": 163, "y": 1340}, {"x": 137, "y": 1337}, {"x": 143, "y": 1344}], [{"x": 1244, "y": 131}, {"x": 1254, "y": 110}, {"x": 1236, "y": 107}], [{"x": 235, "y": 657}, {"x": 235, "y": 673}, {"x": 243, "y": 677}, {"x": 237, "y": 649}], [{"x": 723, "y": 1145}, {"x": 725, "y": 1169}, {"x": 729, "y": 1173}], [{"x": 1061, "y": 471}, {"x": 1058, "y": 468}, {"x": 1034, "y": 474}], [{"x": 203, "y": 405}, {"x": 216, "y": 391}, {"x": 193, "y": 390}, {"x": 199, "y": 408}], [{"x": 763, "y": 793}, {"x": 769, "y": 778}, {"x": 748, "y": 778}, {"x": 743, "y": 789}, {"x": 749, "y": 797}, {"x": 763, "y": 795}], [{"x": 1081, "y": 264}, {"x": 1089, "y": 263}, {"x": 1067, "y": 265}, {"x": 1062, "y": 265}, {"x": 1067, "y": 273}, {"x": 1068, "y": 270}], [{"x": 474, "y": 1230}, {"x": 477, "y": 1249}, {"x": 469, "y": 1251}, {"x": 469, "y": 1252}, {"x": 498, "y": 1249}, {"x": 493, "y": 1232}], [{"x": 873, "y": 1130}, {"x": 866, "y": 1154}, {"x": 895, "y": 1134}], [{"x": 326, "y": 1038}, {"x": 353, "y": 1039}, {"x": 353, "y": 1020}], [{"x": 485, "y": 1367}, {"x": 487, "y": 1383}, {"x": 492, "y": 1391}, {"x": 510, "y": 1388}, {"x": 504, "y": 1383}, {"x": 490, "y": 1370}], [{"x": 597, "y": 327}, {"x": 600, "y": 301}, {"x": 584, "y": 318}], [{"x": 317, "y": 275}, {"x": 326, "y": 276}, {"x": 326, "y": 261}, {"x": 317, "y": 256}, {"x": 303, "y": 260}, {"x": 306, "y": 280}], [{"x": 455, "y": 1160}, {"x": 475, "y": 1141}, {"x": 470, "y": 1138}, {"x": 456, "y": 1136}], [{"x": 529, "y": 405}, {"x": 553, "y": 413}, {"x": 551, "y": 410}, {"x": 526, "y": 403}, {"x": 523, "y": 405}, {"x": 552, "y": 426}], [{"x": 1005, "y": 349}, {"x": 1010, "y": 347}, {"x": 1012, "y": 331}, {"x": 1026, "y": 331}, {"x": 1027, "y": 324}, {"x": 1007, "y": 323}], [{"x": 1039, "y": 631}, {"x": 1016, "y": 606}, {"x": 1039, "y": 632}], [{"x": 502, "y": 905}, {"x": 491, "y": 904}, {"x": 482, "y": 929}, {"x": 490, "y": 920}, {"x": 486, "y": 927}, {"x": 502, "y": 920}], [{"x": 698, "y": 360}, {"x": 705, "y": 344}, {"x": 700, "y": 334}, {"x": 679, "y": 354}, {"x": 680, "y": 356}], [{"x": 437, "y": 560}, {"x": 460, "y": 538}, {"x": 457, "y": 562}, {"x": 464, "y": 532}, {"x": 444, "y": 536}, {"x": 438, "y": 555}], [{"x": 1226, "y": 104}, {"x": 1210, "y": 84}, {"x": 1206, "y": 104}], [{"x": 1263, "y": 858}, {"x": 1263, "y": 877}, {"x": 1264, "y": 884}], [{"x": 311, "y": 1063}, {"x": 313, "y": 1051}, {"x": 293, "y": 1068}, {"x": 310, "y": 1067}, {"x": 309, "y": 1067}], [{"x": 1036, "y": 63}, {"x": 1037, "y": 79}, {"x": 1055, "y": 82}, {"x": 1056, "y": 61}, {"x": 1054, "y": 61}], [{"x": 1321, "y": 278}, {"x": 1348, "y": 296}, {"x": 1348, "y": 279}], [{"x": 767, "y": 1060}, {"x": 771, "y": 1085}, {"x": 769, "y": 1088}, {"x": 793, "y": 1061}, {"x": 785, "y": 1059}], [{"x": 283, "y": 811}, {"x": 287, "y": 814}, {"x": 291, "y": 795}, {"x": 272, "y": 785}, {"x": 283, "y": 810}], [{"x": 1123, "y": 1050}, {"x": 1124, "y": 1041}, {"x": 1120, "y": 1044}, {"x": 1096, "y": 1043}, {"x": 1117, "y": 1061}, {"x": 1116, "y": 1068}], [{"x": 1283, "y": 433}, {"x": 1284, "y": 429}, {"x": 1258, "y": 427}, {"x": 1261, "y": 435}, {"x": 1261, "y": 454}, {"x": 1265, "y": 455}], [{"x": 1097, "y": 1074}, {"x": 1100, "y": 1070}, {"x": 1082, "y": 1074}, {"x": 1083, "y": 1076}], [{"x": 148, "y": 516}, {"x": 168, "y": 518}, {"x": 168, "y": 516}], [{"x": 1191, "y": 435}, {"x": 1209, "y": 435}, {"x": 1196, "y": 430}], [{"x": 135, "y": 192}, {"x": 135, "y": 202}, {"x": 152, "y": 216}, {"x": 157, "y": 201}, {"x": 136, "y": 194}], [{"x": 641, "y": 337}, {"x": 642, "y": 339}, {"x": 661, "y": 352}, {"x": 637, "y": 332}, {"x": 636, "y": 334}], [{"x": 403, "y": 1186}, {"x": 424, "y": 1185}, {"x": 416, "y": 1185}], [{"x": 81, "y": 809}, {"x": 97, "y": 798}, {"x": 77, "y": 798}], [{"x": 404, "y": 737}, {"x": 423, "y": 734}, {"x": 430, "y": 717}, {"x": 427, "y": 716}, {"x": 422, "y": 719}], [{"x": 1150, "y": 859}, {"x": 1173, "y": 859}, {"x": 1153, "y": 836}], [{"x": 867, "y": 948}, {"x": 869, "y": 968}, {"x": 875, "y": 975}, {"x": 895, "y": 974}], [{"x": 870, "y": 461}, {"x": 877, "y": 458}, {"x": 874, "y": 453}], [{"x": 856, "y": 1318}, {"x": 856, "y": 1320}, {"x": 859, "y": 1321}, {"x": 876, "y": 1307}], [{"x": 831, "y": 1345}, {"x": 833, "y": 1352}, {"x": 837, "y": 1369}, {"x": 852, "y": 1371}, {"x": 851, "y": 1355}], [{"x": 775, "y": 179}, {"x": 778, "y": 173}, {"x": 756, "y": 175}, {"x": 757, "y": 176}, {"x": 752, "y": 191}], [{"x": 469, "y": 464}, {"x": 488, "y": 461}, {"x": 466, "y": 448}], [{"x": 473, "y": 521}, {"x": 477, "y": 542}, {"x": 483, "y": 541}, {"x": 498, "y": 538}, {"x": 473, "y": 518}], [{"x": 637, "y": 234}, {"x": 645, "y": 212}, {"x": 644, "y": 208}], [{"x": 622, "y": 153}, {"x": 622, "y": 157}, {"x": 624, "y": 176}, {"x": 640, "y": 175}, {"x": 645, "y": 177}, {"x": 624, "y": 157}], [{"x": 1171, "y": 379}, {"x": 1191, "y": 372}, {"x": 1190, "y": 353}], [{"x": 346, "y": 1334}, {"x": 364, "y": 1330}, {"x": 360, "y": 1313}, {"x": 358, "y": 1329}, {"x": 359, "y": 1314}, {"x": 340, "y": 1334}], [{"x": 241, "y": 771}, {"x": 259, "y": 792}, {"x": 258, "y": 770}], [{"x": 567, "y": 974}, {"x": 590, "y": 949}, {"x": 583, "y": 950}], [{"x": 1046, "y": 1020}, {"x": 1027, "y": 1018}, {"x": 1017, "y": 1045}, {"x": 1037, "y": 1043}, {"x": 1047, "y": 1025}], [{"x": 634, "y": 1238}, {"x": 631, "y": 1229}, {"x": 615, "y": 1233}, {"x": 611, "y": 1249}, {"x": 626, "y": 1255}, {"x": 631, "y": 1254}], [{"x": 435, "y": 859}, {"x": 460, "y": 875}, {"x": 460, "y": 856}, {"x": 462, "y": 854}], [{"x": 451, "y": 651}, {"x": 440, "y": 658}, {"x": 457, "y": 658}, {"x": 433, "y": 659}, {"x": 450, "y": 672}, {"x": 460, "y": 655}], [{"x": 1373, "y": 311}, {"x": 1371, "y": 321}, {"x": 1352, "y": 331}, {"x": 1355, "y": 334}, {"x": 1374, "y": 321}], [{"x": 1085, "y": 597}, {"x": 1097, "y": 617}, {"x": 1098, "y": 615}, {"x": 1102, "y": 622}, {"x": 1104, "y": 613}], [{"x": 1065, "y": 1079}, {"x": 1078, "y": 1078}, {"x": 1083, "y": 1061}, {"x": 1058, "y": 1055}], [{"x": 857, "y": 1043}, {"x": 852, "y": 1058}, {"x": 876, "y": 1066}, {"x": 858, "y": 1043}], [{"x": 419, "y": 491}, {"x": 432, "y": 490}, {"x": 415, "y": 469}, {"x": 418, "y": 488}], [{"x": 1229, "y": 365}, {"x": 1245, "y": 342}, {"x": 1219, "y": 346}, {"x": 1223, "y": 363}], [{"x": 306, "y": 905}, {"x": 305, "y": 923}, {"x": 309, "y": 922}, {"x": 329, "y": 929}, {"x": 324, "y": 911}], [{"x": 652, "y": 989}, {"x": 673, "y": 1005}, {"x": 675, "y": 1011}, {"x": 656, "y": 1012}, {"x": 677, "y": 1012}, {"x": 674, "y": 984}], [{"x": 1205, "y": 456}, {"x": 1209, "y": 474}, {"x": 1209, "y": 450}, {"x": 1185, "y": 454}], [{"x": 394, "y": 526}, {"x": 396, "y": 527}, {"x": 420, "y": 506}, {"x": 417, "y": 504}, {"x": 411, "y": 504}], [{"x": 1189, "y": 1249}, {"x": 1210, "y": 1246}, {"x": 1186, "y": 1248}], [{"x": 576, "y": 698}, {"x": 579, "y": 679}, {"x": 576, "y": 671}, {"x": 563, "y": 675}, {"x": 554, "y": 694}], [{"x": 938, "y": 1308}, {"x": 921, "y": 1309}, {"x": 943, "y": 1328}, {"x": 945, "y": 1325}, {"x": 941, "y": 1311}, {"x": 946, "y": 1309}], [{"x": 1375, "y": 1267}, {"x": 1375, "y": 1262}, {"x": 1362, "y": 1262}, {"x": 1359, "y": 1290}], [{"x": 867, "y": 690}, {"x": 867, "y": 693}, {"x": 885, "y": 696}], [{"x": 1240, "y": 966}, {"x": 1215, "y": 960}, {"x": 1213, "y": 960}, {"x": 1220, "y": 964}, {"x": 1233, "y": 982}], [{"x": 751, "y": 1338}, {"x": 772, "y": 1363}, {"x": 777, "y": 1356}], [{"x": 1076, "y": 788}, {"x": 1096, "y": 804}, {"x": 1101, "y": 800}, {"x": 1099, "y": 787}, {"x": 1081, "y": 788}], [{"x": 275, "y": 149}, {"x": 284, "y": 151}, {"x": 299, "y": 129}, {"x": 280, "y": 138}], [{"x": 1157, "y": 1149}, {"x": 1164, "y": 1145}, {"x": 1159, "y": 1147}], [{"x": 441, "y": 179}, {"x": 429, "y": 177}, {"x": 420, "y": 160}, {"x": 422, "y": 182}, {"x": 441, "y": 184}, {"x": 446, "y": 175}], [{"x": 776, "y": 691}, {"x": 774, "y": 712}, {"x": 780, "y": 718}, {"x": 791, "y": 720}, {"x": 799, "y": 716}], [{"x": 504, "y": 1134}, {"x": 507, "y": 1154}, {"x": 525, "y": 1153}, {"x": 527, "y": 1138}, {"x": 530, "y": 1138}, {"x": 506, "y": 1130}], [{"x": 774, "y": 509}, {"x": 781, "y": 505}, {"x": 781, "y": 487}, {"x": 756, "y": 494}, {"x": 757, "y": 509}, {"x": 758, "y": 514}], [{"x": 928, "y": 1104}, {"x": 931, "y": 1089}, {"x": 930, "y": 1083}, {"x": 918, "y": 1081}, {"x": 917, "y": 1089}, {"x": 910, "y": 1104}], [{"x": 784, "y": 789}, {"x": 807, "y": 778}, {"x": 804, "y": 771}, {"x": 783, "y": 769}], [{"x": 729, "y": 58}, {"x": 752, "y": 73}, {"x": 743, "y": 53}], [{"x": 996, "y": 705}, {"x": 1022, "y": 698}, {"x": 1021, "y": 676}, {"x": 1002, "y": 700}, {"x": 998, "y": 696}, {"x": 993, "y": 703}], [{"x": 474, "y": 207}, {"x": 460, "y": 231}, {"x": 479, "y": 211}], [{"x": 694, "y": 837}, {"x": 696, "y": 835}, {"x": 671, "y": 822}, {"x": 678, "y": 839}, {"x": 680, "y": 841}], [{"x": 418, "y": 218}, {"x": 414, "y": 245}, {"x": 436, "y": 247}], [{"x": 1269, "y": 519}, {"x": 1271, "y": 511}, {"x": 1271, "y": 510}, {"x": 1270, "y": 489}], [{"x": 194, "y": 785}, {"x": 196, "y": 811}, {"x": 215, "y": 812}, {"x": 210, "y": 806}, {"x": 218, "y": 790}], [{"x": 1118, "y": 1065}, {"x": 1134, "y": 1063}, {"x": 1134, "y": 1042}, {"x": 1133, "y": 1041}], [{"x": 999, "y": 850}, {"x": 1017, "y": 844}, {"x": 1019, "y": 841}, {"x": 999, "y": 841}, {"x": 998, "y": 847}], [{"x": 133, "y": 550}, {"x": 130, "y": 550}, {"x": 128, "y": 559}, {"x": 147, "y": 555}], [{"x": 135, "y": 584}, {"x": 142, "y": 588}, {"x": 136, "y": 584}, {"x": 123, "y": 564}], [{"x": 1118, "y": 907}, {"x": 1119, "y": 905}, {"x": 1115, "y": 881}, {"x": 1113, "y": 888}], [{"x": 1271, "y": 942}, {"x": 1272, "y": 935}, {"x": 1272, "y": 919}, {"x": 1253, "y": 921}, {"x": 1254, "y": 921}], [{"x": 1116, "y": 934}, {"x": 1138, "y": 934}, {"x": 1140, "y": 933}, {"x": 1121, "y": 929}, {"x": 1116, "y": 915}, {"x": 1111, "y": 918}], [{"x": 601, "y": 353}, {"x": 609, "y": 358}, {"x": 629, "y": 337}, {"x": 627, "y": 337}, {"x": 604, "y": 338}, {"x": 600, "y": 353}], [{"x": 114, "y": 895}, {"x": 111, "y": 895}, {"x": 110, "y": 901}, {"x": 97, "y": 898}, {"x": 110, "y": 916}], [{"x": 856, "y": 1082}, {"x": 837, "y": 1089}, {"x": 832, "y": 1086}, {"x": 836, "y": 1100}, {"x": 840, "y": 1106}], [{"x": 737, "y": 1101}, {"x": 732, "y": 1079}, {"x": 721, "y": 1077}, {"x": 718, "y": 1099}], [{"x": 940, "y": 1259}, {"x": 957, "y": 1276}, {"x": 962, "y": 1278}, {"x": 966, "y": 1275}, {"x": 962, "y": 1258}], [{"x": 876, "y": 140}, {"x": 892, "y": 117}, {"x": 886, "y": 117}, {"x": 874, "y": 113}], [{"x": 118, "y": 409}, {"x": 138, "y": 387}, {"x": 125, "y": 386}, {"x": 117, "y": 383}], [{"x": 657, "y": 1189}, {"x": 681, "y": 1194}, {"x": 678, "y": 1174}, {"x": 661, "y": 1189}], [{"x": 477, "y": 491}, {"x": 491, "y": 494}, {"x": 500, "y": 475}, {"x": 496, "y": 471}, {"x": 477, "y": 467}, {"x": 473, "y": 469}], [{"x": 1015, "y": 1346}, {"x": 1012, "y": 1374}, {"x": 1031, "y": 1350}], [{"x": 323, "y": 144}, {"x": 343, "y": 153}, {"x": 343, "y": 147}], [{"x": 449, "y": 738}, {"x": 450, "y": 721}, {"x": 450, "y": 717}, {"x": 432, "y": 712}], [{"x": 656, "y": 1034}, {"x": 659, "y": 1064}, {"x": 660, "y": 1037}, {"x": 679, "y": 1042}], [{"x": 1400, "y": 1154}, {"x": 1393, "y": 1152}, {"x": 1378, "y": 1176}, {"x": 1382, "y": 1173}, {"x": 1400, "y": 1178}], [{"x": 614, "y": 290}, {"x": 620, "y": 292}, {"x": 639, "y": 292}, {"x": 616, "y": 290}], [{"x": 743, "y": 709}, {"x": 740, "y": 685}, {"x": 714, "y": 693}, {"x": 735, "y": 693}, {"x": 738, "y": 692}, {"x": 737, "y": 707}], [{"x": 877, "y": 500}, {"x": 878, "y": 489}, {"x": 856, "y": 486}, {"x": 858, "y": 489}, {"x": 862, "y": 506}, {"x": 873, "y": 504}], [{"x": 554, "y": 166}, {"x": 554, "y": 184}, {"x": 578, "y": 166}], [{"x": 395, "y": 1218}, {"x": 416, "y": 1224}, {"x": 415, "y": 1220}, {"x": 421, "y": 1215}, {"x": 402, "y": 1201}], [{"x": 416, "y": 1366}, {"x": 421, "y": 1366}, {"x": 395, "y": 1365}], [{"x": 302, "y": 360}, {"x": 325, "y": 342}, {"x": 318, "y": 337}, {"x": 319, "y": 338}, {"x": 301, "y": 341}], [{"x": 604, "y": 1381}, {"x": 624, "y": 1381}, {"x": 619, "y": 1374}, {"x": 616, "y": 1358}, {"x": 599, "y": 1378}, {"x": 601, "y": 1378}], [{"x": 948, "y": 1283}, {"x": 951, "y": 1289}, {"x": 953, "y": 1311}, {"x": 966, "y": 1304}, {"x": 972, "y": 1304}, {"x": 965, "y": 1284}], [{"x": 1152, "y": 287}, {"x": 1154, "y": 277}, {"x": 1158, "y": 260}, {"x": 1153, "y": 263}, {"x": 1151, "y": 265}], [{"x": 1296, "y": 256}, {"x": 1312, "y": 256}, {"x": 1315, "y": 226}], [{"x": 332, "y": 734}, {"x": 349, "y": 731}, {"x": 324, "y": 710}, {"x": 324, "y": 738}], [{"x": 508, "y": 387}, {"x": 496, "y": 394}, {"x": 491, "y": 410}, {"x": 492, "y": 415}, {"x": 509, "y": 389}], [{"x": 107, "y": 777}, {"x": 104, "y": 772}, {"x": 101, "y": 789}], [{"x": 936, "y": 1243}, {"x": 937, "y": 1222}, {"x": 936, "y": 1230}], [{"x": 812, "y": 119}, {"x": 816, "y": 145}, {"x": 814, "y": 118}, {"x": 815, "y": 136}], [{"x": 1247, "y": 937}, {"x": 1248, "y": 941}, {"x": 1262, "y": 966}], [{"x": 721, "y": 343}, {"x": 716, "y": 349}, {"x": 719, "y": 350}, {"x": 742, "y": 351}, {"x": 723, "y": 344}], [{"x": 487, "y": 437}, {"x": 496, "y": 438}, {"x": 489, "y": 431}, {"x": 492, "y": 416}, {"x": 471, "y": 415}, {"x": 476, "y": 437}], [{"x": 378, "y": 659}, {"x": 381, "y": 645}, {"x": 358, "y": 660}, {"x": 362, "y": 665}], [{"x": 103, "y": 739}, {"x": 102, "y": 739}, {"x": 108, "y": 766}, {"x": 121, "y": 763}, {"x": 110, "y": 744}], [{"x": 284, "y": 235}, {"x": 305, "y": 254}, {"x": 304, "y": 252}, {"x": 290, "y": 235}], [{"x": 70, "y": 850}, {"x": 94, "y": 868}, {"x": 69, "y": 848}, {"x": 68, "y": 867}, {"x": 76, "y": 867}], [{"x": 978, "y": 1375}, {"x": 962, "y": 1377}, {"x": 955, "y": 1373}, {"x": 952, "y": 1378}, {"x": 962, "y": 1382}], [{"x": 1298, "y": 387}, {"x": 1302, "y": 363}, {"x": 1299, "y": 369}], [{"x": 849, "y": 179}, {"x": 850, "y": 173}, {"x": 829, "y": 177}, {"x": 832, "y": 190}, {"x": 838, "y": 189}, {"x": 858, "y": 192}], [{"x": 950, "y": 896}, {"x": 972, "y": 867}, {"x": 949, "y": 871}], [{"x": 647, "y": 926}, {"x": 624, "y": 952}, {"x": 643, "y": 948}, {"x": 647, "y": 947}], [{"x": 534, "y": 716}, {"x": 537, "y": 689}, {"x": 509, "y": 692}], [{"x": 145, "y": 480}, {"x": 146, "y": 477}, {"x": 127, "y": 478}, {"x": 145, "y": 484}], [{"x": 416, "y": 801}, {"x": 413, "y": 782}, {"x": 416, "y": 802}], [{"x": 159, "y": 377}, {"x": 162, "y": 396}, {"x": 160, "y": 374}], [{"x": 361, "y": 554}, {"x": 376, "y": 532}, {"x": 357, "y": 559}, {"x": 382, "y": 550}, {"x": 381, "y": 531}, {"x": 379, "y": 537}], [{"x": 463, "y": 1358}, {"x": 470, "y": 1338}, {"x": 444, "y": 1334}, {"x": 445, "y": 1337}], [{"x": 197, "y": 851}, {"x": 199, "y": 872}, {"x": 198, "y": 878}, {"x": 216, "y": 877}, {"x": 222, "y": 876}], [{"x": 635, "y": 814}, {"x": 640, "y": 796}, {"x": 622, "y": 787}, {"x": 619, "y": 794}, {"x": 633, "y": 811}], [{"x": 329, "y": 1317}, {"x": 336, "y": 1320}, {"x": 326, "y": 1296}, {"x": 311, "y": 1295}, {"x": 316, "y": 1314}], [{"x": 1328, "y": 822}, {"x": 1347, "y": 807}, {"x": 1330, "y": 805}], [{"x": 1303, "y": 635}, {"x": 1309, "y": 638}, {"x": 1324, "y": 637}, {"x": 1306, "y": 635}], [{"x": 980, "y": 1000}, {"x": 975, "y": 1001}, {"x": 976, "y": 1026}, {"x": 997, "y": 1022}], [{"x": 366, "y": 390}, {"x": 348, "y": 395}, {"x": 343, "y": 412}, {"x": 367, "y": 392}], [{"x": 1316, "y": 443}, {"x": 1336, "y": 467}, {"x": 1333, "y": 443}], [{"x": 507, "y": 969}, {"x": 517, "y": 971}, {"x": 513, "y": 968}, {"x": 490, "y": 964}], [{"x": 1182, "y": 419}, {"x": 1189, "y": 420}, {"x": 1200, "y": 410}], [{"x": 1316, "y": 152}, {"x": 1322, "y": 155}, {"x": 1338, "y": 154}], [{"x": 467, "y": 62}, {"x": 488, "y": 64}, {"x": 473, "y": 66}, {"x": 489, "y": 64}, {"x": 484, "y": 61}], [{"x": 1026, "y": 174}, {"x": 1041, "y": 156}, {"x": 1040, "y": 151}, {"x": 1023, "y": 153}, {"x": 1021, "y": 155}, {"x": 1025, "y": 176}], [{"x": 789, "y": 1299}, {"x": 790, "y": 1323}, {"x": 790, "y": 1303}], [{"x": 224, "y": 1066}, {"x": 234, "y": 1084}, {"x": 244, "y": 1081}, {"x": 254, "y": 1058}], [{"x": 567, "y": 183}, {"x": 570, "y": 180}, {"x": 585, "y": 161}, {"x": 586, "y": 157}, {"x": 568, "y": 178}, {"x": 566, "y": 181}], [{"x": 856, "y": 1169}, {"x": 861, "y": 1154}, {"x": 834, "y": 1177}]]}
