{"type": "CGSHOP2023_Instance", "name": "cheese168", "n": 168, "outer_boundary": [{"x": 93, "y": 323}, {"x": 24, "y": 295}, {"x": 10, "y": 163}, {"x": 21, "y": 28}, {"x": 127, "y": 10}, {"x": 322, "y": 98}, {"x": 330, "y": 308}, {"x": 256, "y": 330}], "holes": [[{"x": 249, "y": 141}, {"x": 258, "y": 156}, {"x": 259, "y": 142}, {"x": 273, "y": 142}, {"x": 254, "y": 136}, {"x": 252, "y": 137}], [{"x": 205, "y": 157}, {"x": 202, "y": 131}, {"x": 199, "y": 150}], [{"x": 289, "y": 277}, {"x": 298, "y": 290}, {"x": 297, "y": 276}, {"x": 314, "y": 278}, {"x": 316, "y": 295}, {"x": 314, "y": 268}], [{"x": 261, "y": 248}, {"x": 277, "y": 254}, {"x": 281, "y": 250}, {"x": 282, "y": 236}], [{"x": 258, "y": 296}, {"x": 267, "y": 320}, {"x": 284, "y": 303}, {"x": 265, "y": 305}, {"x": 262, "y": 298}, {"x": 260, "y": 296}], [{"x": 173, "y": 165}, {"x": 196, "y": 170}, {"x": 187, "y": 162}, {"x": 187, "y": 140}, {"x": 170, "y": 147}, {"x": 167, "y": 167}], [{"x": 45, "y": 237}, {"x": 47, "y": 249}, {"x": 62, "y": 250}, {"x": 49, "y": 253}, {"x": 66, "y": 256}, {"x": 65, "y": 250}], [{"x": 139, "y": 246}, {"x": 141, "y": 245}, {"x": 118, "y": 251}, {"x": 114, "y": 254}, {"x": 122, "y": 274}], [{"x": 139, "y": 229}, {"x": 137, "y": 208}, {"x": 115, "y": 210}, {"x": 118, "y": 221}], [{"x": 96, "y": 93}, {"x": 89, "y": 93}, {"x": 74, "y": 110}, {"x": 91, "y": 96}, {"x": 95, "y": 96}], [{"x": 35, "y": 279}, {"x": 35, "y": 284}, {"x": 51, "y": 265}, {"x": 56, "y": 283}, {"x": 59, "y": 267}, {"x": 54, "y": 261}], [{"x": 283, "y": 221}, {"x": 262, "y": 203}, {"x": 265, "y": 222}, {"x": 284, "y": 221}], [{"x": 83, "y": 171}, {"x": 86, "y": 182}, {"x": 90, "y": 191}, {"x": 88, "y": 185}, {"x": 103, "y": 188}, {"x": 103, "y": 183}], [{"x": 245, "y": 190}, {"x": 245, "y": 187}, {"x": 230, "y": 213}, {"x": 251, "y": 189}, {"x": 249, "y": 184}], [{"x": 80, "y": 303}, {"x": 85, "y": 302}, {"x": 77, "y": 286}, {"x": 59, "y": 283}, {"x": 76, "y": 302}], [{"x": 77, "y": 50}, {"x": 74, "y": 50}, {"x": 56, "y": 69}, {"x": 63, "y": 55}, {"x": 53, "y": 72}, {"x": 81, "y": 69}], [{"x": 293, "y": 133}, {"x": 307, "y": 126}, {"x": 295, "y": 112}, {"x": 308, "y": 110}, {"x": 291, "y": 108}], [{"x": 64, "y": 126}, {"x": 41, "y": 127}, {"x": 39, "y": 142}, {"x": 45, "y": 144}, {"x": 60, "y": 141}], [{"x": 267, "y": 103}, {"x": 268, "y": 95}, {"x": 268, "y": 94}, {"x": 259, "y": 102}], [{"x": 126, "y": 181}, {"x": 141, "y": 168}, {"x": 144, "y": 164}, {"x": 138, "y": 164}], [{"x": 274, "y": 166}, {"x": 256, "y": 166}, {"x": 255, "y": 184}, {"x": 256, "y": 186}, {"x": 250, "y": 191}, {"x": 277, "y": 184}], [{"x": 188, "y": 223}, {"x": 193, "y": 225}, {"x": 186, "y": 236}, {"x": 192, "y": 241}, {"x": 194, "y": 218}, {"x": 170, "y": 218}], [{"x": 50, "y": 46}, {"x": 55, "y": 40}, {"x": 35, "y": 39}], [{"x": 102, "y": 304}, {"x": 107, "y": 301}, {"x": 83, "y": 310}], [{"x": 96, "y": 273}, {"x": 98, "y": 289}, {"x": 114, "y": 292}, {"x": 119, "y": 288}, {"x": 118, "y": 268}], [{"x": 163, "y": 110}, {"x": 178, "y": 109}, {"x": 184, "y": 88}, {"x": 183, "y": 86}, {"x": 158, "y": 107}], [{"x": 92, "y": 43}, {"x": 120, "y": 29}, {"x": 110, "y": 31}, {"x": 116, "y": 22}], [{"x": 52, "y": 177}, {"x": 52, "y": 160}, {"x": 47, "y": 154}, {"x": 23, "y": 151}, {"x": 31, "y": 180}, {"x": 46, "y": 160}], [{"x": 129, "y": 84}, {"x": 149, "y": 111}, {"x": 152, "y": 111}, {"x": 150, "y": 91}, {"x": 149, "y": 103}, {"x": 133, "y": 88}], [{"x": 292, "y": 243}, {"x": 312, "y": 247}, {"x": 285, "y": 231}], [{"x": 203, "y": 268}, {"x": 226, "y": 267}, {"x": 226, "y": 245}, {"x": 203, "y": 261}, {"x": 202, "y": 262}, {"x": 224, "y": 260}], [{"x": 192, "y": 243}, {"x": 207, "y": 246}, {"x": 197, "y": 240}], [{"x": 112, "y": 34}, {"x": 125, "y": 56}, {"x": 125, "y": 41}]]}
