{"type": "CGSHOP2023_Instance", "name": "cheese132", "n": 132, "outer_boundary": [{"x": 26, "y": 285}, {"x": 21, "y": 270}, {"x": 10, "y": 222}, {"x": 35, "y": 10}, {"x": 320, "y": 23}, {"x": 331, "y": 162}, {"x": 328, "y": 201}, {"x": 265, "y": 324}, {"x": 252, "y": 325}, {"x": 49, "y": 317}], "holes": [[{"x": 212, "y": 193}, {"x": 209, "y": 197}, {"x": 189, "y": 197}, {"x": 210, "y": 211}], [{"x": 192, "y": 262}, {"x": 210, "y": 260}, {"x": 212, "y": 257}], [{"x": 64, "y": 269}, {"x": 70, "y": 270}, {"x": 82, "y": 252}, {"x": 70, "y": 256}, {"x": 63, "y": 251}, {"x": 61, "y": 256}], [{"x": 279, "y": 142}, {"x": 299, "y": 148}, {"x": 301, "y": 148}, {"x": 294, "y": 119}, {"x": 275, "y": 127}, {"x": 279, "y": 149}], [{"x": 74, "y": 61}, {"x": 83, "y": 56}, {"x": 80, "y": 56}], [{"x": 104, "y": 130}, {"x": 110, "y": 134}, {"x": 112, "y": 105}], [{"x": 27, "y": 234}, {"x": 21, "y": 232}, {"x": 44, "y": 251}], [{"x": 49, "y": 25}, {"x": 67, "y": 48}, {"x": 47, "y": 21}, {"x": 49, "y": 29}], [{"x": 149, "y": 83}, {"x": 159, "y": 83}, {"x": 177, "y": 89}, {"x": 177, "y": 61}, {"x": 157, "y": 62}], [{"x": 174, "y": 116}, {"x": 192, "y": 117}, {"x": 167, "y": 95}, {"x": 167, "y": 114}, {"x": 174, "y": 113}, {"x": 177, "y": 114}], [{"x": 45, "y": 186}, {"x": 64, "y": 171}, {"x": 49, "y": 169}], [{"x": 198, "y": 115}, {"x": 214, "y": 116}, {"x": 215, "y": 111}, {"x": 223, "y": 114}, {"x": 213, "y": 93}, {"x": 202, "y": 94}], [{"x": 288, "y": 59}, {"x": 309, "y": 34}, {"x": 290, "y": 54}], [{"x": 230, "y": 247}, {"x": 238, "y": 242}, {"x": 235, "y": 223}, {"x": 234, "y": 242}], [{"x": 151, "y": 153}, {"x": 168, "y": 153}, {"x": 175, "y": 155}, {"x": 171, "y": 130}, {"x": 145, "y": 140}, {"x": 146, "y": 152}], [{"x": 41, "y": 279}, {"x": 40, "y": 287}, {"x": 34, "y": 283}, {"x": 39, "y": 298}, {"x": 59, "y": 304}, {"x": 62, "y": 303}], [{"x": 317, "y": 169}, {"x": 291, "y": 191}, {"x": 296, "y": 194}, {"x": 317, "y": 188}, {"x": 319, "y": 172}], [{"x": 288, "y": 150}, {"x": 305, "y": 151}, {"x": 286, "y": 145}, {"x": 283, "y": 147}], [{"x": 26, "y": 251}, {"x": 32, "y": 248}, {"x": 29, "y": 244}], [{"x": 256, "y": 199}, {"x": 262, "y": 200}, {"x": 285, "y": 181}, {"x": 281, "y": 174}, {"x": 265, "y": 176}], [{"x": 255, "y": 286}, {"x": 236, "y": 288}, {"x": 235, "y": 288}, {"x": 242, "y": 312}, {"x": 253, "y": 311}, {"x": 256, "y": 289}], [{"x": 104, "y": 162}, {"x": 107, "y": 163}, {"x": 123, "y": 157}, {"x": 104, "y": 157}, {"x": 103, "y": 160}], [{"x": 204, "y": 76}, {"x": 224, "y": 90}, {"x": 205, "y": 73}], [{"x": 90, "y": 224}, {"x": 115, "y": 224}, {"x": 109, "y": 207}], [{"x": 247, "y": 171}, {"x": 268, "y": 170}, {"x": 252, "y": 149}], [{"x": 238, "y": 252}, {"x": 256, "y": 243}, {"x": 243, "y": 244}, {"x": 244, "y": 232}, {"x": 236, "y": 249}], [{"x": 255, "y": 130}, {"x": 249, "y": 126}, {"x": 236, "y": 121}, {"x": 236, "y": 123}], [{"x": 130, "y": 282}, {"x": 151, "y": 256}, {"x": 135, "y": 275}, {"x": 129, "y": 279}, {"x": 127, "y": 275}]]}
