{"type": "CGSHOP2023_Instance", "name": "cheese2009", "n": 2009, "outer_boundary": [{"x": 66, "y": 1174}, {"x": 10, "y": 636}, {"x": 30, "y": 284}, {"x": 39, "y": 189}, {"x": 21, "y": 133}, {"x": 67, "y": 99}, {"x": 78, "y": 36}, {"x": 166, "y": 21}, {"x": 488, "y": 10}, {"x": 1029, "y": 28}, {"x": 1049, "y": 15}, {"x": 1150, "y": 23}, {"x": 1186, "y": 215}, {"x": 1212, "y": 1005}, {"x": 1146, "y": 1086}, {"x": 1165, "y": 1149}, {"x": 1119, "y": 1185}, {"x": 481, "y": 1161}], "holes": [[{"x": 1051, "y": 796}, {"x": 1057, "y": 800}, {"x": 1054, "y": 776}], [{"x": 458, "y": 245}, {"x": 459, "y": 244}, {"x": 453, "y": 222}, {"x": 440, "y": 222}, {"x": 437, "y": 226}], [{"x": 302, "y": 99}, {"x": 307, "y": 98}, {"x": 302, "y": 97}, {"x": 282, "y": 97}, {"x": 286, "y": 72}, {"x": 277, "y": 99}], [{"x": 683, "y": 704}, {"x": 670, "y": 702}, {"x": 661, "y": 707}], [{"x": 280, "y": 286}, {"x": 266, "y": 311}, {"x": 284, "y": 303}], [{"x": 86, "y": 430}, {"x": 111, "y": 432}, {"x": 106, "y": 409}, {"x": 91, "y": 407}], [{"x": 182, "y": 776}, {"x": 200, "y": 753}, {"x": 181, "y": 754}, {"x": 173, "y": 771}, {"x": 176, "y": 773}], [{"x": 342, "y": 519}, {"x": 323, "y": 512}, {"x": 323, "y": 501}, {"x": 333, "y": 502}, {"x": 314, "y": 500}, {"x": 320, "y": 513}], [{"x": 671, "y": 457}, {"x": 688, "y": 456}, {"x": 695, "y": 431}], [{"x": 544, "y": 160}, {"x": 531, "y": 155}, {"x": 530, "y": 162}, {"x": 548, "y": 181}, {"x": 550, "y": 183}], [{"x": 222, "y": 1103}, {"x": 247, "y": 1126}, {"x": 229, "y": 1106}], [{"x": 293, "y": 180}, {"x": 311, "y": 199}, {"x": 308, "y": 183}, {"x": 318, "y": 174}, {"x": 297, "y": 175}], [{"x": 890, "y": 911}, {"x": 884, "y": 916}, {"x": 880, "y": 915}, {"x": 900, "y": 935}, {"x": 908, "y": 917}, {"x": 890, "y": 910}], [{"x": 1019, "y": 512}, {"x": 1015, "y": 483}, {"x": 1001, "y": 487}, {"x": 999, "y": 505}], [{"x": 1123, "y": 985}, {"x": 1123, "y": 989}, {"x": 1122, "y": 1009}, {"x": 1144, "y": 1005}, {"x": 1126, "y": 984}], [{"x": 449, "y": 102}, {"x": 424, "y": 76}, {"x": 422, "y": 74}], [{"x": 867, "y": 1056}, {"x": 859, "y": 1054}, {"x": 857, "y": 1076}, {"x": 877, "y": 1073}, {"x": 885, "y": 1075}], [{"x": 251, "y": 1086}, {"x": 257, "y": 1103}, {"x": 269, "y": 1108}, {"x": 276, "y": 1084}, {"x": 270, "y": 1081}, {"x": 252, "y": 1085}], [{"x": 826, "y": 734}, {"x": 848, "y": 759}, {"x": 838, "y": 742}], [{"x": 682, "y": 169}, {"x": 684, "y": 165}, {"x": 667, "y": 143}, {"x": 670, "y": 150}, {"x": 683, "y": 164}], [{"x": 788, "y": 867}, {"x": 790, "y": 865}, {"x": 768, "y": 868}, {"x": 769, "y": 874}, {"x": 786, "y": 892}, {"x": 783, "y": 873}], [{"x": 734, "y": 905}, {"x": 749, "y": 902}, {"x": 753, "y": 880}, {"x": 729, "y": 877}, {"x": 728, "y": 885}], [{"x": 796, "y": 343}, {"x": 812, "y": 340}, {"x": 812, "y": 329}, {"x": 791, "y": 323}, {"x": 793, "y": 348}, {"x": 793, "y": 345}], [{"x": 698, "y": 181}, {"x": 716, "y": 163}, {"x": 709, "y": 163}], [{"x": 169, "y": 1063}, {"x": 168, "y": 1056}, {"x": 165, "y": 1063}, {"x": 171, "y": 1083}], [{"x": 243, "y": 832}, {"x": 239, "y": 831}, {"x": 245, "y": 839}, {"x": 257, "y": 834}], [{"x": 619, "y": 978}, {"x": 621, "y": 954}, {"x": 605, "y": 956}, {"x": 599, "y": 977}], [{"x": 90, "y": 1081}, {"x": 107, "y": 1060}, {"x": 87, "y": 1054}, {"x": 88, "y": 1072}], [{"x": 395, "y": 708}, {"x": 393, "y": 690}, {"x": 387, "y": 686}], [{"x": 1065, "y": 358}, {"x": 1085, "y": 358}, {"x": 1087, "y": 342}, {"x": 1085, "y": 341}, {"x": 1066, "y": 337}], [{"x": 326, "y": 234}, {"x": 303, "y": 236}, {"x": 327, "y": 234}], [{"x": 540, "y": 961}, {"x": 547, "y": 946}, {"x": 541, "y": 942}, {"x": 545, "y": 947}], [{"x": 637, "y": 334}, {"x": 633, "y": 335}, {"x": 622, "y": 333}, {"x": 622, "y": 355}, {"x": 642, "y": 350}], [{"x": 629, "y": 148}, {"x": 634, "y": 129}, {"x": 626, "y": 150}, {"x": 616, "y": 146}, {"x": 609, "y": 146}, {"x": 632, "y": 155}], [{"x": 140, "y": 248}, {"x": 167, "y": 266}, {"x": 167, "y": 259}, {"x": 163, "y": 246}], [{"x": 318, "y": 1064}, {"x": 304, "y": 1063}, {"x": 298, "y": 1087}, {"x": 297, "y": 1090}, {"x": 305, "y": 1092}, {"x": 323, "y": 1064}], [{"x": 87, "y": 948}, {"x": 89, "y": 956}, {"x": 97, "y": 937}, {"x": 88, "y": 936}, {"x": 68, "y": 937}, {"x": 68, "y": 957}], [{"x": 90, "y": 240}, {"x": 94, "y": 247}, {"x": 107, "y": 267}, {"x": 109, "y": 258}, {"x": 97, "y": 243}], [{"x": 211, "y": 80}, {"x": 227, "y": 84}, {"x": 225, "y": 58}], [{"x": 143, "y": 211}, {"x": 133, "y": 238}, {"x": 138, "y": 234}, {"x": 142, "y": 216}, {"x": 153, "y": 239}], [{"x": 399, "y": 233}, {"x": 423, "y": 240}, {"x": 419, "y": 220}, {"x": 399, "y": 214}, {"x": 400, "y": 220}], [{"x": 210, "y": 299}, {"x": 191, "y": 308}, {"x": 214, "y": 308}], [{"x": 984, "y": 673}, {"x": 984, "y": 668}, {"x": 983, "y": 664}, {"x": 968, "y": 664}, {"x": 970, "y": 690}], [{"x": 257, "y": 610}, {"x": 264, "y": 630}, {"x": 282, "y": 631}, {"x": 279, "y": 617}], [{"x": 714, "y": 882}, {"x": 691, "y": 866}, {"x": 688, "y": 888}, {"x": 692, "y": 888}, {"x": 713, "y": 891}, {"x": 718, "y": 882}], [{"x": 769, "y": 505}, {"x": 773, "y": 479}, {"x": 755, "y": 502}], [{"x": 931, "y": 997}, {"x": 951, "y": 984}, {"x": 936, "y": 984}, {"x": 929, "y": 985}, {"x": 930, "y": 987}], [{"x": 862, "y": 260}, {"x": 853, "y": 243}, {"x": 843, "y": 247}, {"x": 838, "y": 258}], [{"x": 453, "y": 444}, {"x": 449, "y": 464}, {"x": 452, "y": 464}, {"x": 466, "y": 443}], [{"x": 299, "y": 774}, {"x": 314, "y": 776}, {"x": 320, "y": 752}, {"x": 294, "y": 767}], [{"x": 832, "y": 125}, {"x": 854, "y": 125}, {"x": 850, "y": 124}, {"x": 848, "y": 119}, {"x": 834, "y": 104}], [{"x": 349, "y": 802}, {"x": 351, "y": 818}, {"x": 349, "y": 825}, {"x": 367, "y": 815}, {"x": 370, "y": 803}], [{"x": 465, "y": 883}, {"x": 469, "y": 853}, {"x": 446, "y": 855}, {"x": 448, "y": 881}], [{"x": 713, "y": 369}, {"x": 738, "y": 369}, {"x": 739, "y": 356}, {"x": 717, "y": 356}], [{"x": 172, "y": 264}, {"x": 192, "y": 271}, {"x": 192, "y": 263}, {"x": 193, "y": 244}, {"x": 170, "y": 245}], [{"x": 435, "y": 510}, {"x": 464, "y": 532}, {"x": 458, "y": 525}, {"x": 464, "y": 525}, {"x": 457, "y": 506}], [{"x": 506, "y": 772}, {"x": 503, "y": 753}, {"x": 483, "y": 753}], [{"x": 384, "y": 937}, {"x": 383, "y": 936}, {"x": 367, "y": 932}, {"x": 383, "y": 956}, {"x": 385, "y": 940}], [{"x": 245, "y": 243}, {"x": 267, "y": 222}, {"x": 247, "y": 219}], [{"x": 894, "y": 864}, {"x": 902, "y": 846}, {"x": 894, "y": 848}, {"x": 893, "y": 865}, {"x": 918, "y": 866}, {"x": 896, "y": 861}], [{"x": 601, "y": 192}, {"x": 588, "y": 182}, {"x": 580, "y": 197}, {"x": 603, "y": 200}, {"x": 607, "y": 182}], [{"x": 281, "y": 676}, {"x": 296, "y": 694}, {"x": 302, "y": 693}, {"x": 300, "y": 689}, {"x": 300, "y": 678}], [{"x": 361, "y": 751}, {"x": 381, "y": 742}, {"x": 385, "y": 724}], [{"x": 1083, "y": 983}, {"x": 1087, "y": 978}, {"x": 1068, "y": 957}, {"x": 1066, "y": 976}, {"x": 1067, "y": 975}], [{"x": 751, "y": 590}, {"x": 730, "y": 605}, {"x": 729, "y": 611}, {"x": 750, "y": 603}], [{"x": 983, "y": 131}, {"x": 968, "y": 109}, {"x": 965, "y": 109}, {"x": 968, "y": 112}, {"x": 965, "y": 134}, {"x": 986, "y": 135}], [{"x": 224, "y": 533}, {"x": 230, "y": 533}, {"x": 228, "y": 527}], [{"x": 1012, "y": 44}, {"x": 1016, "y": 70}, {"x": 1015, "y": 43}], [{"x": 136, "y": 731}, {"x": 144, "y": 732}, {"x": 145, "y": 727}, {"x": 118, "y": 705}, {"x": 120, "y": 710}], [{"x": 990, "y": 1111}, {"x": 993, "y": 1093}, {"x": 990, "y": 1093}, {"x": 977, "y": 1112}], [{"x": 457, "y": 470}, {"x": 458, "y": 469}, {"x": 457, "y": 466}], [{"x": 929, "y": 863}, {"x": 927, "y": 865}, {"x": 929, "y": 884}], [{"x": 771, "y": 983}, {"x": 777, "y": 961}, {"x": 780, "y": 957}, {"x": 760, "y": 955}, {"x": 760, "y": 959}], [{"x": 1064, "y": 671}, {"x": 1049, "y": 669}, {"x": 1042, "y": 690}, {"x": 1069, "y": 694}, {"x": 1062, "y": 673}], [{"x": 496, "y": 1120}, {"x": 512, "y": 1141}, {"x": 511, "y": 1120}], [{"x": 409, "y": 926}, {"x": 424, "y": 917}, {"x": 409, "y": 898}, {"x": 399, "y": 925}], [{"x": 792, "y": 604}, {"x": 813, "y": 613}, {"x": 809, "y": 606}], [{"x": 1090, "y": 1020}, {"x": 1110, "y": 1019}, {"x": 1110, "y": 1002}], [{"x": 570, "y": 915}, {"x": 585, "y": 910}, {"x": 563, "y": 907}], [{"x": 929, "y": 1020}, {"x": 931, "y": 1000}, {"x": 927, "y": 1020}], [{"x": 929, "y": 851}, {"x": 931, "y": 848}, {"x": 929, "y": 837}, {"x": 904, "y": 834}, {"x": 924, "y": 855}, {"x": 928, "y": 852}], [{"x": 1016, "y": 1061}, {"x": 1017, "y": 1038}, {"x": 994, "y": 1064}, {"x": 994, "y": 1067}, {"x": 1015, "y": 1066}], [{"x": 667, "y": 482}, {"x": 670, "y": 480}, {"x": 653, "y": 475}], [{"x": 780, "y": 155}, {"x": 800, "y": 154}, {"x": 809, "y": 133}, {"x": 804, "y": 129}, {"x": 779, "y": 126}], [{"x": 293, "y": 936}, {"x": 307, "y": 959}, {"x": 308, "y": 955}, {"x": 309, "y": 956}, {"x": 314, "y": 951}, {"x": 307, "y": 940}], [{"x": 445, "y": 957}, {"x": 429, "y": 950}, {"x": 422, "y": 972}, {"x": 431, "y": 970}, {"x": 427, "y": 976}, {"x": 448, "y": 960}], [{"x": 49, "y": 659}, {"x": 57, "y": 670}, {"x": 75, "y": 656}, {"x": 72, "y": 655}, {"x": 67, "y": 654}], [{"x": 91, "y": 505}, {"x": 97, "y": 510}, {"x": 94, "y": 490}], [{"x": 1127, "y": 617}, {"x": 1127, "y": 624}, {"x": 1129, "y": 597}], [{"x": 56, "y": 168}, {"x": 70, "y": 169}, {"x": 78, "y": 140}], [{"x": 369, "y": 300}, {"x": 370, "y": 297}, {"x": 371, "y": 293}, {"x": 365, "y": 281}, {"x": 349, "y": 275}], [{"x": 126, "y": 1021}, {"x": 120, "y": 1023}, {"x": 142, "y": 1026}], [{"x": 959, "y": 1049}, {"x": 941, "y": 1039}, {"x": 937, "y": 1054}, {"x": 959, "y": 1055}], [{"x": 1055, "y": 665}, {"x": 1077, "y": 666}, {"x": 1074, "y": 643}, {"x": 1056, "y": 639}, {"x": 1052, "y": 639}], [{"x": 989, "y": 812}, {"x": 987, "y": 814}, {"x": 1013, "y": 819}, {"x": 1014, "y": 819}, {"x": 995, "y": 798}], [{"x": 1126, "y": 187}, {"x": 1146, "y": 169}, {"x": 1124, "y": 173}, {"x": 1123, "y": 191}, {"x": 1124, "y": 194}], [{"x": 629, "y": 954}, {"x": 652, "y": 949}, {"x": 636, "y": 951}], [{"x": 429, "y": 640}, {"x": 451, "y": 614}, {"x": 434, "y": 620}], [{"x": 126, "y": 57}, {"x": 132, "y": 61}, {"x": 155, "y": 56}], [{"x": 488, "y": 357}, {"x": 489, "y": 359}, {"x": 494, "y": 342}, {"x": 491, "y": 343}], [{"x": 1032, "y": 256}, {"x": 1032, "y": 259}, {"x": 1050, "y": 259}, {"x": 1049, "y": 245}, {"x": 1050, "y": 239}, {"x": 1025, "y": 258}], [{"x": 977, "y": 94}, {"x": 1003, "y": 88}, {"x": 1000, "y": 76}, {"x": 996, "y": 70}], [{"x": 1027, "y": 478}, {"x": 1026, "y": 492}, {"x": 1031, "y": 496}, {"x": 1046, "y": 490}, {"x": 1030, "y": 470}], [{"x": 699, "y": 682}, {"x": 705, "y": 697}, {"x": 726, "y": 703}, {"x": 727, "y": 693}, {"x": 698, "y": 676}], [{"x": 154, "y": 591}, {"x": 151, "y": 571}, {"x": 136, "y": 572}, {"x": 134, "y": 573}, {"x": 138, "y": 589}, {"x": 158, "y": 597}], [{"x": 106, "y": 907}, {"x": 133, "y": 904}, {"x": 109, "y": 880}, {"x": 106, "y": 879}], [{"x": 275, "y": 871}, {"x": 276, "y": 881}, {"x": 283, "y": 856}, {"x": 275, "y": 855}, {"x": 265, "y": 854}], [{"x": 909, "y": 225}, {"x": 916, "y": 234}, {"x": 928, "y": 210}, {"x": 930, "y": 205}, {"x": 910, "y": 212}], [{"x": 70, "y": 670}, {"x": 69, "y": 689}, {"x": 86, "y": 690}, {"x": 84, "y": 670}], [{"x": 859, "y": 281}, {"x": 888, "y": 276}, {"x": 865, "y": 277}, {"x": 865, "y": 256}], [{"x": 611, "y": 279}, {"x": 606, "y": 258}, {"x": 588, "y": 277}], [{"x": 246, "y": 514}, {"x": 266, "y": 519}, {"x": 249, "y": 513}, {"x": 245, "y": 510}, {"x": 249, "y": 514}], [{"x": 438, "y": 1123}, {"x": 442, "y": 1123}, {"x": 433, "y": 1136}, {"x": 459, "y": 1142}, {"x": 452, "y": 1118}], [{"x": 467, "y": 562}, {"x": 470, "y": 586}, {"x": 474, "y": 568}, {"x": 473, "y": 561}], [{"x": 90, "y": 712}, {"x": 93, "y": 734}, {"x": 91, "y": 736}, {"x": 95, "y": 733}, {"x": 95, "y": 712}], [{"x": 601, "y": 525}, {"x": 600, "y": 524}, {"x": 577, "y": 523}, {"x": 584, "y": 526}, {"x": 599, "y": 547}, {"x": 604, "y": 530}], [{"x": 171, "y": 882}, {"x": 190, "y": 864}, {"x": 169, "y": 862}, {"x": 174, "y": 870}], [{"x": 98, "y": 628}, {"x": 100, "y": 620}, {"x": 83, "y": 607}, {"x": 79, "y": 626}], [{"x": 665, "y": 746}, {"x": 672, "y": 741}, {"x": 671, "y": 724}, {"x": 667, "y": 721}, {"x": 653, "y": 720}, {"x": 653, "y": 721}], [{"x": 1009, "y": 590}, {"x": 1024, "y": 589}, {"x": 1030, "y": 587}, {"x": 1032, "y": 569}, {"x": 1013, "y": 561}, {"x": 1009, "y": 589}], [{"x": 54, "y": 255}, {"x": 48, "y": 254}, {"x": 51, "y": 281}, {"x": 57, "y": 281}, {"x": 75, "y": 274}, {"x": 54, "y": 256}], [{"x": 225, "y": 576}, {"x": 203, "y": 577}, {"x": 208, "y": 595}, {"x": 232, "y": 602}], [{"x": 206, "y": 629}, {"x": 221, "y": 630}, {"x": 219, "y": 629}, {"x": 200, "y": 627}, {"x": 202, "y": 630}, {"x": 224, "y": 641}], [{"x": 611, "y": 86}, {"x": 625, "y": 79}, {"x": 628, "y": 82}, {"x": 629, "y": 62}, {"x": 606, "y": 68}], [{"x": 555, "y": 345}, {"x": 584, "y": 351}, {"x": 575, "y": 333}, {"x": 579, "y": 327}, {"x": 555, "y": 334}], [{"x": 203, "y": 222}, {"x": 216, "y": 218}, {"x": 214, "y": 217}, {"x": 197, "y": 224}, {"x": 219, "y": 221}], [{"x": 615, "y": 639}, {"x": 620, "y": 616}, {"x": 613, "y": 612}, {"x": 614, "y": 619}], [{"x": 828, "y": 844}, {"x": 853, "y": 845}, {"x": 852, "y": 824}], [{"x": 421, "y": 377}, {"x": 419, "y": 392}, {"x": 442, "y": 391}, {"x": 447, "y": 388}, {"x": 421, "y": 372}, {"x": 422, "y": 390}], [{"x": 578, "y": 268}, {"x": 581, "y": 268}, {"x": 580, "y": 263}, {"x": 576, "y": 245}, {"x": 555, "y": 243}, {"x": 575, "y": 245}], [{"x": 1054, "y": 1047}, {"x": 1070, "y": 1041}, {"x": 1069, "y": 1039}, {"x": 1053, "y": 1027}, {"x": 1049, "y": 1043}], [{"x": 825, "y": 572}, {"x": 845, "y": 578}, {"x": 841, "y": 569}], [{"x": 719, "y": 252}, {"x": 747, "y": 246}, {"x": 741, "y": 243}, {"x": 724, "y": 244}], [{"x": 969, "y": 309}, {"x": 985, "y": 318}, {"x": 970, "y": 330}, {"x": 963, "y": 337}, {"x": 990, "y": 318}, {"x": 991, "y": 311}], [{"x": 911, "y": 273}, {"x": 935, "y": 275}, {"x": 937, "y": 269}, {"x": 937, "y": 249}, {"x": 916, "y": 249}, {"x": 909, "y": 256}], [{"x": 1028, "y": 616}, {"x": 1044, "y": 618}, {"x": 1052, "y": 601}], [{"x": 195, "y": 692}, {"x": 221, "y": 684}, {"x": 220, "y": 669}, {"x": 216, "y": 672}, {"x": 196, "y": 666}, {"x": 199, "y": 686}], [{"x": 898, "y": 1088}, {"x": 899, "y": 1091}, {"x": 906, "y": 1106}, {"x": 920, "y": 1114}, {"x": 922, "y": 1094}, {"x": 901, "y": 1090}], [{"x": 419, "y": 106}, {"x": 445, "y": 120}, {"x": 443, "y": 102}, {"x": 439, "y": 102}, {"x": 426, "y": 104}], [{"x": 959, "y": 597}, {"x": 980, "y": 602}, {"x": 979, "y": 598}, {"x": 977, "y": 581}, {"x": 954, "y": 576}, {"x": 959, "y": 580}], [{"x": 371, "y": 704}, {"x": 392, "y": 704}, {"x": 371, "y": 686}, {"x": 370, "y": 697}], [{"x": 575, "y": 605}, {"x": 580, "y": 588}, {"x": 554, "y": 583}, {"x": 551, "y": 588}, {"x": 554, "y": 587}, {"x": 578, "y": 611}], [{"x": 921, "y": 622}, {"x": 896, "y": 606}, {"x": 895, "y": 632}, {"x": 916, "y": 631}, {"x": 900, "y": 623}, {"x": 918, "y": 630}], [{"x": 571, "y": 729}, {"x": 564, "y": 724}, {"x": 568, "y": 749}, {"x": 590, "y": 748}], [{"x": 66, "y": 798}, {"x": 96, "y": 818}, {"x": 75, "y": 796}, {"x": 96, "y": 803}, {"x": 87, "y": 796}, {"x": 74, "y": 795}], [{"x": 1082, "y": 1066}, {"x": 1097, "y": 1063}, {"x": 1085, "y": 1061}, {"x": 1075, "y": 1062}], [{"x": 386, "y": 1047}, {"x": 403, "y": 1041}, {"x": 413, "y": 1044}, {"x": 392, "y": 1022}], [{"x": 278, "y": 400}, {"x": 285, "y": 401}, {"x": 280, "y": 397}], [{"x": 676, "y": 187}, {"x": 681, "y": 194}, {"x": 705, "y": 191}], [{"x": 831, "y": 504}, {"x": 839, "y": 488}, {"x": 837, "y": 487}, {"x": 830, "y": 484}, {"x": 816, "y": 500}, {"x": 818, "y": 505}], [{"x": 1079, "y": 212}, {"x": 1089, "y": 235}, {"x": 1105, "y": 225}, {"x": 1087, "y": 226}, {"x": 1103, "y": 211}], [{"x": 812, "y": 688}, {"x": 834, "y": 670}, {"x": 815, "y": 677}, {"x": 827, "y": 669}, {"x": 809, "y": 669}], [{"x": 594, "y": 702}, {"x": 596, "y": 683}, {"x": 591, "y": 687}, {"x": 592, "y": 702}], [{"x": 1034, "y": 853}, {"x": 1064, "y": 850}, {"x": 1043, "y": 849}], [{"x": 936, "y": 595}, {"x": 955, "y": 615}, {"x": 958, "y": 596}, {"x": 954, "y": 594}], [{"x": 865, "y": 207}, {"x": 871, "y": 212}, {"x": 870, "y": 209}, {"x": 865, "y": 205}], [{"x": 134, "y": 332}, {"x": 149, "y": 335}, {"x": 146, "y": 330}, {"x": 148, "y": 314}, {"x": 127, "y": 330}, {"x": 130, "y": 335}], [{"x": 644, "y": 539}, {"x": 638, "y": 509}, {"x": 625, "y": 538}], [{"x": 1092, "y": 1119}, {"x": 1094, "y": 1134}, {"x": 1112, "y": 1131}, {"x": 1094, "y": 1111}, {"x": 1091, "y": 1116}, {"x": 1088, "y": 1130}], [{"x": 1028, "y": 292}, {"x": 1035, "y": 296}, {"x": 1026, "y": 272}, {"x": 1013, "y": 277}], [{"x": 266, "y": 501}, {"x": 273, "y": 472}, {"x": 265, "y": 500}], [{"x": 1027, "y": 92}, {"x": 1035, "y": 90}, {"x": 1047, "y": 65}], [{"x": 548, "y": 622}, {"x": 565, "y": 622}, {"x": 558, "y": 613}, {"x": 559, "y": 614}, {"x": 565, "y": 601}, {"x": 538, "y": 621}], [{"x": 244, "y": 362}, {"x": 237, "y": 384}, {"x": 254, "y": 365}], [{"x": 93, "y": 136}, {"x": 96, "y": 154}, {"x": 115, "y": 137}], [{"x": 316, "y": 959}, {"x": 321, "y": 981}, {"x": 336, "y": 957}, {"x": 317, "y": 957}], [{"x": 107, "y": 540}, {"x": 108, "y": 524}, {"x": 105, "y": 521}, {"x": 89, "y": 519}, {"x": 84, "y": 535}], [{"x": 761, "y": 273}, {"x": 788, "y": 293}, {"x": 791, "y": 278}, {"x": 783, "y": 271}], [{"x": 723, "y": 619}, {"x": 704, "y": 646}, {"x": 723, "y": 644}], [{"x": 128, "y": 145}, {"x": 139, "y": 141}, {"x": 145, "y": 144}, {"x": 148, "y": 120}, {"x": 124, "y": 125}, {"x": 146, "y": 121}], [{"x": 198, "y": 985}, {"x": 212, "y": 984}, {"x": 210, "y": 996}, {"x": 194, "y": 1004}, {"x": 213, "y": 1004}, {"x": 215, "y": 980}], [{"x": 1070, "y": 910}, {"x": 1064, "y": 911}, {"x": 1049, "y": 911}, {"x": 1064, "y": 913}], [{"x": 80, "y": 1126}, {"x": 78, "y": 1138}, {"x": 76, "y": 1144}, {"x": 98, "y": 1126}, {"x": 102, "y": 1124}, {"x": 96, "y": 1116}], [{"x": 817, "y": 1127}, {"x": 820, "y": 1122}, {"x": 817, "y": 1111}, {"x": 802, "y": 1105}, {"x": 799, "y": 1105}, {"x": 795, "y": 1126}], [{"x": 747, "y": 371}, {"x": 750, "y": 353}, {"x": 747, "y": 364}, {"x": 736, "y": 373}], [{"x": 677, "y": 178}, {"x": 680, "y": 177}, {"x": 665, "y": 180}], [{"x": 399, "y": 458}, {"x": 418, "y": 453}, {"x": 420, "y": 451}, {"x": 393, "y": 450}, {"x": 391, "y": 459}], [{"x": 901, "y": 303}, {"x": 915, "y": 306}, {"x": 920, "y": 307}, {"x": 901, "y": 297}], [{"x": 671, "y": 902}, {"x": 692, "y": 915}, {"x": 670, "y": 921}, {"x": 696, "y": 920}, {"x": 696, "y": 915}, {"x": 676, "y": 899}], [{"x": 951, "y": 531}, {"x": 955, "y": 523}, {"x": 956, "y": 507}], [{"x": 119, "y": 450}, {"x": 134, "y": 448}, {"x": 119, "y": 432}, {"x": 112, "y": 428}], [{"x": 655, "y": 318}, {"x": 679, "y": 315}, {"x": 651, "y": 289}], [{"x": 443, "y": 793}, {"x": 443, "y": 812}, {"x": 460, "y": 792}, {"x": 458, "y": 806}, {"x": 463, "y": 805}, {"x": 460, "y": 791}], [{"x": 740, "y": 479}, {"x": 754, "y": 458}, {"x": 733, "y": 480}], [{"x": 285, "y": 158}, {"x": 287, "y": 156}, {"x": 268, "y": 162}, {"x": 287, "y": 179}, {"x": 283, "y": 175}], [{"x": 794, "y": 1096}, {"x": 777, "y": 1099}, {"x": 772, "y": 1122}, {"x": 795, "y": 1121}, {"x": 797, "y": 1102}], [{"x": 730, "y": 940}, {"x": 735, "y": 933}, {"x": 712, "y": 936}, {"x": 708, "y": 958}, {"x": 734, "y": 959}, {"x": 737, "y": 938}], [{"x": 185, "y": 175}, {"x": 186, "y": 174}, {"x": 161, "y": 154}, {"x": 161, "y": 158}], [{"x": 267, "y": 557}, {"x": 268, "y": 555}, {"x": 247, "y": 557}, {"x": 251, "y": 580}], [{"x": 393, "y": 150}, {"x": 417, "y": 156}, {"x": 419, "y": 151}, {"x": 401, "y": 126}], [{"x": 337, "y": 709}, {"x": 356, "y": 726}, {"x": 354, "y": 700}], [{"x": 403, "y": 1027}, {"x": 418, "y": 1021}, {"x": 427, "y": 1031}, {"x": 422, "y": 1022}, {"x": 428, "y": 1009}, {"x": 407, "y": 1007}], [{"x": 1070, "y": 798}, {"x": 1098, "y": 791}, {"x": 1097, "y": 774}, {"x": 1089, "y": 777}], [{"x": 1028, "y": 597}, {"x": 1032, "y": 590}, {"x": 1017, "y": 590}, {"x": 1007, "y": 591}, {"x": 1009, "y": 609}], [{"x": 955, "y": 916}, {"x": 969, "y": 934}, {"x": 978, "y": 918}, {"x": 957, "y": 916}, {"x": 958, "y": 913}, {"x": 952, "y": 914}], [{"x": 486, "y": 940}, {"x": 508, "y": 937}, {"x": 502, "y": 936}], [{"x": 923, "y": 496}, {"x": 928, "y": 502}, {"x": 948, "y": 496}], [{"x": 566, "y": 843}, {"x": 562, "y": 825}, {"x": 556, "y": 846}, {"x": 563, "y": 846}], [{"x": 1104, "y": 495}, {"x": 1109, "y": 516}, {"x": 1110, "y": 516}, {"x": 1125, "y": 515}, {"x": 1131, "y": 493}], [{"x": 595, "y": 624}, {"x": 595, "y": 629}, {"x": 623, "y": 648}], [{"x": 491, "y": 538}, {"x": 492, "y": 540}, {"x": 512, "y": 544}, {"x": 516, "y": 539}, {"x": 510, "y": 525}], [{"x": 1086, "y": 1105}, {"x": 1103, "y": 1099}, {"x": 1085, "y": 1101}], [{"x": 415, "y": 717}, {"x": 421, "y": 723}, {"x": 420, "y": 718}, {"x": 440, "y": 720}, {"x": 437, "y": 700}], [{"x": 116, "y": 564}, {"x": 118, "y": 569}, {"x": 136, "y": 584}], [{"x": 272, "y": 545}, {"x": 277, "y": 544}, {"x": 277, "y": 542}, {"x": 276, "y": 519}], [{"x": 1097, "y": 552}, {"x": 1105, "y": 570}, {"x": 1125, "y": 554}], [{"x": 99, "y": 1107}, {"x": 102, "y": 1111}, {"x": 118, "y": 1124}, {"x": 115, "y": 1126}, {"x": 122, "y": 1125}, {"x": 118, "y": 1108}], [{"x": 252, "y": 862}, {"x": 226, "y": 861}, {"x": 256, "y": 878}], [{"x": 662, "y": 113}, {"x": 684, "y": 98}, {"x": 679, "y": 97}, {"x": 656, "y": 113}, {"x": 678, "y": 119}], [{"x": 1014, "y": 741}, {"x": 1015, "y": 740}, {"x": 1015, "y": 720}], [{"x": 907, "y": 191}, {"x": 909, "y": 185}, {"x": 886, "y": 168}], [{"x": 736, "y": 108}, {"x": 762, "y": 128}, {"x": 756, "y": 115}], [{"x": 465, "y": 310}, {"x": 485, "y": 310}, {"x": 478, "y": 298}], [{"x": 97, "y": 203}, {"x": 113, "y": 195}, {"x": 99, "y": 182}, {"x": 93, "y": 179}, {"x": 91, "y": 183}], [{"x": 227, "y": 763}, {"x": 241, "y": 763}, {"x": 250, "y": 759}, {"x": 241, "y": 744}], [{"x": 1028, "y": 536}, {"x": 1034, "y": 550}, {"x": 1052, "y": 538}], [{"x": 852, "y": 617}, {"x": 857, "y": 622}, {"x": 882, "y": 597}, {"x": 860, "y": 602}, {"x": 854, "y": 598}], [{"x": 191, "y": 935}, {"x": 166, "y": 934}, {"x": 163, "y": 937}, {"x": 182, "y": 958}], [{"x": 272, "y": 772}, {"x": 286, "y": 747}, {"x": 275, "y": 746}, {"x": 271, "y": 753}, {"x": 267, "y": 767}, {"x": 273, "y": 768}], [{"x": 864, "y": 649}, {"x": 865, "y": 631}, {"x": 868, "y": 625}, {"x": 843, "y": 645}], [{"x": 1017, "y": 670}, {"x": 1023, "y": 672}, {"x": 1019, "y": 678}, {"x": 1047, "y": 651}, {"x": 1039, "y": 653}, {"x": 1044, "y": 653}], [{"x": 195, "y": 124}, {"x": 209, "y": 111}, {"x": 208, "y": 105}, {"x": 185, "y": 128}, {"x": 210, "y": 127}], [{"x": 628, "y": 928}, {"x": 633, "y": 927}, {"x": 647, "y": 928}, {"x": 632, "y": 915}, {"x": 623, "y": 926}], [{"x": 944, "y": 678}, {"x": 946, "y": 683}, {"x": 950, "y": 686}, {"x": 949, "y": 707}, {"x": 970, "y": 708}, {"x": 964, "y": 683}], [{"x": 335, "y": 319}, {"x": 350, "y": 299}, {"x": 354, "y": 292}, {"x": 353, "y": 289}, {"x": 332, "y": 298}, {"x": 331, "y": 317}], [{"x": 721, "y": 311}, {"x": 722, "y": 300}, {"x": 717, "y": 298}, {"x": 699, "y": 300}, {"x": 703, "y": 315}], [{"x": 701, "y": 509}, {"x": 721, "y": 510}, {"x": 721, "y": 492}, {"x": 705, "y": 483}], [{"x": 885, "y": 636}, {"x": 887, "y": 638}, {"x": 887, "y": 637}, {"x": 888, "y": 631}, {"x": 864, "y": 617}, {"x": 884, "y": 632}], [{"x": 825, "y": 729}, {"x": 848, "y": 750}, {"x": 853, "y": 736}], [{"x": 481, "y": 362}, {"x": 485, "y": 385}, {"x": 486, "y": 379}], [{"x": 477, "y": 312}, {"x": 478, "y": 321}, {"x": 496, "y": 341}], [{"x": 230, "y": 685}, {"x": 231, "y": 688}, {"x": 259, "y": 692}, {"x": 257, "y": 672}, {"x": 234, "y": 663}], [{"x": 451, "y": 283}, {"x": 458, "y": 266}, {"x": 456, "y": 265}, {"x": 439, "y": 280}, {"x": 430, "y": 290}, {"x": 434, "y": 287}], [{"x": 632, "y": 72}, {"x": 655, "y": 95}, {"x": 649, "y": 71}], [{"x": 1038, "y": 381}, {"x": 1042, "y": 361}, {"x": 1042, "y": 354}, {"x": 1018, "y": 374}, {"x": 1012, "y": 382}, {"x": 1014, "y": 382}], [{"x": 143, "y": 170}, {"x": 144, "y": 171}, {"x": 134, "y": 149}], [{"x": 786, "y": 555}, {"x": 792, "y": 562}, {"x": 804, "y": 541}], [{"x": 800, "y": 73}, {"x": 804, "y": 65}, {"x": 777, "y": 70}, {"x": 776, "y": 75}], [{"x": 1114, "y": 229}, {"x": 1117, "y": 230}, {"x": 1120, "y": 209}, {"x": 1134, "y": 208}, {"x": 1119, "y": 201}], [{"x": 1035, "y": 886}, {"x": 1031, "y": 894}, {"x": 1029, "y": 912}, {"x": 1036, "y": 895}, {"x": 1048, "y": 914}, {"x": 1054, "y": 892}], [{"x": 924, "y": 762}, {"x": 921, "y": 761}, {"x": 905, "y": 747}, {"x": 922, "y": 746}, {"x": 897, "y": 742}, {"x": 922, "y": 765}], [{"x": 290, "y": 311}, {"x": 287, "y": 325}, {"x": 288, "y": 331}, {"x": 305, "y": 332}, {"x": 309, "y": 311}, {"x": 303, "y": 310}], [{"x": 290, "y": 112}, {"x": 305, "y": 116}, {"x": 282, "y": 132}, {"x": 302, "y": 121}, {"x": 308, "y": 120}, {"x": 306, "y": 111}], [{"x": 1021, "y": 743}, {"x": 1037, "y": 736}, {"x": 1021, "y": 739}, {"x": 1018, "y": 745}, {"x": 1023, "y": 759}, {"x": 1037, "y": 760}], [{"x": 96, "y": 741}, {"x": 96, "y": 737}, {"x": 73, "y": 734}], [{"x": 799, "y": 975}, {"x": 818, "y": 978}, {"x": 825, "y": 977}, {"x": 801, "y": 958}], [{"x": 841, "y": 474}, {"x": 862, "y": 491}, {"x": 863, "y": 468}], [{"x": 831, "y": 291}, {"x": 846, "y": 283}, {"x": 847, "y": 271}, {"x": 827, "y": 264}, {"x": 831, "y": 269}, {"x": 825, "y": 283}], [{"x": 524, "y": 934}, {"x": 528, "y": 940}, {"x": 531, "y": 921}, {"x": 521, "y": 918}, {"x": 508, "y": 921}, {"x": 525, "y": 933}], [{"x": 1073, "y": 792}, {"x": 1073, "y": 775}, {"x": 1068, "y": 768}, {"x": 1054, "y": 772}, {"x": 1065, "y": 786}], [{"x": 592, "y": 609}, {"x": 614, "y": 603}, {"x": 595, "y": 604}, {"x": 591, "y": 606}], [{"x": 220, "y": 1021}, {"x": 242, "y": 1004}, {"x": 240, "y": 998}, {"x": 239, "y": 999}, {"x": 226, "y": 1001}], [{"x": 987, "y": 536}, {"x": 988, "y": 547}, {"x": 990, "y": 550}, {"x": 987, "y": 529}, {"x": 965, "y": 526}], [{"x": 647, "y": 606}, {"x": 651, "y": 625}, {"x": 666, "y": 622}, {"x": 671, "y": 609}], [{"x": 240, "y": 937}, {"x": 250, "y": 938}, {"x": 248, "y": 925}, {"x": 241, "y": 919}], [{"x": 599, "y": 1099}, {"x": 605, "y": 1124}, {"x": 623, "y": 1125}, {"x": 626, "y": 1118}, {"x": 626, "y": 1097}], [{"x": 1156, "y": 1057}, {"x": 1158, "y": 1035}, {"x": 1130, "y": 1052}, {"x": 1132, "y": 1059}], [{"x": 279, "y": 512}, {"x": 299, "y": 514}, {"x": 298, "y": 509}], [{"x": 778, "y": 944}, {"x": 783, "y": 963}, {"x": 803, "y": 941}, {"x": 806, "y": 936}, {"x": 780, "y": 937}], [{"x": 919, "y": 103}, {"x": 916, "y": 117}, {"x": 938, "y": 122}, {"x": 934, "y": 101}, {"x": 920, "y": 100}], [{"x": 263, "y": 691}, {"x": 274, "y": 696}, {"x": 261, "y": 692}, {"x": 282, "y": 699}, {"x": 283, "y": 697}, {"x": 275, "y": 693}], [{"x": 854, "y": 294}, {"x": 836, "y": 292}, {"x": 836, "y": 293}, {"x": 837, "y": 319}, {"x": 840, "y": 321}, {"x": 855, "y": 297}], [{"x": 375, "y": 1006}, {"x": 402, "y": 1008}, {"x": 404, "y": 1008}, {"x": 379, "y": 1004}], [{"x": 1018, "y": 323}, {"x": 1015, "y": 325}, {"x": 1015, "y": 326}, {"x": 1021, "y": 351}, {"x": 1024, "y": 352}], [{"x": 69, "y": 484}, {"x": 87, "y": 493}, {"x": 87, "y": 492}], [{"x": 544, "y": 111}, {"x": 548, "y": 130}, {"x": 552, "y": 127}, {"x": 548, "y": 111}, {"x": 532, "y": 105}, {"x": 531, "y": 110}], [{"x": 89, "y": 272}, {"x": 111, "y": 273}, {"x": 82, "y": 271}], [{"x": 451, "y": 668}, {"x": 452, "y": 666}, {"x": 449, "y": 663}, {"x": 428, "y": 669}], [{"x": 790, "y": 397}, {"x": 786, "y": 390}, {"x": 781, "y": 413}, {"x": 784, "y": 415}, {"x": 809, "y": 409}, {"x": 805, "y": 387}], [{"x": 505, "y": 854}, {"x": 510, "y": 838}, {"x": 494, "y": 836}, {"x": 495, "y": 860}], [{"x": 393, "y": 518}, {"x": 388, "y": 506}, {"x": 384, "y": 518}, {"x": 394, "y": 520}, {"x": 393, "y": 499}, {"x": 385, "y": 498}], [{"x": 609, "y": 167}, {"x": 610, "y": 167}, {"x": 608, "y": 155}], [{"x": 656, "y": 780}, {"x": 661, "y": 768}, {"x": 656, "y": 758}, {"x": 639, "y": 787}, {"x": 661, "y": 778}], [{"x": 611, "y": 391}, {"x": 635, "y": 413}, {"x": 640, "y": 408}, {"x": 641, "y": 406}, {"x": 619, "y": 388}], [{"x": 912, "y": 371}, {"x": 915, "y": 366}, {"x": 936, "y": 367}, {"x": 929, "y": 346}, {"x": 910, "y": 372}, {"x": 929, "y": 369}], [{"x": 1029, "y": 208}, {"x": 1023, "y": 210}, {"x": 1050, "y": 233}, {"x": 1050, "y": 227}], [{"x": 187, "y": 205}, {"x": 171, "y": 209}, {"x": 183, "y": 222}, {"x": 193, "y": 228}], [{"x": 600, "y": 523}, {"x": 622, "y": 515}, {"x": 615, "y": 514}, {"x": 596, "y": 503}], [{"x": 1107, "y": 878}, {"x": 1108, "y": 874}, {"x": 1109, "y": 881}, {"x": 1130, "y": 858}, {"x": 1108, "y": 859}], [{"x": 1092, "y": 475}, {"x": 1093, "y": 492}, {"x": 1095, "y": 489}], [{"x": 879, "y": 415}, {"x": 877, "y": 415}, {"x": 873, "y": 396}, {"x": 854, "y": 418}, {"x": 849, "y": 421}], [{"x": 283, "y": 935}, {"x": 289, "y": 937}, {"x": 290, "y": 937}, {"x": 285, "y": 909}, {"x": 268, "y": 913}, {"x": 282, "y": 935}], [{"x": 97, "y": 784}, {"x": 94, "y": 783}, {"x": 71, "y": 763}, {"x": 89, "y": 786}], [{"x": 828, "y": 45}, {"x": 818, "y": 49}, {"x": 827, "y": 63}, {"x": 825, "y": 70}, {"x": 844, "y": 67}, {"x": 839, "y": 51}], [{"x": 90, "y": 99}, {"x": 95, "y": 104}, {"x": 96, "y": 102}, {"x": 92, "y": 97}, {"x": 87, "y": 85}], [{"x": 771, "y": 359}, {"x": 783, "y": 364}, {"x": 764, "y": 339}, {"x": 767, "y": 344}], [{"x": 1094, "y": 859}, {"x": 1095, "y": 856}, {"x": 1097, "y": 855}, {"x": 1076, "y": 853}, {"x": 1073, "y": 876}, {"x": 1077, "y": 883}], [{"x": 903, "y": 818}, {"x": 925, "y": 812}, {"x": 922, "y": 810}, {"x": 927, "y": 797}], [{"x": 688, "y": 60}, {"x": 690, "y": 59}, {"x": 666, "y": 46}], [{"x": 700, "y": 336}, {"x": 701, "y": 344}, {"x": 720, "y": 325}, {"x": 721, "y": 317}], [{"x": 812, "y": 69}, {"x": 789, "y": 94}, {"x": 817, "y": 93}], [{"x": 340, "y": 666}, {"x": 349, "y": 667}, {"x": 360, "y": 637}, {"x": 349, "y": 642}], [{"x": 687, "y": 417}, {"x": 688, "y": 437}, {"x": 707, "y": 415}], [{"x": 159, "y": 241}, {"x": 164, "y": 239}, {"x": 138, "y": 242}, {"x": 141, "y": 247}], [{"x": 327, "y": 358}, {"x": 348, "y": 346}, {"x": 327, "y": 339}, {"x": 322, "y": 363}, {"x": 343, "y": 367}, {"x": 345, "y": 361}], [{"x": 549, "y": 488}, {"x": 558, "y": 477}, {"x": 558, "y": 474}, {"x": 537, "y": 478}, {"x": 536, "y": 490}], [{"x": 188, "y": 485}, {"x": 209, "y": 474}, {"x": 206, "y": 473}, {"x": 206, "y": 472}], [{"x": 942, "y": 842}, {"x": 959, "y": 831}, {"x": 961, "y": 831}, {"x": 936, "y": 829}], [{"x": 569, "y": 1024}, {"x": 575, "y": 1034}, {"x": 573, "y": 1034}, {"x": 588, "y": 1044}, {"x": 594, "y": 1047}, {"x": 586, "y": 1031}], [{"x": 722, "y": 1024}, {"x": 743, "y": 1006}, {"x": 741, "y": 1001}, {"x": 722, "y": 1002}, {"x": 718, "y": 1003}], [{"x": 432, "y": 421}, {"x": 426, "y": 422}, {"x": 451, "y": 423}, {"x": 450, "y": 422}, {"x": 451, "y": 419}], [{"x": 1051, "y": 62}, {"x": 1074, "y": 66}, {"x": 1070, "y": 50}, {"x": 1052, "y": 49}], [{"x": 139, "y": 781}, {"x": 118, "y": 788}, {"x": 114, "y": 782}, {"x": 109, "y": 786}, {"x": 130, "y": 802}, {"x": 137, "y": 799}], [{"x": 216, "y": 885}, {"x": 235, "y": 913}, {"x": 237, "y": 907}, {"x": 232, "y": 893}], [{"x": 1124, "y": 423}, {"x": 1126, "y": 417}, {"x": 1100, "y": 422}], [{"x": 683, "y": 63}, {"x": 660, "y": 66}, {"x": 679, "y": 89}, {"x": 685, "y": 87}], [{"x": 485, "y": 829}, {"x": 488, "y": 834}, {"x": 499, "y": 831}], [{"x": 469, "y": 746}, {"x": 485, "y": 741}, {"x": 479, "y": 726}, {"x": 460, "y": 747}], [{"x": 522, "y": 580}, {"x": 534, "y": 578}, {"x": 534, "y": 579}, {"x": 543, "y": 564}, {"x": 514, "y": 557}, {"x": 516, "y": 582}], [{"x": 172, "y": 593}, {"x": 188, "y": 610}, {"x": 184, "y": 599}, {"x": 187, "y": 591}], [{"x": 1125, "y": 730}, {"x": 1106, "y": 731}, {"x": 1125, "y": 740}, {"x": 1127, "y": 740}, {"x": 1129, "y": 717}], [{"x": 874, "y": 338}, {"x": 888, "y": 352}, {"x": 876, "y": 334}, {"x": 895, "y": 329}, {"x": 887, "y": 330}, {"x": 873, "y": 333}], [{"x": 1124, "y": 622}, {"x": 1125, "y": 593}, {"x": 1106, "y": 594}, {"x": 1123, "y": 614}], [{"x": 755, "y": 728}, {"x": 772, "y": 752}, {"x": 777, "y": 748}, {"x": 774, "y": 733}, {"x": 771, "y": 731}], [{"x": 559, "y": 857}, {"x": 558, "y": 877}, {"x": 578, "y": 857}], [{"x": 723, "y": 98}, {"x": 744, "y": 94}, {"x": 746, "y": 93}, {"x": 740, "y": 91}, {"x": 737, "y": 92}], [{"x": 494, "y": 966}, {"x": 502, "y": 968}, {"x": 500, "y": 973}, {"x": 521, "y": 971}, {"x": 518, "y": 953}], [{"x": 311, "y": 396}, {"x": 312, "y": 419}, {"x": 330, "y": 401}], [{"x": 142, "y": 511}, {"x": 166, "y": 514}, {"x": 163, "y": 513}], [{"x": 1132, "y": 948}, {"x": 1139, "y": 942}, {"x": 1138, "y": 924}, {"x": 1119, "y": 931}, {"x": 1119, "y": 951}], [{"x": 912, "y": 588}, {"x": 930, "y": 569}, {"x": 924, "y": 566}, {"x": 913, "y": 568}, {"x": 912, "y": 580}], [{"x": 403, "y": 609}, {"x": 405, "y": 627}, {"x": 424, "y": 626}, {"x": 408, "y": 605}, {"x": 408, "y": 626}], [{"x": 278, "y": 537}, {"x": 281, "y": 553}, {"x": 283, "y": 558}, {"x": 297, "y": 534}], [{"x": 668, "y": 1034}, {"x": 667, "y": 1029}, {"x": 660, "y": 1033}, {"x": 642, "y": 1055}, {"x": 649, "y": 1051}], [{"x": 723, "y": 763}, {"x": 738, "y": 763}, {"x": 739, "y": 741}, {"x": 722, "y": 737}, {"x": 719, "y": 758}], [{"x": 470, "y": 642}, {"x": 469, "y": 668}, {"x": 475, "y": 664}, {"x": 472, "y": 641}], [{"x": 736, "y": 1090}, {"x": 732, "y": 1092}, {"x": 730, "y": 1096}, {"x": 755, "y": 1097}, {"x": 755, "y": 1088}], [{"x": 1068, "y": 1116}, {"x": 1068, "y": 1090}, {"x": 1046, "y": 1095}, {"x": 1063, "y": 1098}, {"x": 1067, "y": 1094}], [{"x": 594, "y": 1135}, {"x": 589, "y": 1114}, {"x": 577, "y": 1117}, {"x": 574, "y": 1110}, {"x": 570, "y": 1113}, {"x": 570, "y": 1134}], [{"x": 524, "y": 368}, {"x": 510, "y": 365}, {"x": 509, "y": 369}, {"x": 514, "y": 384}, {"x": 527, "y": 388}, {"x": 527, "y": 370}], [{"x": 549, "y": 918}, {"x": 552, "y": 916}, {"x": 530, "y": 888}], [{"x": 627, "y": 818}, {"x": 627, "y": 806}, {"x": 625, "y": 825}, {"x": 645, "y": 806}, {"x": 628, "y": 821}], [{"x": 879, "y": 395}, {"x": 883, "y": 380}, {"x": 875, "y": 377}, {"x": 876, "y": 397}], [{"x": 327, "y": 927}, {"x": 311, "y": 926}, {"x": 311, "y": 946}, {"x": 336, "y": 922}], [{"x": 963, "y": 421}, {"x": 981, "y": 430}, {"x": 988, "y": 410}, {"x": 970, "y": 406}], [{"x": 432, "y": 877}, {"x": 434, "y": 880}, {"x": 433, "y": 877}, {"x": 413, "y": 857}], [{"x": 703, "y": 543}, {"x": 720, "y": 560}, {"x": 727, "y": 559}, {"x": 729, "y": 539}, {"x": 727, "y": 536}], [{"x": 1051, "y": 923}, {"x": 1054, "y": 938}, {"x": 1056, "y": 916}, {"x": 1056, "y": 915}], [{"x": 707, "y": 838}, {"x": 726, "y": 818}, {"x": 707, "y": 816}, {"x": 703, "y": 835}], [{"x": 599, "y": 130}, {"x": 618, "y": 138}, {"x": 596, "y": 128}], [{"x": 829, "y": 684}, {"x": 850, "y": 703}, {"x": 846, "y": 682}, {"x": 826, "y": 680}, {"x": 823, "y": 683}], [{"x": 214, "y": 755}, {"x": 218, "y": 774}, {"x": 215, "y": 756}, {"x": 216, "y": 748}], [{"x": 244, "y": 1046}, {"x": 269, "y": 1045}, {"x": 247, "y": 1042}], [{"x": 1118, "y": 353}, {"x": 1120, "y": 355}, {"x": 1142, "y": 354}, {"x": 1147, "y": 339}, {"x": 1142, "y": 333}], [{"x": 644, "y": 1060}, {"x": 646, "y": 1066}, {"x": 668, "y": 1063}], [{"x": 731, "y": 823}, {"x": 735, "y": 845}, {"x": 750, "y": 824}], [{"x": 986, "y": 270}, {"x": 981, "y": 242}, {"x": 964, "y": 247}, {"x": 964, "y": 250}, {"x": 962, "y": 264}, {"x": 982, "y": 265}], [{"x": 675, "y": 393}, {"x": 696, "y": 393}, {"x": 699, "y": 373}, {"x": 672, "y": 381}, {"x": 692, "y": 392}], [{"x": 882, "y": 489}, {"x": 878, "y": 513}, {"x": 879, "y": 514}, {"x": 884, "y": 508}, {"x": 900, "y": 490}], [{"x": 204, "y": 245}, {"x": 229, "y": 225}, {"x": 225, "y": 225}], [{"x": 243, "y": 243}, {"x": 243, "y": 264}, {"x": 244, "y": 240}], [{"x": 347, "y": 56}, {"x": 353, "y": 81}, {"x": 372, "y": 84}, {"x": 375, "y": 56}, {"x": 357, "y": 65}], [{"x": 552, "y": 399}, {"x": 556, "y": 407}, {"x": 555, "y": 403}, {"x": 576, "y": 399}, {"x": 576, "y": 386}, {"x": 555, "y": 387}], [{"x": 194, "y": 376}, {"x": 195, "y": 392}, {"x": 199, "y": 402}, {"x": 213, "y": 395}, {"x": 197, "y": 378}, {"x": 212, "y": 374}], [{"x": 147, "y": 558}, {"x": 167, "y": 565}, {"x": 174, "y": 539}, {"x": 170, "y": 538}, {"x": 151, "y": 540}, {"x": 145, "y": 548}], [{"x": 457, "y": 808}, {"x": 483, "y": 833}, {"x": 479, "y": 810}], [{"x": 608, "y": 500}, {"x": 611, "y": 493}, {"x": 616, "y": 478}, {"x": 608, "y": 483}, {"x": 597, "y": 479}, {"x": 590, "y": 476}], [{"x": 1021, "y": 946}, {"x": 1023, "y": 962}, {"x": 1036, "y": 960}, {"x": 1035, "y": 943}, {"x": 1040, "y": 940}, {"x": 1034, "y": 942}], [{"x": 472, "y": 681}, {"x": 479, "y": 681}, {"x": 494, "y": 709}, {"x": 500, "y": 680}], [{"x": 1007, "y": 363}, {"x": 1006, "y": 342}, {"x": 981, "y": 369}], [{"x": 575, "y": 621}, {"x": 574, "y": 628}, {"x": 568, "y": 648}, {"x": 590, "y": 648}, {"x": 594, "y": 628}, {"x": 587, "y": 641}], [{"x": 966, "y": 340}, {"x": 946, "y": 344}, {"x": 944, "y": 342}, {"x": 940, "y": 341}, {"x": 946, "y": 349}, {"x": 963, "y": 359}], [{"x": 563, "y": 805}, {"x": 586, "y": 793}, {"x": 563, "y": 785}, {"x": 561, "y": 806}, {"x": 565, "y": 811}, {"x": 590, "y": 807}], [{"x": 485, "y": 478}, {"x": 491, "y": 477}, {"x": 488, "y": 471}, {"x": 488, "y": 460}, {"x": 482, "y": 455}], [{"x": 858, "y": 861}, {"x": 880, "y": 843}, {"x": 871, "y": 836}, {"x": 854, "y": 837}], [{"x": 464, "y": 174}, {"x": 463, "y": 183}, {"x": 464, "y": 179}], [{"x": 1130, "y": 1022}, {"x": 1115, "y": 1038}, {"x": 1114, "y": 1041}, {"x": 1134, "y": 1022}, {"x": 1135, "y": 1021}], [{"x": 974, "y": 987}, {"x": 976, "y": 969}, {"x": 953, "y": 986}, {"x": 955, "y": 991}, {"x": 972, "y": 991}], [{"x": 1039, "y": 191}, {"x": 1060, "y": 187}, {"x": 1052, "y": 185}], [{"x": 402, "y": 537}, {"x": 416, "y": 544}, {"x": 425, "y": 523}, {"x": 419, "y": 535}, {"x": 416, "y": 517}, {"x": 398, "y": 519}], [{"x": 547, "y": 1100}, {"x": 565, "y": 1096}, {"x": 567, "y": 1073}, {"x": 560, "y": 1077}, {"x": 543, "y": 1092}, {"x": 547, "y": 1099}], [{"x": 219, "y": 396}, {"x": 229, "y": 399}, {"x": 232, "y": 379}, {"x": 213, "y": 391}], [{"x": 71, "y": 209}, {"x": 51, "y": 215}, {"x": 56, "y": 228}, {"x": 55, "y": 229}, {"x": 76, "y": 233}], [{"x": 343, "y": 124}, {"x": 346, "y": 100}, {"x": 324, "y": 122}, {"x": 319, "y": 126}, {"x": 339, "y": 116}, {"x": 341, "y": 116}], [{"x": 1029, "y": 994}, {"x": 1017, "y": 969}, {"x": 1007, "y": 969}, {"x": 1007, "y": 976}], [{"x": 362, "y": 555}, {"x": 362, "y": 547}, {"x": 361, "y": 545}, {"x": 358, "y": 528}, {"x": 340, "y": 528}], [{"x": 500, "y": 184}, {"x": 503, "y": 185}, {"x": 506, "y": 166}], [{"x": 99, "y": 610}, {"x": 116, "y": 596}, {"x": 115, "y": 593}], [{"x": 420, "y": 332}, {"x": 433, "y": 312}, {"x": 411, "y": 307}], [{"x": 195, "y": 545}, {"x": 194, "y": 552}, {"x": 180, "y": 573}, {"x": 194, "y": 571}, {"x": 195, "y": 569}, {"x": 200, "y": 547}], [{"x": 659, "y": 795}, {"x": 662, "y": 796}, {"x": 679, "y": 797}, {"x": 675, "y": 788}], [{"x": 192, "y": 1004}, {"x": 195, "y": 984}, {"x": 191, "y": 987}, {"x": 186, "y": 1011}, {"x": 196, "y": 1011}], [{"x": 492, "y": 725}, {"x": 493, "y": 742}, {"x": 494, "y": 748}, {"x": 494, "y": 747}, {"x": 495, "y": 745}, {"x": 495, "y": 719}], [{"x": 276, "y": 424}, {"x": 260, "y": 439}, {"x": 257, "y": 439}, {"x": 254, "y": 426}, {"x": 258, "y": 445}, {"x": 279, "y": 445}], [{"x": 342, "y": 870}, {"x": 343, "y": 888}, {"x": 367, "y": 863}], [{"x": 810, "y": 569}, {"x": 809, "y": 543}, {"x": 807, "y": 568}], [{"x": 509, "y": 53}, {"x": 514, "y": 71}, {"x": 527, "y": 75}, {"x": 514, "y": 47}], [{"x": 1010, "y": 568}, {"x": 1013, "y": 547}, {"x": 989, "y": 556}, {"x": 987, "y": 571}], [{"x": 484, "y": 1036}, {"x": 488, "y": 1035}, {"x": 485, "y": 1020}, {"x": 474, "y": 1018}, {"x": 466, "y": 1018}], [{"x": 490, "y": 249}, {"x": 495, "y": 258}, {"x": 490, "y": 274}, {"x": 497, "y": 256}], [{"x": 542, "y": 780}, {"x": 545, "y": 780}, {"x": 540, "y": 772}, {"x": 546, "y": 762}, {"x": 525, "y": 760}, {"x": 523, "y": 778}], [{"x": 610, "y": 816}, {"x": 619, "y": 839}, {"x": 611, "y": 814}], [{"x": 661, "y": 1086}, {"x": 666, "y": 1083}, {"x": 666, "y": 1065}, {"x": 647, "y": 1066}, {"x": 659, "y": 1088}], [{"x": 490, "y": 491}, {"x": 496, "y": 483}, {"x": 473, "y": 488}], [{"x": 691, "y": 213}, {"x": 708, "y": 237}, {"x": 715, "y": 218}], [{"x": 332, "y": 501}, {"x": 334, "y": 480}, {"x": 315, "y": 475}, {"x": 313, "y": 474}, {"x": 312, "y": 495}, {"x": 314, "y": 494}], [{"x": 460, "y": 140}, {"x": 465, "y": 166}, {"x": 470, "y": 136}], [{"x": 374, "y": 916}, {"x": 380, "y": 914}, {"x": 390, "y": 891}, {"x": 391, "y": 887}, {"x": 374, "y": 891}], [{"x": 322, "y": 98}, {"x": 343, "y": 81}, {"x": 323, "y": 97}], [{"x": 429, "y": 591}, {"x": 444, "y": 564}, {"x": 446, "y": 563}, {"x": 430, "y": 569}], [{"x": 1085, "y": 297}, {"x": 1087, "y": 295}, {"x": 1066, "y": 297}, {"x": 1067, "y": 312}, {"x": 1091, "y": 316}], [{"x": 179, "y": 641}, {"x": 192, "y": 662}, {"x": 196, "y": 644}], [{"x": 704, "y": 1017}, {"x": 704, "y": 1014}, {"x": 682, "y": 1021}], [{"x": 1021, "y": 794}, {"x": 1047, "y": 789}, {"x": 1043, "y": 789}], [{"x": 568, "y": 215}, {"x": 561, "y": 224}, {"x": 584, "y": 237}, {"x": 580, "y": 218}, {"x": 565, "y": 222}, {"x": 584, "y": 215}], [{"x": 178, "y": 67}, {"x": 185, "y": 52}, {"x": 181, "y": 52}, {"x": 164, "y": 68}, {"x": 180, "y": 71}, {"x": 185, "y": 70}], [{"x": 866, "y": 932}, {"x": 863, "y": 930}, {"x": 843, "y": 907}, {"x": 843, "y": 925}, {"x": 865, "y": 932}], [{"x": 996, "y": 927}, {"x": 1016, "y": 922}, {"x": 1018, "y": 903}, {"x": 1021, "y": 898}, {"x": 1003, "y": 899}, {"x": 1016, "y": 902}], [{"x": 956, "y": 1057}, {"x": 939, "y": 1059}, {"x": 936, "y": 1060}, {"x": 938, "y": 1084}, {"x": 950, "y": 1060}, {"x": 957, "y": 1074}], [{"x": 789, "y": 1035}, {"x": 804, "y": 1032}, {"x": 802, "y": 1025}, {"x": 789, "y": 1010}, {"x": 802, "y": 1014}, {"x": 787, "y": 1006}], [{"x": 714, "y": 433}, {"x": 718, "y": 441}, {"x": 733, "y": 441}, {"x": 719, "y": 416}], [{"x": 1070, "y": 816}, {"x": 1070, "y": 838}, {"x": 1096, "y": 815}, {"x": 1087, "y": 812}, {"x": 1076, "y": 814}], [{"x": 997, "y": 1119}, {"x": 1022, "y": 1126}, {"x": 1019, "y": 1100}, {"x": 1001, "y": 1100}, {"x": 1019, "y": 1106}, {"x": 1017, "y": 1122}], [{"x": 927, "y": 546}, {"x": 942, "y": 531}, {"x": 924, "y": 525}, {"x": 925, "y": 530}], [{"x": 238, "y": 710}, {"x": 233, "y": 708}, {"x": 233, "y": 735}, {"x": 239, "y": 735}, {"x": 258, "y": 730}, {"x": 259, "y": 728}], [{"x": 633, "y": 556}, {"x": 655, "y": 535}, {"x": 629, "y": 555}, {"x": 630, "y": 562}, {"x": 630, "y": 563}, {"x": 656, "y": 536}], [{"x": 854, "y": 1015}, {"x": 851, "y": 1011}, {"x": 848, "y": 1016}, {"x": 835, "y": 1013}, {"x": 852, "y": 1017}], [{"x": 398, "y": 783}, {"x": 392, "y": 803}, {"x": 418, "y": 809}, {"x": 416, "y": 806}], [{"x": 559, "y": 962}, {"x": 556, "y": 978}, {"x": 560, "y": 976}], [{"x": 759, "y": 211}, {"x": 762, "y": 191}, {"x": 757, "y": 214}], [{"x": 438, "y": 348}, {"x": 458, "y": 350}, {"x": 452, "y": 368}, {"x": 456, "y": 370}, {"x": 462, "y": 344}, {"x": 439, "y": 343}], [{"x": 1027, "y": 851}, {"x": 1016, "y": 856}, {"x": 1016, "y": 854}, {"x": 1006, "y": 853}, {"x": 1010, "y": 856}, {"x": 1031, "y": 860}], [{"x": 530, "y": 85}, {"x": 531, "y": 83}, {"x": 517, "y": 83}, {"x": 519, "y": 86}, {"x": 538, "y": 91}], [{"x": 927, "y": 196}, {"x": 934, "y": 176}, {"x": 933, "y": 175}, {"x": 929, "y": 177}], [{"x": 1075, "y": 54}, {"x": 1078, "y": 73}, {"x": 1099, "y": 77}, {"x": 1098, "y": 71}, {"x": 1078, "y": 50}, {"x": 1082, "y": 56}], [{"x": 792, "y": 921}, {"x": 815, "y": 923}, {"x": 814, "y": 921}], [{"x": 135, "y": 390}, {"x": 127, "y": 392}, {"x": 112, "y": 388}, {"x": 109, "y": 392}, {"x": 113, "y": 407}, {"x": 135, "y": 416}], [{"x": 220, "y": 330}, {"x": 238, "y": 325}, {"x": 216, "y": 324}], [{"x": 1071, "y": 930}, {"x": 1072, "y": 946}, {"x": 1055, "y": 944}, {"x": 1048, "y": 952}, {"x": 1072, "y": 952}, {"x": 1073, "y": 949}], [{"x": 708, "y": 1105}, {"x": 727, "y": 1109}, {"x": 706, "y": 1103}, {"x": 703, "y": 1121}, {"x": 711, "y": 1121}, {"x": 707, "y": 1106}], [{"x": 693, "y": 908}, {"x": 708, "y": 907}, {"x": 686, "y": 892}, {"x": 706, "y": 906}, {"x": 691, "y": 906}], [{"x": 50, "y": 421}, {"x": 51, "y": 437}, {"x": 78, "y": 445}, {"x": 76, "y": 420}, {"x": 49, "y": 419}], [{"x": 136, "y": 208}, {"x": 160, "y": 200}, {"x": 136, "y": 206}, {"x": 139, "y": 188}, {"x": 135, "y": 201}], [{"x": 439, "y": 379}, {"x": 451, "y": 359}, {"x": 453, "y": 362}, {"x": 455, "y": 357}, {"x": 452, "y": 352}, {"x": 439, "y": 374}], [{"x": 583, "y": 725}, {"x": 599, "y": 728}, {"x": 601, "y": 702}, {"x": 580, "y": 706}, {"x": 580, "y": 708}], [{"x": 944, "y": 162}, {"x": 969, "y": 160}, {"x": 963, "y": 139}, {"x": 946, "y": 136}], [{"x": 1113, "y": 961}, {"x": 1114, "y": 980}, {"x": 1137, "y": 963}, {"x": 1133, "y": 959}], [{"x": 122, "y": 1027}, {"x": 100, "y": 1044}, {"x": 99, "y": 1052}], [{"x": 736, "y": 284}, {"x": 741, "y": 282}, {"x": 714, "y": 265}, {"x": 715, "y": 281}, {"x": 717, "y": 286}], [{"x": 439, "y": 596}, {"x": 439, "y": 601}, {"x": 456, "y": 600}, {"x": 455, "y": 600}], [{"x": 825, "y": 1079}, {"x": 828, "y": 1104}, {"x": 832, "y": 1107}, {"x": 833, "y": 1089}], [{"x": 637, "y": 613}, {"x": 616, "y": 607}, {"x": 642, "y": 628}], [{"x": 682, "y": 1104}, {"x": 685, "y": 1104}, {"x": 698, "y": 1085}], [{"x": 902, "y": 335}, {"x": 887, "y": 344}, {"x": 904, "y": 357}]]}
