{"type": "CGSHOP2023_Instance", "name": "cheese1028", "n": 1028, "outer_boundary": [{"x": 44, "y": 846}, {"x": 32, "y": 770}, {"x": 10, "y": 608}, {"x": 14, "y": 120}, {"x": 105, "y": 26}, {"x": 722, "y": 10}, {"x": 835, "y": 32}, {"x": 846, "y": 166}, {"x": 848, "y": 756}, {"x": 793, "y": 831}, {"x": 787, "y": 844}, {"x": 58, "y": 848}], "holes": [[{"x": 150, "y": 300}, {"x": 152, "y": 298}, {"x": 159, "y": 272}, {"x": 133, "y": 294}, {"x": 135, "y": 300}], [{"x": 106, "y": 677}, {"x": 103, "y": 677}, {"x": 84, "y": 697}, {"x": 107, "y": 694}], [{"x": 545, "y": 369}, {"x": 545, "y": 384}, {"x": 561, "y": 363}, {"x": 563, "y": 368}, {"x": 563, "y": 359}, {"x": 561, "y": 360}], [{"x": 334, "y": 163}, {"x": 356, "y": 159}, {"x": 356, "y": 142}], [{"x": 535, "y": 823}, {"x": 544, "y": 803}, {"x": 544, "y": 795}, {"x": 535, "y": 794}, {"x": 534, "y": 802}, {"x": 518, "y": 799}], [{"x": 297, "y": 105}, {"x": 317, "y": 100}, {"x": 316, "y": 80}, {"x": 315, "y": 100}, {"x": 293, "y": 105}], [{"x": 351, "y": 183}, {"x": 359, "y": 179}, {"x": 354, "y": 184}, {"x": 373, "y": 186}, {"x": 371, "y": 160}, {"x": 352, "y": 168}], [{"x": 347, "y": 620}, {"x": 348, "y": 634}, {"x": 335, "y": 643}, {"x": 349, "y": 643}], [{"x": 215, "y": 176}, {"x": 210, "y": 176}, {"x": 210, "y": 197}, {"x": 215, "y": 199}, {"x": 216, "y": 192}], [{"x": 73, "y": 146}, {"x": 92, "y": 140}, {"x": 72, "y": 119}], [{"x": 590, "y": 518}, {"x": 586, "y": 518}, {"x": 572, "y": 547}, {"x": 593, "y": 519}], [{"x": 84, "y": 269}, {"x": 103, "y": 271}, {"x": 110, "y": 272}, {"x": 83, "y": 245}, {"x": 82, "y": 262}, {"x": 89, "y": 267}], [{"x": 101, "y": 624}, {"x": 106, "y": 618}, {"x": 104, "y": 615}, {"x": 77, "y": 594}, {"x": 81, "y": 619}, {"x": 80, "y": 621}], [{"x": 627, "y": 327}, {"x": 635, "y": 327}, {"x": 634, "y": 321}, {"x": 633, "y": 317}], [{"x": 662, "y": 265}, {"x": 663, "y": 269}, {"x": 683, "y": 242}, {"x": 676, "y": 242}], [{"x": 153, "y": 98}, {"x": 176, "y": 101}, {"x": 178, "y": 94}], [{"x": 328, "y": 446}, {"x": 334, "y": 452}, {"x": 347, "y": 427}], [{"x": 794, "y": 101}, {"x": 782, "y": 102}, {"x": 782, "y": 100}, {"x": 776, "y": 100}, {"x": 781, "y": 119}, {"x": 802, "y": 101}], [{"x": 728, "y": 714}, {"x": 727, "y": 717}, {"x": 756, "y": 719}], [{"x": 761, "y": 266}, {"x": 764, "y": 288}, {"x": 787, "y": 289}, {"x": 767, "y": 267}], [{"x": 182, "y": 233}, {"x": 184, "y": 235}, {"x": 202, "y": 234}, {"x": 206, "y": 213}, {"x": 185, "y": 217}], [{"x": 385, "y": 262}, {"x": 386, "y": 258}, {"x": 381, "y": 240}, {"x": 359, "y": 259}, {"x": 365, "y": 262}], [{"x": 321, "y": 54}, {"x": 319, "y": 52}, {"x": 298, "y": 56}], [{"x": 273, "y": 139}, {"x": 275, "y": 142}, {"x": 278, "y": 146}], [{"x": 218, "y": 803}, {"x": 223, "y": 802}, {"x": 196, "y": 799}, {"x": 204, "y": 787}, {"x": 194, "y": 801}], [{"x": 509, "y": 547}, {"x": 508, "y": 544}, {"x": 487, "y": 522}, {"x": 485, "y": 544}], [{"x": 751, "y": 567}, {"x": 731, "y": 570}, {"x": 750, "y": 586}, {"x": 756, "y": 586}], [{"x": 128, "y": 619}, {"x": 124, "y": 621}, {"x": 129, "y": 623}], [{"x": 634, "y": 798}, {"x": 635, "y": 817}, {"x": 639, "y": 812}, {"x": 661, "y": 795}, {"x": 652, "y": 792}, {"x": 634, "y": 792}], [{"x": 575, "y": 142}, {"x": 572, "y": 122}, {"x": 551, "y": 134}, {"x": 551, "y": 138}], [{"x": 431, "y": 335}, {"x": 435, "y": 330}, {"x": 411, "y": 330}, {"x": 438, "y": 353}], [{"x": 234, "y": 385}, {"x": 221, "y": 391}, {"x": 220, "y": 413}, {"x": 239, "y": 393}], [{"x": 405, "y": 680}, {"x": 418, "y": 679}, {"x": 422, "y": 666}, {"x": 407, "y": 666}], [{"x": 353, "y": 341}, {"x": 375, "y": 342}, {"x": 359, "y": 313}, {"x": 358, "y": 335}, {"x": 355, "y": 334}, {"x": 363, "y": 341}], [{"x": 372, "y": 675}, {"x": 358, "y": 696}, {"x": 353, "y": 698}, {"x": 372, "y": 703}, {"x": 379, "y": 698}], [{"x": 75, "y": 317}, {"x": 75, "y": 320}, {"x": 82, "y": 322}, {"x": 79, "y": 294}, {"x": 64, "y": 297}, {"x": 58, "y": 318}], [{"x": 655, "y": 171}, {"x": 646, "y": 189}, {"x": 676, "y": 169}, {"x": 670, "y": 161}, {"x": 669, "y": 164}], [{"x": 694, "y": 239}, {"x": 700, "y": 260}, {"x": 701, "y": 247}], [{"x": 680, "y": 184}, {"x": 667, "y": 188}, {"x": 681, "y": 204}], [{"x": 576, "y": 794}, {"x": 578, "y": 818}, {"x": 572, "y": 801}, {"x": 571, "y": 816}, {"x": 573, "y": 824}, {"x": 599, "y": 797}], [{"x": 746, "y": 761}, {"x": 765, "y": 757}, {"x": 746, "y": 755}, {"x": 745, "y": 758}], [{"x": 782, "y": 186}, {"x": 792, "y": 188}, {"x": 795, "y": 189}, {"x": 794, "y": 165}, {"x": 773, "y": 184}], [{"x": 372, "y": 620}, {"x": 356, "y": 622}, {"x": 355, "y": 623}, {"x": 352, "y": 639}, {"x": 376, "y": 617}], [{"x": 186, "y": 165}, {"x": 188, "y": 146}, {"x": 186, "y": 146}, {"x": 168, "y": 169}], [{"x": 618, "y": 421}, {"x": 597, "y": 441}, {"x": 595, "y": 446}], [{"x": 710, "y": 711}, {"x": 707, "y": 683}, {"x": 686, "y": 683}, {"x": 690, "y": 706}, {"x": 689, "y": 686}, {"x": 703, "y": 685}], [{"x": 443, "y": 328}, {"x": 448, "y": 311}, {"x": 447, "y": 307}, {"x": 427, "y": 323}, {"x": 426, "y": 324}], [{"x": 725, "y": 546}, {"x": 753, "y": 553}, {"x": 733, "y": 525}, {"x": 727, "y": 527}], [{"x": 745, "y": 644}, {"x": 748, "y": 643}, {"x": 748, "y": 640}, {"x": 730, "y": 637}, {"x": 732, "y": 662}, {"x": 745, "y": 667}], [{"x": 87, "y": 115}, {"x": 95, "y": 113}, {"x": 75, "y": 112}], [{"x": 114, "y": 770}, {"x": 130, "y": 769}, {"x": 131, "y": 765}, {"x": 128, "y": 763}], [{"x": 182, "y": 332}, {"x": 203, "y": 333}, {"x": 211, "y": 312}], [{"x": 437, "y": 197}, {"x": 440, "y": 187}, {"x": 414, "y": 183}, {"x": 430, "y": 206}, {"x": 431, "y": 206}], [{"x": 370, "y": 719}, {"x": 387, "y": 716}, {"x": 371, "y": 713}], [{"x": 564, "y": 380}, {"x": 582, "y": 367}, {"x": 590, "y": 378}, {"x": 589, "y": 366}, {"x": 586, "y": 363}], [{"x": 329, "y": 273}, {"x": 334, "y": 270}, {"x": 316, "y": 271}], [{"x": 320, "y": 724}, {"x": 324, "y": 728}, {"x": 345, "y": 725}, {"x": 345, "y": 723}, {"x": 339, "y": 704}, {"x": 340, "y": 721}], [{"x": 590, "y": 564}, {"x": 615, "y": 591}, {"x": 611, "y": 567}, {"x": 615, "y": 566}, {"x": 592, "y": 563}, {"x": 590, "y": 563}], [{"x": 96, "y": 822}, {"x": 102, "y": 808}, {"x": 103, "y": 808}, {"x": 104, "y": 807}, {"x": 82, "y": 801}, {"x": 78, "y": 821}], [{"x": 364, "y": 680}, {"x": 381, "y": 651}, {"x": 377, "y": 657}, {"x": 362, "y": 675}], [{"x": 388, "y": 221}, {"x": 413, "y": 221}, {"x": 404, "y": 198}, {"x": 403, "y": 198}, {"x": 392, "y": 202}, {"x": 383, "y": 225}], [{"x": 711, "y": 780}, {"x": 688, "y": 757}, {"x": 683, "y": 782}, {"x": 704, "y": 780}, {"x": 689, "y": 760}], [{"x": 539, "y": 508}, {"x": 541, "y": 491}, {"x": 515, "y": 491}, {"x": 525, "y": 504}], [{"x": 411, "y": 407}, {"x": 432, "y": 410}, {"x": 428, "y": 431}, {"x": 429, "y": 433}, {"x": 433, "y": 407}, {"x": 431, "y": 405}], [{"x": 365, "y": 735}, {"x": 367, "y": 717}, {"x": 358, "y": 716}, {"x": 360, "y": 736}], [{"x": 434, "y": 575}, {"x": 460, "y": 551}, {"x": 435, "y": 546}, {"x": 455, "y": 551}], [{"x": 177, "y": 528}, {"x": 194, "y": 534}, {"x": 176, "y": 508}, {"x": 174, "y": 529}, {"x": 189, "y": 535}], [{"x": 533, "y": 533}, {"x": 541, "y": 548}, {"x": 561, "y": 529}], [{"x": 744, "y": 379}, {"x": 747, "y": 384}, {"x": 752, "y": 383}, {"x": 771, "y": 377}, {"x": 748, "y": 362}], [{"x": 173, "y": 466}, {"x": 178, "y": 486}, {"x": 196, "y": 487}, {"x": 175, "y": 467}, {"x": 193, "y": 485}], [{"x": 37, "y": 598}, {"x": 56, "y": 579}, {"x": 28, "y": 595}, {"x": 37, "y": 597}], [{"x": 711, "y": 320}, {"x": 719, "y": 305}, {"x": 714, "y": 299}, {"x": 736, "y": 319}, {"x": 713, "y": 298}], [{"x": 505, "y": 464}, {"x": 523, "y": 462}, {"x": 523, "y": 465}, {"x": 525, "y": 461}, {"x": 518, "y": 439}, {"x": 503, "y": 444}], [{"x": 184, "y": 608}, {"x": 197, "y": 628}, {"x": 203, "y": 621}, {"x": 199, "y": 608}, {"x": 179, "y": 603}, {"x": 185, "y": 627}], [{"x": 588, "y": 494}, {"x": 608, "y": 466}, {"x": 580, "y": 493}], [{"x": 92, "y": 541}, {"x": 109, "y": 528}, {"x": 88, "y": 541}, {"x": 95, "y": 522}, {"x": 89, "y": 526}, {"x": 86, "y": 545}], [{"x": 797, "y": 807}, {"x": 804, "y": 805}, {"x": 802, "y": 801}, {"x": 805, "y": 781}, {"x": 785, "y": 782}, {"x": 779, "y": 798}], [{"x": 554, "y": 752}, {"x": 553, "y": 753}, {"x": 547, "y": 775}, {"x": 568, "y": 767}, {"x": 572, "y": 755}, {"x": 576, "y": 754}], [{"x": 786, "y": 70}, {"x": 793, "y": 62}, {"x": 804, "y": 47}, {"x": 784, "y": 60}], [{"x": 197, "y": 430}, {"x": 218, "y": 431}, {"x": 217, "y": 410}, {"x": 196, "y": 410}, {"x": 191, "y": 411}, {"x": 200, "y": 423}], [{"x": 627, "y": 634}, {"x": 610, "y": 644}, {"x": 604, "y": 650}, {"x": 623, "y": 653}, {"x": 629, "y": 654}], [{"x": 404, "y": 580}, {"x": 402, "y": 561}, {"x": 388, "y": 557}, {"x": 382, "y": 551}, {"x": 383, "y": 573}], [{"x": 274, "y": 759}, {"x": 281, "y": 771}, {"x": 281, "y": 753}], [{"x": 54, "y": 648}, {"x": 80, "y": 671}, {"x": 78, "y": 663}, {"x": 72, "y": 646}], [{"x": 681, "y": 498}, {"x": 685, "y": 497}, {"x": 687, "y": 496}, {"x": 682, "y": 478}], [{"x": 410, "y": 294}, {"x": 389, "y": 274}, {"x": 383, "y": 302}, {"x": 401, "y": 304}, {"x": 409, "y": 299}], [{"x": 186, "y": 256}, {"x": 179, "y": 257}, {"x": 185, "y": 276}, {"x": 201, "y": 277}, {"x": 201, "y": 271}, {"x": 197, "y": 256}], [{"x": 147, "y": 804}, {"x": 149, "y": 807}, {"x": 169, "y": 804}, {"x": 175, "y": 805}, {"x": 174, "y": 803}, {"x": 154, "y": 800}], [{"x": 759, "y": 164}, {"x": 759, "y": 170}, {"x": 778, "y": 144}, {"x": 778, "y": 143}, {"x": 763, "y": 146}, {"x": 761, "y": 162}], [{"x": 665, "y": 344}, {"x": 668, "y": 342}, {"x": 647, "y": 344}, {"x": 661, "y": 362}, {"x": 671, "y": 342}, {"x": 665, "y": 345}], [{"x": 762, "y": 228}, {"x": 765, "y": 214}, {"x": 743, "y": 228}], [{"x": 314, "y": 634}, {"x": 317, "y": 629}, {"x": 318, "y": 612}, {"x": 290, "y": 629}, {"x": 295, "y": 635}, {"x": 308, "y": 635}], [{"x": 390, "y": 783}, {"x": 413, "y": 792}, {"x": 403, "y": 786}, {"x": 413, "y": 791}, {"x": 411, "y": 787}], [{"x": 414, "y": 130}, {"x": 395, "y": 129}, {"x": 392, "y": 130}, {"x": 389, "y": 151}], [{"x": 743, "y": 504}, {"x": 769, "y": 502}, {"x": 768, "y": 502}, {"x": 744, "y": 479}], [{"x": 631, "y": 86}, {"x": 635, "y": 103}, {"x": 655, "y": 82}, {"x": 650, "y": 84}], [{"x": 319, "y": 196}, {"x": 347, "y": 175}, {"x": 328, "y": 188}], [{"x": 570, "y": 596}, {"x": 563, "y": 577}, {"x": 561, "y": 577}, {"x": 569, "y": 572}, {"x": 545, "y": 567}, {"x": 548, "y": 573}], [{"x": 444, "y": 208}, {"x": 466, "y": 187}, {"x": 445, "y": 181}], [{"x": 791, "y": 352}, {"x": 808, "y": 369}, {"x": 807, "y": 356}, {"x": 808, "y": 349}, {"x": 789, "y": 349}], [{"x": 216, "y": 776}, {"x": 216, "y": 769}, {"x": 213, "y": 770}, {"x": 211, "y": 777}, {"x": 214, "y": 798}], [{"x": 108, "y": 168}, {"x": 107, "y": 171}, {"x": 85, "y": 178}, {"x": 84, "y": 197}, {"x": 106, "y": 198}, {"x": 114, "y": 172}], [{"x": 261, "y": 807}, {"x": 243, "y": 787}, {"x": 240, "y": 783}, {"x": 236, "y": 805}, {"x": 243, "y": 809}], [{"x": 320, "y": 395}, {"x": 326, "y": 380}, {"x": 324, "y": 378}, {"x": 319, "y": 381}, {"x": 318, "y": 382}, {"x": 316, "y": 395}], [{"x": 451, "y": 404}, {"x": 452, "y": 396}, {"x": 448, "y": 384}, {"x": 426, "y": 378}], [{"x": 511, "y": 640}, {"x": 540, "y": 661}, {"x": 540, "y": 647}], [{"x": 392, "y": 475}, {"x": 402, "y": 475}, {"x": 403, "y": 467}, {"x": 402, "y": 445}, {"x": 388, "y": 448}, {"x": 390, "y": 466}], [{"x": 197, "y": 364}, {"x": 197, "y": 360}, {"x": 179, "y": 360}, {"x": 172, "y": 369}, {"x": 175, "y": 387}, {"x": 199, "y": 369}], [{"x": 465, "y": 221}, {"x": 456, "y": 219}, {"x": 477, "y": 236}], [{"x": 799, "y": 237}, {"x": 772, "y": 238}, {"x": 769, "y": 246}, {"x": 773, "y": 259}, {"x": 797, "y": 261}], [{"x": 658, "y": 242}, {"x": 669, "y": 241}, {"x": 674, "y": 223}, {"x": 656, "y": 227}, {"x": 653, "y": 220}, {"x": 654, "y": 229}], [{"x": 361, "y": 103}, {"x": 362, "y": 94}, {"x": 361, "y": 97}, {"x": 357, "y": 117}, {"x": 372, "y": 96}], [{"x": 351, "y": 386}, {"x": 345, "y": 403}, {"x": 345, "y": 410}, {"x": 350, "y": 404}, {"x": 351, "y": 409}, {"x": 352, "y": 383}], [{"x": 419, "y": 510}, {"x": 422, "y": 512}, {"x": 423, "y": 530}, {"x": 444, "y": 512}], [{"x": 812, "y": 202}, {"x": 814, "y": 201}, {"x": 805, "y": 198}, {"x": 789, "y": 195}], [{"x": 171, "y": 709}, {"x": 173, "y": 687}, {"x": 152, "y": 695}, {"x": 147, "y": 706}, {"x": 147, "y": 713}, {"x": 172, "y": 711}], [{"x": 135, "y": 523}, {"x": 147, "y": 506}, {"x": 136, "y": 501}], [{"x": 691, "y": 103}, {"x": 691, "y": 108}, {"x": 718, "y": 131}, {"x": 718, "y": 129}], [{"x": 752, "y": 347}, {"x": 759, "y": 348}, {"x": 758, "y": 334}], [{"x": 347, "y": 140}, {"x": 356, "y": 141}, {"x": 353, "y": 121}], [{"x": 245, "y": 62}, {"x": 246, "y": 64}, {"x": 252, "y": 67}], [{"x": 640, "y": 138}, {"x": 641, "y": 157}, {"x": 658, "y": 158}, {"x": 658, "y": 155}, {"x": 662, "y": 157}, {"x": 641, "y": 138}], [{"x": 528, "y": 424}, {"x": 533, "y": 426}, {"x": 537, "y": 413}, {"x": 533, "y": 405}], [{"x": 545, "y": 787}, {"x": 542, "y": 786}, {"x": 546, "y": 798}, {"x": 560, "y": 805}], [{"x": 753, "y": 424}, {"x": 774, "y": 406}, {"x": 774, "y": 400}, {"x": 772, "y": 406}, {"x": 759, "y": 407}], [{"x": 155, "y": 354}, {"x": 180, "y": 329}, {"x": 170, "y": 334}, {"x": 171, "y": 326}, {"x": 151, "y": 348}], [{"x": 616, "y": 458}, {"x": 619, "y": 462}, {"x": 635, "y": 462}, {"x": 620, "y": 441}, {"x": 614, "y": 444}, {"x": 618, "y": 443}], [{"x": 610, "y": 58}, {"x": 624, "y": 78}, {"x": 625, "y": 63}], [{"x": 535, "y": 119}, {"x": 551, "y": 97}, {"x": 549, "y": 95}], [{"x": 282, "y": 726}, {"x": 309, "y": 718}, {"x": 304, "y": 703}], [{"x": 654, "y": 808}, {"x": 679, "y": 789}, {"x": 656, "y": 804}], [{"x": 471, "y": 209}, {"x": 470, "y": 187}, {"x": 468, "y": 190}, {"x": 468, "y": 192}], [{"x": 48, "y": 789}, {"x": 70, "y": 792}, {"x": 73, "y": 791}, {"x": 73, "y": 776}, {"x": 66, "y": 773}, {"x": 65, "y": 790}], [{"x": 563, "y": 223}, {"x": 564, "y": 199}, {"x": 543, "y": 200}, {"x": 558, "y": 216}], [{"x": 470, "y": 558}, {"x": 480, "y": 554}, {"x": 479, "y": 551}], [{"x": 489, "y": 260}, {"x": 496, "y": 256}, {"x": 468, "y": 257}, {"x": 488, "y": 274}, {"x": 477, "y": 258}, {"x": 495, "y": 283}], [{"x": 654, "y": 412}, {"x": 672, "y": 390}, {"x": 676, "y": 387}, {"x": 653, "y": 386}, {"x": 648, "y": 406}], [{"x": 359, "y": 607}, {"x": 356, "y": 613}, {"x": 378, "y": 595}, {"x": 377, "y": 589}], [{"x": 409, "y": 655}, {"x": 410, "y": 654}, {"x": 390, "y": 634}], [{"x": 615, "y": 729}, {"x": 614, "y": 712}, {"x": 590, "y": 713}, {"x": 609, "y": 728}, {"x": 599, "y": 727}, {"x": 591, "y": 731}], [{"x": 101, "y": 586}, {"x": 109, "y": 587}, {"x": 126, "y": 590}, {"x": 128, "y": 562}, {"x": 109, "y": 571}, {"x": 104, "y": 583}], [{"x": 590, "y": 120}, {"x": 592, "y": 116}, {"x": 585, "y": 121}, {"x": 590, "y": 119}], [{"x": 729, "y": 351}, {"x": 732, "y": 372}, {"x": 734, "y": 369}], [{"x": 147, "y": 557}, {"x": 149, "y": 559}, {"x": 168, "y": 555}, {"x": 151, "y": 538}], [{"x": 808, "y": 697}, {"x": 808, "y": 696}, {"x": 782, "y": 711}, {"x": 784, "y": 719}, {"x": 802, "y": 718}, {"x": 810, "y": 697}], [{"x": 114, "y": 406}, {"x": 116, "y": 388}, {"x": 92, "y": 408}, {"x": 108, "y": 407}], [{"x": 29, "y": 137}, {"x": 47, "y": 138}, {"x": 55, "y": 115}, {"x": 55, "y": 113}], [{"x": 135, "y": 46}, {"x": 137, "y": 40}, {"x": 116, "y": 37}, {"x": 124, "y": 63}, {"x": 139, "y": 63}, {"x": 144, "y": 61}], [{"x": 461, "y": 128}, {"x": 484, "y": 133}, {"x": 482, "y": 128}, {"x": 463, "y": 116}], [{"x": 288, "y": 268}, {"x": 292, "y": 265}, {"x": 265, "y": 267}, {"x": 263, "y": 267}, {"x": 283, "y": 270}, {"x": 285, "y": 272}], [{"x": 618, "y": 200}, {"x": 615, "y": 195}, {"x": 612, "y": 195}, {"x": 598, "y": 224}, {"x": 617, "y": 201}], [{"x": 384, "y": 374}, {"x": 386, "y": 372}, {"x": 378, "y": 353}], [{"x": 539, "y": 199}, {"x": 542, "y": 190}, {"x": 527, "y": 174}, {"x": 519, "y": 174}, {"x": 524, "y": 193}], [{"x": 744, "y": 294}, {"x": 739, "y": 276}, {"x": 735, "y": 278}, {"x": 717, "y": 301}, {"x": 736, "y": 295}], [{"x": 149, "y": 186}, {"x": 162, "y": 172}, {"x": 167, "y": 165}, {"x": 149, "y": 167}, {"x": 147, "y": 167}, {"x": 145, "y": 171}], [{"x": 150, "y": 773}, {"x": 137, "y": 773}, {"x": 129, "y": 780}, {"x": 139, "y": 779}, {"x": 157, "y": 777}], [{"x": 601, "y": 703}, {"x": 620, "y": 686}, {"x": 620, "y": 684}], [{"x": 649, "y": 483}, {"x": 649, "y": 466}, {"x": 628, "y": 485}], [{"x": 496, "y": 187}, {"x": 498, "y": 164}, {"x": 471, "y": 164}, {"x": 471, "y": 165}], [{"x": 357, "y": 606}, {"x": 358, "y": 584}, {"x": 338, "y": 586}, {"x": 334, "y": 585}], [{"x": 605, "y": 647}, {"x": 608, "y": 641}, {"x": 594, "y": 646}], [{"x": 346, "y": 371}, {"x": 368, "y": 362}, {"x": 353, "y": 362}, {"x": 372, "y": 348}, {"x": 346, "y": 363}, {"x": 347, "y": 370}], [{"x": 525, "y": 83}, {"x": 542, "y": 82}, {"x": 541, "y": 64}, {"x": 529, "y": 63}, {"x": 528, "y": 78}], [{"x": 650, "y": 626}, {"x": 657, "y": 633}, {"x": 673, "y": 616}, {"x": 673, "y": 612}], [{"x": 334, "y": 310}, {"x": 336, "y": 309}, {"x": 357, "y": 311}, {"x": 357, "y": 289}, {"x": 355, "y": 307}, {"x": 335, "y": 306}], [{"x": 237, "y": 411}, {"x": 222, "y": 412}, {"x": 221, "y": 433}, {"x": 237, "y": 435}, {"x": 246, "y": 429}], [{"x": 60, "y": 483}, {"x": 62, "y": 468}, {"x": 47, "y": 468}, {"x": 45, "y": 469}, {"x": 45, "y": 470}], [{"x": 265, "y": 281}, {"x": 263, "y": 281}, {"x": 245, "y": 308}, {"x": 261, "y": 304}], [{"x": 585, "y": 550}, {"x": 607, "y": 549}, {"x": 582, "y": 543}], [{"x": 316, "y": 497}, {"x": 334, "y": 475}, {"x": 327, "y": 481}], [{"x": 465, "y": 727}, {"x": 469, "y": 745}, {"x": 469, "y": 723}], [{"x": 343, "y": 776}, {"x": 349, "y": 750}, {"x": 346, "y": 757}], [{"x": 606, "y": 781}, {"x": 627, "y": 785}, {"x": 631, "y": 763}], [{"x": 766, "y": 477}, {"x": 796, "y": 458}, {"x": 790, "y": 449}], [{"x": 799, "y": 753}, {"x": 820, "y": 744}, {"x": 814, "y": 744}, {"x": 800, "y": 746}, {"x": 795, "y": 747}], [{"x": 677, "y": 230}, {"x": 691, "y": 236}, {"x": 694, "y": 236}, {"x": 698, "y": 234}, {"x": 677, "y": 213}, {"x": 674, "y": 230}], [{"x": 781, "y": 551}, {"x": 780, "y": 543}, {"x": 778, "y": 548}, {"x": 780, "y": 526}, {"x": 757, "y": 523}, {"x": 757, "y": 549}], [{"x": 241, "y": 577}, {"x": 245, "y": 559}, {"x": 239, "y": 556}, {"x": 217, "y": 553}, {"x": 218, "y": 559}, {"x": 221, "y": 554}], [{"x": 740, "y": 196}, {"x": 736, "y": 193}, {"x": 722, "y": 209}, {"x": 720, "y": 213}, {"x": 743, "y": 208}, {"x": 744, "y": 190}], [{"x": 212, "y": 93}, {"x": 231, "y": 108}, {"x": 226, "y": 85}], [{"x": 487, "y": 453}, {"x": 463, "y": 469}, {"x": 462, "y": 470}, {"x": 483, "y": 473}], [{"x": 381, "y": 114}, {"x": 383, "y": 111}, {"x": 389, "y": 114}, {"x": 382, "y": 89}], [{"x": 526, "y": 707}, {"x": 529, "y": 707}, {"x": 522, "y": 722}, {"x": 543, "y": 709}, {"x": 542, "y": 705}], [{"x": 445, "y": 473}, {"x": 447, "y": 491}, {"x": 428, "y": 475}, {"x": 443, "y": 498}, {"x": 450, "y": 489}, {"x": 452, "y": 478}], [{"x": 415, "y": 573}, {"x": 412, "y": 588}, {"x": 442, "y": 593}, {"x": 441, "y": 587}, {"x": 422, "y": 587}], [{"x": 325, "y": 461}, {"x": 328, "y": 437}, {"x": 301, "y": 443}, {"x": 303, "y": 457}, {"x": 321, "y": 440}, {"x": 308, "y": 464}], [{"x": 163, "y": 478}, {"x": 165, "y": 456}, {"x": 159, "y": 456}, {"x": 138, "y": 461}, {"x": 156, "y": 478}, {"x": 139, "y": 482}], [{"x": 187, "y": 580}, {"x": 190, "y": 584}, {"x": 193, "y": 583}, {"x": 167, "y": 563}, {"x": 185, "y": 578}], [{"x": 723, "y": 687}, {"x": 737, "y": 707}, {"x": 744, "y": 702}, {"x": 741, "y": 682}, {"x": 738, "y": 685}], [{"x": 107, "y": 732}, {"x": 117, "y": 711}, {"x": 117, "y": 708}, {"x": 115, "y": 702}, {"x": 109, "y": 707}], [{"x": 337, "y": 285}, {"x": 338, "y": 287}, {"x": 337, "y": 302}, {"x": 359, "y": 285}, {"x": 342, "y": 284}], [{"x": 86, "y": 448}, {"x": 109, "y": 450}, {"x": 105, "y": 441}, {"x": 103, "y": 421}], [{"x": 547, "y": 213}, {"x": 524, "y": 221}, {"x": 548, "y": 218}], [{"x": 665, "y": 428}, {"x": 667, "y": 448}, {"x": 684, "y": 445}, {"x": 685, "y": 432}, {"x": 683, "y": 426}], [{"x": 291, "y": 214}, {"x": 316, "y": 195}, {"x": 293, "y": 210}, {"x": 289, "y": 213}, {"x": 288, "y": 216}], [{"x": 721, "y": 814}, {"x": 727, "y": 808}, {"x": 702, "y": 785}, {"x": 708, "y": 806}], [{"x": 586, "y": 85}, {"x": 612, "y": 81}, {"x": 591, "y": 70}, {"x": 591, "y": 64}], [{"x": 179, "y": 589}, {"x": 192, "y": 593}, {"x": 173, "y": 593}, {"x": 182, "y": 596}, {"x": 199, "y": 594}], [{"x": 128, "y": 356}, {"x": 130, "y": 360}, {"x": 153, "y": 335}, {"x": 132, "y": 334}], [{"x": 133, "y": 669}, {"x": 144, "y": 677}, {"x": 153, "y": 655}, {"x": 145, "y": 668}, {"x": 146, "y": 656}], [{"x": 207, "y": 262}, {"x": 217, "y": 244}, {"x": 201, "y": 257}], [{"x": 536, "y": 288}, {"x": 538, "y": 286}, {"x": 543, "y": 266}, {"x": 541, "y": 260}, {"x": 536, "y": 265}, {"x": 518, "y": 285}], [{"x": 68, "y": 191}, {"x": 70, "y": 170}, {"x": 69, "y": 168}, {"x": 41, "y": 161}, {"x": 50, "y": 188}], [{"x": 222, "y": 545}, {"x": 219, "y": 518}, {"x": 200, "y": 544}, {"x": 201, "y": 547}], [{"x": 400, "y": 610}, {"x": 383, "y": 622}, {"x": 403, "y": 608}, {"x": 401, "y": 602}], [{"x": 514, "y": 249}, {"x": 499, "y": 231}, {"x": 494, "y": 231}], [{"x": 279, "y": 64}, {"x": 277, "y": 69}, {"x": 259, "y": 66}, {"x": 256, "y": 68}, {"x": 279, "y": 71}], [{"x": 759, "y": 582}, {"x": 757, "y": 581}, {"x": 782, "y": 608}, {"x": 786, "y": 604}, {"x": 784, "y": 601}], [{"x": 176, "y": 767}, {"x": 197, "y": 768}, {"x": 195, "y": 746}, {"x": 191, "y": 747}, {"x": 196, "y": 764}], [{"x": 255, "y": 690}, {"x": 235, "y": 702}, {"x": 232, "y": 707}, {"x": 257, "y": 705}, {"x": 257, "y": 704}, {"x": 259, "y": 701}], [{"x": 747, "y": 826}, {"x": 749, "y": 827}, {"x": 751, "y": 820}, {"x": 747, "y": 820}], [{"x": 287, "y": 604}, {"x": 265, "y": 591}, {"x": 263, "y": 601}, {"x": 285, "y": 608}, {"x": 279, "y": 604}], [{"x": 94, "y": 325}, {"x": 70, "y": 325}, {"x": 66, "y": 327}, {"x": 70, "y": 354}, {"x": 67, "y": 327}, {"x": 71, "y": 352}], [{"x": 415, "y": 513}, {"x": 417, "y": 509}, {"x": 415, "y": 497}, {"x": 393, "y": 497}, {"x": 391, "y": 510}, {"x": 414, "y": 513}], [{"x": 762, "y": 562}, {"x": 762, "y": 581}, {"x": 770, "y": 580}, {"x": 770, "y": 576}, {"x": 766, "y": 565}, {"x": 763, "y": 563}], [{"x": 562, "y": 656}, {"x": 589, "y": 657}, {"x": 586, "y": 634}, {"x": 580, "y": 641}, {"x": 568, "y": 653}, {"x": 586, "y": 656}], [{"x": 102, "y": 726}, {"x": 105, "y": 718}, {"x": 82, "y": 705}, {"x": 76, "y": 716}, {"x": 76, "y": 726}, {"x": 104, "y": 718}], [{"x": 182, "y": 135}, {"x": 201, "y": 131}, {"x": 208, "y": 133}, {"x": 198, "y": 108}], [{"x": 202, "y": 181}, {"x": 208, "y": 167}, {"x": 207, "y": 167}, {"x": 182, "y": 180}, {"x": 185, "y": 184}], [{"x": 693, "y": 69}, {"x": 710, "y": 62}, {"x": 697, "y": 42}], [{"x": 41, "y": 271}, {"x": 39, "y": 244}, {"x": 41, "y": 272}], [{"x": 708, "y": 596}, {"x": 731, "y": 574}, {"x": 711, "y": 574}, {"x": 707, "y": 582}]]}
