{"type": "CGSHOP2023_Instance", "name": "cheese1555", "n": 1555, "outer_boundary": [{"x": 41, "y": 1032}, {"x": 26, "y": 926}, {"x": 10, "y": 562}, {"x": 39, "y": 152}, {"x": 50, "y": 35}, {"x": 111, "y": 36}, {"x": 795, "y": 10}, {"x": 1025, "y": 60}, {"x": 1034, "y": 130}, {"x": 1051, "y": 190}, {"x": 1063, "y": 609}, {"x": 1049, "y": 935}, {"x": 998, "y": 1038}, {"x": 923, "y": 1032}, {"x": 845, "y": 1028}, {"x": 248, "y": 1031}], "holes": [[{"x": 777, "y": 466}, {"x": 777, "y": 443}, {"x": 774, "y": 444}, {"x": 757, "y": 442}, {"x": 750, "y": 451}, {"x": 775, "y": 470}], [{"x": 373, "y": 516}, {"x": 387, "y": 521}, {"x": 390, "y": 522}, {"x": 393, "y": 519}], [{"x": 880, "y": 731}, {"x": 874, "y": 728}, {"x": 859, "y": 730}, {"x": 855, "y": 732}, {"x": 864, "y": 743}, {"x": 880, "y": 748}], [{"x": 800, "y": 119}, {"x": 813, "y": 95}, {"x": 798, "y": 120}], [{"x": 381, "y": 780}, {"x": 385, "y": 786}, {"x": 387, "y": 799}, {"x": 408, "y": 800}, {"x": 411, "y": 781}], [{"x": 74, "y": 415}, {"x": 102, "y": 425}, {"x": 79, "y": 401}], [{"x": 291, "y": 804}, {"x": 293, "y": 777}, {"x": 289, "y": 779}, {"x": 287, "y": 802}, {"x": 271, "y": 801}], [{"x": 716, "y": 870}, {"x": 720, "y": 853}, {"x": 724, "y": 852}, {"x": 716, "y": 843}], [{"x": 568, "y": 658}, {"x": 593, "y": 653}, {"x": 592, "y": 653}, {"x": 576, "y": 638}], [{"x": 598, "y": 966}, {"x": 595, "y": 950}, {"x": 580, "y": 945}, {"x": 582, "y": 969}, {"x": 595, "y": 964}, {"x": 583, "y": 972}], [{"x": 370, "y": 943}, {"x": 393, "y": 944}, {"x": 394, "y": 940}, {"x": 374, "y": 929}, {"x": 372, "y": 928}], [{"x": 63, "y": 986}, {"x": 71, "y": 981}, {"x": 83, "y": 981}, {"x": 68, "y": 961}], [{"x": 977, "y": 496}, {"x": 980, "y": 515}, {"x": 995, "y": 521}], [{"x": 866, "y": 317}, {"x": 867, "y": 315}, {"x": 841, "y": 317}, {"x": 843, "y": 320}, {"x": 837, "y": 340}, {"x": 845, "y": 322}], [{"x": 760, "y": 800}, {"x": 775, "y": 807}, {"x": 780, "y": 801}, {"x": 780, "y": 781}, {"x": 779, "y": 799}, {"x": 776, "y": 782}], [{"x": 370, "y": 644}, {"x": 372, "y": 647}, {"x": 376, "y": 649}, {"x": 367, "y": 651}, {"x": 369, "y": 672}, {"x": 390, "y": 648}], [{"x": 681, "y": 238}, {"x": 681, "y": 242}, {"x": 686, "y": 237}], [{"x": 822, "y": 786}, {"x": 828, "y": 780}, {"x": 798, "y": 764}, {"x": 798, "y": 780}], [{"x": 282, "y": 92}, {"x": 284, "y": 111}, {"x": 308, "y": 93}, {"x": 282, "y": 87}], [{"x": 247, "y": 722}, {"x": 274, "y": 721}, {"x": 268, "y": 705}, {"x": 277, "y": 705}, {"x": 276, "y": 701}, {"x": 253, "y": 704}], [{"x": 643, "y": 72}, {"x": 649, "y": 65}, {"x": 644, "y": 64}, {"x": 632, "y": 84}], [{"x": 298, "y": 714}, {"x": 300, "y": 715}, {"x": 300, "y": 694}], [{"x": 660, "y": 531}, {"x": 676, "y": 522}, {"x": 652, "y": 509}, {"x": 659, "y": 524}, {"x": 653, "y": 530}], [{"x": 465, "y": 813}, {"x": 484, "y": 817}, {"x": 470, "y": 790}], [{"x": 75, "y": 114}, {"x": 58, "y": 135}, {"x": 61, "y": 134}, {"x": 83, "y": 121}], [{"x": 472, "y": 692}, {"x": 478, "y": 689}, {"x": 477, "y": 667}, {"x": 452, "y": 683}, {"x": 459, "y": 691}], [{"x": 811, "y": 185}, {"x": 815, "y": 211}, {"x": 811, "y": 206}, {"x": 815, "y": 214}, {"x": 840, "y": 208}, {"x": 836, "y": 188}], [{"x": 526, "y": 964}, {"x": 548, "y": 968}, {"x": 527, "y": 949}, {"x": 520, "y": 960}], [{"x": 442, "y": 347}, {"x": 447, "y": 356}, {"x": 458, "y": 348}, {"x": 457, "y": 329}], [{"x": 288, "y": 397}, {"x": 267, "y": 381}, {"x": 264, "y": 380}, {"x": 263, "y": 405}, {"x": 265, "y": 405}, {"x": 288, "y": 400}], [{"x": 457, "y": 763}, {"x": 465, "y": 762}, {"x": 437, "y": 763}, {"x": 439, "y": 785}, {"x": 462, "y": 787}], [{"x": 320, "y": 628}, {"x": 321, "y": 648}, {"x": 326, "y": 650}, {"x": 345, "y": 647}, {"x": 343, "y": 642}, {"x": 343, "y": 622}], [{"x": 785, "y": 123}, {"x": 792, "y": 114}, {"x": 767, "y": 116}, {"x": 764, "y": 140}, {"x": 767, "y": 140}, {"x": 787, "y": 115}], [{"x": 556, "y": 726}, {"x": 559, "y": 710}, {"x": 545, "y": 709}, {"x": 537, "y": 704}, {"x": 538, "y": 707}], [{"x": 156, "y": 447}, {"x": 155, "y": 443}, {"x": 143, "y": 440}, {"x": 138, "y": 447}, {"x": 154, "y": 462}], [{"x": 590, "y": 315}, {"x": 609, "y": 330}, {"x": 605, "y": 312}], [{"x": 193, "y": 826}, {"x": 215, "y": 841}, {"x": 216, "y": 849}, {"x": 216, "y": 823}], [{"x": 335, "y": 800}, {"x": 356, "y": 818}, {"x": 362, "y": 797}], [{"x": 548, "y": 680}, {"x": 561, "y": 692}, {"x": 568, "y": 678}, {"x": 568, "y": 670}, {"x": 548, "y": 677}, {"x": 540, "y": 693}], [{"x": 1004, "y": 722}, {"x": 1011, "y": 716}, {"x": 989, "y": 720}], [{"x": 970, "y": 816}, {"x": 988, "y": 833}, {"x": 976, "y": 815}], [{"x": 813, "y": 563}, {"x": 833, "y": 563}, {"x": 826, "y": 544}, {"x": 823, "y": 539}], [{"x": 361, "y": 202}, {"x": 385, "y": 205}, {"x": 382, "y": 179}, {"x": 356, "y": 204}, {"x": 362, "y": 207}], [{"x": 223, "y": 98}, {"x": 250, "y": 95}, {"x": 228, "y": 80}, {"x": 245, "y": 94}], [{"x": 888, "y": 535}, {"x": 888, "y": 555}, {"x": 880, "y": 564}, {"x": 904, "y": 538}], [{"x": 821, "y": 755}, {"x": 822, "y": 751}, {"x": 840, "y": 736}, {"x": 822, "y": 736}, {"x": 821, "y": 731}], [{"x": 80, "y": 452}, {"x": 100, "y": 468}, {"x": 94, "y": 453}, {"x": 93, "y": 448}], [{"x": 995, "y": 426}, {"x": 994, "y": 452}, {"x": 1015, "y": 446}, {"x": 995, "y": 450}, {"x": 996, "y": 447}, {"x": 1015, "y": 426}], [{"x": 950, "y": 773}, {"x": 946, "y": 789}, {"x": 948, "y": 772}, {"x": 946, "y": 778}, {"x": 942, "y": 794}, {"x": 971, "y": 798}], [{"x": 479, "y": 914}, {"x": 482, "y": 917}, {"x": 479, "y": 898}, {"x": 474, "y": 895}], [{"x": 104, "y": 154}, {"x": 117, "y": 154}, {"x": 102, "y": 129}, {"x": 97, "y": 157}], [{"x": 648, "y": 655}, {"x": 666, "y": 654}, {"x": 663, "y": 646}, {"x": 669, "y": 626}, {"x": 646, "y": 646}], [{"x": 81, "y": 891}, {"x": 84, "y": 891}, {"x": 84, "y": 872}, {"x": 56, "y": 885}], [{"x": 387, "y": 509}, {"x": 400, "y": 495}, {"x": 385, "y": 510}, {"x": 402, "y": 517}], [{"x": 256, "y": 989}, {"x": 241, "y": 990}, {"x": 234, "y": 981}, {"x": 243, "y": 1005}, {"x": 261, "y": 1008}, {"x": 256, "y": 1006}], [{"x": 412, "y": 300}, {"x": 440, "y": 295}, {"x": 435, "y": 273}, {"x": 432, "y": 276}], [{"x": 753, "y": 860}, {"x": 763, "y": 872}, {"x": 780, "y": 876}, {"x": 775, "y": 851}], [{"x": 741, "y": 130}, {"x": 762, "y": 134}, {"x": 739, "y": 129}, {"x": 740, "y": 155}, {"x": 761, "y": 157}, {"x": 767, "y": 152}], [{"x": 921, "y": 818}, {"x": 923, "y": 840}, {"x": 948, "y": 842}], [{"x": 449, "y": 383}, {"x": 467, "y": 366}, {"x": 452, "y": 370}, {"x": 447, "y": 382}, {"x": 451, "y": 392}, {"x": 472, "y": 392}], [{"x": 539, "y": 182}, {"x": 540, "y": 181}, {"x": 542, "y": 168}, {"x": 519, "y": 168}, {"x": 522, "y": 180}], [{"x": 702, "y": 307}, {"x": 703, "y": 291}, {"x": 703, "y": 286}, {"x": 675, "y": 309}, {"x": 678, "y": 309}], [{"x": 307, "y": 843}, {"x": 314, "y": 866}, {"x": 332, "y": 865}, {"x": 334, "y": 846}], [{"x": 405, "y": 652}, {"x": 400, "y": 652}, {"x": 419, "y": 669}, {"x": 400, "y": 663}, {"x": 425, "y": 671}, {"x": 423, "y": 644}], [{"x": 610, "y": 667}, {"x": 627, "y": 689}, {"x": 626, "y": 671}], [{"x": 83, "y": 730}, {"x": 90, "y": 750}, {"x": 88, "y": 733}, {"x": 103, "y": 730}, {"x": 91, "y": 731}, {"x": 85, "y": 732}], [{"x": 626, "y": 957}, {"x": 651, "y": 942}, {"x": 623, "y": 940}], [{"x": 385, "y": 721}, {"x": 387, "y": 739}, {"x": 407, "y": 717}], [{"x": 478, "y": 938}, {"x": 482, "y": 962}, {"x": 504, "y": 961}, {"x": 506, "y": 944}, {"x": 499, "y": 940}, {"x": 501, "y": 942}], [{"x": 80, "y": 271}, {"x": 105, "y": 248}, {"x": 82, "y": 245}], [{"x": 336, "y": 437}, {"x": 340, "y": 438}, {"x": 359, "y": 440}, {"x": 365, "y": 419}], [{"x": 57, "y": 780}, {"x": 59, "y": 794}, {"x": 83, "y": 801}], [{"x": 454, "y": 670}, {"x": 457, "y": 663}, {"x": 435, "y": 664}, {"x": 432, "y": 667}, {"x": 455, "y": 672}], [{"x": 531, "y": 150}, {"x": 535, "y": 147}, {"x": 533, "y": 145}], [{"x": 135, "y": 534}, {"x": 139, "y": 555}, {"x": 136, "y": 537}], [{"x": 739, "y": 773}, {"x": 739, "y": 768}, {"x": 736, "y": 770}, {"x": 736, "y": 786}, {"x": 759, "y": 790}, {"x": 756, "y": 773}], [{"x": 971, "y": 507}, {"x": 976, "y": 502}, {"x": 975, "y": 485}, {"x": 948, "y": 491}, {"x": 954, "y": 501}], [{"x": 136, "y": 598}, {"x": 112, "y": 568}, {"x": 111, "y": 570}], [{"x": 184, "y": 905}, {"x": 185, "y": 887}, {"x": 157, "y": 892}, {"x": 157, "y": 903}, {"x": 160, "y": 907}], [{"x": 833, "y": 526}, {"x": 852, "y": 521}, {"x": 836, "y": 521}], [{"x": 906, "y": 518}, {"x": 905, "y": 539}, {"x": 921, "y": 532}, {"x": 920, "y": 518}], [{"x": 490, "y": 696}, {"x": 488, "y": 700}, {"x": 486, "y": 718}, {"x": 489, "y": 720}, {"x": 503, "y": 724}, {"x": 508, "y": 698}], [{"x": 555, "y": 646}, {"x": 556, "y": 645}, {"x": 533, "y": 652}, {"x": 533, "y": 653}, {"x": 554, "y": 652}, {"x": 555, "y": 650}], [{"x": 805, "y": 605}, {"x": 823, "y": 604}, {"x": 798, "y": 581}, {"x": 796, "y": 601}, {"x": 801, "y": 604}], [{"x": 501, "y": 663}, {"x": 503, "y": 680}, {"x": 505, "y": 678}, {"x": 530, "y": 677}, {"x": 502, "y": 659}, {"x": 502, "y": 662}], [{"x": 1006, "y": 705}, {"x": 1008, "y": 680}, {"x": 1004, "y": 678}, {"x": 1005, "y": 681}, {"x": 1005, "y": 685}, {"x": 1004, "y": 704}], [{"x": 616, "y": 364}, {"x": 603, "y": 363}, {"x": 596, "y": 366}, {"x": 604, "y": 379}, {"x": 615, "y": 388}, {"x": 618, "y": 387}], [{"x": 353, "y": 671}, {"x": 354, "y": 669}, {"x": 352, "y": 646}, {"x": 332, "y": 650}, {"x": 333, "y": 670}, {"x": 351, "y": 673}], [{"x": 891, "y": 435}, {"x": 904, "y": 435}, {"x": 912, "y": 432}, {"x": 910, "y": 418}, {"x": 908, "y": 409}, {"x": 902, "y": 416}], [{"x": 850, "y": 118}, {"x": 855, "y": 145}, {"x": 876, "y": 143}, {"x": 878, "y": 115}, {"x": 876, "y": 140}, {"x": 871, "y": 141}], [{"x": 732, "y": 516}, {"x": 730, "y": 536}, {"x": 738, "y": 541}, {"x": 740, "y": 538}], [{"x": 742, "y": 811}, {"x": 761, "y": 816}, {"x": 762, "y": 811}, {"x": 758, "y": 809}, {"x": 740, "y": 797}, {"x": 735, "y": 794}], [{"x": 510, "y": 469}, {"x": 529, "y": 466}, {"x": 518, "y": 461}, {"x": 528, "y": 439}], [{"x": 875, "y": 853}, {"x": 894, "y": 850}, {"x": 890, "y": 845}, {"x": 875, "y": 833}, {"x": 873, "y": 855}], [{"x": 756, "y": 377}, {"x": 777, "y": 357}, {"x": 755, "y": 351}, {"x": 749, "y": 358}, {"x": 752, "y": 370}], [{"x": 219, "y": 436}, {"x": 226, "y": 436}, {"x": 223, "y": 407}], [{"x": 889, "y": 470}, {"x": 890, "y": 495}, {"x": 909, "y": 486}, {"x": 889, "y": 469}], [{"x": 212, "y": 531}, {"x": 232, "y": 503}, {"x": 210, "y": 507}, {"x": 210, "y": 511}, {"x": 211, "y": 531}], [{"x": 818, "y": 1012}, {"x": 834, "y": 1009}, {"x": 842, "y": 989}], [{"x": 148, "y": 555}, {"x": 145, "y": 556}, {"x": 169, "y": 556}, {"x": 148, "y": 575}, {"x": 173, "y": 573}, {"x": 173, "y": 555}], [{"x": 778, "y": 968}, {"x": 796, "y": 954}, {"x": 784, "y": 954}], [{"x": 516, "y": 229}, {"x": 537, "y": 231}, {"x": 518, "y": 212}], [{"x": 907, "y": 593}, {"x": 912, "y": 578}, {"x": 892, "y": 579}], [{"x": 691, "y": 63}, {"x": 714, "y": 63}, {"x": 687, "y": 59}], [{"x": 434, "y": 636}, {"x": 453, "y": 618}, {"x": 427, "y": 641}, {"x": 457, "y": 620}, {"x": 449, "y": 624}], [{"x": 829, "y": 873}, {"x": 838, "y": 871}, {"x": 852, "y": 856}, {"x": 852, "y": 851}, {"x": 838, "y": 852}, {"x": 835, "y": 849}], [{"x": 508, "y": 826}, {"x": 523, "y": 843}, {"x": 528, "y": 819}, {"x": 530, "y": 818}], [{"x": 926, "y": 566}, {"x": 942, "y": 544}, {"x": 923, "y": 570}, {"x": 947, "y": 547}], [{"x": 135, "y": 300}, {"x": 138, "y": 285}, {"x": 134, "y": 275}, {"x": 131, "y": 304}, {"x": 158, "y": 304}, {"x": 158, "y": 303}], [{"x": 907, "y": 635}, {"x": 911, "y": 640}, {"x": 911, "y": 641}, {"x": 915, "y": 655}, {"x": 930, "y": 657}, {"x": 935, "y": 657}], [{"x": 77, "y": 227}, {"x": 95, "y": 227}, {"x": 95, "y": 206}, {"x": 75, "y": 204}], [{"x": 956, "y": 474}, {"x": 962, "y": 479}, {"x": 962, "y": 477}, {"x": 978, "y": 474}, {"x": 975, "y": 458}], [{"x": 788, "y": 936}, {"x": 811, "y": 912}, {"x": 809, "y": 914}], [{"x": 87, "y": 369}, {"x": 88, "y": 368}, {"x": 81, "y": 345}], [{"x": 669, "y": 299}, {"x": 674, "y": 328}, {"x": 674, "y": 323}], [{"x": 605, "y": 214}, {"x": 606, "y": 213}, {"x": 582, "y": 214}, {"x": 602, "y": 230}, {"x": 604, "y": 239}], [{"x": 799, "y": 803}, {"x": 815, "y": 799}, {"x": 819, "y": 788}], [{"x": 215, "y": 940}, {"x": 217, "y": 932}, {"x": 195, "y": 935}, {"x": 202, "y": 954}, {"x": 223, "y": 958}, {"x": 222, "y": 936}], [{"x": 695, "y": 76}, {"x": 721, "y": 70}, {"x": 720, "y": 70}], [{"x": 115, "y": 252}, {"x": 138, "y": 249}, {"x": 137, "y": 248}, {"x": 131, "y": 228}, {"x": 136, "y": 248}], [{"x": 506, "y": 941}, {"x": 511, "y": 960}, {"x": 527, "y": 936}, {"x": 511, "y": 957}, {"x": 508, "y": 938}], [{"x": 901, "y": 687}, {"x": 903, "y": 690}, {"x": 905, "y": 689}, {"x": 905, "y": 694}, {"x": 930, "y": 715}, {"x": 925, "y": 690}], [{"x": 235, "y": 851}, {"x": 261, "y": 851}, {"x": 261, "y": 849}, {"x": 236, "y": 822}, {"x": 236, "y": 823}, {"x": 237, "y": 846}], [{"x": 202, "y": 310}, {"x": 221, "y": 290}, {"x": 204, "y": 282}, {"x": 198, "y": 287}, {"x": 201, "y": 285}, {"x": 200, "y": 309}], [{"x": 805, "y": 899}, {"x": 787, "y": 876}, {"x": 784, "y": 877}, {"x": 785, "y": 881}], [{"x": 166, "y": 711}, {"x": 145, "y": 693}, {"x": 144, "y": 705}, {"x": 161, "y": 713}], [{"x": 118, "y": 652}, {"x": 144, "y": 652}, {"x": 118, "y": 650}, {"x": 115, "y": 675}, {"x": 135, "y": 654}], [{"x": 537, "y": 980}, {"x": 539, "y": 985}, {"x": 546, "y": 1002}, {"x": 560, "y": 978}, {"x": 546, "y": 996}, {"x": 543, "y": 976}], [{"x": 500, "y": 74}, {"x": 517, "y": 95}, {"x": 495, "y": 66}], [{"x": 589, "y": 750}, {"x": 591, "y": 742}, {"x": 605, "y": 751}, {"x": 583, "y": 724}, {"x": 585, "y": 746}, {"x": 588, "y": 751}], [{"x": 633, "y": 109}, {"x": 656, "y": 108}, {"x": 652, "y": 88}, {"x": 650, "y": 86}, {"x": 635, "y": 93}], [{"x": 267, "y": 192}, {"x": 260, "y": 200}, {"x": 281, "y": 199}, {"x": 289, "y": 211}, {"x": 288, "y": 201}], [{"x": 149, "y": 149}, {"x": 151, "y": 146}, {"x": 133, "y": 149}, {"x": 127, "y": 155}, {"x": 127, "y": 173}, {"x": 147, "y": 176}], [{"x": 455, "y": 243}, {"x": 453, "y": 217}, {"x": 437, "y": 218}, {"x": 437, "y": 242}, {"x": 451, "y": 242}, {"x": 436, "y": 245}], [{"x": 350, "y": 94}, {"x": 350, "y": 89}, {"x": 344, "y": 96}, {"x": 362, "y": 98}], [{"x": 293, "y": 763}, {"x": 291, "y": 746}, {"x": 269, "y": 761}, {"x": 293, "y": 764}], [{"x": 584, "y": 842}, {"x": 584, "y": 848}, {"x": 596, "y": 868}, {"x": 599, "y": 866}, {"x": 600, "y": 848}, {"x": 595, "y": 844}], [{"x": 710, "y": 270}, {"x": 738, "y": 288}, {"x": 714, "y": 270}], [{"x": 935, "y": 757}, {"x": 935, "y": 758}, {"x": 959, "y": 741}, {"x": 959, "y": 734}], [{"x": 598, "y": 684}, {"x": 590, "y": 681}, {"x": 592, "y": 703}, {"x": 590, "y": 706}, {"x": 611, "y": 705}], [{"x": 393, "y": 712}, {"x": 422, "y": 699}, {"x": 420, "y": 693}, {"x": 414, "y": 694}], [{"x": 167, "y": 356}, {"x": 153, "y": 341}, {"x": 146, "y": 342}, {"x": 151, "y": 357}, {"x": 171, "y": 360}], [{"x": 388, "y": 905}, {"x": 372, "y": 888}, {"x": 370, "y": 892}, {"x": 390, "y": 910}], [{"x": 737, "y": 571}, {"x": 741, "y": 555}, {"x": 754, "y": 549}, {"x": 732, "y": 552}], [{"x": 270, "y": 353}, {"x": 273, "y": 371}, {"x": 293, "y": 373}, {"x": 288, "y": 347}, {"x": 274, "y": 346}], [{"x": 335, "y": 139}, {"x": 349, "y": 133}, {"x": 339, "y": 115}], [{"x": 487, "y": 544}, {"x": 496, "y": 541}, {"x": 487, "y": 540}, {"x": 477, "y": 543}], [{"x": 964, "y": 976}, {"x": 965, "y": 984}, {"x": 966, "y": 1003}, {"x": 971, "y": 1002}, {"x": 969, "y": 998}, {"x": 966, "y": 984}], [{"x": 395, "y": 373}, {"x": 418, "y": 374}, {"x": 415, "y": 353}, {"x": 401, "y": 355}, {"x": 392, "y": 368}, {"x": 392, "y": 375}], [{"x": 749, "y": 382}, {"x": 769, "y": 404}, {"x": 760, "y": 380}, {"x": 741, "y": 376}], [{"x": 168, "y": 944}, {"x": 171, "y": 958}, {"x": 176, "y": 960}, {"x": 194, "y": 967}, {"x": 189, "y": 945}], [{"x": 885, "y": 167}, {"x": 899, "y": 165}, {"x": 885, "y": 146}, {"x": 882, "y": 140}, {"x": 881, "y": 145}], [{"x": 662, "y": 80}, {"x": 664, "y": 85}, {"x": 687, "y": 86}, {"x": 689, "y": 87}, {"x": 686, "y": 84}, {"x": 690, "y": 84}], [{"x": 266, "y": 302}, {"x": 285, "y": 283}, {"x": 262, "y": 304}, {"x": 291, "y": 309}, {"x": 287, "y": 288}, {"x": 286, "y": 308}], [{"x": 58, "y": 584}, {"x": 59, "y": 586}, {"x": 66, "y": 572}], [{"x": 118, "y": 697}, {"x": 124, "y": 719}, {"x": 140, "y": 718}, {"x": 139, "y": 690}], [{"x": 149, "y": 807}, {"x": 170, "y": 803}, {"x": 161, "y": 789}, {"x": 150, "y": 782}], [{"x": 67, "y": 190}, {"x": 69, "y": 197}, {"x": 89, "y": 177}, {"x": 67, "y": 179}], [{"x": 94, "y": 805}, {"x": 111, "y": 804}, {"x": 114, "y": 804}, {"x": 89, "y": 801}, {"x": 86, "y": 802}, {"x": 87, "y": 808}], [{"x": 617, "y": 239}, {"x": 616, "y": 265}, {"x": 619, "y": 264}], [{"x": 569, "y": 324}, {"x": 570, "y": 329}, {"x": 555, "y": 328}, {"x": 566, "y": 329}, {"x": 573, "y": 346}, {"x": 575, "y": 324}], [{"x": 636, "y": 557}, {"x": 640, "y": 562}, {"x": 641, "y": 537}, {"x": 638, "y": 536}, {"x": 634, "y": 535}], [{"x": 527, "y": 353}, {"x": 554, "y": 348}, {"x": 553, "y": 333}, {"x": 532, "y": 326}, {"x": 533, "y": 329}, {"x": 527, "y": 330}], [{"x": 124, "y": 634}, {"x": 139, "y": 630}, {"x": 145, "y": 616}, {"x": 143, "y": 613}, {"x": 117, "y": 607}, {"x": 116, "y": 609}], [{"x": 123, "y": 378}, {"x": 127, "y": 376}, {"x": 121, "y": 378}, {"x": 128, "y": 399}, {"x": 143, "y": 377}], [{"x": 741, "y": 945}, {"x": 729, "y": 943}, {"x": 729, "y": 940}, {"x": 723, "y": 940}, {"x": 722, "y": 963}, {"x": 725, "y": 959}], [{"x": 544, "y": 523}, {"x": 545, "y": 527}, {"x": 546, "y": 529}, {"x": 527, "y": 544}, {"x": 550, "y": 530}, {"x": 552, "y": 526}], [{"x": 440, "y": 889}, {"x": 445, "y": 867}, {"x": 427, "y": 862}, {"x": 439, "y": 888}, {"x": 426, "y": 881}], [{"x": 216, "y": 674}, {"x": 218, "y": 694}, {"x": 242, "y": 673}], [{"x": 63, "y": 825}, {"x": 60, "y": 846}, {"x": 85, "y": 844}, {"x": 88, "y": 830}], [{"x": 534, "y": 906}, {"x": 524, "y": 933}, {"x": 554, "y": 928}, {"x": 546, "y": 911}], [{"x": 861, "y": 586}, {"x": 854, "y": 586}, {"x": 834, "y": 589}, {"x": 833, "y": 604}, {"x": 860, "y": 611}, {"x": 862, "y": 606}], [{"x": 742, "y": 745}, {"x": 739, "y": 739}, {"x": 737, "y": 724}, {"x": 736, "y": 728}, {"x": 737, "y": 738}, {"x": 738, "y": 741}], [{"x": 200, "y": 126}, {"x": 203, "y": 126}, {"x": 196, "y": 116}], [{"x": 464, "y": 881}, {"x": 464, "y": 883}, {"x": 487, "y": 879}], [{"x": 643, "y": 894}, {"x": 644, "y": 893}, {"x": 648, "y": 892}, {"x": 624, "y": 869}, {"x": 621, "y": 893}, {"x": 624, "y": 894}], [{"x": 137, "y": 528}, {"x": 139, "y": 530}, {"x": 142, "y": 545}, {"x": 159, "y": 546}, {"x": 163, "y": 549}], [{"x": 846, "y": 530}, {"x": 851, "y": 531}, {"x": 847, "y": 553}, {"x": 870, "y": 528}], [{"x": 220, "y": 1012}, {"x": 226, "y": 995}, {"x": 204, "y": 989}, {"x": 200, "y": 1005}, {"x": 208, "y": 1014}], [{"x": 686, "y": 747}, {"x": 702, "y": 750}, {"x": 707, "y": 752}, {"x": 709, "y": 747}, {"x": 704, "y": 746}], [{"x": 601, "y": 917}, {"x": 616, "y": 920}, {"x": 613, "y": 907}, {"x": 613, "y": 902}, {"x": 594, "y": 902}], [{"x": 877, "y": 390}, {"x": 879, "y": 392}, {"x": 883, "y": 372}, {"x": 883, "y": 368}, {"x": 863, "y": 387}, {"x": 863, "y": 394}], [{"x": 984, "y": 167}, {"x": 992, "y": 175}, {"x": 1011, "y": 169}, {"x": 1009, "y": 149}, {"x": 984, "y": 153}, {"x": 990, "y": 155}], [{"x": 335, "y": 539}, {"x": 337, "y": 533}, {"x": 318, "y": 557}, {"x": 319, "y": 561}, {"x": 344, "y": 536}], [{"x": 579, "y": 416}, {"x": 573, "y": 438}, {"x": 590, "y": 432}, {"x": 593, "y": 439}, {"x": 599, "y": 421}, {"x": 591, "y": 433}], [{"x": 785, "y": 813}, {"x": 810, "y": 793}, {"x": 807, "y": 794}, {"x": 813, "y": 785}, {"x": 787, "y": 795}, {"x": 787, "y": 808}], [{"x": 643, "y": 608}, {"x": 650, "y": 611}, {"x": 664, "y": 611}, {"x": 670, "y": 589}, {"x": 665, "y": 589}], [{"x": 950, "y": 270}, {"x": 973, "y": 264}, {"x": 944, "y": 247}], [{"x": 612, "y": 525}, {"x": 613, "y": 517}, {"x": 605, "y": 540}, {"x": 611, "y": 526}, {"x": 613, "y": 538}, {"x": 632, "y": 543}], [{"x": 812, "y": 146}, {"x": 818, "y": 161}, {"x": 811, "y": 167}, {"x": 832, "y": 160}, {"x": 839, "y": 150}], [{"x": 935, "y": 453}, {"x": 939, "y": 431}, {"x": 931, "y": 448}], [{"x": 694, "y": 157}, {"x": 688, "y": 162}, {"x": 676, "y": 179}, {"x": 695, "y": 158}], [{"x": 924, "y": 154}, {"x": 947, "y": 150}, {"x": 945, "y": 130}, {"x": 930, "y": 136}], [{"x": 661, "y": 627}, {"x": 677, "y": 608}, {"x": 675, "y": 605}, {"x": 657, "y": 625}, {"x": 652, "y": 624}], [{"x": 751, "y": 947}, {"x": 752, "y": 947}, {"x": 752, "y": 946}, {"x": 734, "y": 925}, {"x": 729, "y": 920}, {"x": 732, "y": 927}], [{"x": 280, "y": 115}, {"x": 278, "y": 90}, {"x": 275, "y": 94}, {"x": 260, "y": 117}, {"x": 277, "y": 111}, {"x": 278, "y": 116}], [{"x": 311, "y": 456}, {"x": 314, "y": 454}, {"x": 311, "y": 435}, {"x": 291, "y": 434}, {"x": 297, "y": 461}, {"x": 315, "y": 463}], [{"x": 488, "y": 672}, {"x": 501, "y": 661}, {"x": 499, "y": 656}, {"x": 484, "y": 658}, {"x": 478, "y": 658}, {"x": 483, "y": 673}], [{"x": 387, "y": 311}, {"x": 388, "y": 324}, {"x": 412, "y": 324}], [{"x": 532, "y": 113}, {"x": 550, "y": 107}, {"x": 551, "y": 89}, {"x": 527, "y": 94}, {"x": 525, "y": 111}, {"x": 529, "y": 115}], [{"x": 353, "y": 938}, {"x": 339, "y": 937}, {"x": 332, "y": 943}, {"x": 332, "y": 947}, {"x": 330, "y": 964}, {"x": 336, "y": 963}], [{"x": 339, "y": 108}, {"x": 350, "y": 97}, {"x": 332, "y": 96}, {"x": 334, "y": 112}], [{"x": 722, "y": 160}, {"x": 718, "y": 176}, {"x": 738, "y": 180}, {"x": 734, "y": 177}], [{"x": 829, "y": 977}, {"x": 836, "y": 954}, {"x": 830, "y": 955}, {"x": 810, "y": 974}], [{"x": 221, "y": 395}, {"x": 227, "y": 413}, {"x": 227, "y": 419}, {"x": 241, "y": 398}], [{"x": 545, "y": 418}, {"x": 550, "y": 420}, {"x": 547, "y": 417}, {"x": 544, "y": 417}, {"x": 526, "y": 423}], [{"x": 861, "y": 950}, {"x": 870, "y": 944}, {"x": 865, "y": 926}, {"x": 842, "y": 948}], [{"x": 734, "y": 398}, {"x": 735, "y": 397}, {"x": 728, "y": 385}], [{"x": 399, "y": 856}, {"x": 425, "y": 863}, {"x": 424, "y": 838}, {"x": 399, "y": 845}, {"x": 423, "y": 859}], [{"x": 902, "y": 306}, {"x": 905, "y": 295}, {"x": 875, "y": 292}, {"x": 904, "y": 313}], [{"x": 164, "y": 941}, {"x": 156, "y": 942}, {"x": 139, "y": 957}, {"x": 162, "y": 965}, {"x": 166, "y": 965}], [{"x": 466, "y": 233}, {"x": 484, "y": 224}, {"x": 461, "y": 232}, {"x": 480, "y": 245}], [{"x": 711, "y": 821}, {"x": 718, "y": 844}, {"x": 735, "y": 839}, {"x": 738, "y": 825}, {"x": 736, "y": 820}, {"x": 735, "y": 818}], [{"x": 268, "y": 693}, {"x": 287, "y": 698}, {"x": 290, "y": 692}, {"x": 288, "y": 692}, {"x": 286, "y": 694}], [{"x": 306, "y": 601}, {"x": 301, "y": 618}, {"x": 305, "y": 621}, {"x": 308, "y": 624}, {"x": 307, "y": 599}], [{"x": 967, "y": 910}, {"x": 979, "y": 924}, {"x": 988, "y": 927}, {"x": 981, "y": 905}], [{"x": 340, "y": 231}, {"x": 344, "y": 215}, {"x": 342, "y": 215}, {"x": 315, "y": 233}, {"x": 321, "y": 235}, {"x": 337, "y": 236}], [{"x": 878, "y": 882}, {"x": 873, "y": 882}, {"x": 871, "y": 885}, {"x": 873, "y": 908}, {"x": 897, "y": 909}], [{"x": 313, "y": 806}, {"x": 316, "y": 777}, {"x": 297, "y": 803}], [{"x": 571, "y": 723}, {"x": 558, "y": 733}, {"x": 552, "y": 751}, {"x": 554, "y": 749}], [{"x": 523, "y": 782}, {"x": 544, "y": 804}, {"x": 542, "y": 779}], [{"x": 303, "y": 737}, {"x": 306, "y": 715}, {"x": 282, "y": 725}], [{"x": 995, "y": 587}, {"x": 992, "y": 594}, {"x": 998, "y": 573}, {"x": 991, "y": 595}, {"x": 1018, "y": 571}], [{"x": 810, "y": 354}, {"x": 816, "y": 350}, {"x": 812, "y": 336}, {"x": 789, "y": 334}], [{"x": 859, "y": 488}, {"x": 861, "y": 484}, {"x": 852, "y": 461}], [{"x": 289, "y": 899}, {"x": 263, "y": 884}, {"x": 292, "y": 901}], [{"x": 868, "y": 241}, {"x": 868, "y": 261}, {"x": 886, "y": 254}, {"x": 888, "y": 252}, {"x": 882, "y": 240}, {"x": 886, "y": 252}], [{"x": 631, "y": 627}, {"x": 609, "y": 654}, {"x": 629, "y": 630}, {"x": 636, "y": 633}, {"x": 635, "y": 626}], [{"x": 986, "y": 935}, {"x": 988, "y": 955}, {"x": 986, "y": 961}, {"x": 1000, "y": 960}, {"x": 1008, "y": 953}, {"x": 1008, "y": 932}], [{"x": 647, "y": 160}, {"x": 668, "y": 162}, {"x": 671, "y": 145}, {"x": 670, "y": 141}, {"x": 669, "y": 136}, {"x": 655, "y": 145}], [{"x": 975, "y": 134}, {"x": 951, "y": 142}, {"x": 949, "y": 160}, {"x": 973, "y": 159}, {"x": 969, "y": 155}, {"x": 976, "y": 134}], [{"x": 846, "y": 968}, {"x": 873, "y": 973}, {"x": 875, "y": 971}, {"x": 847, "y": 967}], [{"x": 697, "y": 796}, {"x": 714, "y": 782}, {"x": 714, "y": 794}, {"x": 715, "y": 779}, {"x": 713, "y": 780}, {"x": 689, "y": 782}], [{"x": 114, "y": 142}, {"x": 136, "y": 144}, {"x": 128, "y": 142}, {"x": 116, "y": 140}], [{"x": 985, "y": 477}, {"x": 1004, "y": 477}, {"x": 1006, "y": 472}, {"x": 989, "y": 456}, {"x": 987, "y": 460}], [{"x": 236, "y": 890}, {"x": 257, "y": 891}, {"x": 257, "y": 887}, {"x": 234, "y": 886}], [{"x": 761, "y": 108}, {"x": 765, "y": 83}, {"x": 758, "y": 86}, {"x": 756, "y": 90}, {"x": 741, "y": 103}, {"x": 745, "y": 109}], [{"x": 190, "y": 717}, {"x": 211, "y": 716}, {"x": 208, "y": 695}, {"x": 186, "y": 699}, {"x": 183, "y": 704}], [{"x": 349, "y": 747}, {"x": 365, "y": 731}, {"x": 348, "y": 747}, {"x": 351, "y": 748}], [{"x": 75, "y": 95}, {"x": 95, "y": 90}, {"x": 95, "y": 70}, {"x": 72, "y": 76}, {"x": 71, "y": 90}, {"x": 90, "y": 73}], [{"x": 540, "y": 206}, {"x": 568, "y": 198}, {"x": 566, "y": 185}, {"x": 541, "y": 186}], [{"x": 389, "y": 289}, {"x": 368, "y": 291}, {"x": 365, "y": 297}, {"x": 363, "y": 288}, {"x": 361, "y": 308}, {"x": 369, "y": 296}], [{"x": 718, "y": 691}, {"x": 743, "y": 710}, {"x": 740, "y": 692}, {"x": 722, "y": 694}], [{"x": 738, "y": 207}, {"x": 746, "y": 202}, {"x": 741, "y": 200}], [{"x": 76, "y": 507}, {"x": 80, "y": 509}, {"x": 55, "y": 527}, {"x": 61, "y": 526}, {"x": 79, "y": 531}, {"x": 82, "y": 509}], [{"x": 159, "y": 198}, {"x": 161, "y": 211}, {"x": 172, "y": 195}, {"x": 179, "y": 192}], [{"x": 150, "y": 678}, {"x": 176, "y": 659}, {"x": 159, "y": 671}, {"x": 155, "y": 650}], [{"x": 480, "y": 654}, {"x": 508, "y": 637}, {"x": 504, "y": 635}, {"x": 483, "y": 635}], [{"x": 693, "y": 129}, {"x": 698, "y": 136}, {"x": 714, "y": 126}, {"x": 719, "y": 133}, {"x": 718, "y": 109}, {"x": 721, "y": 106}], [{"x": 603, "y": 797}, {"x": 629, "y": 793}, {"x": 629, "y": 774}, {"x": 612, "y": 774}, {"x": 605, "y": 781}], [{"x": 624, "y": 853}, {"x": 634, "y": 838}, {"x": 620, "y": 852}, {"x": 634, "y": 857}, {"x": 637, "y": 854}, {"x": 635, "y": 848}], [{"x": 66, "y": 913}, {"x": 66, "y": 922}, {"x": 83, "y": 920}, {"x": 82, "y": 917}], [{"x": 655, "y": 722}, {"x": 658, "y": 721}, {"x": 632, "y": 707}, {"x": 634, "y": 721}, {"x": 639, "y": 726}, {"x": 656, "y": 723}], [{"x": 110, "y": 875}, {"x": 117, "y": 850}, {"x": 115, "y": 875}, {"x": 136, "y": 852}, {"x": 116, "y": 847}, {"x": 114, "y": 853}], [{"x": 171, "y": 995}, {"x": 172, "y": 994}, {"x": 187, "y": 973}, {"x": 165, "y": 972}], [{"x": 710, "y": 724}, {"x": 732, "y": 743}, {"x": 713, "y": 729}, {"x": 731, "y": 751}, {"x": 733, "y": 743}, {"x": 731, "y": 723}], [{"x": 287, "y": 864}, {"x": 271, "y": 861}, {"x": 289, "y": 884}], [{"x": 270, "y": 946}, {"x": 248, "y": 947}, {"x": 261, "y": 967}, {"x": 270, "y": 971}], [{"x": 883, "y": 507}, {"x": 885, "y": 502}, {"x": 888, "y": 482}], [{"x": 466, "y": 785}, {"x": 488, "y": 799}, {"x": 487, "y": 781}, {"x": 468, "y": 784}], [{"x": 732, "y": 221}, {"x": 733, "y": 239}, {"x": 734, "y": 238}, {"x": 738, "y": 219}], [{"x": 793, "y": 445}, {"x": 793, "y": 466}, {"x": 805, "y": 473}, {"x": 808, "y": 466}, {"x": 813, "y": 448}], [{"x": 892, "y": 765}, {"x": 894, "y": 784}, {"x": 914, "y": 765}], [{"x": 154, "y": 887}, {"x": 172, "y": 887}, {"x": 171, "y": 881}, {"x": 170, "y": 880}], [{"x": 418, "y": 102}, {"x": 435, "y": 125}, {"x": 436, "y": 103}], [{"x": 786, "y": 214}, {"x": 791, "y": 195}, {"x": 773, "y": 193}, {"x": 773, "y": 219}, {"x": 785, "y": 218}], [{"x": 887, "y": 247}, {"x": 901, "y": 244}, {"x": 909, "y": 226}], [{"x": 700, "y": 352}, {"x": 686, "y": 363}, {"x": 685, "y": 366}, {"x": 676, "y": 369}, {"x": 684, "y": 372}], [{"x": 307, "y": 184}, {"x": 314, "y": 191}, {"x": 331, "y": 165}, {"x": 326, "y": 169}, {"x": 309, "y": 168}], [{"x": 135, "y": 844}, {"x": 151, "y": 845}, {"x": 129, "y": 841}, {"x": 129, "y": 842}, {"x": 135, "y": 848}], [{"x": 906, "y": 733}, {"x": 907, "y": 735}, {"x": 906, "y": 747}, {"x": 927, "y": 753}, {"x": 929, "y": 750}], [{"x": 225, "y": 550}, {"x": 239, "y": 566}, {"x": 220, "y": 541}, {"x": 224, "y": 570}], [{"x": 379, "y": 173}, {"x": 394, "y": 181}, {"x": 400, "y": 161}, {"x": 383, "y": 153}, {"x": 376, "y": 159}, {"x": 374, "y": 155}], [{"x": 636, "y": 678}, {"x": 651, "y": 696}, {"x": 650, "y": 684}], [{"x": 586, "y": 640}, {"x": 590, "y": 623}, {"x": 587, "y": 623}, {"x": 568, "y": 624}], [{"x": 989, "y": 856}, {"x": 993, "y": 855}, {"x": 992, "y": 838}, {"x": 970, "y": 858}], [{"x": 574, "y": 95}, {"x": 572, "y": 97}, {"x": 573, "y": 121}, {"x": 591, "y": 120}, {"x": 591, "y": 117}, {"x": 592, "y": 97}], [{"x": 291, "y": 983}, {"x": 296, "y": 989}, {"x": 297, "y": 988}, {"x": 293, "y": 970}, {"x": 289, "y": 962}, {"x": 288, "y": 966}], [{"x": 569, "y": 614}, {"x": 596, "y": 610}, {"x": 577, "y": 590}, {"x": 572, "y": 592}], [{"x": 751, "y": 979}, {"x": 771, "y": 978}, {"x": 775, "y": 962}], [{"x": 501, "y": 424}, {"x": 507, "y": 421}, {"x": 503, "y": 420}, {"x": 481, "y": 422}, {"x": 489, "y": 441}, {"x": 508, "y": 438}], [{"x": 829, "y": 217}, {"x": 834, "y": 225}, {"x": 856, "y": 223}], [{"x": 836, "y": 72}, {"x": 841, "y": 51}, {"x": 823, "y": 55}, {"x": 820, "y": 71}, {"x": 821, "y": 75}, {"x": 838, "y": 56}], [{"x": 839, "y": 905}, {"x": 839, "y": 928}, {"x": 842, "y": 901}], [{"x": 221, "y": 591}, {"x": 243, "y": 596}, {"x": 243, "y": 572}, {"x": 236, "y": 567}, {"x": 215, "y": 576}, {"x": 216, "y": 586}], [{"x": 798, "y": 234}, {"x": 814, "y": 233}, {"x": 822, "y": 229}, {"x": 820, "y": 229}], [{"x": 655, "y": 963}, {"x": 668, "y": 948}, {"x": 646, "y": 968}, {"x": 647, "y": 969}, {"x": 670, "y": 967}, {"x": 668, "y": 949}], [{"x": 243, "y": 369}, {"x": 225, "y": 340}, {"x": 218, "y": 342}, {"x": 218, "y": 360}, {"x": 219, "y": 363}], [{"x": 370, "y": 137}, {"x": 369, "y": 159}, {"x": 370, "y": 139}, {"x": 394, "y": 138}], [{"x": 197, "y": 185}, {"x": 203, "y": 180}, {"x": 204, "y": 186}, {"x": 204, "y": 159}, {"x": 198, "y": 160}, {"x": 181, "y": 179}], [{"x": 671, "y": 900}, {"x": 666, "y": 874}, {"x": 665, "y": 871}, {"x": 668, "y": 894}], [{"x": 191, "y": 585}, {"x": 214, "y": 608}, {"x": 190, "y": 605}, {"x": 220, "y": 611}], [{"x": 672, "y": 561}, {"x": 695, "y": 561}, {"x": 668, "y": 549}], [{"x": 508, "y": 407}, {"x": 509, "y": 405}, {"x": 510, "y": 388}], [{"x": 714, "y": 990}, {"x": 730, "y": 992}, {"x": 740, "y": 974}], [{"x": 701, "y": 257}, {"x": 723, "y": 236}, {"x": 701, "y": 253}], [{"x": 380, "y": 457}, {"x": 385, "y": 460}, {"x": 405, "y": 454}, {"x": 407, "y": 434}, {"x": 402, "y": 454}, {"x": 387, "y": 456}], [{"x": 327, "y": 487}, {"x": 332, "y": 463}, {"x": 322, "y": 484}], [{"x": 1004, "y": 129}, {"x": 1007, "y": 109}, {"x": 1006, "y": 106}, {"x": 987, "y": 123}, {"x": 982, "y": 130}, {"x": 985, "y": 126}], [{"x": 395, "y": 572}, {"x": 399, "y": 597}, {"x": 420, "y": 596}, {"x": 412, "y": 595}], [{"x": 291, "y": 924}, {"x": 297, "y": 910}, {"x": 292, "y": 911}, {"x": 274, "y": 926}], [{"x": 187, "y": 427}, {"x": 186, "y": 431}, {"x": 212, "y": 432}, {"x": 207, "y": 430}, {"x": 191, "y": 427}], [{"x": 153, "y": 882}, {"x": 136, "y": 889}, {"x": 130, "y": 888}, {"x": 128, "y": 883}, {"x": 130, "y": 901}, {"x": 153, "y": 900}], [{"x": 943, "y": 107}, {"x": 945, "y": 104}, {"x": 944, "y": 86}, {"x": 940, "y": 90}, {"x": 918, "y": 86}, {"x": 938, "y": 104}], [{"x": 937, "y": 914}, {"x": 945, "y": 907}, {"x": 940, "y": 894}, {"x": 916, "y": 893}, {"x": 926, "y": 910}], [{"x": 276, "y": 336}, {"x": 292, "y": 327}, {"x": 278, "y": 329}], [{"x": 386, "y": 739}, {"x": 360, "y": 765}, {"x": 385, "y": 762}, {"x": 389, "y": 763}, {"x": 389, "y": 749}], [{"x": 949, "y": 441}, {"x": 971, "y": 442}, {"x": 973, "y": 446}, {"x": 974, "y": 422}, {"x": 969, "y": 427}, {"x": 953, "y": 427}], [{"x": 770, "y": 661}, {"x": 746, "y": 661}, {"x": 742, "y": 675}], [{"x": 167, "y": 638}, {"x": 188, "y": 629}, {"x": 190, "y": 611}, {"x": 170, "y": 628}, {"x": 165, "y": 632}, {"x": 160, "y": 630}], [{"x": 900, "y": 684}, {"x": 904, "y": 665}, {"x": 896, "y": 665}, {"x": 879, "y": 660}], [{"x": 537, "y": 890}, {"x": 546, "y": 895}, {"x": 557, "y": 888}, {"x": 562, "y": 873}, {"x": 560, "y": 867}], [{"x": 241, "y": 224}, {"x": 259, "y": 225}, {"x": 237, "y": 222}, {"x": 262, "y": 244}], [{"x": 304, "y": 938}, {"x": 302, "y": 918}, {"x": 299, "y": 932}, {"x": 295, "y": 940}, {"x": 304, "y": 942}, {"x": 319, "y": 918}], [{"x": 468, "y": 969}, {"x": 455, "y": 944}, {"x": 448, "y": 945}, {"x": 450, "y": 946}], [{"x": 690, "y": 929}, {"x": 691, "y": 911}, {"x": 667, "y": 911}, {"x": 668, "y": 928}], [{"x": 238, "y": 738}, {"x": 237, "y": 741}, {"x": 237, "y": 744}, {"x": 263, "y": 743}], [{"x": 232, "y": 332}, {"x": 233, "y": 306}, {"x": 231, "y": 306}, {"x": 207, "y": 310}], [{"x": 615, "y": 275}, {"x": 608, "y": 251}, {"x": 591, "y": 256}, {"x": 594, "y": 256}, {"x": 591, "y": 261}, {"x": 608, "y": 257}], [{"x": 423, "y": 814}, {"x": 425, "y": 810}, {"x": 401, "y": 816}, {"x": 419, "y": 815}, {"x": 404, "y": 829}, {"x": 422, "y": 829}], [{"x": 305, "y": 484}, {"x": 331, "y": 463}, {"x": 329, "y": 462}, {"x": 304, "y": 483}], [{"x": 453, "y": 933}, {"x": 481, "y": 934}, {"x": 478, "y": 930}], [{"x": 434, "y": 560}, {"x": 431, "y": 581}, {"x": 438, "y": 583}, {"x": 435, "y": 560}, {"x": 436, "y": 557}], [{"x": 452, "y": 596}, {"x": 469, "y": 575}, {"x": 448, "y": 580}, {"x": 450, "y": 598}, {"x": 475, "y": 583}, {"x": 473, "y": 579}], [{"x": 803, "y": 269}, {"x": 825, "y": 289}, {"x": 822, "y": 282}, {"x": 826, "y": 262}, {"x": 806, "y": 262}], [{"x": 970, "y": 200}, {"x": 988, "y": 207}, {"x": 988, "y": 202}, {"x": 982, "y": 187}, {"x": 963, "y": 182}, {"x": 960, "y": 190}], [{"x": 600, "y": 444}, {"x": 620, "y": 454}, {"x": 605, "y": 441}], [{"x": 497, "y": 213}, {"x": 498, "y": 216}, {"x": 506, "y": 208}, {"x": 502, "y": 191}, {"x": 501, "y": 189}, {"x": 480, "y": 212}], [{"x": 904, "y": 93}, {"x": 881, "y": 87}, {"x": 875, "y": 90}, {"x": 880, "y": 94}, {"x": 901, "y": 107}, {"x": 902, "y": 106}], [{"x": 575, "y": 278}, {"x": 573, "y": 301}, {"x": 603, "y": 300}, {"x": 593, "y": 292}, {"x": 603, "y": 299}, {"x": 577, "y": 276}], [{"x": 830, "y": 448}, {"x": 849, "y": 422}, {"x": 825, "y": 441}], [{"x": 707, "y": 350}, {"x": 727, "y": 357}, {"x": 727, "y": 332}, {"x": 724, "y": 353}, {"x": 724, "y": 329}]]}
