{"type": "CGSHOP2023_Instance", "name": "cheese205", "n": 205, "outer_boundary": [{"x": 21, "y": 311}, {"x": 11, "y": 143}, {"x": 10, "y": 34}, {"x": 33, "y": 30}, {"x": 40, "y": 15}, {"x": 117, "y": 10}, {"x": 360, "y": 34}, {"x": 399, "y": 83}, {"x": 397, "y": 393}, {"x": 271, "y": 388}, {"x": 132, "y": 364}, {"x": 125, "y": 364}, {"x": 45, "y": 329}], "holes": [[{"x": 286, "y": 258}, {"x": 287, "y": 263}, {"x": 286, "y": 262}, {"x": 264, "y": 274}, {"x": 284, "y": 281}, {"x": 294, "y": 263}], [{"x": 42, "y": 185}, {"x": 46, "y": 182}, {"x": 40, "y": 158}, {"x": 22, "y": 159}, {"x": 23, "y": 161}], [{"x": 196, "y": 75}, {"x": 196, "y": 91}, {"x": 179, "y": 92}, {"x": 203, "y": 93}, {"x": 203, "y": 74}], [{"x": 191, "y": 347}, {"x": 208, "y": 331}, {"x": 189, "y": 323}], [{"x": 218, "y": 215}, {"x": 223, "y": 220}, {"x": 220, "y": 241}, {"x": 247, "y": 234}], [{"x": 149, "y": 52}, {"x": 137, "y": 55}, {"x": 134, "y": 58}, {"x": 153, "y": 79}, {"x": 151, "y": 52}], [{"x": 248, "y": 212}, {"x": 269, "y": 195}, {"x": 240, "y": 192}, {"x": 239, "y": 210}], [{"x": 347, "y": 138}, {"x": 368, "y": 136}, {"x": 365, "y": 121}], [{"x": 243, "y": 154}, {"x": 236, "y": 151}, {"x": 235, "y": 175}, {"x": 260, "y": 148}], [{"x": 105, "y": 113}, {"x": 109, "y": 112}, {"x": 127, "y": 89}], [{"x": 241, "y": 55}, {"x": 241, "y": 63}, {"x": 258, "y": 56}, {"x": 244, "y": 42}, {"x": 237, "y": 61}, {"x": 238, "y": 64}], [{"x": 192, "y": 84}, {"x": 185, "y": 61}, {"x": 165, "y": 56}], [{"x": 308, "y": 84}, {"x": 311, "y": 82}, {"x": 311, "y": 85}, {"x": 312, "y": 90}, {"x": 326, "y": 67}, {"x": 313, "y": 69}], [{"x": 114, "y": 140}, {"x": 98, "y": 142}, {"x": 89, "y": 165}, {"x": 92, "y": 167}, {"x": 99, "y": 170}, {"x": 93, "y": 163}], [{"x": 49, "y": 46}, {"x": 77, "y": 32}, {"x": 50, "y": 28}], [{"x": 47, "y": 31}, {"x": 41, "y": 50}, {"x": 26, "y": 47}, {"x": 21, "y": 47}, {"x": 20, "y": 50}, {"x": 40, "y": 54}], [{"x": 136, "y": 148}, {"x": 141, "y": 175}, {"x": 157, "y": 169}, {"x": 152, "y": 169}], [{"x": 177, "y": 277}, {"x": 201, "y": 277}, {"x": 202, "y": 256}, {"x": 181, "y": 274}], [{"x": 182, "y": 144}, {"x": 183, "y": 144}, {"x": 180, "y": 146}, {"x": 197, "y": 142}], [{"x": 255, "y": 349}, {"x": 261, "y": 378}, {"x": 281, "y": 372}, {"x": 261, "y": 349}], [{"x": 341, "y": 345}, {"x": 340, "y": 344}, {"x": 340, "y": 345}, {"x": 339, "y": 361}, {"x": 357, "y": 363}, {"x": 360, "y": 357}], [{"x": 273, "y": 119}, {"x": 275, "y": 113}, {"x": 253, "y": 115}, {"x": 258, "y": 115}, {"x": 258, "y": 138}], [{"x": 244, "y": 129}, {"x": 249, "y": 126}, {"x": 243, "y": 127}, {"x": 230, "y": 129}, {"x": 227, "y": 148}, {"x": 248, "y": 152}], [{"x": 95, "y": 254}, {"x": 119, "y": 232}, {"x": 92, "y": 234}], [{"x": 363, "y": 354}, {"x": 382, "y": 380}, {"x": 382, "y": 372}], [{"x": 319, "y": 265}, {"x": 344, "y": 288}, {"x": 338, "y": 268}], [{"x": 165, "y": 152}, {"x": 166, "y": 172}, {"x": 182, "y": 150}], [{"x": 58, "y": 318}, {"x": 40, "y": 294}, {"x": 35, "y": 294}], [{"x": 350, "y": 300}, {"x": 357, "y": 305}, {"x": 352, "y": 328}, {"x": 355, "y": 327}, {"x": 376, "y": 299}, {"x": 369, "y": 298}], [{"x": 99, "y": 50}, {"x": 98, "y": 47}, {"x": 85, "y": 42}, {"x": 84, "y": 51}, {"x": 101, "y": 51}, {"x": 106, "y": 27}], [{"x": 293, "y": 120}, {"x": 299, "y": 114}, {"x": 318, "y": 118}, {"x": 317, "y": 95}], [{"x": 371, "y": 145}, {"x": 373, "y": 150}, {"x": 354, "y": 147}, {"x": 381, "y": 173}, {"x": 374, "y": 150}, {"x": 373, "y": 148}], [{"x": 113, "y": 318}, {"x": 117, "y": 299}, {"x": 109, "y": 319}], [{"x": 344, "y": 71}, {"x": 350, "y": 46}, {"x": 331, "y": 64}], [{"x": 42, "y": 250}, {"x": 56, "y": 265}, {"x": 60, "y": 247}, {"x": 45, "y": 247}], [{"x": 140, "y": 347}, {"x": 140, "y": 348}, {"x": 143, "y": 349}, {"x": 166, "y": 348}], [{"x": 134, "y": 126}, {"x": 141, "y": 105}, {"x": 135, "y": 106}, {"x": 133, "y": 109}], [{"x": 243, "y": 104}, {"x": 239, "y": 86}, {"x": 218, "y": 86}, {"x": 223, "y": 108}, {"x": 243, "y": 108}, {"x": 219, "y": 87}], [{"x": 312, "y": 154}, {"x": 321, "y": 155}, {"x": 317, "y": 136}, {"x": 294, "y": 131}], [{"x": 287, "y": 114}, {"x": 293, "y": 108}, {"x": 294, "y": 89}, {"x": 272, "y": 110}], [{"x": 181, "y": 168}, {"x": 179, "y": 180}, {"x": 178, "y": 187}, {"x": 180, "y": 188}, {"x": 204, "y": 158}], [{"x": 302, "y": 204}, {"x": 328, "y": 201}, {"x": 306, "y": 183}], [{"x": 228, "y": 289}, {"x": 225, "y": 274}, {"x": 223, "y": 269}, {"x": 207, "y": 288}, {"x": 205, "y": 297}, {"x": 224, "y": 297}], [{"x": 368, "y": 99}, {"x": 385, "y": 95}, {"x": 364, "y": 93}, {"x": 366, "y": 98}]]}
