{"type": "CGSHOP2023_Instance", "name": "cheese1271", "n": 1271, "outer_boundary": [{"x": 11, "y": 846}, {"x": 12, "y": 704}, {"x": 10, "y": 59}, {"x": 27, "y": 52}, {"x": 101, "y": 43}, {"x": 120, "y": 38}, {"x": 400, "y": 10}, {"x": 829, "y": 10}, {"x": 918, "y": 54}, {"x": 948, "y": 429}, {"x": 956, "y": 702}, {"x": 939, "y": 855}, {"x": 854, "y": 911}, {"x": 852, "y": 922}, {"x": 637, "y": 929}, {"x": 118, "y": 959}, {"x": 28, "y": 911}], "holes": [[{"x": 742, "y": 719}, {"x": 740, "y": 741}, {"x": 763, "y": 744}, {"x": 768, "y": 742}, {"x": 766, "y": 724}, {"x": 760, "y": 721}], [{"x": 844, "y": 443}, {"x": 845, "y": 439}, {"x": 823, "y": 435}, {"x": 816, "y": 435}], [{"x": 179, "y": 322}, {"x": 174, "y": 296}, {"x": 160, "y": 318}, {"x": 153, "y": 323}], [{"x": 481, "y": 881}, {"x": 500, "y": 859}, {"x": 493, "y": 864}, {"x": 481, "y": 862}], [{"x": 652, "y": 407}, {"x": 652, "y": 429}, {"x": 673, "y": 426}, {"x": 673, "y": 406}], [{"x": 196, "y": 558}, {"x": 216, "y": 553}, {"x": 221, "y": 560}, {"x": 224, "y": 531}, {"x": 200, "y": 551}, {"x": 196, "y": 556}], [{"x": 609, "y": 88}, {"x": 610, "y": 95}, {"x": 613, "y": 70}, {"x": 611, "y": 72}], [{"x": 377, "y": 334}, {"x": 393, "y": 353}, {"x": 396, "y": 349}], [{"x": 749, "y": 852}, {"x": 752, "y": 856}, {"x": 775, "y": 862}], [{"x": 362, "y": 649}, {"x": 364, "y": 651}, {"x": 367, "y": 650}, {"x": 379, "y": 645}, {"x": 359, "y": 626}, {"x": 364, "y": 644}], [{"x": 297, "y": 163}, {"x": 280, "y": 144}, {"x": 273, "y": 141}, {"x": 272, "y": 151}, {"x": 296, "y": 165}], [{"x": 365, "y": 359}, {"x": 373, "y": 355}, {"x": 372, "y": 354}, {"x": 372, "y": 355}, {"x": 348, "y": 357}, {"x": 345, "y": 376}], [{"x": 118, "y": 231}, {"x": 116, "y": 214}, {"x": 93, "y": 213}, {"x": 95, "y": 229}, {"x": 102, "y": 226}], [{"x": 363, "y": 120}, {"x": 350, "y": 101}, {"x": 340, "y": 95}, {"x": 340, "y": 97}], [{"x": 819, "y": 432}, {"x": 814, "y": 428}, {"x": 796, "y": 414}, {"x": 792, "y": 435}, {"x": 794, "y": 432}], [{"x": 376, "y": 828}, {"x": 376, "y": 827}, {"x": 363, "y": 822}, {"x": 361, "y": 845}, {"x": 379, "y": 840}, {"x": 383, "y": 824}], [{"x": 189, "y": 747}, {"x": 208, "y": 760}, {"x": 210, "y": 744}, {"x": 210, "y": 741}, {"x": 191, "y": 745}], [{"x": 683, "y": 261}, {"x": 685, "y": 274}, {"x": 682, "y": 284}, {"x": 701, "y": 278}, {"x": 697, "y": 274}, {"x": 697, "y": 263}], [{"x": 744, "y": 666}, {"x": 748, "y": 675}, {"x": 768, "y": 671}, {"x": 759, "y": 647}, {"x": 741, "y": 647}, {"x": 745, "y": 653}], [{"x": 154, "y": 469}, {"x": 169, "y": 468}, {"x": 169, "y": 462}, {"x": 152, "y": 460}, {"x": 150, "y": 466}, {"x": 150, "y": 467}], [{"x": 847, "y": 144}, {"x": 852, "y": 173}, {"x": 855, "y": 170}, {"x": 852, "y": 168}], [{"x": 182, "y": 203}, {"x": 207, "y": 200}, {"x": 199, "y": 181}, {"x": 197, "y": 179}, {"x": 179, "y": 179}, {"x": 187, "y": 180}], [{"x": 406, "y": 311}, {"x": 387, "y": 318}, {"x": 388, "y": 335}, {"x": 409, "y": 316}], [{"x": 663, "y": 545}, {"x": 663, "y": 541}, {"x": 637, "y": 540}, {"x": 640, "y": 568}], [{"x": 423, "y": 157}, {"x": 420, "y": 156}, {"x": 401, "y": 169}, {"x": 399, "y": 173}], [{"x": 561, "y": 169}, {"x": 544, "y": 190}, {"x": 543, "y": 192}, {"x": 568, "y": 173}], [{"x": 400, "y": 613}, {"x": 414, "y": 614}, {"x": 397, "y": 588}, {"x": 393, "y": 615}], [{"x": 826, "y": 843}, {"x": 834, "y": 857}, {"x": 855, "y": 846}, {"x": 847, "y": 841}], [{"x": 525, "y": 744}, {"x": 535, "y": 746}, {"x": 547, "y": 748}], [{"x": 503, "y": 75}, {"x": 499, "y": 70}, {"x": 495, "y": 66}, {"x": 503, "y": 92}], [{"x": 368, "y": 793}, {"x": 369, "y": 765}, {"x": 365, "y": 774}], [{"x": 625, "y": 577}, {"x": 627, "y": 564}, {"x": 627, "y": 560}, {"x": 619, "y": 559}, {"x": 624, "y": 582}], [{"x": 132, "y": 120}, {"x": 148, "y": 119}, {"x": 136, "y": 90}, {"x": 130, "y": 92}, {"x": 132, "y": 100}, {"x": 137, "y": 114}], [{"x": 597, "y": 91}, {"x": 588, "y": 89}, {"x": 577, "y": 84}, {"x": 570, "y": 86}], [{"x": 516, "y": 605}, {"x": 542, "y": 581}, {"x": 519, "y": 601}, {"x": 518, "y": 597}], [{"x": 559, "y": 353}, {"x": 579, "y": 350}, {"x": 567, "y": 329}, {"x": 564, "y": 350}], [{"x": 443, "y": 823}, {"x": 465, "y": 822}, {"x": 465, "y": 804}, {"x": 441, "y": 802}], [{"x": 593, "y": 417}, {"x": 572, "y": 419}, {"x": 566, "y": 421}, {"x": 564, "y": 432}, {"x": 594, "y": 439}], [{"x": 627, "y": 451}, {"x": 629, "y": 429}, {"x": 621, "y": 454}, {"x": 625, "y": 454}, {"x": 644, "y": 431}], [{"x": 521, "y": 180}, {"x": 547, "y": 156}, {"x": 526, "y": 156}, {"x": 528, "y": 153}, {"x": 523, "y": 157}, {"x": 525, "y": 158}], [{"x": 852, "y": 623}, {"x": 857, "y": 622}, {"x": 878, "y": 603}, {"x": 872, "y": 597}, {"x": 853, "y": 617}], [{"x": 482, "y": 707}, {"x": 487, "y": 724}, {"x": 484, "y": 729}, {"x": 509, "y": 727}, {"x": 504, "y": 700}, {"x": 487, "y": 699}], [{"x": 324, "y": 689}, {"x": 334, "y": 708}, {"x": 343, "y": 695}, {"x": 344, "y": 686}], [{"x": 200, "y": 686}, {"x": 204, "y": 697}, {"x": 218, "y": 682}, {"x": 201, "y": 683}], [{"x": 772, "y": 562}, {"x": 787, "y": 557}, {"x": 792, "y": 539}, {"x": 776, "y": 542}, {"x": 774, "y": 546}, {"x": 775, "y": 557}], [{"x": 722, "y": 158}, {"x": 727, "y": 165}, {"x": 741, "y": 166}], [{"x": 134, "y": 631}, {"x": 149, "y": 617}, {"x": 135, "y": 616}], [{"x": 614, "y": 711}, {"x": 620, "y": 707}, {"x": 617, "y": 690}, {"x": 590, "y": 706}, {"x": 593, "y": 713}, {"x": 616, "y": 695}], [{"x": 745, "y": 878}, {"x": 744, "y": 876}, {"x": 719, "y": 857}, {"x": 736, "y": 881}, {"x": 735, "y": 885}], [{"x": 502, "y": 344}, {"x": 520, "y": 365}, {"x": 530, "y": 347}, {"x": 524, "y": 344}], [{"x": 278, "y": 516}, {"x": 286, "y": 498}, {"x": 259, "y": 502}, {"x": 264, "y": 503}, {"x": 265, "y": 515}, {"x": 263, "y": 523}], [{"x": 449, "y": 534}, {"x": 455, "y": 543}, {"x": 450, "y": 514}], [{"x": 721, "y": 168}, {"x": 703, "y": 166}, {"x": 701, "y": 166}, {"x": 700, "y": 187}, {"x": 719, "y": 189}], [{"x": 479, "y": 639}, {"x": 497, "y": 645}, {"x": 503, "y": 625}, {"x": 500, "y": 627}, {"x": 495, "y": 628}], [{"x": 475, "y": 228}, {"x": 477, "y": 244}, {"x": 495, "y": 242}, {"x": 478, "y": 221}], [{"x": 794, "y": 239}, {"x": 794, "y": 240}, {"x": 797, "y": 216}, {"x": 789, "y": 217}, {"x": 770, "y": 241}, {"x": 777, "y": 237}], [{"x": 489, "y": 397}, {"x": 497, "y": 397}, {"x": 507, "y": 369}], [{"x": 419, "y": 42}, {"x": 421, "y": 58}, {"x": 443, "y": 61}], [{"x": 835, "y": 362}, {"x": 840, "y": 360}, {"x": 842, "y": 337}, {"x": 837, "y": 333}, {"x": 834, "y": 332}, {"x": 832, "y": 356}], [{"x": 68, "y": 160}, {"x": 69, "y": 160}, {"x": 94, "y": 143}, {"x": 93, "y": 135}, {"x": 73, "y": 136}], [{"x": 395, "y": 904}, {"x": 403, "y": 887}, {"x": 405, "y": 881}, {"x": 378, "y": 902}, {"x": 385, "y": 906}], [{"x": 208, "y": 889}, {"x": 223, "y": 875}, {"x": 223, "y": 867}, {"x": 222, "y": 871}, {"x": 206, "y": 869}, {"x": 201, "y": 895}], [{"x": 97, "y": 397}, {"x": 114, "y": 390}, {"x": 96, "y": 395}], [{"x": 399, "y": 277}, {"x": 402, "y": 303}, {"x": 399, "y": 275}, {"x": 379, "y": 298}], [{"x": 776, "y": 348}, {"x": 791, "y": 365}, {"x": 799, "y": 362}, {"x": 776, "y": 343}, {"x": 773, "y": 366}], [{"x": 245, "y": 302}, {"x": 242, "y": 300}, {"x": 221, "y": 303}, {"x": 246, "y": 303}], [{"x": 312, "y": 541}, {"x": 294, "y": 558}, {"x": 315, "y": 560}], [{"x": 710, "y": 358}, {"x": 711, "y": 358}, {"x": 731, "y": 381}, {"x": 726, "y": 375}, {"x": 730, "y": 357}], [{"x": 479, "y": 733}, {"x": 478, "y": 731}, {"x": 463, "y": 730}, {"x": 484, "y": 752}], [{"x": 789, "y": 679}, {"x": 766, "y": 701}, {"x": 784, "y": 706}, {"x": 792, "y": 679}], [{"x": 195, "y": 526}, {"x": 213, "y": 525}, {"x": 215, "y": 503}, {"x": 193, "y": 500}], [{"x": 827, "y": 525}, {"x": 850, "y": 518}, {"x": 829, "y": 518}], [{"x": 222, "y": 846}, {"x": 235, "y": 864}, {"x": 232, "y": 837}], [{"x": 818, "y": 346}, {"x": 821, "y": 347}, {"x": 816, "y": 326}, {"x": 816, "y": 332}, {"x": 813, "y": 329}, {"x": 811, "y": 329}], [{"x": 516, "y": 703}, {"x": 522, "y": 701}, {"x": 521, "y": 700}], [{"x": 639, "y": 211}, {"x": 621, "y": 230}, {"x": 640, "y": 231}, {"x": 643, "y": 228}, {"x": 648, "y": 224}], [{"x": 710, "y": 765}, {"x": 710, "y": 747}, {"x": 708, "y": 761}], [{"x": 213, "y": 187}, {"x": 219, "y": 186}, {"x": 237, "y": 174}], [{"x": 296, "y": 786}, {"x": 295, "y": 784}, {"x": 292, "y": 782}, {"x": 271, "y": 780}, {"x": 271, "y": 798}, {"x": 293, "y": 802}], [{"x": 811, "y": 169}, {"x": 821, "y": 165}, {"x": 811, "y": 166}, {"x": 809, "y": 165}, {"x": 809, "y": 187}, {"x": 830, "y": 185}], [{"x": 166, "y": 632}, {"x": 167, "y": 620}, {"x": 162, "y": 614}, {"x": 164, "y": 617}], [{"x": 815, "y": 663}, {"x": 815, "y": 667}, {"x": 818, "y": 645}, {"x": 837, "y": 666}, {"x": 817, "y": 642}], [{"x": 635, "y": 526}, {"x": 633, "y": 523}, {"x": 607, "y": 519}, {"x": 607, "y": 538}, {"x": 627, "y": 542}, {"x": 632, "y": 545}], [{"x": 500, "y": 45}, {"x": 494, "y": 61}, {"x": 520, "y": 62}], [{"x": 157, "y": 921}, {"x": 182, "y": 895}, {"x": 180, "y": 894}], [{"x": 561, "y": 179}, {"x": 583, "y": 178}, {"x": 582, "y": 154}, {"x": 582, "y": 176}], [{"x": 310, "y": 491}, {"x": 332, "y": 473}, {"x": 312, "y": 492}, {"x": 335, "y": 474}, {"x": 333, "y": 472}, {"x": 315, "y": 470}], [{"x": 141, "y": 195}, {"x": 135, "y": 208}, {"x": 153, "y": 215}, {"x": 155, "y": 214}], [{"x": 870, "y": 274}, {"x": 853, "y": 278}, {"x": 846, "y": 298}, {"x": 871, "y": 294}, {"x": 855, "y": 291}], [{"x": 369, "y": 386}, {"x": 374, "y": 390}, {"x": 366, "y": 386}, {"x": 369, "y": 404}, {"x": 396, "y": 406}, {"x": 394, "y": 391}], [{"x": 121, "y": 759}, {"x": 112, "y": 753}, {"x": 100, "y": 755}, {"x": 92, "y": 754}, {"x": 99, "y": 762}], [{"x": 68, "y": 455}, {"x": 66, "y": 460}, {"x": 65, "y": 475}, {"x": 89, "y": 483}, {"x": 84, "y": 473}], [{"x": 366, "y": 175}, {"x": 369, "y": 196}, {"x": 386, "y": 194}, {"x": 390, "y": 195}, {"x": 392, "y": 178}, {"x": 384, "y": 170}], [{"x": 784, "y": 830}, {"x": 787, "y": 834}, {"x": 789, "y": 855}, {"x": 811, "y": 850}], [{"x": 153, "y": 578}, {"x": 156, "y": 559}, {"x": 138, "y": 578}], [{"x": 787, "y": 516}, {"x": 788, "y": 498}, {"x": 763, "y": 497}], [{"x": 497, "y": 817}, {"x": 520, "y": 813}, {"x": 500, "y": 813}, {"x": 495, "y": 819}, {"x": 524, "y": 815}], [{"x": 101, "y": 590}, {"x": 103, "y": 583}, {"x": 82, "y": 565}, {"x": 76, "y": 562}, {"x": 80, "y": 588}], [{"x": 844, "y": 467}, {"x": 847, "y": 449}, {"x": 837, "y": 456}, {"x": 827, "y": 449}, {"x": 840, "y": 473}], [{"x": 164, "y": 652}, {"x": 168, "y": 647}, {"x": 166, "y": 634}, {"x": 143, "y": 629}, {"x": 139, "y": 635}, {"x": 140, "y": 648}], [{"x": 574, "y": 107}, {"x": 587, "y": 105}, {"x": 584, "y": 102}, {"x": 586, "y": 99}, {"x": 570, "y": 97}, {"x": 573, "y": 98}], [{"x": 236, "y": 568}, {"x": 262, "y": 549}, {"x": 262, "y": 541}, {"x": 240, "y": 542}, {"x": 236, "y": 565}], [{"x": 183, "y": 634}, {"x": 207, "y": 641}, {"x": 186, "y": 613}], [{"x": 343, "y": 627}, {"x": 320, "y": 608}, {"x": 323, "y": 611}, {"x": 343, "y": 630}], [{"x": 446, "y": 599}, {"x": 444, "y": 579}, {"x": 427, "y": 581}, {"x": 444, "y": 582}], [{"x": 913, "y": 703}, {"x": 919, "y": 697}, {"x": 922, "y": 687}, {"x": 914, "y": 679}], [{"x": 340, "y": 601}, {"x": 341, "y": 601}, {"x": 362, "y": 588}, {"x": 358, "y": 584}, {"x": 338, "y": 585}], [{"x": 397, "y": 789}, {"x": 394, "y": 784}, {"x": 374, "y": 780}, {"x": 371, "y": 782}, {"x": 379, "y": 790}, {"x": 373, "y": 783}], [{"x": 276, "y": 410}, {"x": 279, "y": 405}, {"x": 278, "y": 388}, {"x": 270, "y": 385}, {"x": 271, "y": 387}], [{"x": 682, "y": 438}, {"x": 699, "y": 440}, {"x": 699, "y": 427}, {"x": 700, "y": 418}, {"x": 686, "y": 424}, {"x": 697, "y": 420}], [{"x": 152, "y": 127}, {"x": 161, "y": 139}, {"x": 172, "y": 125}, {"x": 177, "y": 119}, {"x": 160, "y": 118}], [{"x": 776, "y": 768}, {"x": 781, "y": 744}, {"x": 776, "y": 748}, {"x": 773, "y": 750}, {"x": 773, "y": 768}], [{"x": 632, "y": 297}, {"x": 658, "y": 273}, {"x": 652, "y": 277}, {"x": 638, "y": 274}, {"x": 634, "y": 273}], [{"x": 318, "y": 669}, {"x": 297, "y": 651}, {"x": 291, "y": 671}, {"x": 317, "y": 671}], [{"x": 490, "y": 441}, {"x": 494, "y": 448}, {"x": 516, "y": 459}], [{"x": 84, "y": 366}, {"x": 78, "y": 362}, {"x": 67, "y": 362}, {"x": 58, "y": 383}, {"x": 66, "y": 384}], [{"x": 837, "y": 232}, {"x": 837, "y": 235}, {"x": 856, "y": 256}], [{"x": 524, "y": 510}, {"x": 510, "y": 509}, {"x": 510, "y": 515}, {"x": 504, "y": 530}, {"x": 530, "y": 537}, {"x": 529, "y": 510}], [{"x": 384, "y": 647}, {"x": 395, "y": 623}, {"x": 376, "y": 641}], [{"x": 104, "y": 477}, {"x": 86, "y": 473}, {"x": 99, "y": 502}, {"x": 107, "y": 500}, {"x": 108, "y": 493}], [{"x": 673, "y": 797}, {"x": 698, "y": 815}, {"x": 699, "y": 796}], [{"x": 763, "y": 777}, {"x": 772, "y": 784}, {"x": 772, "y": 756}, {"x": 753, "y": 763}, {"x": 765, "y": 755}, {"x": 748, "y": 759}], [{"x": 278, "y": 253}, {"x": 279, "y": 252}, {"x": 249, "y": 233}, {"x": 250, "y": 260}], [{"x": 542, "y": 792}, {"x": 548, "y": 816}, {"x": 566, "y": 800}], [{"x": 581, "y": 804}, {"x": 603, "y": 787}, {"x": 583, "y": 792}], [{"x": 41, "y": 686}, {"x": 43, "y": 691}, {"x": 64, "y": 666}, {"x": 42, "y": 673}, {"x": 39, "y": 684}], [{"x": 874, "y": 634}, {"x": 896, "y": 637}, {"x": 891, "y": 636}], [{"x": 681, "y": 64}, {"x": 687, "y": 57}, {"x": 663, "y": 76}, {"x": 658, "y": 81}, {"x": 686, "y": 79}, {"x": 681, "y": 75}], [{"x": 441, "y": 177}, {"x": 454, "y": 174}, {"x": 458, "y": 157}, {"x": 442, "y": 151}], [{"x": 210, "y": 721}, {"x": 230, "y": 724}, {"x": 214, "y": 703}], [{"x": 699, "y": 844}, {"x": 675, "y": 824}, {"x": 693, "y": 846}, {"x": 695, "y": 849}, {"x": 700, "y": 851}], [{"x": 803, "y": 138}, {"x": 811, "y": 144}, {"x": 788, "y": 122}], [{"x": 550, "y": 441}, {"x": 540, "y": 443}, {"x": 566, "y": 445}], [{"x": 161, "y": 419}, {"x": 171, "y": 422}, {"x": 169, "y": 423}, {"x": 186, "y": 421}, {"x": 164, "y": 418}], [{"x": 111, "y": 865}, {"x": 124, "y": 836}, {"x": 126, "y": 835}, {"x": 106, "y": 837}, {"x": 104, "y": 842}, {"x": 107, "y": 860}], [{"x": 404, "y": 77}, {"x": 405, "y": 74}, {"x": 395, "y": 91}], [{"x": 882, "y": 317}, {"x": 900, "y": 321}, {"x": 900, "y": 333}, {"x": 906, "y": 321}, {"x": 902, "y": 318}, {"x": 902, "y": 314}], [{"x": 149, "y": 146}, {"x": 152, "y": 124}, {"x": 147, "y": 128}, {"x": 130, "y": 123}, {"x": 123, "y": 141}], [{"x": 468, "y": 706}, {"x": 464, "y": 705}, {"x": 446, "y": 707}, {"x": 463, "y": 726}, {"x": 468, "y": 725}], [{"x": 95, "y": 441}, {"x": 117, "y": 424}, {"x": 109, "y": 417}], [{"x": 55, "y": 179}, {"x": 72, "y": 173}, {"x": 71, "y": 160}], [{"x": 161, "y": 656}, {"x": 186, "y": 663}, {"x": 182, "y": 641}], [{"x": 250, "y": 204}, {"x": 253, "y": 203}, {"x": 272, "y": 197}, {"x": 251, "y": 200}], [{"x": 498, "y": 465}, {"x": 480, "y": 464}, {"x": 473, "y": 485}, {"x": 494, "y": 489}, {"x": 497, "y": 489}, {"x": 495, "y": 467}], [{"x": 487, "y": 595}, {"x": 487, "y": 582}, {"x": 474, "y": 592}], [{"x": 916, "y": 392}, {"x": 893, "y": 393}, {"x": 890, "y": 394}, {"x": 915, "y": 393}, {"x": 918, "y": 392}], [{"x": 682, "y": 239}, {"x": 662, "y": 239}, {"x": 660, "y": 262}, {"x": 679, "y": 244}], [{"x": 334, "y": 545}, {"x": 336, "y": 552}, {"x": 361, "y": 527}, {"x": 360, "y": 527}, {"x": 333, "y": 529}], [{"x": 144, "y": 878}, {"x": 164, "y": 872}, {"x": 148, "y": 877}, {"x": 164, "y": 874}, {"x": 168, "y": 856}, {"x": 147, "y": 874}], [{"x": 681, "y": 303}, {"x": 685, "y": 300}, {"x": 682, "y": 302}], [{"x": 555, "y": 222}, {"x": 554, "y": 202}, {"x": 553, "y": 224}, {"x": 553, "y": 229}, {"x": 572, "y": 208}], [{"x": 305, "y": 193}, {"x": 320, "y": 173}, {"x": 302, "y": 177}, {"x": 300, "y": 181}, {"x": 303, "y": 198}, {"x": 308, "y": 192}], [{"x": 844, "y": 492}, {"x": 844, "y": 487}, {"x": 826, "y": 509}, {"x": 829, "y": 508}], [{"x": 725, "y": 831}, {"x": 741, "y": 855}, {"x": 747, "y": 856}], [{"x": 124, "y": 239}, {"x": 125, "y": 256}, {"x": 132, "y": 256}, {"x": 125, "y": 242}], [{"x": 498, "y": 307}, {"x": 501, "y": 289}, {"x": 500, "y": 288}, {"x": 492, "y": 293}, {"x": 499, "y": 295}], [{"x": 514, "y": 237}, {"x": 515, "y": 236}, {"x": 498, "y": 228}, {"x": 496, "y": 233}, {"x": 498, "y": 248}, {"x": 494, "y": 252}], [{"x": 627, "y": 804}, {"x": 644, "y": 799}, {"x": 625, "y": 799}, {"x": 618, "y": 779}, {"x": 625, "y": 801}, {"x": 618, "y": 804}], [{"x": 303, "y": 759}, {"x": 322, "y": 756}, {"x": 330, "y": 754}], [{"x": 225, "y": 465}, {"x": 232, "y": 460}, {"x": 254, "y": 442}, {"x": 230, "y": 438}], [{"x": 170, "y": 248}, {"x": 172, "y": 222}, {"x": 149, "y": 218}, {"x": 146, "y": 221}, {"x": 142, "y": 248}], [{"x": 122, "y": 530}, {"x": 121, "y": 511}, {"x": 95, "y": 523}], [{"x": 889, "y": 450}, {"x": 891, "y": 452}, {"x": 907, "y": 453}, {"x": 913, "y": 446}, {"x": 889, "y": 447}], [{"x": 78, "y": 829}, {"x": 82, "y": 824}, {"x": 87, "y": 829}, {"x": 86, "y": 803}, {"x": 84, "y": 801}], [{"x": 256, "y": 179}, {"x": 282, "y": 158}, {"x": 277, "y": 159}, {"x": 256, "y": 172}, {"x": 255, "y": 155}, {"x": 252, "y": 177}], [{"x": 314, "y": 270}, {"x": 306, "y": 268}, {"x": 284, "y": 268}, {"x": 309, "y": 295}, {"x": 313, "y": 288}], [{"x": 409, "y": 441}, {"x": 416, "y": 425}, {"x": 416, "y": 419}], [{"x": 210, "y": 434}, {"x": 207, "y": 451}, {"x": 213, "y": 426}], [{"x": 616, "y": 124}, {"x": 637, "y": 132}, {"x": 630, "y": 107}, {"x": 614, "y": 106}], [{"x": 355, "y": 838}, {"x": 357, "y": 837}, {"x": 334, "y": 833}], [{"x": 774, "y": 388}, {"x": 761, "y": 390}, {"x": 775, "y": 392}, {"x": 776, "y": 392}, {"x": 780, "y": 375}, {"x": 775, "y": 386}], [{"x": 223, "y": 908}, {"x": 224, "y": 886}, {"x": 221, "y": 884}, {"x": 198, "y": 908}, {"x": 219, "y": 890}, {"x": 223, "y": 889}], [{"x": 424, "y": 251}, {"x": 424, "y": 256}, {"x": 403, "y": 255}, {"x": 428, "y": 273}, {"x": 431, "y": 267}, {"x": 431, "y": 256}], [{"x": 788, "y": 895}, {"x": 814, "y": 895}, {"x": 807, "y": 894}], [{"x": 556, "y": 149}, {"x": 572, "y": 163}, {"x": 580, "y": 165}, {"x": 581, "y": 147}], [{"x": 375, "y": 675}, {"x": 373, "y": 682}, {"x": 389, "y": 680}, {"x": 391, "y": 675}, {"x": 391, "y": 672}], [{"x": 343, "y": 496}, {"x": 364, "y": 478}, {"x": 348, "y": 473}], [{"x": 338, "y": 73}, {"x": 340, "y": 55}, {"x": 314, "y": 78}, {"x": 337, "y": 78}, {"x": 339, "y": 76}, {"x": 341, "y": 59}], [{"x": 481, "y": 824}, {"x": 500, "y": 830}, {"x": 484, "y": 823}, {"x": 503, "y": 809}], [{"x": 697, "y": 395}, {"x": 700, "y": 410}, {"x": 697, "y": 415}, {"x": 718, "y": 390}, {"x": 700, "y": 394}], [{"x": 274, "y": 383}, {"x": 279, "y": 366}, {"x": 256, "y": 357}], [{"x": 293, "y": 599}, {"x": 291, "y": 598}, {"x": 290, "y": 617}, {"x": 313, "y": 615}, {"x": 311, "y": 592}], [{"x": 593, "y": 775}, {"x": 615, "y": 751}, {"x": 611, "y": 749}, {"x": 586, "y": 756}], [{"x": 369, "y": 256}, {"x": 394, "y": 260}, {"x": 385, "y": 233}, {"x": 367, "y": 236}, {"x": 388, "y": 256}, {"x": 365, "y": 235}], [{"x": 645, "y": 756}, {"x": 658, "y": 733}, {"x": 640, "y": 734}], [{"x": 72, "y": 293}, {"x": 94, "y": 296}, {"x": 96, "y": 294}, {"x": 98, "y": 277}, {"x": 72, "y": 283}], [{"x": 489, "y": 687}, {"x": 504, "y": 661}, {"x": 501, "y": 660}, {"x": 482, "y": 678}], [{"x": 736, "y": 892}, {"x": 759, "y": 887}, {"x": 744, "y": 890}], [{"x": 216, "y": 255}, {"x": 224, "y": 236}, {"x": 215, "y": 238}, {"x": 205, "y": 233}, {"x": 199, "y": 237}, {"x": 205, "y": 255}], [{"x": 815, "y": 149}, {"x": 818, "y": 152}, {"x": 839, "y": 167}], [{"x": 417, "y": 208}, {"x": 416, "y": 183}, {"x": 400, "y": 209}, {"x": 416, "y": 191}], [{"x": 271, "y": 118}, {"x": 293, "y": 145}, {"x": 297, "y": 127}], [{"x": 206, "y": 783}, {"x": 210, "y": 779}, {"x": 207, "y": 777}, {"x": 216, "y": 761}, {"x": 191, "y": 759}, {"x": 195, "y": 777}], [{"x": 631, "y": 827}, {"x": 617, "y": 820}, {"x": 613, "y": 826}, {"x": 629, "y": 847}, {"x": 635, "y": 846}, {"x": 636, "y": 843}], [{"x": 796, "y": 756}, {"x": 816, "y": 754}, {"x": 815, "y": 748}, {"x": 787, "y": 728}, {"x": 786, "y": 755}], [{"x": 631, "y": 753}, {"x": 632, "y": 768}, {"x": 636, "y": 768}, {"x": 633, "y": 748}], [{"x": 498, "y": 775}, {"x": 485, "y": 767}, {"x": 477, "y": 793}, {"x": 495, "y": 793}, {"x": 505, "y": 791}, {"x": 498, "y": 788}], [{"x": 878, "y": 569}, {"x": 903, "y": 570}, {"x": 886, "y": 552}], [{"x": 639, "y": 525}, {"x": 660, "y": 540}, {"x": 662, "y": 524}, {"x": 662, "y": 522}, {"x": 639, "y": 523}], [{"x": 554, "y": 487}, {"x": 563, "y": 467}, {"x": 538, "y": 461}, {"x": 537, "y": 465}, {"x": 556, "y": 490}], [{"x": 542, "y": 321}, {"x": 551, "y": 330}, {"x": 570, "y": 302}, {"x": 546, "y": 308}, {"x": 548, "y": 309}], [{"x": 834, "y": 650}, {"x": 848, "y": 624}, {"x": 831, "y": 626}], [{"x": 775, "y": 611}, {"x": 775, "y": 614}, {"x": 777, "y": 634}], [{"x": 364, "y": 161}, {"x": 372, "y": 158}, {"x": 371, "y": 161}, {"x": 386, "y": 165}, {"x": 385, "y": 137}], [{"x": 882, "y": 213}, {"x": 886, "y": 198}, {"x": 870, "y": 218}], [{"x": 663, "y": 510}, {"x": 669, "y": 509}, {"x": 687, "y": 505}, {"x": 686, "y": 489}, {"x": 670, "y": 485}], [{"x": 67, "y": 887}, {"x": 64, "y": 870}, {"x": 48, "y": 870}], [{"x": 476, "y": 299}, {"x": 495, "y": 313}, {"x": 492, "y": 297}], [{"x": 644, "y": 185}, {"x": 664, "y": 214}, {"x": 668, "y": 210}], [{"x": 368, "y": 740}, {"x": 368, "y": 744}, {"x": 375, "y": 736}, {"x": 390, "y": 740}, {"x": 397, "y": 717}, {"x": 369, "y": 719}], [{"x": 368, "y": 537}, {"x": 380, "y": 545}, {"x": 380, "y": 544}, {"x": 379, "y": 526}, {"x": 363, "y": 541}], [{"x": 111, "y": 767}, {"x": 124, "y": 795}, {"x": 128, "y": 787}], [{"x": 49, "y": 163}, {"x": 59, "y": 138}, {"x": 42, "y": 144}, {"x": 46, "y": 144}, {"x": 42, "y": 161}], [{"x": 331, "y": 88}, {"x": 340, "y": 103}, {"x": 337, "y": 82}, {"x": 335, "y": 85}, {"x": 331, "y": 84}, {"x": 314, "y": 108}], [{"x": 853, "y": 465}, {"x": 879, "y": 492}, {"x": 882, "y": 469}, {"x": 856, "y": 464}, {"x": 862, "y": 469}], [{"x": 876, "y": 269}, {"x": 894, "y": 263}, {"x": 893, "y": 246}, {"x": 877, "y": 248}], [{"x": 189, "y": 212}, {"x": 213, "y": 234}, {"x": 212, "y": 225}], [{"x": 667, "y": 223}, {"x": 695, "y": 243}, {"x": 687, "y": 223}, {"x": 673, "y": 217}, {"x": 672, "y": 219}, {"x": 674, "y": 218}], [{"x": 754, "y": 203}, {"x": 772, "y": 205}, {"x": 760, "y": 203}, {"x": 756, "y": 177}], [{"x": 435, "y": 855}, {"x": 441, "y": 853}, {"x": 421, "y": 848}, {"x": 434, "y": 835}, {"x": 413, "y": 855}], [{"x": 767, "y": 344}, {"x": 787, "y": 325}, {"x": 765, "y": 318}, {"x": 761, "y": 325}, {"x": 761, "y": 337}], [{"x": 169, "y": 849}, {"x": 170, "y": 872}, {"x": 176, "y": 871}, {"x": 187, "y": 852}, {"x": 170, "y": 863}], [{"x": 424, "y": 123}, {"x": 451, "y": 108}, {"x": 429, "y": 105}, {"x": 429, "y": 113}], [{"x": 345, "y": 76}, {"x": 360, "y": 98}, {"x": 357, "y": 96}, {"x": 364, "y": 101}, {"x": 362, "y": 80}, {"x": 358, "y": 93}], [{"x": 395, "y": 249}, {"x": 400, "y": 257}, {"x": 402, "y": 258}], [{"x": 863, "y": 52}, {"x": 866, "y": 64}, {"x": 870, "y": 65}, {"x": 892, "y": 72}, {"x": 892, "y": 71}], [{"x": 256, "y": 797}, {"x": 259, "y": 780}, {"x": 243, "y": 780}, {"x": 237, "y": 790}, {"x": 236, "y": 798}], [{"x": 798, "y": 552}, {"x": 778, "y": 567}, {"x": 777, "y": 569}], [{"x": 828, "y": 807}, {"x": 850, "y": 803}, {"x": 850, "y": 801}], [{"x": 401, "y": 142}, {"x": 425, "y": 150}, {"x": 425, "y": 148}, {"x": 409, "y": 143}], [{"x": 797, "y": 253}, {"x": 816, "y": 228}, {"x": 799, "y": 247}], [{"x": 104, "y": 458}, {"x": 102, "y": 453}, {"x": 81, "y": 454}, {"x": 98, "y": 457}, {"x": 106, "y": 476}], [{"x": 41, "y": 82}, {"x": 59, "y": 78}, {"x": 65, "y": 55}, {"x": 45, "y": 63}, {"x": 38, "y": 82}], [{"x": 881, "y": 150}, {"x": 875, "y": 144}, {"x": 859, "y": 143}, {"x": 858, "y": 152}], [{"x": 773, "y": 118}, {"x": 793, "y": 116}, {"x": 775, "y": 116}], [{"x": 267, "y": 639}, {"x": 274, "y": 659}, {"x": 272, "y": 633}, {"x": 249, "y": 637}, {"x": 266, "y": 656}], [{"x": 246, "y": 434}, {"x": 248, "y": 430}, {"x": 243, "y": 417}, {"x": 230, "y": 435}, {"x": 245, "y": 435}], [{"x": 60, "y": 82}, {"x": 60, "y": 91}, {"x": 71, "y": 102}, {"x": 75, "y": 102}, {"x": 78, "y": 85}, {"x": 79, "y": 82}], [{"x": 548, "y": 712}, {"x": 557, "y": 729}, {"x": 576, "y": 712}, {"x": 556, "y": 723}], [{"x": 589, "y": 750}, {"x": 604, "y": 750}, {"x": 613, "y": 747}, {"x": 607, "y": 727}, {"x": 589, "y": 724}, {"x": 592, "y": 745}], [{"x": 454, "y": 117}, {"x": 455, "y": 123}, {"x": 462, "y": 118}, {"x": 457, "y": 95}, {"x": 453, "y": 115}], [{"x": 555, "y": 840}, {"x": 557, "y": 838}, {"x": 538, "y": 820}, {"x": 538, "y": 818}, {"x": 535, "y": 824}, {"x": 542, "y": 837}], [{"x": 415, "y": 101}, {"x": 434, "y": 94}, {"x": 417, "y": 84}, {"x": 415, "y": 76}, {"x": 413, "y": 75}], [{"x": 696, "y": 882}, {"x": 694, "y": 894}, {"x": 699, "y": 874}], [{"x": 843, "y": 876}, {"x": 867, "y": 874}, {"x": 852, "y": 884}, {"x": 869, "y": 880}, {"x": 866, "y": 862}, {"x": 847, "y": 854}], [{"x": 894, "y": 731}, {"x": 908, "y": 716}, {"x": 907, "y": 735}, {"x": 910, "y": 715}, {"x": 907, "y": 714}, {"x": 896, "y": 721}], [{"x": 915, "y": 487}, {"x": 899, "y": 483}, {"x": 898, "y": 485}, {"x": 895, "y": 503}, {"x": 916, "y": 505}, {"x": 918, "y": 506}], [{"x": 741, "y": 755}, {"x": 744, "y": 754}, {"x": 746, "y": 758}, {"x": 744, "y": 744}, {"x": 717, "y": 738}], [{"x": 267, "y": 333}, {"x": 290, "y": 338}, {"x": 261, "y": 331}], [{"x": 791, "y": 859}, {"x": 783, "y": 860}, {"x": 771, "y": 841}, {"x": 773, "y": 861}, {"x": 785, "y": 864}], [{"x": 220, "y": 808}, {"x": 229, "y": 808}, {"x": 203, "y": 788}, {"x": 227, "y": 786}, {"x": 202, "y": 786}, {"x": 205, "y": 800}], [{"x": 178, "y": 686}, {"x": 183, "y": 681}, {"x": 178, "y": 679}, {"x": 176, "y": 679}, {"x": 163, "y": 680}, {"x": 157, "y": 705}], [{"x": 64, "y": 127}, {"x": 82, "y": 125}, {"x": 79, "y": 108}, {"x": 66, "y": 111}], [{"x": 124, "y": 330}, {"x": 132, "y": 334}, {"x": 105, "y": 319}, {"x": 123, "y": 333}], [{"x": 70, "y": 319}, {"x": 71, "y": 297}, {"x": 64, "y": 295}, {"x": 67, "y": 318}], [{"x": 95, "y": 165}, {"x": 84, "y": 155}, {"x": 81, "y": 156}, {"x": 77, "y": 176}, {"x": 104, "y": 179}, {"x": 102, "y": 161}], [{"x": 236, "y": 866}, {"x": 232, "y": 869}, {"x": 231, "y": 883}], [{"x": 646, "y": 454}, {"x": 648, "y": 455}, {"x": 644, "y": 439}], [{"x": 886, "y": 846}, {"x": 905, "y": 866}, {"x": 900, "y": 845}, {"x": 884, "y": 845}], [{"x": 170, "y": 257}, {"x": 199, "y": 246}, {"x": 196, "y": 241}], [{"x": 416, "y": 392}, {"x": 415, "y": 371}, {"x": 411, "y": 371}, {"x": 396, "y": 368}, {"x": 392, "y": 367}, {"x": 407, "y": 387}], [{"x": 58, "y": 445}, {"x": 44, "y": 451}, {"x": 56, "y": 473}, {"x": 63, "y": 467}, {"x": 63, "y": 449}], [{"x": 185, "y": 483}, {"x": 189, "y": 460}, {"x": 187, "y": 457}, {"x": 180, "y": 483}, {"x": 187, "y": 484}], [{"x": 259, "y": 111}, {"x": 244, "y": 130}, {"x": 243, "y": 118}, {"x": 243, "y": 134}, {"x": 265, "y": 117}, {"x": 263, "y": 112}], [{"x": 629, "y": 599}, {"x": 648, "y": 613}, {"x": 650, "y": 592}, {"x": 636, "y": 595}], [{"x": 435, "y": 712}, {"x": 436, "y": 717}, {"x": 441, "y": 713}, {"x": 439, "y": 692}], [{"x": 459, "y": 309}, {"x": 462, "y": 293}, {"x": 458, "y": 298}, {"x": 445, "y": 315}, {"x": 440, "y": 319}, {"x": 461, "y": 311}], [{"x": 82, "y": 77}, {"x": 83, "y": 73}, {"x": 87, "y": 63}, {"x": 107, "y": 73}, {"x": 83, "y": 54}, {"x": 81, "y": 54}], [{"x": 613, "y": 610}, {"x": 616, "y": 628}, {"x": 639, "y": 633}, {"x": 639, "y": 608}, {"x": 638, "y": 608}, {"x": 618, "y": 607}], [{"x": 167, "y": 396}, {"x": 182, "y": 386}, {"x": 166, "y": 386}, {"x": 163, "y": 396}], [{"x": 738, "y": 423}, {"x": 745, "y": 439}, {"x": 762, "y": 439}, {"x": 765, "y": 423}, {"x": 759, "y": 416}, {"x": 738, "y": 420}], [{"x": 537, "y": 402}, {"x": 543, "y": 422}, {"x": 540, "y": 403}, {"x": 559, "y": 420}, {"x": 540, "y": 394}], [{"x": 821, "y": 68}, {"x": 801, "y": 66}, {"x": 801, "y": 67}, {"x": 815, "y": 83}, {"x": 824, "y": 70}], [{"x": 621, "y": 902}, {"x": 623, "y": 883}, {"x": 602, "y": 904}, {"x": 606, "y": 910}, {"x": 611, "y": 908}], [{"x": 230, "y": 209}, {"x": 232, "y": 221}, {"x": 251, "y": 224}, {"x": 255, "y": 204}, {"x": 246, "y": 207}], [{"x": 310, "y": 707}, {"x": 318, "y": 704}, {"x": 297, "y": 703}, {"x": 290, "y": 718}, {"x": 314, "y": 719}, {"x": 316, "y": 719}], [{"x": 86, "y": 698}, {"x": 83, "y": 692}, {"x": 82, "y": 698}, {"x": 82, "y": 719}, {"x": 87, "y": 710}]]}
