{"type": "CGSHOP2023_Instance", "name": "cheese814", "n": 814, "outer_boundary": [{"x": 52, "y": 746}, {"x": 23, "y": 706}, {"x": 10, "y": 607}, {"x": 14, "y": 402}, {"x": 36, "y": 128}, {"x": 111, "y": 33}, {"x": 186, "y": 10}, {"x": 209, "y": 14}, {"x": 703, "y": 25}, {"x": 732, "y": 77}, {"x": 765, "y": 76}, {"x": 775, "y": 415}, {"x": 754, "y": 529}, {"x": 734, "y": 686}, {"x": 701, "y": 772}, {"x": 431, "y": 758}], "holes": [[{"x": 560, "y": 161}, {"x": 579, "y": 167}, {"x": 585, "y": 150}, {"x": 578, "y": 160}, {"x": 559, "y": 144}, {"x": 557, "y": 144}], [{"x": 687, "y": 69}, {"x": 711, "y": 47}, {"x": 690, "y": 42}, {"x": 707, "y": 47}, {"x": 687, "y": 52}], [{"x": 358, "y": 190}, {"x": 342, "y": 187}, {"x": 335, "y": 213}, {"x": 339, "y": 217}, {"x": 356, "y": 207}], [{"x": 503, "y": 648}, {"x": 510, "y": 628}, {"x": 489, "y": 640}, {"x": 502, "y": 649}], [{"x": 543, "y": 647}, {"x": 541, "y": 642}, {"x": 526, "y": 665}, {"x": 525, "y": 670}], [{"x": 611, "y": 290}, {"x": 606, "y": 293}, {"x": 589, "y": 306}], [{"x": 260, "y": 692}, {"x": 268, "y": 693}, {"x": 261, "y": 695}, {"x": 289, "y": 693}, {"x": 269, "y": 673}], [{"x": 720, "y": 259}, {"x": 698, "y": 258}, {"x": 701, "y": 276}, {"x": 723, "y": 262}], [{"x": 548, "y": 706}, {"x": 525, "y": 708}, {"x": 522, "y": 725}], [{"x": 141, "y": 250}, {"x": 142, "y": 251}, {"x": 147, "y": 233}, {"x": 148, "y": 229}], [{"x": 480, "y": 298}, {"x": 485, "y": 306}, {"x": 504, "y": 304}, {"x": 505, "y": 303}, {"x": 497, "y": 299}], [{"x": 326, "y": 86}, {"x": 327, "y": 109}, {"x": 345, "y": 111}, {"x": 341, "y": 92}], [{"x": 148, "y": 84}, {"x": 161, "y": 85}, {"x": 169, "y": 84}, {"x": 150, "y": 65}], [{"x": 139, "y": 373}, {"x": 161, "y": 376}, {"x": 162, "y": 397}, {"x": 144, "y": 400}, {"x": 164, "y": 398}, {"x": 166, "y": 373}], [{"x": 227, "y": 102}, {"x": 244, "y": 123}, {"x": 238, "y": 102}, {"x": 238, "y": 98}, {"x": 223, "y": 100}, {"x": 217, "y": 100}], [{"x": 671, "y": 70}, {"x": 680, "y": 79}, {"x": 695, "y": 91}, {"x": 697, "y": 90}, {"x": 690, "y": 77}], [{"x": 254, "y": 203}, {"x": 257, "y": 219}, {"x": 280, "y": 216}, {"x": 280, "y": 195}, {"x": 277, "y": 195}], [{"x": 296, "y": 137}, {"x": 303, "y": 143}, {"x": 318, "y": 161}, {"x": 322, "y": 139}], [{"x": 380, "y": 478}, {"x": 394, "y": 458}, {"x": 395, "y": 454}, {"x": 377, "y": 478}], [{"x": 178, "y": 471}, {"x": 185, "y": 495}, {"x": 184, "y": 473}], [{"x": 453, "y": 65}, {"x": 468, "y": 81}, {"x": 465, "y": 68}, {"x": 473, "y": 63}, {"x": 464, "y": 67}], [{"x": 335, "y": 561}, {"x": 355, "y": 569}, {"x": 356, "y": 590}, {"x": 357, "y": 569}], [{"x": 176, "y": 427}, {"x": 200, "y": 434}, {"x": 204, "y": 435}, {"x": 202, "y": 414}, {"x": 203, "y": 410}, {"x": 182, "y": 416}], [{"x": 379, "y": 48}, {"x": 398, "y": 64}, {"x": 406, "y": 70}, {"x": 406, "y": 48}, {"x": 403, "y": 47}, {"x": 385, "y": 45}], [{"x": 178, "y": 68}, {"x": 180, "y": 70}, {"x": 164, "y": 47}, {"x": 157, "y": 44}], [{"x": 480, "y": 422}, {"x": 481, "y": 426}, {"x": 496, "y": 423}, {"x": 499, "y": 402}, {"x": 482, "y": 404}], [{"x": 320, "y": 93}, {"x": 316, "y": 73}, {"x": 311, "y": 69}, {"x": 317, "y": 99}], [{"x": 728, "y": 439}, {"x": 730, "y": 444}, {"x": 747, "y": 439}, {"x": 741, "y": 416}, {"x": 743, "y": 425}, {"x": 723, "y": 417}], [{"x": 327, "y": 303}, {"x": 348, "y": 283}, {"x": 346, "y": 280}], [{"x": 629, "y": 587}, {"x": 648, "y": 588}, {"x": 653, "y": 574}, {"x": 631, "y": 569}], [{"x": 445, "y": 149}, {"x": 474, "y": 149}, {"x": 450, "y": 148}], [{"x": 115, "y": 299}, {"x": 116, "y": 280}, {"x": 93, "y": 280}, {"x": 98, "y": 305}, {"x": 116, "y": 301}], [{"x": 694, "y": 645}, {"x": 713, "y": 666}, {"x": 708, "y": 647}, {"x": 713, "y": 647}, {"x": 710, "y": 639}], [{"x": 583, "y": 713}, {"x": 583, "y": 733}, {"x": 601, "y": 712}], [{"x": 368, "y": 255}, {"x": 375, "y": 253}, {"x": 389, "y": 231}], [{"x": 108, "y": 158}, {"x": 104, "y": 145}, {"x": 79, "y": 144}, {"x": 82, "y": 163}], [{"x": 205, "y": 149}, {"x": 188, "y": 151}, {"x": 185, "y": 168}, {"x": 207, "y": 164}], [{"x": 172, "y": 542}, {"x": 176, "y": 536}, {"x": 151, "y": 534}, {"x": 150, "y": 554}, {"x": 175, "y": 562}, {"x": 177, "y": 542}], [{"x": 298, "y": 191}, {"x": 305, "y": 198}, {"x": 319, "y": 192}, {"x": 301, "y": 170}], [{"x": 238, "y": 392}, {"x": 242, "y": 395}, {"x": 259, "y": 369}, {"x": 244, "y": 376}, {"x": 240, "y": 373}], [{"x": 69, "y": 727}, {"x": 91, "y": 730}, {"x": 74, "y": 710}, {"x": 72, "y": 711}, {"x": 65, "y": 732}, {"x": 66, "y": 732}], [{"x": 76, "y": 677}, {"x": 72, "y": 676}, {"x": 54, "y": 681}, {"x": 59, "y": 695}, {"x": 59, "y": 701}, {"x": 77, "y": 695}], [{"x": 122, "y": 360}, {"x": 119, "y": 379}, {"x": 124, "y": 384}, {"x": 129, "y": 387}, {"x": 145, "y": 362}], [{"x": 677, "y": 633}, {"x": 675, "y": 637}, {"x": 694, "y": 634}, {"x": 681, "y": 652}, {"x": 703, "y": 633}, {"x": 700, "y": 631}], [{"x": 596, "y": 68}, {"x": 589, "y": 75}, {"x": 588, "y": 97}, {"x": 594, "y": 94}, {"x": 614, "y": 75}], [{"x": 77, "y": 335}, {"x": 75, "y": 358}, {"x": 76, "y": 364}, {"x": 100, "y": 364}, {"x": 103, "y": 362}, {"x": 79, "y": 343}], [{"x": 115, "y": 60}, {"x": 119, "y": 57}, {"x": 115, "y": 58}, {"x": 99, "y": 59}, {"x": 95, "y": 78}, {"x": 104, "y": 71}], [{"x": 376, "y": 556}, {"x": 377, "y": 572}, {"x": 385, "y": 578}], [{"x": 210, "y": 350}, {"x": 193, "y": 355}, {"x": 212, "y": 370}, {"x": 219, "y": 370}, {"x": 219, "y": 352}], [{"x": 236, "y": 138}, {"x": 239, "y": 137}, {"x": 236, "y": 123}, {"x": 217, "y": 135}, {"x": 217, "y": 140}], [{"x": 431, "y": 677}, {"x": 426, "y": 682}, {"x": 431, "y": 699}, {"x": 432, "y": 702}, {"x": 433, "y": 697}], [{"x": 667, "y": 640}, {"x": 686, "y": 616}, {"x": 671, "y": 642}, {"x": 689, "y": 612}, {"x": 667, "y": 636}], [{"x": 373, "y": 93}, {"x": 395, "y": 112}, {"x": 397, "y": 96}, {"x": 392, "y": 93}, {"x": 379, "y": 98}], [{"x": 291, "y": 718}, {"x": 275, "y": 718}, {"x": 293, "y": 727}, {"x": 295, "y": 724}, {"x": 296, "y": 720}, {"x": 296, "y": 707}], [{"x": 693, "y": 457}, {"x": 697, "y": 447}, {"x": 696, "y": 440}, {"x": 674, "y": 444}, {"x": 694, "y": 463}], [{"x": 734, "y": 377}, {"x": 728, "y": 391}, {"x": 744, "y": 392}], [{"x": 426, "y": 462}, {"x": 445, "y": 487}, {"x": 445, "y": 459}], [{"x": 420, "y": 412}, {"x": 424, "y": 407}, {"x": 421, "y": 412}, {"x": 443, "y": 387}, {"x": 438, "y": 385}, {"x": 425, "y": 386}], [{"x": 527, "y": 144}, {"x": 527, "y": 147}, {"x": 541, "y": 159}, {"x": 541, "y": 149}], [{"x": 539, "y": 409}, {"x": 542, "y": 387}, {"x": 535, "y": 403}], [{"x": 214, "y": 79}, {"x": 215, "y": 79}, {"x": 218, "y": 95}, {"x": 219, "y": 76}], [{"x": 125, "y": 309}, {"x": 128, "y": 322}, {"x": 135, "y": 324}, {"x": 125, "y": 302}, {"x": 110, "y": 303}], [{"x": 529, "y": 479}, {"x": 543, "y": 462}, {"x": 525, "y": 457}], [{"x": 303, "y": 609}, {"x": 310, "y": 614}, {"x": 303, "y": 590}, {"x": 291, "y": 596}, {"x": 284, "y": 591}], [{"x": 669, "y": 344}, {"x": 672, "y": 346}, {"x": 690, "y": 367}, {"x": 674, "y": 339}, {"x": 671, "y": 339}], [{"x": 571, "y": 541}, {"x": 572, "y": 545}, {"x": 599, "y": 523}], [{"x": 512, "y": 125}, {"x": 514, "y": 125}, {"x": 512, "y": 109}, {"x": 508, "y": 112}, {"x": 504, "y": 113}], [{"x": 380, "y": 119}, {"x": 370, "y": 135}, {"x": 370, "y": 139}, {"x": 383, "y": 132}, {"x": 386, "y": 120}], [{"x": 335, "y": 697}, {"x": 355, "y": 705}, {"x": 357, "y": 685}, {"x": 353, "y": 681}, {"x": 331, "y": 695}, {"x": 329, "y": 701}], [{"x": 541, "y": 263}, {"x": 557, "y": 249}, {"x": 541, "y": 240}], [{"x": 122, "y": 141}, {"x": 123, "y": 118}, {"x": 99, "y": 119}, {"x": 101, "y": 138}], [{"x": 493, "y": 618}, {"x": 496, "y": 620}, {"x": 514, "y": 617}, {"x": 496, "y": 591}, {"x": 494, "y": 595}], [{"x": 88, "y": 116}, {"x": 73, "y": 111}, {"x": 68, "y": 116}, {"x": 67, "y": 130}, {"x": 67, "y": 135}, {"x": 85, "y": 136}], [{"x": 446, "y": 545}, {"x": 429, "y": 546}, {"x": 428, "y": 550}, {"x": 451, "y": 552}, {"x": 453, "y": 532}], [{"x": 652, "y": 460}, {"x": 644, "y": 443}, {"x": 629, "y": 436}, {"x": 632, "y": 441}], [{"x": 86, "y": 632}, {"x": 105, "y": 607}, {"x": 81, "y": 608}], [{"x": 340, "y": 375}, {"x": 349, "y": 370}, {"x": 365, "y": 358}, {"x": 345, "y": 351}, {"x": 342, "y": 352}], [{"x": 516, "y": 590}, {"x": 521, "y": 612}, {"x": 539, "y": 611}, {"x": 545, "y": 609}, {"x": 546, "y": 585}], [{"x": 644, "y": 470}, {"x": 664, "y": 487}, {"x": 660, "y": 488}, {"x": 667, "y": 489}], [{"x": 371, "y": 305}, {"x": 372, "y": 309}, {"x": 378, "y": 312}, {"x": 374, "y": 287}, {"x": 369, "y": 284}], [{"x": 262, "y": 127}, {"x": 250, "y": 126}, {"x": 243, "y": 127}, {"x": 269, "y": 147}], [{"x": 205, "y": 219}, {"x": 231, "y": 227}, {"x": 230, "y": 208}, {"x": 224, "y": 200}], [{"x": 597, "y": 223}, {"x": 598, "y": 240}, {"x": 610, "y": 243}, {"x": 617, "y": 241}], [{"x": 174, "y": 265}, {"x": 171, "y": 262}, {"x": 145, "y": 261}, {"x": 164, "y": 280}, {"x": 171, "y": 290}, {"x": 165, "y": 269}], [{"x": 189, "y": 116}, {"x": 209, "y": 117}, {"x": 205, "y": 115}], [{"x": 285, "y": 639}, {"x": 287, "y": 645}, {"x": 282, "y": 647}, {"x": 282, "y": 661}, {"x": 307, "y": 659}], [{"x": 610, "y": 421}, {"x": 627, "y": 421}, {"x": 628, "y": 403}, {"x": 612, "y": 411}], [{"x": 116, "y": 706}, {"x": 116, "y": 722}, {"x": 132, "y": 726}, {"x": 130, "y": 725}, {"x": 133, "y": 701}, {"x": 131, "y": 699}], [{"x": 53, "y": 388}, {"x": 74, "y": 380}, {"x": 47, "y": 380}], [{"x": 284, "y": 311}, {"x": 288, "y": 313}, {"x": 284, "y": 314}, {"x": 288, "y": 333}, {"x": 290, "y": 333}, {"x": 289, "y": 313}], [{"x": 88, "y": 253}, {"x": 100, "y": 262}, {"x": 100, "y": 258}], [{"x": 485, "y": 227}, {"x": 465, "y": 231}, {"x": 463, "y": 235}, {"x": 462, "y": 254}, {"x": 491, "y": 232}, {"x": 492, "y": 228}], [{"x": 335, "y": 400}, {"x": 359, "y": 398}, {"x": 357, "y": 375}], [{"x": 550, "y": 297}, {"x": 570, "y": 292}, {"x": 569, "y": 295}, {"x": 577, "y": 274}, {"x": 559, "y": 269}, {"x": 552, "y": 270}], [{"x": 298, "y": 310}, {"x": 297, "y": 313}, {"x": 318, "y": 310}, {"x": 318, "y": 285}, {"x": 310, "y": 305}, {"x": 309, "y": 307}], [{"x": 477, "y": 720}, {"x": 499, "y": 737}, {"x": 503, "y": 736}], [{"x": 370, "y": 161}, {"x": 372, "y": 182}, {"x": 391, "y": 177}, {"x": 397, "y": 162}, {"x": 394, "y": 153}, {"x": 368, "y": 155}], [{"x": 653, "y": 153}, {"x": 670, "y": 146}, {"x": 671, "y": 124}], [{"x": 255, "y": 176}, {"x": 274, "y": 174}, {"x": 280, "y": 178}, {"x": 280, "y": 159}, {"x": 276, "y": 153}, {"x": 261, "y": 155}], [{"x": 321, "y": 406}, {"x": 325, "y": 426}, {"x": 344, "y": 421}, {"x": 328, "y": 403}], [{"x": 154, "y": 168}, {"x": 162, "y": 190}, {"x": 153, "y": 191}, {"x": 156, "y": 191}, {"x": 176, "y": 190}, {"x": 178, "y": 186}], [{"x": 106, "y": 212}, {"x": 112, "y": 216}, {"x": 88, "y": 195}], [{"x": 499, "y": 363}, {"x": 524, "y": 341}, {"x": 502, "y": 336}, {"x": 498, "y": 339}, {"x": 494, "y": 364}], [{"x": 254, "y": 89}, {"x": 254, "y": 67}, {"x": 250, "y": 68}, {"x": 234, "y": 96}, {"x": 250, "y": 72}, {"x": 245, "y": 88}], [{"x": 133, "y": 631}, {"x": 136, "y": 631}, {"x": 140, "y": 638}, {"x": 155, "y": 613}], [{"x": 648, "y": 323}, {"x": 666, "y": 325}, {"x": 662, "y": 318}, {"x": 652, "y": 307}, {"x": 647, "y": 303}, {"x": 647, "y": 326}], [{"x": 666, "y": 421}, {"x": 640, "y": 419}, {"x": 639, "y": 439}], [{"x": 664, "y": 716}, {"x": 671, "y": 739}, {"x": 668, "y": 717}], [{"x": 320, "y": 665}, {"x": 346, "y": 660}, {"x": 322, "y": 664}], [{"x": 145, "y": 152}, {"x": 167, "y": 174}, {"x": 165, "y": 165}, {"x": 165, "y": 148}], [{"x": 519, "y": 197}, {"x": 502, "y": 168}, {"x": 495, "y": 167}, {"x": 498, "y": 175}, {"x": 493, "y": 168}, {"x": 495, "y": 187}], [{"x": 231, "y": 558}, {"x": 248, "y": 584}, {"x": 258, "y": 580}, {"x": 237, "y": 563}], [{"x": 156, "y": 445}, {"x": 158, "y": 448}, {"x": 155, "y": 464}, {"x": 175, "y": 469}, {"x": 175, "y": 441}], [{"x": 171, "y": 228}, {"x": 173, "y": 209}, {"x": 150, "y": 209}, {"x": 169, "y": 238}], [{"x": 400, "y": 433}, {"x": 426, "y": 450}, {"x": 406, "y": 450}, {"x": 428, "y": 458}, {"x": 429, "y": 455}, {"x": 423, "y": 435}], [{"x": 176, "y": 616}, {"x": 180, "y": 631}, {"x": 182, "y": 629}, {"x": 185, "y": 615}], [{"x": 710, "y": 396}, {"x": 720, "y": 372}, {"x": 696, "y": 373}, {"x": 712, "y": 373}, {"x": 698, "y": 393}], [{"x": 586, "y": 643}, {"x": 571, "y": 639}, {"x": 564, "y": 636}, {"x": 563, "y": 639}, {"x": 570, "y": 643}], [{"x": 375, "y": 636}, {"x": 392, "y": 632}, {"x": 369, "y": 636}, {"x": 367, "y": 661}, {"x": 376, "y": 656}, {"x": 389, "y": 658}], [{"x": 365, "y": 89}, {"x": 389, "y": 82}, {"x": 373, "y": 84}], [{"x": 97, "y": 501}, {"x": 101, "y": 480}, {"x": 85, "y": 500}], [{"x": 287, "y": 543}, {"x": 302, "y": 546}, {"x": 308, "y": 523}, {"x": 301, "y": 522}, {"x": 279, "y": 518}, {"x": 281, "y": 537}], [{"x": 309, "y": 631}, {"x": 328, "y": 630}, {"x": 305, "y": 629}], [{"x": 253, "y": 503}, {"x": 250, "y": 500}, {"x": 231, "y": 497}, {"x": 231, "y": 519}, {"x": 259, "y": 518}, {"x": 259, "y": 500}], [{"x": 481, "y": 393}, {"x": 486, "y": 379}, {"x": 480, "y": 380}, {"x": 457, "y": 376}, {"x": 458, "y": 403}], [{"x": 702, "y": 493}, {"x": 707, "y": 486}, {"x": 698, "y": 488}], [{"x": 186, "y": 520}, {"x": 204, "y": 534}, {"x": 186, "y": 537}, {"x": 209, "y": 534}, {"x": 211, "y": 516}, {"x": 190, "y": 519}], [{"x": 576, "y": 440}, {"x": 558, "y": 428}, {"x": 552, "y": 438}], [{"x": 702, "y": 455}, {"x": 712, "y": 471}, {"x": 726, "y": 468}], [{"x": 720, "y": 183}, {"x": 710, "y": 184}, {"x": 720, "y": 185}, {"x": 703, "y": 210}, {"x": 704, "y": 213}, {"x": 728, "y": 183}], [{"x": 333, "y": 313}, {"x": 328, "y": 326}, {"x": 353, "y": 335}, {"x": 357, "y": 335}, {"x": 351, "y": 306}], [{"x": 255, "y": 283}, {"x": 257, "y": 264}, {"x": 230, "y": 272}, {"x": 234, "y": 282}, {"x": 230, "y": 289}, {"x": 250, "y": 290}], [{"x": 718, "y": 528}, {"x": 740, "y": 501}, {"x": 724, "y": 518}, {"x": 722, "y": 520}, {"x": 722, "y": 505}, {"x": 719, "y": 507}], [{"x": 397, "y": 343}, {"x": 411, "y": 314}, {"x": 393, "y": 316}], [{"x": 253, "y": 38}, {"x": 234, "y": 33}, {"x": 226, "y": 39}, {"x": 231, "y": 62}], [{"x": 619, "y": 533}, {"x": 621, "y": 509}, {"x": 603, "y": 507}, {"x": 617, "y": 534}], [{"x": 208, "y": 429}, {"x": 224, "y": 430}, {"x": 226, "y": 424}, {"x": 225, "y": 411}], [{"x": 64, "y": 613}, {"x": 70, "y": 594}, {"x": 41, "y": 595}], [{"x": 144, "y": 437}, {"x": 130, "y": 438}, {"x": 126, "y": 456}, {"x": 153, "y": 446}], [{"x": 386, "y": 283}, {"x": 387, "y": 286}, {"x": 405, "y": 279}, {"x": 382, "y": 267}], [{"x": 532, "y": 374}, {"x": 530, "y": 379}, {"x": 527, "y": 381}, {"x": 529, "y": 381}, {"x": 535, "y": 376}, {"x": 550, "y": 358}], [{"x": 540, "y": 200}, {"x": 531, "y": 196}, {"x": 512, "y": 203}, {"x": 515, "y": 215}, {"x": 512, "y": 221}, {"x": 538, "y": 221}], [{"x": 115, "y": 535}, {"x": 129, "y": 540}, {"x": 134, "y": 537}], [{"x": 236, "y": 388}, {"x": 243, "y": 409}, {"x": 262, "y": 401}, {"x": 261, "y": 384}, {"x": 259, "y": 379}, {"x": 243, "y": 403}], [{"x": 684, "y": 356}, {"x": 711, "y": 332}, {"x": 693, "y": 337}, {"x": 706, "y": 335}], [{"x": 444, "y": 646}, {"x": 458, "y": 639}, {"x": 455, "y": 638}, {"x": 441, "y": 644}], [{"x": 182, "y": 571}, {"x": 163, "y": 571}, {"x": 165, "y": 594}, {"x": 187, "y": 595}, {"x": 182, "y": 574}, {"x": 184, "y": 568}], [{"x": 144, "y": 201}, {"x": 144, "y": 218}, {"x": 148, "y": 194}, {"x": 146, "y": 197}], [{"x": 362, "y": 484}, {"x": 365, "y": 478}, {"x": 376, "y": 480}, {"x": 384, "y": 461}, {"x": 381, "y": 457}, {"x": 363, "y": 475}], [{"x": 700, "y": 404}, {"x": 696, "y": 401}, {"x": 695, "y": 424}, {"x": 699, "y": 428}, {"x": 720, "y": 405}, {"x": 712, "y": 409}], [{"x": 457, "y": 619}, {"x": 438, "y": 616}, {"x": 435, "y": 621}], [{"x": 651, "y": 554}, {"x": 676, "y": 552}, {"x": 648, "y": 534}, {"x": 652, "y": 550}], [{"x": 420, "y": 93}, {"x": 424, "y": 68}, {"x": 405, "y": 94}, {"x": 429, "y": 95}, {"x": 429, "y": 70}], [{"x": 221, "y": 653}, {"x": 237, "y": 674}, {"x": 240, "y": 653}], [{"x": 372, "y": 736}, {"x": 400, "y": 742}, {"x": 395, "y": 720}, {"x": 379, "y": 719}, {"x": 396, "y": 740}, {"x": 374, "y": 724}], [{"x": 54, "y": 564}, {"x": 66, "y": 569}, {"x": 71, "y": 570}, {"x": 74, "y": 564}, {"x": 71, "y": 546}, {"x": 65, "y": 550}], [{"x": 149, "y": 531}, {"x": 150, "y": 531}, {"x": 155, "y": 513}, {"x": 156, "y": 508}, {"x": 130, "y": 515}], [{"x": 98, "y": 431}, {"x": 102, "y": 431}, {"x": 83, "y": 450}, {"x": 105, "y": 451}, {"x": 102, "y": 424}, {"x": 96, "y": 426}], [{"x": 352, "y": 253}, {"x": 364, "y": 252}, {"x": 367, "y": 251}], [{"x": 89, "y": 523}, {"x": 112, "y": 523}, {"x": 115, "y": 522}], [{"x": 71, "y": 648}, {"x": 78, "y": 649}, {"x": 92, "y": 646}], [{"x": 641, "y": 453}, {"x": 641, "y": 451}, {"x": 621, "y": 453}, {"x": 615, "y": 455}, {"x": 620, "y": 456}, {"x": 643, "y": 455}], [{"x": 661, "y": 396}, {"x": 678, "y": 378}, {"x": 654, "y": 375}], [{"x": 219, "y": 589}, {"x": 236, "y": 570}, {"x": 236, "y": 567}], [{"x": 461, "y": 438}, {"x": 479, "y": 417}, {"x": 480, "y": 410}, {"x": 460, "y": 437}, {"x": 458, "y": 434}, {"x": 452, "y": 433}], [{"x": 651, "y": 442}, {"x": 673, "y": 463}, {"x": 653, "y": 439}], [{"x": 410, "y": 264}, {"x": 422, "y": 264}, {"x": 425, "y": 240}, {"x": 411, "y": 244}, {"x": 410, "y": 243}], [{"x": 606, "y": 590}, {"x": 608, "y": 588}, {"x": 581, "y": 575}, {"x": 580, "y": 574}, {"x": 578, "y": 578}, {"x": 584, "y": 593}], [{"x": 194, "y": 724}, {"x": 216, "y": 705}, {"x": 210, "y": 709}, {"x": 208, "y": 706}], [{"x": 557, "y": 546}, {"x": 562, "y": 534}, {"x": 554, "y": 531}], [{"x": 310, "y": 281}, {"x": 324, "y": 256}, {"x": 309, "y": 258}, {"x": 303, "y": 272}], [{"x": 713, "y": 94}, {"x": 714, "y": 95}, {"x": 734, "y": 101}], [{"x": 400, "y": 364}, {"x": 407, "y": 366}, {"x": 387, "y": 344}], [{"x": 116, "y": 424}, {"x": 146, "y": 407}, {"x": 124, "y": 400}], [{"x": 172, "y": 382}, {"x": 199, "y": 360}, {"x": 179, "y": 354}, {"x": 169, "y": 357}, {"x": 176, "y": 358}], [{"x": 395, "y": 235}, {"x": 392, "y": 237}, {"x": 412, "y": 240}, {"x": 419, "y": 235}, {"x": 417, "y": 220}], [{"x": 551, "y": 714}, {"x": 551, "y": 720}, {"x": 552, "y": 734}]]}
