{"type": "CGSHOP2023_Instance", "name": "cheese4023", "n": 4023, "outer_boundary": [{"x": 24, "y": 1489}, {"x": 10, "y": 1246}, {"x": 29, "y": 151}, {"x": 139, "y": 41}, {"x": 156, "y": 26}, {"x": 842, "y": 12}, {"x": 1682, "y": 10}, {"x": 1699, "y": 159}, {"x": 1712, "y": 378}, {"x": 1655, "y": 1068}, {"x": 1688, "y": 1615}, {"x": 1579, "y": 1633}, {"x": 1571, "y": 1633}, {"x": 1430, "y": 1662}, {"x": 262, "y": 1701}, {"x": 146, "y": 1660}, {"x": 33, "y": 1572}, {"x": 80, "y": 1555}], "holes": [[{"x": 566, "y": 121}, {"x": 562, "y": 102}, {"x": 546, "y": 96}, {"x": 544, "y": 119}], [{"x": 1392, "y": 1271}, {"x": 1413, "y": 1270}, {"x": 1401, "y": 1288}, {"x": 1399, "y": 1293}, {"x": 1416, "y": 1268}], [{"x": 1380, "y": 751}, {"x": 1390, "y": 755}, {"x": 1385, "y": 736}, {"x": 1364, "y": 727}, {"x": 1364, "y": 736}], [{"x": 161, "y": 1319}, {"x": 186, "y": 1318}, {"x": 156, "y": 1294}, {"x": 161, "y": 1318}, {"x": 180, "y": 1317}, {"x": 158, "y": 1319}], [{"x": 1426, "y": 1449}, {"x": 1445, "y": 1432}, {"x": 1442, "y": 1430}], [{"x": 416, "y": 1619}, {"x": 443, "y": 1599}, {"x": 435, "y": 1599}, {"x": 419, "y": 1602}], [{"x": 306, "y": 334}, {"x": 288, "y": 330}, {"x": 307, "y": 351}, {"x": 313, "y": 351}], [{"x": 945, "y": 726}, {"x": 944, "y": 707}, {"x": 927, "y": 722}, {"x": 929, "y": 721}], [{"x": 201, "y": 541}, {"x": 205, "y": 556}, {"x": 205, "y": 561}, {"x": 224, "y": 537}, {"x": 222, "y": 536}], [{"x": 162, "y": 516}, {"x": 175, "y": 537}, {"x": 175, "y": 539}, {"x": 177, "y": 534}, {"x": 179, "y": 517}], [{"x": 1558, "y": 1003}, {"x": 1556, "y": 1005}, {"x": 1556, "y": 1021}, {"x": 1569, "y": 1027}, {"x": 1576, "y": 1007}], [{"x": 522, "y": 100}, {"x": 542, "y": 98}, {"x": 544, "y": 98}, {"x": 525, "y": 95}], [{"x": 1068, "y": 1585}, {"x": 1076, "y": 1584}, {"x": 1078, "y": 1585}, {"x": 1091, "y": 1592}, {"x": 1093, "y": 1568}, {"x": 1069, "y": 1570}], [{"x": 1520, "y": 1344}, {"x": 1540, "y": 1322}, {"x": 1525, "y": 1326}, {"x": 1541, "y": 1320}, {"x": 1525, "y": 1318}], [{"x": 1491, "y": 659}, {"x": 1487, "y": 640}, {"x": 1483, "y": 649}, {"x": 1489, "y": 666}, {"x": 1513, "y": 643}], [{"x": 310, "y": 1100}, {"x": 313, "y": 1099}, {"x": 289, "y": 1094}, {"x": 294, "y": 1121}], [{"x": 501, "y": 177}, {"x": 504, "y": 153}, {"x": 486, "y": 154}, {"x": 480, "y": 170}, {"x": 487, "y": 157}, {"x": 481, "y": 172}], [{"x": 231, "y": 214}, {"x": 251, "y": 211}, {"x": 253, "y": 195}, {"x": 247, "y": 191}], [{"x": 1229, "y": 771}, {"x": 1233, "y": 787}, {"x": 1230, "y": 769}], [{"x": 1390, "y": 1526}, {"x": 1370, "y": 1507}, {"x": 1365, "y": 1530}], [{"x": 799, "y": 460}, {"x": 799, "y": 469}, {"x": 827, "y": 467}], [{"x": 668, "y": 350}, {"x": 668, "y": 369}, {"x": 692, "y": 362}, {"x": 686, "y": 346}], [{"x": 1088, "y": 488}, {"x": 1089, "y": 468}, {"x": 1068, "y": 473}], [{"x": 553, "y": 1062}, {"x": 580, "y": 1067}, {"x": 579, "y": 1042}, {"x": 551, "y": 1043}], [{"x": 840, "y": 513}, {"x": 849, "y": 535}, {"x": 849, "y": 514}], [{"x": 358, "y": 1252}, {"x": 383, "y": 1252}, {"x": 376, "y": 1233}, {"x": 376, "y": 1241}, {"x": 358, "y": 1235}, {"x": 360, "y": 1238}], [{"x": 927, "y": 474}, {"x": 940, "y": 478}, {"x": 927, "y": 458}, {"x": 945, "y": 449}, {"x": 924, "y": 452}], [{"x": 1503, "y": 301}, {"x": 1531, "y": 319}, {"x": 1511, "y": 294}, {"x": 1508, "y": 293}], [{"x": 639, "y": 1060}, {"x": 616, "y": 1062}, {"x": 620, "y": 1077}, {"x": 636, "y": 1081}, {"x": 643, "y": 1082}], [{"x": 767, "y": 812}, {"x": 793, "y": 839}, {"x": 787, "y": 830}], [{"x": 535, "y": 1010}, {"x": 521, "y": 1011}, {"x": 514, "y": 1029}, {"x": 517, "y": 1033}, {"x": 537, "y": 1010}], [{"x": 384, "y": 1200}, {"x": 386, "y": 1200}, {"x": 360, "y": 1187}, {"x": 389, "y": 1208}], [{"x": 902, "y": 1218}, {"x": 929, "y": 1216}, {"x": 926, "y": 1222}, {"x": 930, "y": 1216}, {"x": 930, "y": 1204}, {"x": 922, "y": 1198}], [{"x": 1417, "y": 1426}, {"x": 1417, "y": 1428}, {"x": 1420, "y": 1426}], [{"x": 733, "y": 420}, {"x": 746, "y": 439}, {"x": 752, "y": 432}, {"x": 755, "y": 433}, {"x": 749, "y": 413}], [{"x": 1371, "y": 1049}, {"x": 1373, "y": 1066}, {"x": 1394, "y": 1067}, {"x": 1392, "y": 1050}, {"x": 1391, "y": 1043}], [{"x": 1317, "y": 418}, {"x": 1325, "y": 399}, {"x": 1321, "y": 396}, {"x": 1303, "y": 397}, {"x": 1297, "y": 418}, {"x": 1297, "y": 419}], [{"x": 1133, "y": 1560}, {"x": 1109, "y": 1552}, {"x": 1108, "y": 1578}, {"x": 1109, "y": 1573}, {"x": 1115, "y": 1561}], [{"x": 279, "y": 648}, {"x": 258, "y": 670}, {"x": 283, "y": 668}], [{"x": 788, "y": 254}, {"x": 813, "y": 276}, {"x": 809, "y": 253}], [{"x": 1505, "y": 1455}, {"x": 1517, "y": 1480}, {"x": 1523, "y": 1472}, {"x": 1516, "y": 1460}, {"x": 1516, "y": 1457}], [{"x": 406, "y": 706}, {"x": 427, "y": 682}, {"x": 429, "y": 678}, {"x": 403, "y": 699}], [{"x": 1588, "y": 111}, {"x": 1603, "y": 114}, {"x": 1605, "y": 111}, {"x": 1608, "y": 98}], [{"x": 882, "y": 1366}, {"x": 889, "y": 1385}, {"x": 890, "y": 1373}, {"x": 909, "y": 1368}, {"x": 902, "y": 1366}], [{"x": 1516, "y": 520}, {"x": 1507, "y": 515}, {"x": 1509, "y": 537}, {"x": 1531, "y": 514}, {"x": 1527, "y": 516}, {"x": 1527, "y": 518}], [{"x": 840, "y": 1007}, {"x": 869, "y": 1007}, {"x": 866, "y": 987}], [{"x": 1431, "y": 446}, {"x": 1431, "y": 443}, {"x": 1419, "y": 419}], [{"x": 1413, "y": 246}, {"x": 1422, "y": 250}, {"x": 1416, "y": 249}, {"x": 1438, "y": 253}, {"x": 1417, "y": 230}], [{"x": 175, "y": 1014}, {"x": 169, "y": 993}, {"x": 149, "y": 993}, {"x": 146, "y": 1014}, {"x": 174, "y": 1012}], [{"x": 1290, "y": 686}, {"x": 1293, "y": 684}, {"x": 1317, "y": 664}, {"x": 1293, "y": 670}], [{"x": 710, "y": 874}, {"x": 725, "y": 868}, {"x": 705, "y": 868}, {"x": 710, "y": 894}, {"x": 729, "y": 889}], [{"x": 952, "y": 550}, {"x": 947, "y": 576}, {"x": 956, "y": 578}, {"x": 969, "y": 553}, {"x": 974, "y": 574}, {"x": 972, "y": 553}], [{"x": 1293, "y": 459}, {"x": 1313, "y": 457}, {"x": 1313, "y": 456}, {"x": 1312, "y": 436}, {"x": 1312, "y": 435}], [{"x": 521, "y": 1219}, {"x": 521, "y": 1221}, {"x": 518, "y": 1242}, {"x": 524, "y": 1238}, {"x": 534, "y": 1226}], [{"x": 1378, "y": 578}, {"x": 1398, "y": 601}, {"x": 1399, "y": 602}, {"x": 1402, "y": 603}, {"x": 1403, "y": 600}], [{"x": 165, "y": 628}, {"x": 173, "y": 630}, {"x": 171, "y": 612}, {"x": 152, "y": 611}, {"x": 144, "y": 631}, {"x": 166, "y": 633}], [{"x": 632, "y": 1499}, {"x": 655, "y": 1512}, {"x": 655, "y": 1495}, {"x": 631, "y": 1494}], [{"x": 535, "y": 1453}, {"x": 540, "y": 1427}, {"x": 520, "y": 1429}, {"x": 517, "y": 1430}, {"x": 512, "y": 1451}], [{"x": 571, "y": 950}, {"x": 577, "y": 926}, {"x": 554, "y": 943}, {"x": 556, "y": 944}, {"x": 571, "y": 933}], [{"x": 843, "y": 105}, {"x": 832, "y": 99}, {"x": 823, "y": 117}, {"x": 826, "y": 116}, {"x": 827, "y": 118}, {"x": 844, "y": 119}], [{"x": 912, "y": 202}, {"x": 902, "y": 207}, {"x": 913, "y": 224}, {"x": 902, "y": 226}, {"x": 920, "y": 225}], [{"x": 658, "y": 891}, {"x": 667, "y": 891}, {"x": 684, "y": 887}, {"x": 660, "y": 886}], [{"x": 539, "y": 224}, {"x": 562, "y": 248}, {"x": 560, "y": 243}], [{"x": 226, "y": 1323}, {"x": 226, "y": 1302}, {"x": 223, "y": 1299}, {"x": 199, "y": 1319}, {"x": 219, "y": 1322}], [{"x": 425, "y": 988}, {"x": 426, "y": 991}, {"x": 446, "y": 989}, {"x": 446, "y": 970}], [{"x": 926, "y": 1491}, {"x": 907, "y": 1469}, {"x": 900, "y": 1493}, {"x": 925, "y": 1495}], [{"x": 496, "y": 826}, {"x": 512, "y": 844}, {"x": 506, "y": 825}], [{"x": 1221, "y": 1234}, {"x": 1236, "y": 1230}, {"x": 1242, "y": 1227}, {"x": 1245, "y": 1234}, {"x": 1239, "y": 1210}, {"x": 1218, "y": 1214}], [{"x": 1246, "y": 285}, {"x": 1248, "y": 271}, {"x": 1249, "y": 270}, {"x": 1250, "y": 268}, {"x": 1251, "y": 263}, {"x": 1245, "y": 265}], [{"x": 780, "y": 1256}, {"x": 782, "y": 1262}, {"x": 800, "y": 1277}, {"x": 802, "y": 1284}, {"x": 802, "y": 1261}], [{"x": 1009, "y": 1253}, {"x": 1037, "y": 1251}, {"x": 1011, "y": 1228}, {"x": 1015, "y": 1245}], [{"x": 860, "y": 1136}, {"x": 866, "y": 1122}, {"x": 845, "y": 1145}], [{"x": 153, "y": 158}, {"x": 158, "y": 162}, {"x": 157, "y": 156}, {"x": 159, "y": 153}], [{"x": 1392, "y": 1480}, {"x": 1392, "y": 1484}, {"x": 1391, "y": 1505}, {"x": 1394, "y": 1502}, {"x": 1413, "y": 1479}], [{"x": 1275, "y": 109}, {"x": 1277, "y": 113}, {"x": 1274, "y": 86}], [{"x": 1554, "y": 1079}, {"x": 1570, "y": 1051}, {"x": 1546, "y": 1057}, {"x": 1548, "y": 1059}, {"x": 1547, "y": 1076}, {"x": 1552, "y": 1080}], [{"x": 1480, "y": 734}, {"x": 1482, "y": 745}, {"x": 1486, "y": 734}, {"x": 1504, "y": 725}, {"x": 1481, "y": 729}], [{"x": 590, "y": 785}, {"x": 595, "y": 805}, {"x": 610, "y": 803}, {"x": 618, "y": 781}, {"x": 610, "y": 798}], [{"x": 1081, "y": 501}, {"x": 1058, "y": 511}, {"x": 1057, "y": 524}, {"x": 1059, "y": 526}, {"x": 1086, "y": 507}], [{"x": 738, "y": 780}, {"x": 753, "y": 780}, {"x": 762, "y": 764}, {"x": 756, "y": 761}, {"x": 754, "y": 766}], [{"x": 1363, "y": 681}, {"x": 1370, "y": 701}, {"x": 1365, "y": 674}, {"x": 1345, "y": 702}], [{"x": 1543, "y": 202}, {"x": 1544, "y": 197}, {"x": 1567, "y": 197}, {"x": 1546, "y": 186}], [{"x": 990, "y": 1586}, {"x": 1008, "y": 1590}, {"x": 1016, "y": 1590}, {"x": 1009, "y": 1574}, {"x": 995, "y": 1567}], [{"x": 495, "y": 1179}, {"x": 491, "y": 1181}, {"x": 489, "y": 1199}, {"x": 486, "y": 1202}, {"x": 514, "y": 1202}, {"x": 514, "y": 1178}], [{"x": 378, "y": 859}, {"x": 395, "y": 857}, {"x": 394, "y": 841}, {"x": 394, "y": 856}, {"x": 372, "y": 856}], [{"x": 943, "y": 155}, {"x": 920, "y": 184}, {"x": 930, "y": 183}, {"x": 945, "y": 181}, {"x": 947, "y": 175}, {"x": 946, "y": 159}], [{"x": 768, "y": 1550}, {"x": 765, "y": 1553}, {"x": 759, "y": 1577}, {"x": 765, "y": 1576}, {"x": 768, "y": 1570}], [{"x": 1030, "y": 445}, {"x": 1002, "y": 442}, {"x": 1000, "y": 450}, {"x": 1008, "y": 466}, {"x": 1026, "y": 465}], [{"x": 193, "y": 210}, {"x": 192, "y": 205}, {"x": 188, "y": 227}, {"x": 205, "y": 222}, {"x": 212, "y": 204}, {"x": 205, "y": 208}], [{"x": 1005, "y": 1206}, {"x": 1004, "y": 1206}, {"x": 1001, "y": 1229}], [{"x": 1189, "y": 1466}, {"x": 1186, "y": 1456}, {"x": 1185, "y": 1457}, {"x": 1169, "y": 1479}, {"x": 1174, "y": 1484}, {"x": 1193, "y": 1484}], [{"x": 1337, "y": 694}, {"x": 1343, "y": 692}, {"x": 1344, "y": 714}, {"x": 1344, "y": 691}], [{"x": 653, "y": 1266}, {"x": 675, "y": 1275}, {"x": 679, "y": 1276}], [{"x": 600, "y": 415}, {"x": 603, "y": 412}, {"x": 595, "y": 415}], [{"x": 395, "y": 1226}, {"x": 392, "y": 1228}, {"x": 389, "y": 1235}, {"x": 390, "y": 1251}, {"x": 408, "y": 1248}, {"x": 410, "y": 1227}], [{"x": 778, "y": 1378}, {"x": 780, "y": 1406}, {"x": 783, "y": 1387}], [{"x": 528, "y": 662}, {"x": 509, "y": 661}, {"x": 512, "y": 668}, {"x": 529, "y": 664}], [{"x": 497, "y": 1403}, {"x": 522, "y": 1402}, {"x": 499, "y": 1399}], [{"x": 721, "y": 207}, {"x": 719, "y": 207}, {"x": 699, "y": 209}, {"x": 718, "y": 224}], [{"x": 1035, "y": 653}, {"x": 1035, "y": 675}, {"x": 1042, "y": 674}, {"x": 1057, "y": 673}, {"x": 1041, "y": 652}], [{"x": 1007, "y": 803}, {"x": 1015, "y": 795}, {"x": 993, "y": 799}, {"x": 1005, "y": 803}, {"x": 1013, "y": 804}], [{"x": 1165, "y": 1254}, {"x": 1190, "y": 1229}, {"x": 1168, "y": 1235}, {"x": 1163, "y": 1232}], [{"x": 785, "y": 1350}, {"x": 789, "y": 1342}, {"x": 794, "y": 1345}, {"x": 775, "y": 1328}, {"x": 771, "y": 1325}, {"x": 768, "y": 1324}], [{"x": 682, "y": 1415}, {"x": 685, "y": 1396}, {"x": 681, "y": 1416}, {"x": 690, "y": 1414}, {"x": 706, "y": 1400}, {"x": 708, "y": 1393}], [{"x": 692, "y": 1015}, {"x": 702, "y": 996}, {"x": 696, "y": 993}, {"x": 676, "y": 989}, {"x": 675, "y": 989}], [{"x": 1597, "y": 588}, {"x": 1599, "y": 566}, {"x": 1598, "y": 564}, {"x": 1581, "y": 568}, {"x": 1576, "y": 583}, {"x": 1600, "y": 591}], [{"x": 1510, "y": 1212}, {"x": 1524, "y": 1217}, {"x": 1525, "y": 1215}, {"x": 1526, "y": 1199}, {"x": 1522, "y": 1196}], [{"x": 385, "y": 166}, {"x": 405, "y": 164}, {"x": 386, "y": 164}, {"x": 385, "y": 142}], [{"x": 1469, "y": 322}, {"x": 1489, "y": 323}, {"x": 1471, "y": 295}, {"x": 1465, "y": 315}], [{"x": 669, "y": 687}, {"x": 670, "y": 668}, {"x": 668, "y": 669}, {"x": 648, "y": 687}, {"x": 651, "y": 689}, {"x": 663, "y": 696}], [{"x": 188, "y": 1251}, {"x": 191, "y": 1269}, {"x": 190, "y": 1256}, {"x": 189, "y": 1256}, {"x": 205, "y": 1247}], [{"x": 609, "y": 553}, {"x": 636, "y": 548}, {"x": 632, "y": 532}, {"x": 611, "y": 535}, {"x": 608, "y": 546}], [{"x": 1126, "y": 1262}, {"x": 1131, "y": 1283}, {"x": 1135, "y": 1286}, {"x": 1154, "y": 1259}, {"x": 1135, "y": 1261}], [{"x": 509, "y": 359}, {"x": 514, "y": 342}, {"x": 496, "y": 335}], [{"x": 96, "y": 1560}, {"x": 112, "y": 1561}, {"x": 90, "y": 1535}, {"x": 86, "y": 1540}], [{"x": 128, "y": 1049}, {"x": 144, "y": 1055}, {"x": 143, "y": 1051}], [{"x": 574, "y": 1208}, {"x": 575, "y": 1214}, {"x": 595, "y": 1211}, {"x": 598, "y": 1186}, {"x": 580, "y": 1194}], [{"x": 411, "y": 1103}, {"x": 405, "y": 1103}, {"x": 393, "y": 1130}, {"x": 408, "y": 1110}, {"x": 411, "y": 1130}], [{"x": 239, "y": 1420}, {"x": 255, "y": 1444}, {"x": 255, "y": 1442}], [{"x": 852, "y": 410}, {"x": 879, "y": 409}, {"x": 876, "y": 393}, {"x": 873, "y": 390}, {"x": 859, "y": 396}, {"x": 861, "y": 396}], [{"x": 1182, "y": 1212}, {"x": 1201, "y": 1208}, {"x": 1195, "y": 1207}, {"x": 1196, "y": 1190}, {"x": 1174, "y": 1190}, {"x": 1176, "y": 1206}], [{"x": 490, "y": 559}, {"x": 493, "y": 563}, {"x": 486, "y": 541}, {"x": 490, "y": 565}], [{"x": 1484, "y": 265}, {"x": 1499, "y": 266}, {"x": 1505, "y": 250}, {"x": 1489, "y": 242}, {"x": 1485, "y": 252}], [{"x": 358, "y": 657}, {"x": 378, "y": 680}, {"x": 386, "y": 656}], [{"x": 130, "y": 1342}, {"x": 132, "y": 1348}, {"x": 129, "y": 1364}, {"x": 156, "y": 1365}, {"x": 156, "y": 1342}], [{"x": 1341, "y": 234}, {"x": 1343, "y": 212}, {"x": 1342, "y": 209}, {"x": 1321, "y": 213}, {"x": 1326, "y": 218}, {"x": 1341, "y": 211}], [{"x": 745, "y": 389}, {"x": 742, "y": 412}, {"x": 748, "y": 394}, {"x": 760, "y": 407}, {"x": 759, "y": 412}, {"x": 768, "y": 405}], [{"x": 1055, "y": 1372}, {"x": 1064, "y": 1367}, {"x": 1059, "y": 1346}], [{"x": 1344, "y": 135}, {"x": 1348, "y": 162}, {"x": 1348, "y": 156}, {"x": 1351, "y": 157}, {"x": 1345, "y": 137}], [{"x": 284, "y": 902}, {"x": 304, "y": 880}, {"x": 283, "y": 897}], [{"x": 231, "y": 841}, {"x": 219, "y": 836}, {"x": 211, "y": 840}, {"x": 216, "y": 862}, {"x": 218, "y": 862}, {"x": 230, "y": 857}], [{"x": 1307, "y": 886}, {"x": 1330, "y": 900}, {"x": 1329, "y": 899}, {"x": 1307, "y": 883}], [{"x": 712, "y": 914}, {"x": 712, "y": 938}, {"x": 718, "y": 939}, {"x": 741, "y": 931}, {"x": 721, "y": 916}], [{"x": 932, "y": 1152}, {"x": 950, "y": 1155}, {"x": 956, "y": 1128}, {"x": 936, "y": 1134}], [{"x": 82, "y": 168}, {"x": 84, "y": 167}, {"x": 84, "y": 168}, {"x": 104, "y": 150}, {"x": 107, "y": 143}, {"x": 89, "y": 146}], [{"x": 352, "y": 741}, {"x": 357, "y": 761}, {"x": 361, "y": 742}], [{"x": 1287, "y": 999}, {"x": 1294, "y": 977}, {"x": 1276, "y": 972}, {"x": 1268, "y": 991}, {"x": 1272, "y": 992}], [{"x": 1364, "y": 1480}, {"x": 1385, "y": 1482}, {"x": 1384, "y": 1464}, {"x": 1383, "y": 1479}, {"x": 1378, "y": 1475}, {"x": 1380, "y": 1459}], [{"x": 1320, "y": 313}, {"x": 1317, "y": 313}, {"x": 1298, "y": 331}], [{"x": 257, "y": 1040}, {"x": 266, "y": 1053}, {"x": 277, "y": 1059}, {"x": 283, "y": 1051}, {"x": 260, "y": 1038}], [{"x": 438, "y": 574}, {"x": 417, "y": 547}, {"x": 416, "y": 550}, {"x": 410, "y": 550}, {"x": 438, "y": 575}], [{"x": 311, "y": 558}, {"x": 312, "y": 560}, {"x": 333, "y": 537}, {"x": 328, "y": 536}], [{"x": 1065, "y": 1026}, {"x": 1072, "y": 1015}, {"x": 1065, "y": 1006}, {"x": 1046, "y": 1033}, {"x": 1053, "y": 1035}, {"x": 1070, "y": 1034}], [{"x": 1096, "y": 1190}, {"x": 1091, "y": 1190}, {"x": 1075, "y": 1196}, {"x": 1096, "y": 1208}, {"x": 1099, "y": 1192}], [{"x": 439, "y": 1514}, {"x": 467, "y": 1501}, {"x": 447, "y": 1498}], [{"x": 870, "y": 1285}, {"x": 850, "y": 1300}, {"x": 855, "y": 1309}, {"x": 870, "y": 1287}, {"x": 877, "y": 1285}], [{"x": 1353, "y": 683}, {"x": 1355, "y": 679}, {"x": 1356, "y": 660}, {"x": 1349, "y": 681}], [{"x": 1354, "y": 621}, {"x": 1339, "y": 639}, {"x": 1338, "y": 642}, {"x": 1361, "y": 642}, {"x": 1363, "y": 640}, {"x": 1364, "y": 617}], [{"x": 497, "y": 409}, {"x": 478, "y": 415}, {"x": 476, "y": 438}, {"x": 502, "y": 437}], [{"x": 108, "y": 506}, {"x": 109, "y": 499}, {"x": 104, "y": 528}], [{"x": 1464, "y": 571}, {"x": 1464, "y": 590}, {"x": 1489, "y": 582}, {"x": 1493, "y": 563}, {"x": 1470, "y": 572}], [{"x": 1320, "y": 971}, {"x": 1322, "y": 973}, {"x": 1319, "y": 966}, {"x": 1319, "y": 953}, {"x": 1302, "y": 950}], [{"x": 1573, "y": 352}, {"x": 1574, "y": 350}, {"x": 1553, "y": 329}], [{"x": 623, "y": 1292}, {"x": 646, "y": 1271}, {"x": 640, "y": 1273}, {"x": 617, "y": 1275}, {"x": 616, "y": 1292}], [{"x": 360, "y": 273}, {"x": 387, "y": 289}, {"x": 388, "y": 266}], [{"x": 309, "y": 894}, {"x": 330, "y": 869}, {"x": 310, "y": 869}, {"x": 308, "y": 894}, {"x": 315, "y": 898}], [{"x": 769, "y": 238}, {"x": 768, "y": 256}, {"x": 770, "y": 257}, {"x": 778, "y": 258}, {"x": 793, "y": 235}, {"x": 777, "y": 248}], [{"x": 1533, "y": 122}, {"x": 1541, "y": 117}, {"x": 1534, "y": 102}, {"x": 1515, "y": 95}, {"x": 1534, "y": 117}], [{"x": 1057, "y": 1278}, {"x": 1060, "y": 1282}, {"x": 1063, "y": 1265}], [{"x": 304, "y": 1034}, {"x": 302, "y": 1055}, {"x": 321, "y": 1059}, {"x": 325, "y": 1050}, {"x": 321, "y": 1031}], [{"x": 1101, "y": 836}, {"x": 1103, "y": 859}, {"x": 1116, "y": 857}, {"x": 1121, "y": 833}], [{"x": 868, "y": 907}, {"x": 871, "y": 885}, {"x": 870, "y": 882}, {"x": 846, "y": 889}, {"x": 866, "y": 887}], [{"x": 761, "y": 985}, {"x": 761, "y": 1007}, {"x": 781, "y": 1001}, {"x": 784, "y": 987}], [{"x": 584, "y": 345}, {"x": 609, "y": 342}, {"x": 608, "y": 339}, {"x": 609, "y": 321}, {"x": 607, "y": 317}, {"x": 585, "y": 321}], [{"x": 207, "y": 1509}, {"x": 208, "y": 1502}, {"x": 191, "y": 1505}, {"x": 188, "y": 1486}, {"x": 188, "y": 1506}], [{"x": 1546, "y": 1002}, {"x": 1550, "y": 1007}, {"x": 1551, "y": 987}, {"x": 1543, "y": 1007}], [{"x": 531, "y": 552}, {"x": 514, "y": 560}, {"x": 508, "y": 575}, {"x": 532, "y": 571}], [{"x": 1183, "y": 1162}, {"x": 1189, "y": 1185}, {"x": 1202, "y": 1184}, {"x": 1190, "y": 1180}, {"x": 1190, "y": 1178}, {"x": 1211, "y": 1185}], [{"x": 362, "y": 1619}, {"x": 362, "y": 1600}, {"x": 346, "y": 1616}], [{"x": 1066, "y": 91}, {"x": 1059, "y": 85}, {"x": 1079, "y": 104}, {"x": 1078, "y": 102}], [{"x": 1248, "y": 362}, {"x": 1250, "y": 366}, {"x": 1248, "y": 384}, {"x": 1270, "y": 379}, {"x": 1261, "y": 359}], [{"x": 1358, "y": 912}, {"x": 1360, "y": 892}, {"x": 1357, "y": 893}], [{"x": 704, "y": 507}, {"x": 726, "y": 495}, {"x": 727, "y": 493}, {"x": 723, "y": 494}, {"x": 703, "y": 488}, {"x": 704, "y": 509}], [{"x": 142, "y": 1198}, {"x": 149, "y": 1199}, {"x": 162, "y": 1199}, {"x": 161, "y": 1204}, {"x": 167, "y": 1180}, {"x": 149, "y": 1184}], [{"x": 1194, "y": 276}, {"x": 1199, "y": 267}, {"x": 1193, "y": 267}, {"x": 1196, "y": 266}, {"x": 1179, "y": 269}, {"x": 1177, "y": 286}], [{"x": 1129, "y": 703}, {"x": 1109, "y": 704}, {"x": 1102, "y": 727}, {"x": 1122, "y": 723}], [{"x": 559, "y": 909}, {"x": 558, "y": 925}, {"x": 559, "y": 926}, {"x": 565, "y": 926}, {"x": 584, "y": 910}, {"x": 560, "y": 909}], [{"x": 1446, "y": 1385}, {"x": 1471, "y": 1387}, {"x": 1461, "y": 1377}, {"x": 1442, "y": 1387}], [{"x": 912, "y": 846}, {"x": 922, "y": 849}, {"x": 940, "y": 844}, {"x": 936, "y": 840}, {"x": 935, "y": 840}, {"x": 915, "y": 828}], [{"x": 358, "y": 1148}, {"x": 377, "y": 1150}, {"x": 387, "y": 1133}, {"x": 363, "y": 1131}], [{"x": 1173, "y": 860}, {"x": 1175, "y": 839}, {"x": 1170, "y": 836}, {"x": 1153, "y": 842}], [{"x": 1408, "y": 997}, {"x": 1418, "y": 996}, {"x": 1401, "y": 991}, {"x": 1398, "y": 995}], [{"x": 439, "y": 570}, {"x": 455, "y": 573}, {"x": 453, "y": 550}, {"x": 435, "y": 545}, {"x": 442, "y": 568}, {"x": 435, "y": 569}], [{"x": 1533, "y": 1172}, {"x": 1554, "y": 1200}, {"x": 1553, "y": 1197}], [{"x": 1376, "y": 196}, {"x": 1397, "y": 190}, {"x": 1393, "y": 172}, {"x": 1396, "y": 171}, {"x": 1374, "y": 171}, {"x": 1373, "y": 176}], [{"x": 558, "y": 566}, {"x": 586, "y": 556}, {"x": 559, "y": 543}], [{"x": 1012, "y": 836}, {"x": 1033, "y": 836}, {"x": 1032, "y": 807}, {"x": 1014, "y": 808}, {"x": 1009, "y": 832}], [{"x": 734, "y": 1074}, {"x": 737, "y": 1069}, {"x": 740, "y": 1054}, {"x": 720, "y": 1051}, {"x": 712, "y": 1048}], [{"x": 1074, "y": 1517}, {"x": 1080, "y": 1513}, {"x": 1074, "y": 1495}, {"x": 1058, "y": 1501}, {"x": 1064, "y": 1521}], [{"x": 1021, "y": 318}, {"x": 1036, "y": 317}, {"x": 1043, "y": 299}], [{"x": 564, "y": 411}, {"x": 583, "y": 392}, {"x": 582, "y": 391}, {"x": 561, "y": 394}, {"x": 560, "y": 414}], [{"x": 525, "y": 941}, {"x": 502, "y": 921}, {"x": 500, "y": 941}, {"x": 501, "y": 938}], [{"x": 851, "y": 1475}, {"x": 873, "y": 1468}, {"x": 866, "y": 1469}, {"x": 872, "y": 1467}, {"x": 845, "y": 1467}, {"x": 865, "y": 1468}], [{"x": 983, "y": 586}, {"x": 986, "y": 608}, {"x": 986, "y": 589}], [{"x": 168, "y": 884}, {"x": 170, "y": 885}, {"x": 173, "y": 864}, {"x": 170, "y": 860}, {"x": 167, "y": 859}, {"x": 166, "y": 863}], [{"x": 340, "y": 1006}, {"x": 367, "y": 989}, {"x": 345, "y": 987}], [{"x": 967, "y": 181}, {"x": 968, "y": 175}, {"x": 960, "y": 164}, {"x": 966, "y": 184}], [{"x": 1094, "y": 1305}, {"x": 1102, "y": 1286}, {"x": 1080, "y": 1287}, {"x": 1079, "y": 1286}, {"x": 1081, "y": 1292}, {"x": 1084, "y": 1303}], [{"x": 966, "y": 884}, {"x": 984, "y": 904}, {"x": 988, "y": 906}, {"x": 980, "y": 880}], [{"x": 636, "y": 991}, {"x": 645, "y": 973}, {"x": 643, "y": 971}, {"x": 641, "y": 967}], [{"x": 1168, "y": 425}, {"x": 1176, "y": 426}, {"x": 1173, "y": 440}, {"x": 1173, "y": 443}, {"x": 1196, "y": 445}, {"x": 1186, "y": 426}], [{"x": 150, "y": 715}, {"x": 170, "y": 739}, {"x": 169, "y": 736}, {"x": 172, "y": 737}, {"x": 175, "y": 717}, {"x": 152, "y": 713}], [{"x": 462, "y": 1295}, {"x": 468, "y": 1287}, {"x": 469, "y": 1305}, {"x": 468, "y": 1285}], [{"x": 1519, "y": 1363}, {"x": 1541, "y": 1344}, {"x": 1523, "y": 1342}], [{"x": 324, "y": 736}, {"x": 325, "y": 713}, {"x": 325, "y": 709}], [{"x": 1523, "y": 667}, {"x": 1528, "y": 670}, {"x": 1525, "y": 686}, {"x": 1544, "y": 690}, {"x": 1549, "y": 666}], [{"x": 522, "y": 499}, {"x": 542, "y": 493}, {"x": 526, "y": 472}, {"x": 519, "y": 496}], [{"x": 912, "y": 464}, {"x": 919, "y": 488}, {"x": 917, "y": 463}, {"x": 912, "y": 461}], [{"x": 767, "y": 1208}, {"x": 773, "y": 1205}, {"x": 785, "y": 1184}, {"x": 793, "y": 1184}, {"x": 771, "y": 1183}], [{"x": 128, "y": 105}, {"x": 132, "y": 78}, {"x": 131, "y": 81}, {"x": 125, "y": 100}, {"x": 104, "y": 83}, {"x": 107, "y": 96}], [{"x": 669, "y": 557}, {"x": 692, "y": 559}, {"x": 669, "y": 560}, {"x": 694, "y": 559}, {"x": 692, "y": 532}, {"x": 685, "y": 537}], [{"x": 1599, "y": 1521}, {"x": 1597, "y": 1517}, {"x": 1578, "y": 1523}], [{"x": 1041, "y": 400}, {"x": 1069, "y": 394}, {"x": 1067, "y": 379}, {"x": 1042, "y": 383}], [{"x": 665, "y": 1198}, {"x": 688, "y": 1197}, {"x": 690, "y": 1179}, {"x": 687, "y": 1172}, {"x": 687, "y": 1180}, {"x": 669, "y": 1177}], [{"x": 862, "y": 463}, {"x": 868, "y": 465}, {"x": 869, "y": 466}, {"x": 887, "y": 463}, {"x": 871, "y": 441}], [{"x": 1186, "y": 1134}, {"x": 1209, "y": 1133}, {"x": 1195, "y": 1130}, {"x": 1194, "y": 1106}], [{"x": 427, "y": 390}, {"x": 431, "y": 393}, {"x": 455, "y": 394}, {"x": 446, "y": 392}, {"x": 453, "y": 391}, {"x": 425, "y": 386}], [{"x": 310, "y": 1581}, {"x": 291, "y": 1601}, {"x": 311, "y": 1584}], [{"x": 476, "y": 1346}, {"x": 480, "y": 1349}, {"x": 461, "y": 1322}, {"x": 461, "y": 1325}], [{"x": 298, "y": 630}, {"x": 313, "y": 638}, {"x": 294, "y": 638}, {"x": 316, "y": 651}, {"x": 317, "y": 637}], [{"x": 172, "y": 606}, {"x": 175, "y": 631}, {"x": 173, "y": 607}, {"x": 196, "y": 610}], [{"x": 1323, "y": 507}, {"x": 1325, "y": 510}, {"x": 1322, "y": 484}, {"x": 1319, "y": 488}, {"x": 1318, "y": 491}], [{"x": 284, "y": 1588}, {"x": 288, "y": 1570}, {"x": 266, "y": 1587}, {"x": 285, "y": 1591}], [{"x": 378, "y": 895}, {"x": 379, "y": 872}, {"x": 376, "y": 901}, {"x": 379, "y": 895}], [{"x": 811, "y": 1204}, {"x": 831, "y": 1228}, {"x": 829, "y": 1207}, {"x": 827, "y": 1199}, {"x": 813, "y": 1205}], [{"x": 1415, "y": 367}, {"x": 1438, "y": 385}, {"x": 1420, "y": 369}], [{"x": 540, "y": 1304}, {"x": 538, "y": 1324}, {"x": 562, "y": 1327}, {"x": 565, "y": 1320}], [{"x": 1206, "y": 203}, {"x": 1224, "y": 212}, {"x": 1228, "y": 212}], [{"x": 169, "y": 1117}, {"x": 150, "y": 1120}, {"x": 147, "y": 1135}, {"x": 148, "y": 1141}, {"x": 169, "y": 1134}, {"x": 173, "y": 1120}], [{"x": 1118, "y": 571}, {"x": 1118, "y": 547}, {"x": 1100, "y": 545}, {"x": 1095, "y": 562}], [{"x": 1062, "y": 565}, {"x": 1087, "y": 586}, {"x": 1082, "y": 565}, {"x": 1064, "y": 561}], [{"x": 670, "y": 126}, {"x": 668, "y": 122}, {"x": 644, "y": 144}, {"x": 649, "y": 152}, {"x": 667, "y": 125}, {"x": 670, "y": 146}], [{"x": 1479, "y": 1310}, {"x": 1479, "y": 1307}, {"x": 1450, "y": 1286}, {"x": 1472, "y": 1313}, {"x": 1456, "y": 1291}], [{"x": 962, "y": 1140}, {"x": 956, "y": 1158}, {"x": 980, "y": 1137}, {"x": 974, "y": 1139}], [{"x": 873, "y": 1219}, {"x": 888, "y": 1211}, {"x": 870, "y": 1217}, {"x": 871, "y": 1218}, {"x": 872, "y": 1234}, {"x": 886, "y": 1217}], [{"x": 680, "y": 848}, {"x": 692, "y": 830}, {"x": 674, "y": 828}, {"x": 680, "y": 829}], [{"x": 438, "y": 539}, {"x": 448, "y": 537}, {"x": 447, "y": 535}, {"x": 446, "y": 534}, {"x": 422, "y": 534}, {"x": 425, "y": 535}], [{"x": 1342, "y": 460}, {"x": 1343, "y": 461}, {"x": 1358, "y": 465}, {"x": 1360, "y": 464}, {"x": 1367, "y": 438}, {"x": 1365, "y": 435}], [{"x": 1226, "y": 1027}, {"x": 1227, "y": 999}, {"x": 1226, "y": 1019}, {"x": 1200, "y": 1008}, {"x": 1205, "y": 1021}], [{"x": 319, "y": 1205}, {"x": 321, "y": 1190}, {"x": 311, "y": 1185}, {"x": 311, "y": 1193}, {"x": 313, "y": 1205}], [{"x": 1040, "y": 1409}, {"x": 1062, "y": 1381}, {"x": 1042, "y": 1387}], [{"x": 901, "y": 720}, {"x": 904, "y": 705}, {"x": 880, "y": 719}, {"x": 880, "y": 725}, {"x": 897, "y": 720}], [{"x": 455, "y": 1139}, {"x": 460, "y": 1133}, {"x": 438, "y": 1131}], [{"x": 419, "y": 184}, {"x": 445, "y": 212}, {"x": 448, "y": 211}], [{"x": 1341, "y": 1267}, {"x": 1362, "y": 1270}, {"x": 1364, "y": 1248}], [{"x": 1419, "y": 832}, {"x": 1443, "y": 832}, {"x": 1420, "y": 808}, {"x": 1419, "y": 830}], [{"x": 1594, "y": 1421}, {"x": 1599, "y": 1418}, {"x": 1613, "y": 1395}, {"x": 1601, "y": 1394}, {"x": 1601, "y": 1398}, {"x": 1594, "y": 1415}], [{"x": 144, "y": 455}, {"x": 137, "y": 462}, {"x": 119, "y": 463}, {"x": 119, "y": 474}, {"x": 137, "y": 484}], [{"x": 846, "y": 772}, {"x": 831, "y": 777}, {"x": 829, "y": 795}, {"x": 829, "y": 800}, {"x": 841, "y": 795}, {"x": 849, "y": 773}], [{"x": 532, "y": 1182}, {"x": 561, "y": 1165}, {"x": 533, "y": 1162}], [{"x": 825, "y": 1290}, {"x": 820, "y": 1293}, {"x": 819, "y": 1290}, {"x": 801, "y": 1285}, {"x": 821, "y": 1305}], [{"x": 733, "y": 1187}, {"x": 745, "y": 1174}, {"x": 728, "y": 1192}], [{"x": 692, "y": 1587}, {"x": 671, "y": 1591}, {"x": 670, "y": 1616}, {"x": 694, "y": 1596}], [{"x": 1262, "y": 769}, {"x": 1282, "y": 744}, {"x": 1281, "y": 745}], [{"x": 715, "y": 556}, {"x": 716, "y": 570}, {"x": 717, "y": 573}, {"x": 718, "y": 558}, {"x": 720, "y": 558}], [{"x": 1125, "y": 1462}, {"x": 1151, "y": 1477}, {"x": 1153, "y": 1460}, {"x": 1155, "y": 1462}, {"x": 1150, "y": 1456}], [{"x": 1364, "y": 602}, {"x": 1359, "y": 604}, {"x": 1357, "y": 616}, {"x": 1375, "y": 606}], [{"x": 1618, "y": 344}, {"x": 1591, "y": 345}, {"x": 1596, "y": 353}, {"x": 1600, "y": 366}, {"x": 1618, "y": 372}], [{"x": 837, "y": 591}, {"x": 866, "y": 584}, {"x": 858, "y": 566}, {"x": 841, "y": 565}], [{"x": 306, "y": 1337}, {"x": 307, "y": 1339}, {"x": 308, "y": 1340}, {"x": 327, "y": 1319}, {"x": 327, "y": 1318}, {"x": 303, "y": 1323}], [{"x": 264, "y": 1515}, {"x": 268, "y": 1516}, {"x": 287, "y": 1520}, {"x": 284, "y": 1519}, {"x": 284, "y": 1500}], [{"x": 878, "y": 1341}, {"x": 897, "y": 1320}, {"x": 880, "y": 1316}, {"x": 896, "y": 1321}, {"x": 872, "y": 1338}], [{"x": 1078, "y": 599}, {"x": 1079, "y": 602}, {"x": 1062, "y": 599}, {"x": 1084, "y": 604}, {"x": 1077, "y": 579}, {"x": 1082, "y": 601}], [{"x": 710, "y": 274}, {"x": 713, "y": 273}, {"x": 733, "y": 258}], [{"x": 1115, "y": 621}, {"x": 1112, "y": 602}, {"x": 1092, "y": 595}], [{"x": 1454, "y": 844}, {"x": 1462, "y": 822}, {"x": 1457, "y": 817}, {"x": 1442, "y": 817}, {"x": 1456, "y": 823}], [{"x": 1505, "y": 290}, {"x": 1525, "y": 292}, {"x": 1509, "y": 286}, {"x": 1508, "y": 273}], [{"x": 748, "y": 1330}, {"x": 761, "y": 1327}, {"x": 766, "y": 1312}], [{"x": 487, "y": 1028}, {"x": 480, "y": 998}, {"x": 479, "y": 1023}], [{"x": 1602, "y": 1239}, {"x": 1603, "y": 1246}, {"x": 1621, "y": 1257}, {"x": 1615, "y": 1245}, {"x": 1624, "y": 1244}], [{"x": 709, "y": 1217}, {"x": 724, "y": 1202}, {"x": 707, "y": 1195}, {"x": 700, "y": 1214}], [{"x": 991, "y": 488}, {"x": 1005, "y": 488}, {"x": 985, "y": 480}], [{"x": 669, "y": 783}, {"x": 675, "y": 804}, {"x": 685, "y": 811}, {"x": 691, "y": 783}], [{"x": 268, "y": 1537}, {"x": 254, "y": 1539}, {"x": 272, "y": 1539}], [{"x": 827, "y": 571}, {"x": 832, "y": 594}, {"x": 831, "y": 573}], [{"x": 981, "y": 263}, {"x": 983, "y": 247}, {"x": 962, "y": 259}], [{"x": 1240, "y": 1370}, {"x": 1259, "y": 1361}, {"x": 1258, "y": 1344}, {"x": 1237, "y": 1342}, {"x": 1245, "y": 1344}], [{"x": 1003, "y": 333}, {"x": 1008, "y": 334}, {"x": 1022, "y": 355}, {"x": 1024, "y": 349}, {"x": 1027, "y": 328}, {"x": 1007, "y": 328}], [{"x": 572, "y": 507}, {"x": 582, "y": 528}, {"x": 584, "y": 505}, {"x": 569, "y": 501}, {"x": 569, "y": 521}, {"x": 572, "y": 525}], [{"x": 621, "y": 1178}, {"x": 637, "y": 1203}, {"x": 646, "y": 1179}], [{"x": 559, "y": 993}, {"x": 561, "y": 992}, {"x": 557, "y": 972}, {"x": 555, "y": 964}, {"x": 533, "y": 988}, {"x": 553, "y": 989}], [{"x": 1527, "y": 711}, {"x": 1535, "y": 717}, {"x": 1536, "y": 694}, {"x": 1531, "y": 690}], [{"x": 1060, "y": 597}, {"x": 1059, "y": 595}, {"x": 1058, "y": 581}, {"x": 1060, "y": 581}, {"x": 1042, "y": 573}, {"x": 1042, "y": 598}], [{"x": 986, "y": 414}, {"x": 969, "y": 411}, {"x": 963, "y": 431}, {"x": 970, "y": 417}], [{"x": 535, "y": 721}, {"x": 544, "y": 725}, {"x": 565, "y": 722}, {"x": 555, "y": 718}, {"x": 560, "y": 703}, {"x": 536, "y": 719}], [{"x": 1353, "y": 1419}, {"x": 1370, "y": 1406}, {"x": 1368, "y": 1426}, {"x": 1371, "y": 1424}, {"x": 1371, "y": 1398}], [{"x": 365, "y": 919}, {"x": 371, "y": 939}, {"x": 373, "y": 911}], [{"x": 888, "y": 631}, {"x": 891, "y": 632}, {"x": 893, "y": 631}, {"x": 916, "y": 630}, {"x": 895, "y": 611}], [{"x": 221, "y": 409}, {"x": 238, "y": 415}, {"x": 242, "y": 393}], [{"x": 401, "y": 177}, {"x": 407, "y": 182}, {"x": 428, "y": 155}], [{"x": 955, "y": 1273}, {"x": 957, "y": 1282}, {"x": 937, "y": 1293}, {"x": 960, "y": 1294}, {"x": 964, "y": 1274}], [{"x": 963, "y": 629}, {"x": 962, "y": 647}, {"x": 962, "y": 651}, {"x": 971, "y": 629}], [{"x": 438, "y": 771}, {"x": 439, "y": 752}, {"x": 422, "y": 750}, {"x": 422, "y": 754}], [{"x": 153, "y": 1615}, {"x": 151, "y": 1600}, {"x": 133, "y": 1592}, {"x": 133, "y": 1614}, {"x": 129, "y": 1619}], [{"x": 1338, "y": 367}, {"x": 1350, "y": 388}, {"x": 1355, "y": 389}], [{"x": 682, "y": 262}, {"x": 684, "y": 257}, {"x": 681, "y": 255}, {"x": 659, "y": 277}, {"x": 667, "y": 279}, {"x": 687, "y": 277}], [{"x": 1072, "y": 1427}, {"x": 1099, "y": 1408}, {"x": 1100, "y": 1407}, {"x": 1090, "y": 1402}, {"x": 1078, "y": 1406}], [{"x": 870, "y": 911}, {"x": 880, "y": 896}, {"x": 860, "y": 917}, {"x": 886, "y": 911}], [{"x": 892, "y": 1202}, {"x": 872, "y": 1203}, {"x": 868, "y": 1208}, {"x": 891, "y": 1207}, {"x": 885, "y": 1207}], [{"x": 1219, "y": 173}, {"x": 1224, "y": 186}, {"x": 1237, "y": 185}, {"x": 1243, "y": 184}, {"x": 1244, "y": 164}], [{"x": 187, "y": 683}, {"x": 208, "y": 685}, {"x": 192, "y": 660}], [{"x": 232, "y": 1292}, {"x": 232, "y": 1293}, {"x": 235, "y": 1315}, {"x": 237, "y": 1298}, {"x": 235, "y": 1293}], [{"x": 1380, "y": 847}, {"x": 1364, "y": 864}, {"x": 1386, "y": 862}], [{"x": 1527, "y": 874}, {"x": 1541, "y": 887}, {"x": 1544, "y": 890}, {"x": 1545, "y": 887}, {"x": 1544, "y": 868}, {"x": 1518, "y": 870}], [{"x": 221, "y": 91}, {"x": 228, "y": 107}, {"x": 226, "y": 95}], [{"x": 1296, "y": 1500}, {"x": 1278, "y": 1479}, {"x": 1272, "y": 1484}, {"x": 1299, "y": 1505}], [{"x": 1576, "y": 597}, {"x": 1599, "y": 623}, {"x": 1597, "y": 606}], [{"x": 1277, "y": 517}, {"x": 1293, "y": 544}, {"x": 1274, "y": 540}, {"x": 1277, "y": 546}, {"x": 1294, "y": 545}, {"x": 1292, "y": 538}], [{"x": 166, "y": 1533}, {"x": 167, "y": 1533}, {"x": 189, "y": 1527}, {"x": 192, "y": 1516}, {"x": 192, "y": 1511}], [{"x": 490, "y": 1573}, {"x": 491, "y": 1588}, {"x": 516, "y": 1564}, {"x": 491, "y": 1571}, {"x": 488, "y": 1565}], [{"x": 331, "y": 1391}, {"x": 353, "y": 1384}, {"x": 351, "y": 1369}], [{"x": 483, "y": 644}, {"x": 481, "y": 653}, {"x": 491, "y": 670}, {"x": 501, "y": 666}, {"x": 490, "y": 648}, {"x": 511, "y": 650}], [{"x": 1493, "y": 675}, {"x": 1492, "y": 681}, {"x": 1495, "y": 676}, {"x": 1505, "y": 679}, {"x": 1507, "y": 679}], [{"x": 1214, "y": 1232}, {"x": 1218, "y": 1237}, {"x": 1197, "y": 1209}], [{"x": 1096, "y": 1214}, {"x": 1102, "y": 1241}, {"x": 1120, "y": 1231}, {"x": 1124, "y": 1213}], [{"x": 663, "y": 1457}, {"x": 649, "y": 1453}, {"x": 644, "y": 1450}, {"x": 640, "y": 1448}, {"x": 640, "y": 1476}, {"x": 649, "y": 1473}], [{"x": 1098, "y": 675}, {"x": 1118, "y": 703}, {"x": 1119, "y": 698}, {"x": 1101, "y": 678}], [{"x": 1093, "y": 681}, {"x": 1090, "y": 687}, {"x": 1097, "y": 698}], [{"x": 1245, "y": 885}, {"x": 1228, "y": 903}, {"x": 1229, "y": 905}, {"x": 1241, "y": 892}, {"x": 1245, "y": 891}], [{"x": 1515, "y": 354}, {"x": 1525, "y": 331}, {"x": 1532, "y": 354}, {"x": 1526, "y": 329}, {"x": 1505, "y": 347}, {"x": 1510, "y": 351}], [{"x": 703, "y": 447}, {"x": 703, "y": 444}, {"x": 683, "y": 442}, {"x": 686, "y": 461}], [{"x": 585, "y": 1274}, {"x": 606, "y": 1280}, {"x": 599, "y": 1273}, {"x": 605, "y": 1274}, {"x": 608, "y": 1277}, {"x": 586, "y": 1252}], [{"x": 1367, "y": 1261}, {"x": 1374, "y": 1238}, {"x": 1369, "y": 1246}], [{"x": 651, "y": 1125}, {"x": 659, "y": 1112}, {"x": 651, "y": 1105}, {"x": 633, "y": 1134}], [{"x": 591, "y": 1292}, {"x": 593, "y": 1283}, {"x": 572, "y": 1291}, {"x": 600, "y": 1309}, {"x": 595, "y": 1289}], [{"x": 866, "y": 161}, {"x": 889, "y": 159}, {"x": 890, "y": 143}, {"x": 872, "y": 139}], [{"x": 841, "y": 337}, {"x": 842, "y": 333}, {"x": 826, "y": 353}, {"x": 823, "y": 360}, {"x": 842, "y": 357}, {"x": 844, "y": 335}], [{"x": 894, "y": 1508}, {"x": 900, "y": 1508}, {"x": 898, "y": 1490}, {"x": 896, "y": 1486}, {"x": 875, "y": 1487}, {"x": 879, "y": 1514}], [{"x": 214, "y": 1058}, {"x": 235, "y": 1038}, {"x": 214, "y": 1037}, {"x": 205, "y": 1029}, {"x": 205, "y": 1038}, {"x": 207, "y": 1050}], [{"x": 548, "y": 169}, {"x": 552, "y": 165}, {"x": 526, "y": 164}, {"x": 525, "y": 168}, {"x": 525, "y": 183}], [{"x": 342, "y": 664}, {"x": 346, "y": 662}, {"x": 343, "y": 644}], [{"x": 132, "y": 144}, {"x": 136, "y": 128}, {"x": 115, "y": 124}, {"x": 114, "y": 124}, {"x": 116, "y": 127}, {"x": 109, "y": 140}], [{"x": 260, "y": 1499}, {"x": 275, "y": 1498}, {"x": 278, "y": 1496}, {"x": 276, "y": 1478}], [{"x": 621, "y": 218}, {"x": 622, "y": 239}, {"x": 639, "y": 244}, {"x": 623, "y": 228}, {"x": 637, "y": 241}, {"x": 643, "y": 218}], [{"x": 929, "y": 699}, {"x": 931, "y": 692}, {"x": 931, "y": 696}, {"x": 936, "y": 674}, {"x": 929, "y": 696}], [{"x": 1395, "y": 1226}, {"x": 1422, "y": 1217}, {"x": 1421, "y": 1217}, {"x": 1402, "y": 1223}], [{"x": 102, "y": 1412}, {"x": 88, "y": 1405}, {"x": 86, "y": 1433}, {"x": 88, "y": 1435}, {"x": 102, "y": 1428}], [{"x": 1156, "y": 258}, {"x": 1157, "y": 276}, {"x": 1165, "y": 280}, {"x": 1156, "y": 255}, {"x": 1137, "y": 261}], [{"x": 418, "y": 1248}, {"x": 411, "y": 1249}, {"x": 437, "y": 1256}, {"x": 420, "y": 1274}, {"x": 439, "y": 1254}, {"x": 436, "y": 1249}], [{"x": 218, "y": 1502}, {"x": 218, "y": 1520}, {"x": 234, "y": 1525}, {"x": 243, "y": 1503}], [{"x": 1023, "y": 796}, {"x": 1026, "y": 800}, {"x": 1047, "y": 815}, {"x": 1053, "y": 803}, {"x": 1052, "y": 795}, {"x": 1043, "y": 794}], [{"x": 118, "y": 1504}, {"x": 125, "y": 1531}, {"x": 126, "y": 1522}], [{"x": 770, "y": 1141}, {"x": 756, "y": 1119}, {"x": 751, "y": 1118}], [{"x": 950, "y": 807}, {"x": 943, "y": 835}, {"x": 972, "y": 827}, {"x": 967, "y": 817}, {"x": 970, "y": 815}, {"x": 964, "y": 815}], [{"x": 715, "y": 226}, {"x": 693, "y": 247}, {"x": 719, "y": 250}, {"x": 718, "y": 247}], [{"x": 829, "y": 1259}, {"x": 858, "y": 1233}, {"x": 837, "y": 1238}, {"x": 832, "y": 1236}, {"x": 829, "y": 1231}, {"x": 830, "y": 1234}], [{"x": 1143, "y": 789}, {"x": 1167, "y": 795}, {"x": 1157, "y": 791}], [{"x": 1151, "y": 1028}, {"x": 1156, "y": 1033}, {"x": 1147, "y": 1056}, {"x": 1167, "y": 1056}, {"x": 1153, "y": 1049}, {"x": 1168, "y": 1035}], [{"x": 1637, "y": 972}, {"x": 1615, "y": 970}, {"x": 1609, "y": 987}, {"x": 1638, "y": 992}, {"x": 1618, "y": 983}], [{"x": 1316, "y": 1449}, {"x": 1312, "y": 1424}, {"x": 1311, "y": 1441}], [{"x": 1527, "y": 698}, {"x": 1506, "y": 703}, {"x": 1499, "y": 719}, {"x": 1505, "y": 722}], [{"x": 169, "y": 487}, {"x": 191, "y": 483}, {"x": 195, "y": 461}, {"x": 167, "y": 464}, {"x": 168, "y": 464}], [{"x": 449, "y": 483}, {"x": 425, "y": 510}, {"x": 442, "y": 512}, {"x": 449, "y": 489}], [{"x": 1129, "y": 1401}, {"x": 1129, "y": 1418}, {"x": 1135, "y": 1422}, {"x": 1134, "y": 1416}], [{"x": 358, "y": 1196}, {"x": 359, "y": 1221}, {"x": 380, "y": 1221}, {"x": 359, "y": 1202}], [{"x": 818, "y": 993}, {"x": 836, "y": 994}, {"x": 824, "y": 1018}, {"x": 845, "y": 994}], [{"x": 1301, "y": 1065}, {"x": 1302, "y": 1090}, {"x": 1302, "y": 1071}], [{"x": 1150, "y": 342}, {"x": 1130, "y": 364}, {"x": 1131, "y": 365}, {"x": 1144, "y": 366}, {"x": 1151, "y": 343}], [{"x": 955, "y": 1008}, {"x": 958, "y": 1006}, {"x": 953, "y": 1006}, {"x": 953, "y": 1008}, {"x": 968, "y": 1022}], [{"x": 541, "y": 1230}, {"x": 561, "y": 1230}, {"x": 562, "y": 1205}, {"x": 536, "y": 1222}], [{"x": 976, "y": 297}, {"x": 981, "y": 272}, {"x": 975, "y": 272}], [{"x": 477, "y": 708}, {"x": 483, "y": 692}, {"x": 474, "y": 688}, {"x": 461, "y": 685}], [{"x": 585, "y": 373}, {"x": 588, "y": 372}, {"x": 587, "y": 371}], [{"x": 560, "y": 1393}, {"x": 557, "y": 1393}, {"x": 574, "y": 1410}], [{"x": 977, "y": 854}, {"x": 1005, "y": 859}, {"x": 1007, "y": 857}, {"x": 998, "y": 855}, {"x": 1006, "y": 840}, {"x": 977, "y": 831}], [{"x": 116, "y": 1056}, {"x": 119, "y": 1046}, {"x": 135, "y": 1059}, {"x": 112, "y": 1037}, {"x": 112, "y": 1062}, {"x": 131, "y": 1062}], [{"x": 937, "y": 348}, {"x": 955, "y": 371}, {"x": 941, "y": 372}, {"x": 958, "y": 372}], [{"x": 859, "y": 119}, {"x": 886, "y": 121}, {"x": 887, "y": 118}, {"x": 865, "y": 116}], [{"x": 1501, "y": 893}, {"x": 1519, "y": 913}, {"x": 1524, "y": 914}, {"x": 1521, "y": 893}, {"x": 1508, "y": 898}], [{"x": 1109, "y": 1020}, {"x": 1127, "y": 1017}, {"x": 1125, "y": 997}, {"x": 1119, "y": 994}, {"x": 1103, "y": 993}, {"x": 1099, "y": 1015}], [{"x": 581, "y": 455}, {"x": 587, "y": 449}, {"x": 588, "y": 429}, {"x": 580, "y": 426}, {"x": 560, "y": 456}], [{"x": 578, "y": 689}, {"x": 585, "y": 690}, {"x": 608, "y": 686}, {"x": 608, "y": 684}, {"x": 584, "y": 674}], [{"x": 333, "y": 290}, {"x": 335, "y": 304}, {"x": 335, "y": 302}, {"x": 338, "y": 287}], [{"x": 1532, "y": 484}, {"x": 1549, "y": 476}, {"x": 1529, "y": 482}, {"x": 1532, "y": 501}], [{"x": 698, "y": 384}, {"x": 724, "y": 377}, {"x": 701, "y": 376}], [{"x": 889, "y": 1436}, {"x": 888, "y": 1411}, {"x": 887, "y": 1411}, {"x": 865, "y": 1420}, {"x": 870, "y": 1421}, {"x": 889, "y": 1441}], [{"x": 403, "y": 137}, {"x": 409, "y": 136}, {"x": 401, "y": 136}], [{"x": 495, "y": 1259}, {"x": 495, "y": 1273}, {"x": 500, "y": 1276}], [{"x": 1177, "y": 1454}, {"x": 1180, "y": 1462}, {"x": 1179, "y": 1458}, {"x": 1181, "y": 1454}, {"x": 1201, "y": 1458}, {"x": 1203, "y": 1441}], [{"x": 1155, "y": 202}, {"x": 1176, "y": 212}, {"x": 1155, "y": 188}, {"x": 1149, "y": 187}, {"x": 1154, "y": 205}, {"x": 1150, "y": 190}], [{"x": 1223, "y": 558}, {"x": 1224, "y": 551}, {"x": 1216, "y": 539}, {"x": 1203, "y": 539}], [{"x": 1165, "y": 1345}, {"x": 1166, "y": 1366}, {"x": 1194, "y": 1347}], [{"x": 1448, "y": 105}, {"x": 1472, "y": 110}, {"x": 1473, "y": 109}, {"x": 1471, "y": 93}, {"x": 1446, "y": 88}], [{"x": 1400, "y": 179}, {"x": 1422, "y": 162}, {"x": 1402, "y": 162}, {"x": 1400, "y": 163}], [{"x": 266, "y": 823}, {"x": 279, "y": 823}, {"x": 268, "y": 818}], [{"x": 106, "y": 565}, {"x": 121, "y": 573}, {"x": 129, "y": 571}, {"x": 125, "y": 550}, {"x": 101, "y": 544}, {"x": 102, "y": 549}], [{"x": 1572, "y": 574}, {"x": 1573, "y": 552}, {"x": 1573, "y": 551}, {"x": 1550, "y": 574}, {"x": 1551, "y": 581}], [{"x": 1468, "y": 930}, {"x": 1484, "y": 954}, {"x": 1487, "y": 953}, {"x": 1493, "y": 935}, {"x": 1484, "y": 934}], [{"x": 769, "y": 1184}, {"x": 790, "y": 1160}, {"x": 788, "y": 1159}, {"x": 781, "y": 1164}], [{"x": 645, "y": 333}, {"x": 646, "y": 335}, {"x": 667, "y": 337}, {"x": 670, "y": 335}], [{"x": 1242, "y": 1597}, {"x": 1248, "y": 1610}, {"x": 1247, "y": 1615}, {"x": 1269, "y": 1595}, {"x": 1244, "y": 1593}], [{"x": 1034, "y": 77}, {"x": 1034, "y": 97}, {"x": 1039, "y": 94}, {"x": 1037, "y": 74}], [{"x": 665, "y": 1367}, {"x": 677, "y": 1360}, {"x": 656, "y": 1348}], [{"x": 1320, "y": 1106}, {"x": 1343, "y": 1104}, {"x": 1318, "y": 1092}], [{"x": 235, "y": 1157}, {"x": 237, "y": 1155}, {"x": 215, "y": 1128}, {"x": 215, "y": 1156}], [{"x": 1519, "y": 1333}, {"x": 1524, "y": 1312}, {"x": 1516, "y": 1305}], [{"x": 1153, "y": 436}, {"x": 1155, "y": 420}, {"x": 1128, "y": 415}, {"x": 1135, "y": 444}], [{"x": 822, "y": 1103}, {"x": 822, "y": 1101}, {"x": 821, "y": 1077}, {"x": 838, "y": 1098}, {"x": 819, "y": 1073}, {"x": 815, "y": 1101}], [{"x": 1450, "y": 363}, {"x": 1451, "y": 359}, {"x": 1451, "y": 342}, {"x": 1444, "y": 356}, {"x": 1442, "y": 336}, {"x": 1431, "y": 341}], [{"x": 1599, "y": 442}, {"x": 1601, "y": 441}, {"x": 1572, "y": 427}], [{"x": 1546, "y": 1458}, {"x": 1551, "y": 1476}, {"x": 1548, "y": 1465}, {"x": 1555, "y": 1462}], [{"x": 1194, "y": 790}, {"x": 1196, "y": 791}, {"x": 1199, "y": 814}, {"x": 1215, "y": 792}], [{"x": 713, "y": 1021}, {"x": 730, "y": 1019}, {"x": 716, "y": 1018}, {"x": 734, "y": 993}], [{"x": 1123, "y": 733}, {"x": 1125, "y": 730}, {"x": 1119, "y": 735}, {"x": 1140, "y": 754}, {"x": 1147, "y": 753}, {"x": 1144, "y": 736}], [{"x": 1512, "y": 1139}, {"x": 1530, "y": 1140}, {"x": 1512, "y": 1148}, {"x": 1533, "y": 1140}, {"x": 1532, "y": 1126}, {"x": 1507, "y": 1120}], [{"x": 1480, "y": 1076}, {"x": 1508, "y": 1073}, {"x": 1508, "y": 1072}, {"x": 1507, "y": 1057}, {"x": 1502, "y": 1048}, {"x": 1487, "y": 1050}], [{"x": 355, "y": 1101}, {"x": 377, "y": 1087}, {"x": 358, "y": 1082}], [{"x": 1108, "y": 1446}, {"x": 1116, "y": 1439}, {"x": 1091, "y": 1439}, {"x": 1088, "y": 1445}, {"x": 1086, "y": 1456}, {"x": 1114, "y": 1459}], [{"x": 1301, "y": 607}, {"x": 1316, "y": 630}, {"x": 1317, "y": 606}, {"x": 1304, "y": 605}], [{"x": 1309, "y": 1054}, {"x": 1311, "y": 1057}, {"x": 1312, "y": 1058}, {"x": 1333, "y": 1036}], [{"x": 594, "y": 653}, {"x": 584, "y": 667}, {"x": 607, "y": 669}, {"x": 613, "y": 651}], [{"x": 1030, "y": 469}, {"x": 1034, "y": 468}, {"x": 1055, "y": 442}, {"x": 1038, "y": 441}, {"x": 1029, "y": 463}], [{"x": 1241, "y": 404}, {"x": 1264, "y": 384}, {"x": 1245, "y": 398}, {"x": 1247, "y": 383}, {"x": 1245, "y": 384}, {"x": 1243, "y": 379}], [{"x": 1255, "y": 1031}, {"x": 1259, "y": 1006}, {"x": 1258, "y": 1004}, {"x": 1242, "y": 1008}, {"x": 1240, "y": 1011}, {"x": 1238, "y": 1024}], [{"x": 1102, "y": 302}, {"x": 1126, "y": 302}, {"x": 1122, "y": 299}, {"x": 1109, "y": 276}, {"x": 1100, "y": 276}, {"x": 1100, "y": 292}], [{"x": 1586, "y": 856}, {"x": 1568, "y": 834}, {"x": 1562, "y": 853}, {"x": 1562, "y": 857}, {"x": 1587, "y": 862}], [{"x": 646, "y": 315}, {"x": 664, "y": 334}, {"x": 663, "y": 315}], [{"x": 555, "y": 1494}, {"x": 553, "y": 1490}, {"x": 553, "y": 1472}, {"x": 549, "y": 1492}], [{"x": 1045, "y": 997}, {"x": 1063, "y": 994}, {"x": 1062, "y": 971}, {"x": 1040, "y": 996}, {"x": 1059, "y": 980}], [{"x": 1372, "y": 1102}, {"x": 1371, "y": 1115}, {"x": 1388, "y": 1122}, {"x": 1396, "y": 1119}, {"x": 1392, "y": 1118}, {"x": 1392, "y": 1115}], [{"x": 1534, "y": 1488}, {"x": 1538, "y": 1507}, {"x": 1540, "y": 1506}, {"x": 1556, "y": 1492}, {"x": 1535, "y": 1484}], [{"x": 866, "y": 1032}, {"x": 887, "y": 1049}, {"x": 893, "y": 1033}], [{"x": 1079, "y": 1161}, {"x": 1076, "y": 1139}, {"x": 1060, "y": 1139}, {"x": 1057, "y": 1157}, {"x": 1057, "y": 1167}, {"x": 1085, "y": 1163}], [{"x": 975, "y": 308}, {"x": 995, "y": 306}, {"x": 994, "y": 306}, {"x": 1000, "y": 301}, {"x": 991, "y": 298}, {"x": 974, "y": 302}], [{"x": 1394, "y": 1285}, {"x": 1395, "y": 1303}, {"x": 1399, "y": 1279}], [{"x": 791, "y": 144}, {"x": 808, "y": 121}, {"x": 806, "y": 122}, {"x": 802, "y": 125}, {"x": 807, "y": 115}, {"x": 788, "y": 143}], [{"x": 113, "y": 1017}, {"x": 110, "y": 1013}, {"x": 110, "y": 1018}, {"x": 115, "y": 1029}, {"x": 119, "y": 1017}], [{"x": 650, "y": 1630}, {"x": 645, "y": 1602}, {"x": 624, "y": 1605}, {"x": 634, "y": 1625}], [{"x": 1130, "y": 383}, {"x": 1118, "y": 375}, {"x": 1108, "y": 401}, {"x": 1129, "y": 402}, {"x": 1134, "y": 403}, {"x": 1135, "y": 399}], [{"x": 1396, "y": 987}, {"x": 1414, "y": 986}, {"x": 1395, "y": 961}, {"x": 1392, "y": 962}], [{"x": 948, "y": 1479}, {"x": 950, "y": 1477}, {"x": 944, "y": 1461}, {"x": 941, "y": 1463}], [{"x": 744, "y": 571}, {"x": 763, "y": 588}, {"x": 767, "y": 587}, {"x": 767, "y": 567}, {"x": 759, "y": 567}], [{"x": 1567, "y": 333}, {"x": 1575, "y": 328}, {"x": 1576, "y": 309}], [{"x": 883, "y": 836}, {"x": 902, "y": 831}, {"x": 882, "y": 810}, {"x": 876, "y": 817}, {"x": 881, "y": 829}], [{"x": 280, "y": 775}, {"x": 298, "y": 789}, {"x": 304, "y": 788}, {"x": 306, "y": 793}, {"x": 306, "y": 767}, {"x": 304, "y": 773}], [{"x": 1122, "y": 1474}, {"x": 1108, "y": 1467}, {"x": 1103, "y": 1489}], [{"x": 1015, "y": 1491}, {"x": 1016, "y": 1482}, {"x": 1022, "y": 1481}, {"x": 1015, "y": 1482}, {"x": 993, "y": 1464}, {"x": 997, "y": 1490}], [{"x": 737, "y": 322}, {"x": 759, "y": 302}, {"x": 735, "y": 323}, {"x": 734, "y": 327}, {"x": 739, "y": 329}], [{"x": 820, "y": 712}, {"x": 828, "y": 707}, {"x": 819, "y": 712}], [{"x": 925, "y": 541}, {"x": 926, "y": 541}, {"x": 914, "y": 561}, {"x": 924, "y": 567}, {"x": 926, "y": 563}, {"x": 932, "y": 537}], [{"x": 749, "y": 1112}, {"x": 768, "y": 1125}, {"x": 768, "y": 1106}, {"x": 754, "y": 1105}, {"x": 747, "y": 1110}], [{"x": 256, "y": 946}, {"x": 282, "y": 949}, {"x": 260, "y": 929}, {"x": 256, "y": 926}, {"x": 258, "y": 945}], [{"x": 504, "y": 1482}, {"x": 501, "y": 1487}, {"x": 504, "y": 1487}], [{"x": 1160, "y": 897}, {"x": 1168, "y": 918}, {"x": 1185, "y": 912}, {"x": 1180, "y": 911}], [{"x": 1151, "y": 526}, {"x": 1164, "y": 508}, {"x": 1149, "y": 508}, {"x": 1143, "y": 509}, {"x": 1144, "y": 526}, {"x": 1146, "y": 529}], [{"x": 823, "y": 459}, {"x": 837, "y": 448}, {"x": 821, "y": 447}, {"x": 816, "y": 458}, {"x": 841, "y": 468}, {"x": 842, "y": 466}], [{"x": 1549, "y": 864}, {"x": 1567, "y": 889}, {"x": 1573, "y": 888}], [{"x": 1246, "y": 1293}, {"x": 1270, "y": 1273}, {"x": 1253, "y": 1268}, {"x": 1244, "y": 1292}], [{"x": 1216, "y": 940}, {"x": 1237, "y": 965}, {"x": 1241, "y": 947}, {"x": 1240, "y": 946}, {"x": 1241, "y": 939}, {"x": 1237, "y": 962}], [{"x": 134, "y": 816}, {"x": 136, "y": 791}, {"x": 128, "y": 796}, {"x": 126, "y": 794}], [{"x": 1249, "y": 197}, {"x": 1274, "y": 197}, {"x": 1275, "y": 179}, {"x": 1269, "y": 176}, {"x": 1269, "y": 180}, {"x": 1250, "y": 175}], [{"x": 395, "y": 997}, {"x": 398, "y": 1014}, {"x": 421, "y": 1016}, {"x": 421, "y": 1008}, {"x": 419, "y": 993}, {"x": 401, "y": 994}], [{"x": 1065, "y": 1314}, {"x": 1061, "y": 1314}, {"x": 1059, "y": 1311}, {"x": 1062, "y": 1335}, {"x": 1084, "y": 1337}, {"x": 1066, "y": 1320}], [{"x": 948, "y": 333}, {"x": 966, "y": 331}, {"x": 967, "y": 325}, {"x": 941, "y": 325}, {"x": 962, "y": 353}, {"x": 961, "y": 348}], [{"x": 656, "y": 843}, {"x": 653, "y": 844}, {"x": 654, "y": 862}, {"x": 656, "y": 846}, {"x": 678, "y": 869}], [{"x": 239, "y": 367}, {"x": 246, "y": 368}, {"x": 265, "y": 364}, {"x": 266, "y": 342}, {"x": 239, "y": 341}, {"x": 261, "y": 344}], [{"x": 1528, "y": 443}, {"x": 1529, "y": 428}, {"x": 1511, "y": 427}, {"x": 1509, "y": 446}, {"x": 1510, "y": 446}, {"x": 1528, "y": 451}], [{"x": 381, "y": 1556}, {"x": 386, "y": 1573}, {"x": 400, "y": 1569}, {"x": 402, "y": 1571}, {"x": 407, "y": 1556}, {"x": 386, "y": 1550}], [{"x": 509, "y": 1277}, {"x": 511, "y": 1280}, {"x": 515, "y": 1284}], [{"x": 1323, "y": 1385}, {"x": 1304, "y": 1405}, {"x": 1327, "y": 1406}], [{"x": 612, "y": 855}, {"x": 598, "y": 856}, {"x": 617, "y": 864}], [{"x": 903, "y": 610}, {"x": 901, "y": 593}, {"x": 896, "y": 588}, {"x": 883, "y": 593}, {"x": 903, "y": 612}], [{"x": 547, "y": 818}, {"x": 523, "y": 835}, {"x": 520, "y": 836}, {"x": 542, "y": 842}, {"x": 548, "y": 818}], [{"x": 1291, "y": 488}, {"x": 1295, "y": 474}, {"x": 1272, "y": 469}, {"x": 1274, "y": 476}, {"x": 1290, "y": 488}, {"x": 1298, "y": 489}], [{"x": 1337, "y": 627}, {"x": 1337, "y": 633}, {"x": 1352, "y": 610}], [{"x": 1196, "y": 824}, {"x": 1203, "y": 827}, {"x": 1205, "y": 833}, {"x": 1216, "y": 813}, {"x": 1215, "y": 806}], [{"x": 422, "y": 1429}, {"x": 424, "y": 1412}, {"x": 425, "y": 1410}, {"x": 412, "y": 1428}, {"x": 412, "y": 1431}, {"x": 428, "y": 1429}], [{"x": 586, "y": 295}, {"x": 589, "y": 296}, {"x": 564, "y": 276}], [{"x": 452, "y": 1298}, {"x": 453, "y": 1322}, {"x": 466, "y": 1315}], [{"x": 870, "y": 934}, {"x": 844, "y": 936}, {"x": 852, "y": 942}, {"x": 873, "y": 938}], [{"x": 237, "y": 421}, {"x": 259, "y": 399}, {"x": 233, "y": 421}], [{"x": 1107, "y": 661}, {"x": 1109, "y": 648}, {"x": 1087, "y": 660}, {"x": 1083, "y": 667}], [{"x": 1594, "y": 138}, {"x": 1615, "y": 161}, {"x": 1601, "y": 136}], [{"x": 1039, "y": 413}, {"x": 1038, "y": 416}, {"x": 1039, "y": 418}], [{"x": 620, "y": 1242}, {"x": 622, "y": 1226}, {"x": 619, "y": 1226}, {"x": 601, "y": 1219}, {"x": 601, "y": 1245}], [{"x": 343, "y": 1106}, {"x": 330, "y": 1086}, {"x": 324, "y": 1108}, {"x": 330, "y": 1102}], [{"x": 1596, "y": 1100}, {"x": 1612, "y": 1120}, {"x": 1596, "y": 1104}, {"x": 1591, "y": 1123}, {"x": 1612, "y": 1123}, {"x": 1618, "y": 1103}], [{"x": 456, "y": 890}, {"x": 461, "y": 902}, {"x": 456, "y": 884}, {"x": 455, "y": 883}, {"x": 440, "y": 905}], [{"x": 1479, "y": 680}, {"x": 1486, "y": 659}, {"x": 1461, "y": 684}, {"x": 1467, "y": 682}, {"x": 1482, "y": 667}], [{"x": 1322, "y": 136}, {"x": 1341, "y": 133}, {"x": 1344, "y": 119}], [{"x": 1246, "y": 863}, {"x": 1247, "y": 891}, {"x": 1263, "y": 892}, {"x": 1269, "y": 891}], [{"x": 1221, "y": 1602}, {"x": 1220, "y": 1607}, {"x": 1219, "y": 1608}, {"x": 1242, "y": 1626}, {"x": 1240, "y": 1603}, {"x": 1236, "y": 1607}], [{"x": 570, "y": 313}, {"x": 572, "y": 316}, {"x": 595, "y": 299}, {"x": 572, "y": 294}], [{"x": 1332, "y": 453}, {"x": 1329, "y": 437}, {"x": 1316, "y": 437}, {"x": 1328, "y": 458}], [{"x": 607, "y": 1454}, {"x": 611, "y": 1425}, {"x": 591, "y": 1427}], [{"x": 553, "y": 215}, {"x": 572, "y": 192}, {"x": 557, "y": 193}], [{"x": 937, "y": 1562}, {"x": 958, "y": 1542}, {"x": 953, "y": 1539}, {"x": 949, "y": 1539}, {"x": 930, "y": 1568}], [{"x": 687, "y": 735}, {"x": 705, "y": 716}, {"x": 681, "y": 709}], [{"x": 1380, "y": 1249}, {"x": 1402, "y": 1249}, {"x": 1404, "y": 1246}], [{"x": 351, "y": 207}, {"x": 373, "y": 209}, {"x": 375, "y": 193}, {"x": 372, "y": 187}, {"x": 371, "y": 187}, {"x": 351, "y": 188}], [{"x": 670, "y": 1354}, {"x": 684, "y": 1339}, {"x": 666, "y": 1337}], [{"x": 1100, "y": 131}, {"x": 1105, "y": 118}, {"x": 1083, "y": 120}, {"x": 1099, "y": 138}, {"x": 1101, "y": 135}], [{"x": 1223, "y": 499}, {"x": 1227, "y": 488}, {"x": 1209, "y": 504}, {"x": 1222, "y": 499}], [{"x": 327, "y": 562}, {"x": 329, "y": 565}, {"x": 349, "y": 558}, {"x": 343, "y": 560}], [{"x": 1049, "y": 291}, {"x": 1061, "y": 283}, {"x": 1043, "y": 289}, {"x": 1064, "y": 308}, {"x": 1070, "y": 312}], [{"x": 1270, "y": 620}, {"x": 1265, "y": 645}, {"x": 1285, "y": 623}, {"x": 1284, "y": 623}], [{"x": 789, "y": 1076}, {"x": 801, "y": 1055}, {"x": 784, "y": 1079}, {"x": 805, "y": 1071}], [{"x": 642, "y": 356}, {"x": 643, "y": 338}, {"x": 639, "y": 340}], [{"x": 294, "y": 129}, {"x": 293, "y": 147}, {"x": 303, "y": 140}], [{"x": 1409, "y": 864}, {"x": 1426, "y": 851}, {"x": 1424, "y": 841}, {"x": 1411, "y": 842}], [{"x": 1440, "y": 421}, {"x": 1445, "y": 407}, {"x": 1441, "y": 407}, {"x": 1424, "y": 404}, {"x": 1425, "y": 408}, {"x": 1425, "y": 422}], [{"x": 1292, "y": 648}, {"x": 1315, "y": 631}, {"x": 1299, "y": 628}], [{"x": 888, "y": 130}, {"x": 897, "y": 117}, {"x": 908, "y": 137}, {"x": 913, "y": 115}, {"x": 897, "y": 113}], [{"x": 1620, "y": 335}, {"x": 1629, "y": 324}, {"x": 1602, "y": 323}, {"x": 1609, "y": 335}, {"x": 1603, "y": 344}], [{"x": 741, "y": 264}, {"x": 746, "y": 248}, {"x": 766, "y": 245}, {"x": 756, "y": 240}, {"x": 743, "y": 248}], [{"x": 1251, "y": 920}, {"x": 1231, "y": 912}, {"x": 1226, "y": 917}, {"x": 1225, "y": 930}, {"x": 1246, "y": 939}], [{"x": 1218, "y": 328}, {"x": 1231, "y": 327}, {"x": 1231, "y": 306}, {"x": 1221, "y": 315}], [{"x": 263, "y": 1475}, {"x": 269, "y": 1475}, {"x": 283, "y": 1456}, {"x": 280, "y": 1453}], [{"x": 411, "y": 856}, {"x": 410, "y": 859}, {"x": 405, "y": 875}, {"x": 411, "y": 858}], [{"x": 125, "y": 280}, {"x": 108, "y": 260}, {"x": 105, "y": 279}], [{"x": 680, "y": 311}, {"x": 686, "y": 306}, {"x": 685, "y": 312}, {"x": 698, "y": 310}, {"x": 684, "y": 289}, {"x": 682, "y": 288}], [{"x": 707, "y": 1611}, {"x": 718, "y": 1613}, {"x": 723, "y": 1609}, {"x": 701, "y": 1591}, {"x": 705, "y": 1608}, {"x": 699, "y": 1614}], [{"x": 1245, "y": 1157}, {"x": 1248, "y": 1158}, {"x": 1251, "y": 1166}, {"x": 1252, "y": 1167}, {"x": 1250, "y": 1139}, {"x": 1250, "y": 1158}], [{"x": 311, "y": 902}, {"x": 313, "y": 922}, {"x": 333, "y": 922}], [{"x": 996, "y": 128}, {"x": 1000, "y": 128}, {"x": 1019, "y": 108}], [{"x": 678, "y": 1546}, {"x": 704, "y": 1539}, {"x": 700, "y": 1525}, {"x": 697, "y": 1525}, {"x": 684, "y": 1537}, {"x": 677, "y": 1545}], [{"x": 766, "y": 1506}, {"x": 786, "y": 1489}, {"x": 762, "y": 1486}], [{"x": 380, "y": 931}, {"x": 397, "y": 914}, {"x": 376, "y": 905}], [{"x": 1194, "y": 1350}, {"x": 1207, "y": 1370}, {"x": 1195, "y": 1364}, {"x": 1186, "y": 1371}, {"x": 1213, "y": 1370}, {"x": 1206, "y": 1346}], [{"x": 837, "y": 326}, {"x": 847, "y": 337}, {"x": 837, "y": 320}, {"x": 818, "y": 344}, {"x": 820, "y": 342}], [{"x": 722, "y": 176}, {"x": 704, "y": 200}, {"x": 723, "y": 200}, {"x": 725, "y": 201}, {"x": 723, "y": 182}], [{"x": 746, "y": 667}, {"x": 766, "y": 695}, {"x": 767, "y": 690}], [{"x": 1299, "y": 1274}, {"x": 1278, "y": 1299}, {"x": 1283, "y": 1298}, {"x": 1302, "y": 1277}], [{"x": 778, "y": 944}, {"x": 783, "y": 918}, {"x": 759, "y": 921}, {"x": 760, "y": 922}], [{"x": 195, "y": 258}, {"x": 202, "y": 267}, {"x": 197, "y": 238}, {"x": 195, "y": 239}, {"x": 175, "y": 248}], [{"x": 1229, "y": 1516}, {"x": 1229, "y": 1503}, {"x": 1212, "y": 1502}, {"x": 1205, "y": 1519}, {"x": 1211, "y": 1526}, {"x": 1212, "y": 1516}], [{"x": 673, "y": 533}, {"x": 678, "y": 524}, {"x": 672, "y": 506}, {"x": 672, "y": 530}], [{"x": 1001, "y": 908}, {"x": 1010, "y": 908}, {"x": 1025, "y": 903}, {"x": 1007, "y": 887}, {"x": 1005, "y": 886}, {"x": 1001, "y": 900}], [{"x": 279, "y": 1030}, {"x": 282, "y": 1033}, {"x": 302, "y": 1038}, {"x": 302, "y": 1019}, {"x": 298, "y": 1014}, {"x": 280, "y": 1015}], [{"x": 1611, "y": 198}, {"x": 1630, "y": 204}, {"x": 1615, "y": 181}, {"x": 1616, "y": 185}], [{"x": 837, "y": 922}, {"x": 844, "y": 924}, {"x": 856, "y": 903}, {"x": 838, "y": 899}], [{"x": 1256, "y": 461}, {"x": 1258, "y": 457}, {"x": 1231, "y": 444}, {"x": 1234, "y": 462}], [{"x": 503, "y": 118}, {"x": 502, "y": 115}, {"x": 477, "y": 114}], [{"x": 131, "y": 751}, {"x": 131, "y": 767}, {"x": 144, "y": 748}], [{"x": 1571, "y": 180}, {"x": 1568, "y": 192}, {"x": 1594, "y": 193}], [{"x": 628, "y": 460}, {"x": 651, "y": 466}, {"x": 648, "y": 438}], [{"x": 103, "y": 426}, {"x": 125, "y": 446}, {"x": 103, "y": 434}, {"x": 127, "y": 450}, {"x": 128, "y": 427}, {"x": 106, "y": 426}], [{"x": 1295, "y": 849}, {"x": 1316, "y": 868}, {"x": 1299, "y": 848}, {"x": 1291, "y": 845}], [{"x": 484, "y": 633}, {"x": 489, "y": 610}, {"x": 469, "y": 614}, {"x": 468, "y": 631}], [{"x": 518, "y": 750}, {"x": 542, "y": 726}, {"x": 523, "y": 725}, {"x": 521, "y": 740}], [{"x": 396, "y": 628}, {"x": 411, "y": 633}, {"x": 409, "y": 626}, {"x": 417, "y": 649}, {"x": 414, "y": 625}], [{"x": 1544, "y": 1335}, {"x": 1539, "y": 1358}, {"x": 1543, "y": 1363}, {"x": 1545, "y": 1363}, {"x": 1559, "y": 1354}, {"x": 1566, "y": 1333}], [{"x": 420, "y": 201}, {"x": 438, "y": 217}, {"x": 421, "y": 217}, {"x": 440, "y": 218}], [{"x": 185, "y": 1009}, {"x": 186, "y": 991}, {"x": 182, "y": 996}], [{"x": 1430, "y": 585}, {"x": 1453, "y": 586}, {"x": 1455, "y": 563}, {"x": 1438, "y": 571}, {"x": 1436, "y": 571}], [{"x": 1135, "y": 1564}, {"x": 1163, "y": 1541}, {"x": 1154, "y": 1548}], [{"x": 1127, "y": 1105}, {"x": 1131, "y": 1106}, {"x": 1134, "y": 1092}, {"x": 1131, "y": 1093}], [{"x": 1287, "y": 1032}, {"x": 1297, "y": 1032}, {"x": 1311, "y": 1031}, {"x": 1287, "y": 1028}], [{"x": 1376, "y": 1611}, {"x": 1370, "y": 1612}, {"x": 1371, "y": 1626}, {"x": 1387, "y": 1627}, {"x": 1395, "y": 1624}], [{"x": 1214, "y": 1592}, {"x": 1214, "y": 1591}, {"x": 1210, "y": 1589}, {"x": 1207, "y": 1611}, {"x": 1211, "y": 1614}], [{"x": 1505, "y": 1556}, {"x": 1512, "y": 1540}, {"x": 1508, "y": 1540}, {"x": 1506, "y": 1536}, {"x": 1487, "y": 1553}, {"x": 1485, "y": 1563}], [{"x": 968, "y": 1474}, {"x": 984, "y": 1470}, {"x": 968, "y": 1472}, {"x": 966, "y": 1494}, {"x": 981, "y": 1488}], [{"x": 105, "y": 1535}, {"x": 124, "y": 1538}, {"x": 110, "y": 1553}, {"x": 129, "y": 1536}], [{"x": 1066, "y": 628}, {"x": 1081, "y": 631}, {"x": 1082, "y": 623}, {"x": 1057, "y": 605}, {"x": 1058, "y": 610}, {"x": 1058, "y": 611}], [{"x": 260, "y": 801}, {"x": 284, "y": 797}, {"x": 279, "y": 779}, {"x": 262, "y": 781}], [{"x": 1577, "y": 1399}, {"x": 1593, "y": 1371}, {"x": 1589, "y": 1370}, {"x": 1568, "y": 1371}, {"x": 1572, "y": 1378}], [{"x": 1152, "y": 544}, {"x": 1170, "y": 551}, {"x": 1164, "y": 551}, {"x": 1171, "y": 552}, {"x": 1170, "y": 546}], [{"x": 404, "y": 707}, {"x": 406, "y": 728}, {"x": 407, "y": 731}, {"x": 422, "y": 710}, {"x": 418, "y": 705}], [{"x": 1296, "y": 238}, {"x": 1297, "y": 234}, {"x": 1272, "y": 261}, {"x": 1297, "y": 240}], [{"x": 1125, "y": 165}, {"x": 1135, "y": 143}, {"x": 1132, "y": 146}, {"x": 1105, "y": 166}, {"x": 1126, "y": 167}], [{"x": 1160, "y": 1130}, {"x": 1163, "y": 1118}, {"x": 1161, "y": 1117}, {"x": 1143, "y": 1132}, {"x": 1134, "y": 1117}, {"x": 1143, "y": 1134}], [{"x": 166, "y": 658}, {"x": 163, "y": 645}, {"x": 148, "y": 659}, {"x": 144, "y": 660}, {"x": 145, "y": 667}, {"x": 163, "y": 667}], [{"x": 1184, "y": 1432}, {"x": 1185, "y": 1418}, {"x": 1211, "y": 1437}, {"x": 1211, "y": 1415}, {"x": 1190, "y": 1413}, {"x": 1184, "y": 1414}], [{"x": 497, "y": 263}, {"x": 487, "y": 280}, {"x": 503, "y": 285}, {"x": 506, "y": 280}, {"x": 505, "y": 259}, {"x": 503, "y": 268}], [{"x": 387, "y": 1310}, {"x": 403, "y": 1312}, {"x": 391, "y": 1304}, {"x": 383, "y": 1304}], [{"x": 341, "y": 100}, {"x": 363, "y": 92}, {"x": 345, "y": 80}], [{"x": 1318, "y": 759}, {"x": 1316, "y": 757}, {"x": 1310, "y": 779}, {"x": 1320, "y": 783}], [{"x": 1154, "y": 906}, {"x": 1155, "y": 906}, {"x": 1161, "y": 891}, {"x": 1136, "y": 885}], [{"x": 837, "y": 181}, {"x": 857, "y": 181}, {"x": 867, "y": 173}, {"x": 837, "y": 177}], [{"x": 1020, "y": 178}, {"x": 1049, "y": 169}, {"x": 1047, "y": 148}, {"x": 1046, "y": 158}, {"x": 1020, "y": 150}], [{"x": 1363, "y": 821}, {"x": 1384, "y": 828}, {"x": 1385, "y": 805}, {"x": 1386, "y": 804}, {"x": 1383, "y": 803}, {"x": 1384, "y": 826}], [{"x": 154, "y": 1399}, {"x": 157, "y": 1402}, {"x": 158, "y": 1416}, {"x": 161, "y": 1417}, {"x": 172, "y": 1397}, {"x": 162, "y": 1396}], [{"x": 1559, "y": 1215}, {"x": 1559, "y": 1216}, {"x": 1576, "y": 1222}], [{"x": 264, "y": 152}, {"x": 261, "y": 149}, {"x": 258, "y": 152}, {"x": 264, "y": 157}], [{"x": 1450, "y": 1170}, {"x": 1428, "y": 1170}, {"x": 1423, "y": 1186}, {"x": 1431, "y": 1187}, {"x": 1450, "y": 1185}], [{"x": 1351, "y": 770}, {"x": 1353, "y": 772}, {"x": 1354, "y": 774}, {"x": 1365, "y": 765}], [{"x": 1531, "y": 516}, {"x": 1539, "y": 496}, {"x": 1535, "y": 488}], [{"x": 498, "y": 1086}, {"x": 499, "y": 1082}, {"x": 502, "y": 1064}, {"x": 499, "y": 1077}, {"x": 495, "y": 1076}], [{"x": 1142, "y": 462}, {"x": 1169, "y": 445}, {"x": 1166, "y": 441}, {"x": 1146, "y": 444}], [{"x": 122, "y": 1321}, {"x": 124, "y": 1301}, {"x": 97, "y": 1298}, {"x": 105, "y": 1321}], [{"x": 1472, "y": 1525}, {"x": 1471, "y": 1516}, {"x": 1466, "y": 1539}, {"x": 1470, "y": 1524}], [{"x": 380, "y": 1608}, {"x": 385, "y": 1609}, {"x": 401, "y": 1594}, {"x": 399, "y": 1593}], [{"x": 1170, "y": 987}, {"x": 1175, "y": 982}, {"x": 1175, "y": 980}, {"x": 1172, "y": 983}, {"x": 1167, "y": 986}], [{"x": 863, "y": 1378}, {"x": 864, "y": 1376}, {"x": 864, "y": 1371}, {"x": 845, "y": 1361}], [{"x": 1338, "y": 1564}, {"x": 1347, "y": 1574}, {"x": 1359, "y": 1569}, {"x": 1367, "y": 1547}, {"x": 1345, "y": 1553}], [{"x": 1414, "y": 458}, {"x": 1420, "y": 471}, {"x": 1421, "y": 479}, {"x": 1434, "y": 457}, {"x": 1439, "y": 457}, {"x": 1441, "y": 453}], [{"x": 400, "y": 649}, {"x": 403, "y": 650}, {"x": 399, "y": 659}, {"x": 421, "y": 655}, {"x": 425, "y": 654}], [{"x": 1019, "y": 1399}, {"x": 1026, "y": 1380}, {"x": 1023, "y": 1380}, {"x": 1017, "y": 1385}, {"x": 1001, "y": 1406}, {"x": 1021, "y": 1400}], [{"x": 492, "y": 1237}, {"x": 518, "y": 1222}, {"x": 511, "y": 1217}], [{"x": 555, "y": 1109}, {"x": 563, "y": 1084}, {"x": 542, "y": 1085}, {"x": 535, "y": 1087}, {"x": 560, "y": 1089}], [{"x": 1056, "y": 619}, {"x": 1057, "y": 614}, {"x": 1040, "y": 599}, {"x": 1035, "y": 604}, {"x": 1030, "y": 620}], [{"x": 1622, "y": 915}, {"x": 1623, "y": 897}, {"x": 1599, "y": 897}, {"x": 1597, "y": 904}, {"x": 1601, "y": 923}, {"x": 1620, "y": 924}], [{"x": 1361, "y": 915}, {"x": 1382, "y": 910}, {"x": 1381, "y": 908}, {"x": 1375, "y": 907}], [{"x": 483, "y": 762}, {"x": 475, "y": 760}, {"x": 478, "y": 763}, {"x": 476, "y": 780}, {"x": 499, "y": 781}], [{"x": 1114, "y": 656}, {"x": 1134, "y": 658}, {"x": 1133, "y": 655}, {"x": 1134, "y": 653}], [{"x": 1024, "y": 967}, {"x": 1017, "y": 951}, {"x": 1000, "y": 946}], [{"x": 1228, "y": 300}, {"x": 1223, "y": 294}, {"x": 1208, "y": 294}, {"x": 1224, "y": 299}, {"x": 1223, "y": 303}], [{"x": 1180, "y": 335}, {"x": 1182, "y": 352}, {"x": 1200, "y": 353}, {"x": 1201, "y": 352}, {"x": 1203, "y": 354}, {"x": 1203, "y": 327}], [{"x": 583, "y": 823}, {"x": 563, "y": 803}, {"x": 554, "y": 804}, {"x": 555, "y": 804}, {"x": 557, "y": 807}], [{"x": 1339, "y": 604}, {"x": 1358, "y": 604}, {"x": 1360, "y": 601}, {"x": 1366, "y": 595}, {"x": 1347, "y": 597}, {"x": 1337, "y": 596}], [{"x": 1053, "y": 416}, {"x": 1052, "y": 409}, {"x": 1046, "y": 409}, {"x": 1049, "y": 413}], [{"x": 1555, "y": 918}, {"x": 1577, "y": 897}, {"x": 1572, "y": 895}, {"x": 1557, "y": 916}], [{"x": 1494, "y": 963}, {"x": 1500, "y": 968}, {"x": 1521, "y": 980}], [{"x": 650, "y": 754}, {"x": 657, "y": 754}, {"x": 650, "y": 739}, {"x": 639, "y": 737}, {"x": 631, "y": 755}, {"x": 651, "y": 757}], [{"x": 248, "y": 1398}, {"x": 249, "y": 1398}, {"x": 246, "y": 1399}, {"x": 248, "y": 1417}, {"x": 270, "y": 1397}, {"x": 254, "y": 1397}], [{"x": 1304, "y": 784}, {"x": 1287, "y": 783}, {"x": 1281, "y": 801}, {"x": 1305, "y": 799}, {"x": 1310, "y": 794}], [{"x": 1063, "y": 1170}, {"x": 1066, "y": 1195}, {"x": 1067, "y": 1196}, {"x": 1080, "y": 1170}], [{"x": 405, "y": 333}, {"x": 420, "y": 337}, {"x": 407, "y": 314}, {"x": 400, "y": 319}, {"x": 400, "y": 331}], [{"x": 591, "y": 148}, {"x": 594, "y": 129}, {"x": 592, "y": 125}, {"x": 567, "y": 155}, {"x": 587, "y": 145}], [{"x": 351, "y": 1457}, {"x": 375, "y": 1463}, {"x": 372, "y": 1458}, {"x": 353, "y": 1442}, {"x": 365, "y": 1458}, {"x": 371, "y": 1460}], [{"x": 89, "y": 1005}, {"x": 94, "y": 1005}, {"x": 91, "y": 1026}, {"x": 94, "y": 1023}, {"x": 110, "y": 1000}], [{"x": 709, "y": 1149}, {"x": 729, "y": 1166}, {"x": 734, "y": 1167}, {"x": 734, "y": 1141}, {"x": 727, "y": 1142}, {"x": 711, "y": 1140}], [{"x": 1598, "y": 1350}, {"x": 1600, "y": 1341}, {"x": 1595, "y": 1343}, {"x": 1578, "y": 1362}, {"x": 1575, "y": 1368}, {"x": 1593, "y": 1366}], [{"x": 698, "y": 1138}, {"x": 676, "y": 1147}, {"x": 669, "y": 1165}, {"x": 692, "y": 1145}, {"x": 697, "y": 1160}], [{"x": 1232, "y": 385}, {"x": 1238, "y": 364}, {"x": 1215, "y": 363}], [{"x": 403, "y": 803}, {"x": 411, "y": 789}, {"x": 404, "y": 786}], [{"x": 342, "y": 1429}, {"x": 343, "y": 1436}, {"x": 364, "y": 1412}], [{"x": 1593, "y": 79}, {"x": 1586, "y": 100}, {"x": 1595, "y": 92}, {"x": 1606, "y": 94}, {"x": 1607, "y": 92}, {"x": 1614, "y": 75}], [{"x": 1007, "y": 196}, {"x": 1019, "y": 215}, {"x": 1004, "y": 191}, {"x": 999, "y": 187}], [{"x": 143, "y": 907}, {"x": 146, "y": 907}, {"x": 166, "y": 901}, {"x": 161, "y": 898}, {"x": 148, "y": 898}], [{"x": 205, "y": 738}, {"x": 214, "y": 729}, {"x": 210, "y": 716}, {"x": 209, "y": 716}, {"x": 190, "y": 714}, {"x": 186, "y": 729}], [{"x": 749, "y": 1469}, {"x": 751, "y": 1472}, {"x": 769, "y": 1478}, {"x": 754, "y": 1470}, {"x": 751, "y": 1453}, {"x": 747, "y": 1458}], [{"x": 294, "y": 1556}, {"x": 305, "y": 1558}, {"x": 306, "y": 1558}], [{"x": 1353, "y": 1320}, {"x": 1356, "y": 1342}, {"x": 1372, "y": 1337}, {"x": 1374, "y": 1318}], [{"x": 198, "y": 524}, {"x": 225, "y": 526}, {"x": 220, "y": 522}], [{"x": 621, "y": 147}, {"x": 629, "y": 150}, {"x": 624, "y": 148}], [{"x": 472, "y": 89}, {"x": 473, "y": 87}, {"x": 453, "y": 96}, {"x": 447, "y": 107}, {"x": 475, "y": 94}, {"x": 474, "y": 94}], [{"x": 278, "y": 313}, {"x": 258, "y": 313}, {"x": 253, "y": 334}, {"x": 282, "y": 333}, {"x": 281, "y": 319}], [{"x": 1574, "y": 959}, {"x": 1561, "y": 961}, {"x": 1580, "y": 981}, {"x": 1581, "y": 981}, {"x": 1577, "y": 967}, {"x": 1577, "y": 964}], [{"x": 1476, "y": 145}, {"x": 1497, "y": 148}, {"x": 1497, "y": 146}, {"x": 1489, "y": 132}, {"x": 1477, "y": 131}], [{"x": 151, "y": 1580}, {"x": 171, "y": 1580}, {"x": 165, "y": 1557}, {"x": 149, "y": 1565}, {"x": 143, "y": 1582}, {"x": 146, "y": 1579}], [{"x": 543, "y": 843}, {"x": 547, "y": 857}, {"x": 546, "y": 844}], [{"x": 1464, "y": 267}, {"x": 1472, "y": 266}, {"x": 1483, "y": 241}, {"x": 1472, "y": 242}, {"x": 1469, "y": 244}, {"x": 1464, "y": 245}], [{"x": 294, "y": 424}, {"x": 307, "y": 424}, {"x": 314, "y": 409}, {"x": 313, "y": 403}, {"x": 310, "y": 404}, {"x": 292, "y": 411}], [{"x": 1228, "y": 422}, {"x": 1245, "y": 415}, {"x": 1252, "y": 420}, {"x": 1248, "y": 413}], [{"x": 523, "y": 1552}, {"x": 533, "y": 1574}, {"x": 552, "y": 1570}, {"x": 529, "y": 1553}], [{"x": 441, "y": 1235}, {"x": 437, "y": 1246}, {"x": 455, "y": 1251}, {"x": 459, "y": 1235}, {"x": 451, "y": 1227}], [{"x": 1110, "y": 1414}, {"x": 1134, "y": 1392}, {"x": 1135, "y": 1389}], [{"x": 1474, "y": 969}, {"x": 1495, "y": 952}, {"x": 1493, "y": 950}], [{"x": 516, "y": 1592}, {"x": 519, "y": 1620}, {"x": 536, "y": 1621}, {"x": 536, "y": 1618}, {"x": 541, "y": 1591}, {"x": 521, "y": 1591}], [{"x": 306, "y": 1083}, {"x": 304, "y": 1088}, {"x": 325, "y": 1087}, {"x": 328, "y": 1085}], [{"x": 1014, "y": 877}, {"x": 1027, "y": 875}, {"x": 1007, "y": 858}], [{"x": 422, "y": 738}, {"x": 428, "y": 742}, {"x": 442, "y": 717}], [{"x": 488, "y": 192}, {"x": 515, "y": 190}, {"x": 516, "y": 198}, {"x": 515, "y": 189}, {"x": 495, "y": 188}], [{"x": 1112, "y": 754}, {"x": 1117, "y": 778}, {"x": 1116, "y": 755}, {"x": 1116, "y": 750}], [{"x": 1360, "y": 168}, {"x": 1358, "y": 170}, {"x": 1376, "y": 170}], [{"x": 981, "y": 332}, {"x": 1002, "y": 309}, {"x": 983, "y": 315}], [{"x": 1215, "y": 463}, {"x": 1216, "y": 466}, {"x": 1235, "y": 485}], [{"x": 864, "y": 629}, {"x": 847, "y": 623}, {"x": 864, "y": 646}], [{"x": 1000, "y": 1304}, {"x": 982, "y": 1324}, {"x": 995, "y": 1310}, {"x": 1004, "y": 1330}, {"x": 1004, "y": 1322}], [{"x": 83, "y": 1270}, {"x": 88, "y": 1269}, {"x": 112, "y": 1267}, {"x": 90, "y": 1251}, {"x": 90, "y": 1247}, {"x": 84, "y": 1249}], [{"x": 1167, "y": 286}, {"x": 1185, "y": 311}, {"x": 1189, "y": 315}, {"x": 1189, "y": 314}, {"x": 1183, "y": 286}, {"x": 1183, "y": 293}], [{"x": 1591, "y": 397}, {"x": 1605, "y": 374}, {"x": 1608, "y": 394}, {"x": 1612, "y": 390}, {"x": 1606, "y": 370}, {"x": 1583, "y": 376}], [{"x": 1419, "y": 279}, {"x": 1421, "y": 269}, {"x": 1401, "y": 271}], [{"x": 1125, "y": 1195}, {"x": 1139, "y": 1192}, {"x": 1147, "y": 1188}, {"x": 1146, "y": 1195}, {"x": 1148, "y": 1188}, {"x": 1144, "y": 1167}], [{"x": 1378, "y": 240}, {"x": 1378, "y": 268}, {"x": 1390, "y": 263}, {"x": 1395, "y": 243}, {"x": 1394, "y": 241}], [{"x": 422, "y": 1542}, {"x": 440, "y": 1523}, {"x": 449, "y": 1521}, {"x": 427, "y": 1524}], [{"x": 1230, "y": 229}, {"x": 1251, "y": 206}, {"x": 1249, "y": 206}], [{"x": 689, "y": 1518}, {"x": 690, "y": 1518}, {"x": 685, "y": 1517}, {"x": 664, "y": 1519}, {"x": 692, "y": 1519}], [{"x": 325, "y": 332}, {"x": 342, "y": 330}, {"x": 347, "y": 323}, {"x": 350, "y": 312}, {"x": 331, "y": 303}, {"x": 325, "y": 324}], [{"x": 94, "y": 990}, {"x": 118, "y": 991}, {"x": 114, "y": 989}], [{"x": 1058, "y": 1591}, {"x": 1063, "y": 1593}, {"x": 1063, "y": 1585}, {"x": 1047, "y": 1571}, {"x": 1041, "y": 1568}], [{"x": 1296, "y": 193}, {"x": 1304, "y": 203}, {"x": 1319, "y": 212}, {"x": 1324, "y": 210}, {"x": 1325, "y": 208}], [{"x": 954, "y": 1178}, {"x": 962, "y": 1181}, {"x": 980, "y": 1178}], [{"x": 1547, "y": 1392}, {"x": 1565, "y": 1368}, {"x": 1559, "y": 1367}, {"x": 1544, "y": 1370}, {"x": 1543, "y": 1395}], [{"x": 146, "y": 844}, {"x": 161, "y": 862}, {"x": 149, "y": 842}], [{"x": 718, "y": 541}, {"x": 719, "y": 534}, {"x": 703, "y": 517}], [{"x": 516, "y": 1133}, {"x": 516, "y": 1136}, {"x": 534, "y": 1121}, {"x": 532, "y": 1119}, {"x": 512, "y": 1113}], [{"x": 1260, "y": 971}, {"x": 1281, "y": 950}, {"x": 1277, "y": 951}], [{"x": 1278, "y": 1510}, {"x": 1280, "y": 1530}, {"x": 1295, "y": 1530}], [{"x": 836, "y": 705}, {"x": 838, "y": 713}, {"x": 835, "y": 686}], [{"x": 1576, "y": 765}, {"x": 1577, "y": 738}, {"x": 1557, "y": 744}, {"x": 1562, "y": 746}], [{"x": 944, "y": 1437}, {"x": 949, "y": 1439}, {"x": 951, "y": 1438}, {"x": 948, "y": 1411}, {"x": 923, "y": 1440}, {"x": 926, "y": 1438}], [{"x": 1616, "y": 1602}, {"x": 1628, "y": 1595}, {"x": 1631, "y": 1593}], [{"x": 850, "y": 1583}, {"x": 864, "y": 1579}, {"x": 861, "y": 1557}, {"x": 849, "y": 1580}], [{"x": 996, "y": 970}, {"x": 998, "y": 994}, {"x": 998, "y": 987}, {"x": 1000, "y": 964}, {"x": 996, "y": 964}], [{"x": 596, "y": 1357}, {"x": 622, "y": 1383}, {"x": 603, "y": 1360}, {"x": 626, "y": 1364}], [{"x": 912, "y": 245}, {"x": 907, "y": 261}, {"x": 913, "y": 270}], [{"x": 1053, "y": 844}, {"x": 1063, "y": 837}, {"x": 1060, "y": 824}, {"x": 1081, "y": 818}, {"x": 1053, "y": 825}], [{"x": 1411, "y": 128}, {"x": 1421, "y": 111}, {"x": 1393, "y": 109}, {"x": 1393, "y": 130}, {"x": 1417, "y": 132}, {"x": 1421, "y": 116}], [{"x": 889, "y": 99}, {"x": 909, "y": 98}, {"x": 911, "y": 100}, {"x": 912, "y": 93}, {"x": 911, "y": 73}, {"x": 883, "y": 94}], [{"x": 486, "y": 1125}, {"x": 492, "y": 1143}, {"x": 505, "y": 1151}, {"x": 511, "y": 1144}, {"x": 506, "y": 1126}, {"x": 490, "y": 1123}], [{"x": 808, "y": 1390}, {"x": 806, "y": 1392}, {"x": 805, "y": 1394}, {"x": 805, "y": 1398}, {"x": 828, "y": 1395}], [{"x": 374, "y": 1474}, {"x": 373, "y": 1473}, {"x": 371, "y": 1474}, {"x": 359, "y": 1498}, {"x": 374, "y": 1490}], [{"x": 94, "y": 1591}, {"x": 103, "y": 1599}, {"x": 115, "y": 1594}, {"x": 116, "y": 1574}], [{"x": 889, "y": 755}, {"x": 889, "y": 739}, {"x": 870, "y": 737}, {"x": 871, "y": 751}, {"x": 886, "y": 758}, {"x": 890, "y": 758}], [{"x": 659, "y": 1590}, {"x": 638, "y": 1589}, {"x": 637, "y": 1594}, {"x": 661, "y": 1591}], [{"x": 1007, "y": 430}, {"x": 1009, "y": 428}, {"x": 1009, "y": 424}, {"x": 982, "y": 423}, {"x": 984, "y": 426}, {"x": 1006, "y": 426}], [{"x": 1624, "y": 1171}, {"x": 1632, "y": 1143}, {"x": 1624, "y": 1146}], [{"x": 1527, "y": 803}, {"x": 1522, "y": 826}, {"x": 1521, "y": 831}, {"x": 1538, "y": 827}, {"x": 1537, "y": 805}], [{"x": 872, "y": 270}, {"x": 896, "y": 287}, {"x": 896, "y": 285}, {"x": 892, "y": 267}], [{"x": 1572, "y": 1570}, {"x": 1576, "y": 1597}, {"x": 1600, "y": 1592}, {"x": 1598, "y": 1572}], [{"x": 287, "y": 792}, {"x": 317, "y": 808}, {"x": 289, "y": 784}], [{"x": 284, "y": 518}, {"x": 285, "y": 513}, {"x": 264, "y": 534}, {"x": 271, "y": 532}], [{"x": 239, "y": 247}, {"x": 242, "y": 248}, {"x": 238, "y": 246}], [{"x": 463, "y": 1211}, {"x": 485, "y": 1218}, {"x": 479, "y": 1191}], [{"x": 1543, "y": 772}, {"x": 1553, "y": 797}, {"x": 1566, "y": 801}, {"x": 1570, "y": 797}, {"x": 1550, "y": 771}, {"x": 1551, "y": 777}], [{"x": 1149, "y": 327}, {"x": 1165, "y": 330}, {"x": 1163, "y": 346}, {"x": 1168, "y": 325}], [{"x": 274, "y": 1436}, {"x": 298, "y": 1444}, {"x": 296, "y": 1423}, {"x": 283, "y": 1415}], [{"x": 292, "y": 1137}, {"x": 293, "y": 1149}, {"x": 316, "y": 1157}, {"x": 322, "y": 1158}, {"x": 294, "y": 1131}], [{"x": 469, "y": 1426}, {"x": 469, "y": 1427}, {"x": 493, "y": 1406}, {"x": 487, "y": 1408}, {"x": 474, "y": 1405}], [{"x": 233, "y": 1398}, {"x": 240, "y": 1395}, {"x": 218, "y": 1397}, {"x": 237, "y": 1379}, {"x": 214, "y": 1382}, {"x": 216, "y": 1397}], [{"x": 629, "y": 465}, {"x": 609, "y": 462}, {"x": 605, "y": 463}, {"x": 634, "y": 468}], [{"x": 1599, "y": 1549}, {"x": 1598, "y": 1570}, {"x": 1603, "y": 1573}, {"x": 1623, "y": 1553}], [{"x": 1414, "y": 1456}, {"x": 1422, "y": 1460}, {"x": 1420, "y": 1451}, {"x": 1418, "y": 1440}], [{"x": 291, "y": 215}, {"x": 298, "y": 230}, {"x": 300, "y": 234}, {"x": 294, "y": 208}], [{"x": 845, "y": 685}, {"x": 853, "y": 678}, {"x": 834, "y": 679}, {"x": 852, "y": 706}, {"x": 850, "y": 698}], [{"x": 412, "y": 460}, {"x": 417, "y": 474}, {"x": 417, "y": 476}, {"x": 418, "y": 472}, {"x": 412, "y": 453}], [{"x": 1580, "y": 841}, {"x": 1585, "y": 848}, {"x": 1607, "y": 844}], [{"x": 599, "y": 844}, {"x": 612, "y": 819}, {"x": 601, "y": 820}, {"x": 593, "y": 825}], [{"x": 284, "y": 672}, {"x": 292, "y": 671}, {"x": 289, "y": 665}, {"x": 284, "y": 654}], [{"x": 1428, "y": 635}, {"x": 1425, "y": 641}, {"x": 1424, "y": 636}, {"x": 1428, "y": 660}, {"x": 1427, "y": 652}, {"x": 1449, "y": 634}], [{"x": 1518, "y": 831}, {"x": 1521, "y": 850}, {"x": 1544, "y": 851}, {"x": 1538, "y": 848}, {"x": 1522, "y": 834}, {"x": 1527, "y": 849}], [{"x": 783, "y": 1082}, {"x": 782, "y": 1084}, {"x": 774, "y": 1106}, {"x": 777, "y": 1101}, {"x": 782, "y": 1099}, {"x": 795, "y": 1084}], [{"x": 1330, "y": 1604}, {"x": 1315, "y": 1611}, {"x": 1314, "y": 1627}], [{"x": 307, "y": 192}, {"x": 325, "y": 184}, {"x": 318, "y": 167}, {"x": 306, "y": 166}, {"x": 304, "y": 167}, {"x": 306, "y": 184}], [{"x": 923, "y": 761}, {"x": 917, "y": 760}, {"x": 915, "y": 778}, {"x": 942, "y": 785}, {"x": 942, "y": 767}, {"x": 924, "y": 761}], [{"x": 721, "y": 1084}, {"x": 725, "y": 1105}, {"x": 749, "y": 1086}, {"x": 729, "y": 1078}, {"x": 728, "y": 1080}], [{"x": 479, "y": 993}, {"x": 490, "y": 996}, {"x": 479, "y": 991}, {"x": 474, "y": 989}, {"x": 473, "y": 990}, {"x": 478, "y": 999}], [{"x": 800, "y": 1119}, {"x": 786, "y": 1116}, {"x": 800, "y": 1146}, {"x": 801, "y": 1138}], [{"x": 773, "y": 806}, {"x": 787, "y": 810}, {"x": 784, "y": 794}], [{"x": 862, "y": 489}, {"x": 880, "y": 490}, {"x": 883, "y": 483}, {"x": 874, "y": 473}, {"x": 855, "y": 492}], [{"x": 153, "y": 598}, {"x": 172, "y": 604}, {"x": 171, "y": 578}, {"x": 154, "y": 587}, {"x": 154, "y": 578}], [{"x": 737, "y": 641}, {"x": 738, "y": 633}, {"x": 736, "y": 635}], [{"x": 671, "y": 1047}, {"x": 670, "y": 1026}, {"x": 646, "y": 1042}], [{"x": 1469, "y": 789}, {"x": 1487, "y": 781}, {"x": 1461, "y": 791}], [{"x": 1004, "y": 526}, {"x": 1005, "y": 502}, {"x": 976, "y": 497}, {"x": 977, "y": 501}, {"x": 1003, "y": 518}, {"x": 977, "y": 526}], [{"x": 1185, "y": 379}, {"x": 1192, "y": 387}, {"x": 1215, "y": 407}], [{"x": 1024, "y": 247}, {"x": 1029, "y": 222}, {"x": 1001, "y": 230}, {"x": 1007, "y": 248}, {"x": 1027, "y": 249}], [{"x": 512, "y": 710}, {"x": 537, "y": 710}, {"x": 539, "y": 689}, {"x": 538, "y": 687}, {"x": 514, "y": 689}, {"x": 520, "y": 705}], [{"x": 443, "y": 862}, {"x": 436, "y": 872}, {"x": 435, "y": 876}, {"x": 444, "y": 876}, {"x": 459, "y": 860}, {"x": 445, "y": 862}], [{"x": 115, "y": 1446}, {"x": 122, "y": 1445}, {"x": 121, "y": 1443}], [{"x": 830, "y": 172}, {"x": 837, "y": 172}, {"x": 856, "y": 162}, {"x": 858, "y": 159}, {"x": 856, "y": 158}, {"x": 830, "y": 152}], [{"x": 800, "y": 697}, {"x": 823, "y": 672}, {"x": 818, "y": 673}, {"x": 806, "y": 677}], [{"x": 1479, "y": 1141}, {"x": 1464, "y": 1121}, {"x": 1463, "y": 1127}, {"x": 1477, "y": 1145}], [{"x": 1151, "y": 1437}, {"x": 1170, "y": 1432}, {"x": 1153, "y": 1411}, {"x": 1145, "y": 1415}], [{"x": 1473, "y": 361}, {"x": 1478, "y": 358}, {"x": 1461, "y": 333}, {"x": 1452, "y": 334}], [{"x": 546, "y": 1370}, {"x": 570, "y": 1367}, {"x": 569, "y": 1344}, {"x": 540, "y": 1343}], [{"x": 654, "y": 542}, {"x": 639, "y": 535}, {"x": 639, "y": 543}, {"x": 656, "y": 543}], [{"x": 628, "y": 996}, {"x": 648, "y": 998}, {"x": 636, "y": 1018}, {"x": 653, "y": 1016}, {"x": 652, "y": 997}, {"x": 653, "y": 997}], [{"x": 742, "y": 1341}, {"x": 738, "y": 1364}, {"x": 759, "y": 1344}, {"x": 767, "y": 1361}, {"x": 764, "y": 1342}], [{"x": 899, "y": 1552}, {"x": 918, "y": 1554}, {"x": 894, "y": 1554}, {"x": 922, "y": 1557}, {"x": 920, "y": 1551}, {"x": 896, "y": 1534}], [{"x": 604, "y": 1498}, {"x": 623, "y": 1471}, {"x": 596, "y": 1489}, {"x": 598, "y": 1494}], [{"x": 282, "y": 379}, {"x": 303, "y": 378}, {"x": 308, "y": 361}, {"x": 301, "y": 353}, {"x": 288, "y": 357}, {"x": 289, "y": 361}], [{"x": 654, "y": 502}, {"x": 657, "y": 493}, {"x": 654, "y": 476}], [{"x": 522, "y": 1161}, {"x": 530, "y": 1163}, {"x": 525, "y": 1160}, {"x": 531, "y": 1148}, {"x": 501, "y": 1160}, {"x": 509, "y": 1162}], [{"x": 1530, "y": 178}, {"x": 1507, "y": 156}, {"x": 1505, "y": 176}, {"x": 1508, "y": 176}], [{"x": 1592, "y": 1048}, {"x": 1600, "y": 1027}, {"x": 1572, "y": 1033}], [{"x": 331, "y": 224}, {"x": 348, "y": 248}, {"x": 330, "y": 222}, {"x": 341, "y": 252}], [{"x": 1301, "y": 811}, {"x": 1309, "y": 815}, {"x": 1309, "y": 816}, {"x": 1327, "y": 811}, {"x": 1321, "y": 798}], [{"x": 1565, "y": 1209}, {"x": 1589, "y": 1196}, {"x": 1589, "y": 1192}], [{"x": 838, "y": 1071}, {"x": 819, "y": 1070}, {"x": 816, "y": 1055}, {"x": 818, "y": 1071}, {"x": 824, "y": 1072}], [{"x": 176, "y": 289}, {"x": 177, "y": 264}, {"x": 193, "y": 265}, {"x": 177, "y": 262}], [{"x": 120, "y": 1483}, {"x": 136, "y": 1467}, {"x": 117, "y": 1483}], [{"x": 764, "y": 127}, {"x": 777, "y": 109}, {"x": 759, "y": 108}], [{"x": 1537, "y": 444}, {"x": 1560, "y": 424}, {"x": 1562, "y": 421}, {"x": 1540, "y": 421}, {"x": 1538, "y": 443}], [{"x": 567, "y": 321}, {"x": 563, "y": 328}, {"x": 558, "y": 339}, {"x": 582, "y": 326}], [{"x": 712, "y": 126}, {"x": 732, "y": 126}, {"x": 728, "y": 124}, {"x": 713, "y": 124}, {"x": 703, "y": 127}], [{"x": 413, "y": 1448}, {"x": 413, "y": 1449}, {"x": 417, "y": 1469}, {"x": 436, "y": 1461}, {"x": 418, "y": 1446}, {"x": 415, "y": 1445}], [{"x": 775, "y": 548}, {"x": 788, "y": 553}, {"x": 797, "y": 552}, {"x": 795, "y": 528}], [{"x": 1527, "y": 1036}, {"x": 1527, "y": 1058}, {"x": 1530, "y": 1048}, {"x": 1540, "y": 1029}], [{"x": 257, "y": 278}, {"x": 252, "y": 273}, {"x": 227, "y": 274}, {"x": 229, "y": 296}, {"x": 249, "y": 292}, {"x": 252, "y": 291}], [{"x": 1378, "y": 1559}, {"x": 1398, "y": 1561}, {"x": 1394, "y": 1538}, {"x": 1372, "y": 1535}], [{"x": 1629, "y": 945}, {"x": 1614, "y": 944}, {"x": 1619, "y": 966}, {"x": 1636, "y": 949}], [{"x": 403, "y": 1264}, {"x": 405, "y": 1265}, {"x": 404, "y": 1252}, {"x": 383, "y": 1267}], [{"x": 1521, "y": 240}, {"x": 1536, "y": 254}, {"x": 1539, "y": 233}, {"x": 1523, "y": 236}, {"x": 1519, "y": 242}, {"x": 1521, "y": 259}], [{"x": 280, "y": 188}, {"x": 297, "y": 208}, {"x": 294, "y": 191}, {"x": 280, "y": 185}, {"x": 278, "y": 191}], [{"x": 572, "y": 131}, {"x": 574, "y": 110}, {"x": 566, "y": 131}], [{"x": 617, "y": 147}, {"x": 614, "y": 154}, {"x": 611, "y": 151}, {"x": 616, "y": 168}], [{"x": 961, "y": 978}, {"x": 964, "y": 975}, {"x": 968, "y": 959}, {"x": 964, "y": 960}, {"x": 947, "y": 979}], [{"x": 727, "y": 91}, {"x": 722, "y": 91}, {"x": 746, "y": 108}, {"x": 743, "y": 104}], [{"x": 1610, "y": 874}, {"x": 1607, "y": 869}, {"x": 1611, "y": 889}], [{"x": 86, "y": 1229}, {"x": 91, "y": 1245}, {"x": 96, "y": 1250}, {"x": 95, "y": 1244}, {"x": 112, "y": 1225}, {"x": 112, "y": 1223}], [{"x": 115, "y": 399}, {"x": 103, "y": 400}, {"x": 117, "y": 420}], [{"x": 289, "y": 1626}, {"x": 286, "y": 1606}, {"x": 280, "y": 1602}, {"x": 280, "y": 1632}], [{"x": 922, "y": 967}, {"x": 932, "y": 959}, {"x": 904, "y": 965}, {"x": 905, "y": 987}, {"x": 927, "y": 989}], [{"x": 1306, "y": 351}, {"x": 1313, "y": 345}, {"x": 1314, "y": 342}, {"x": 1304, "y": 344}, {"x": 1292, "y": 347}, {"x": 1289, "y": 363}], [{"x": 1222, "y": 1286}, {"x": 1223, "y": 1288}, {"x": 1225, "y": 1291}, {"x": 1225, "y": 1286}], [{"x": 1095, "y": 1136}, {"x": 1115, "y": 1154}, {"x": 1115, "y": 1153}, {"x": 1114, "y": 1151}, {"x": 1111, "y": 1135}], [{"x": 951, "y": 121}, {"x": 951, "y": 123}, {"x": 958, "y": 100}], [{"x": 802, "y": 274}, {"x": 802, "y": 288}, {"x": 823, "y": 296}, {"x": 829, "y": 288}, {"x": 806, "y": 273}, {"x": 825, "y": 291}], [{"x": 451, "y": 1068}, {"x": 452, "y": 1067}, {"x": 424, "y": 1063}, {"x": 426, "y": 1079}, {"x": 431, "y": 1087}], [{"x": 789, "y": 1530}, {"x": 795, "y": 1536}, {"x": 798, "y": 1533}, {"x": 798, "y": 1512}], [{"x": 1214, "y": 842}, {"x": 1192, "y": 844}, {"x": 1187, "y": 850}, {"x": 1187, "y": 867}, {"x": 1205, "y": 870}, {"x": 1208, "y": 870}], [{"x": 166, "y": 1091}, {"x": 181, "y": 1106}, {"x": 164, "y": 1087}], [{"x": 1039, "y": 876}, {"x": 1052, "y": 856}, {"x": 1036, "y": 860}, {"x": 1038, "y": 884}], [{"x": 512, "y": 611}, {"x": 535, "y": 636}, {"x": 535, "y": 631}], [{"x": 1070, "y": 658}, {"x": 1070, "y": 675}, {"x": 1071, "y": 683}, {"x": 1085, "y": 654}], [{"x": 780, "y": 720}, {"x": 798, "y": 747}, {"x": 808, "y": 745}, {"x": 807, "y": 745}, {"x": 807, "y": 725}], [{"x": 126, "y": 215}, {"x": 141, "y": 214}, {"x": 144, "y": 214}, {"x": 145, "y": 211}, {"x": 143, "y": 196}, {"x": 142, "y": 198}], [{"x": 1056, "y": 223}, {"x": 1077, "y": 203}, {"x": 1057, "y": 197}], [{"x": 1620, "y": 344}, {"x": 1633, "y": 345}, {"x": 1637, "y": 343}, {"x": 1640, "y": 347}, {"x": 1631, "y": 326}], [{"x": 485, "y": 1589}, {"x": 487, "y": 1605}, {"x": 492, "y": 1595}, {"x": 486, "y": 1588}], [{"x": 1078, "y": 1344}, {"x": 1101, "y": 1344}, {"x": 1102, "y": 1330}], [{"x": 1384, "y": 501}, {"x": 1386, "y": 506}, {"x": 1406, "y": 506}], [{"x": 1016, "y": 1312}, {"x": 1017, "y": 1340}, {"x": 1034, "y": 1337}, {"x": 1043, "y": 1334}, {"x": 1042, "y": 1314}], [{"x": 412, "y": 956}, {"x": 433, "y": 950}, {"x": 439, "y": 939}, {"x": 419, "y": 938}, {"x": 409, "y": 939}, {"x": 410, "y": 952}], [{"x": 993, "y": 1028}, {"x": 1007, "y": 1014}, {"x": 989, "y": 1026}, {"x": 984, "y": 1035}, {"x": 1004, "y": 1032}], [{"x": 307, "y": 838}, {"x": 302, "y": 822}, {"x": 288, "y": 822}, {"x": 305, "y": 841}], [{"x": 1269, "y": 1248}, {"x": 1269, "y": 1249}, {"x": 1281, "y": 1246}, {"x": 1283, "y": 1244}, {"x": 1284, "y": 1226}, {"x": 1261, "y": 1221}], [{"x": 713, "y": 1470}, {"x": 739, "y": 1450}, {"x": 736, "y": 1447}, {"x": 710, "y": 1448}, {"x": 710, "y": 1475}, {"x": 731, "y": 1457}], [{"x": 1018, "y": 1259}, {"x": 1045, "y": 1278}, {"x": 1039, "y": 1254}, {"x": 1016, "y": 1254}], [{"x": 384, "y": 454}, {"x": 379, "y": 453}, {"x": 378, "y": 473}, {"x": 381, "y": 473}, {"x": 396, "y": 472}], [{"x": 128, "y": 664}, {"x": 143, "y": 670}, {"x": 140, "y": 667}, {"x": 130, "y": 664}], [{"x": 663, "y": 1267}, {"x": 669, "y": 1242}, {"x": 664, "y": 1249}, {"x": 643, "y": 1244}], [{"x": 99, "y": 880}, {"x": 110, "y": 876}, {"x": 91, "y": 880}, {"x": 94, "y": 861}, {"x": 90, "y": 883}, {"x": 110, "y": 881}], [{"x": 657, "y": 1416}, {"x": 638, "y": 1415}, {"x": 634, "y": 1411}, {"x": 632, "y": 1411}, {"x": 631, "y": 1434}, {"x": 638, "y": 1436}], [{"x": 485, "y": 743}, {"x": 486, "y": 723}, {"x": 482, "y": 745}, {"x": 502, "y": 741}], [{"x": 1275, "y": 777}, {"x": 1298, "y": 771}, {"x": 1282, "y": 775}], [{"x": 715, "y": 667}, {"x": 719, "y": 649}, {"x": 712, "y": 645}], [{"x": 866, "y": 378}, {"x": 869, "y": 375}, {"x": 861, "y": 351}, {"x": 861, "y": 375}, {"x": 862, "y": 372}], [{"x": 421, "y": 1298}, {"x": 434, "y": 1298}, {"x": 436, "y": 1296}, {"x": 438, "y": 1277}, {"x": 440, "y": 1277}, {"x": 424, "y": 1274}], [{"x": 787, "y": 1218}, {"x": 801, "y": 1211}, {"x": 780, "y": 1211}], [{"x": 408, "y": 877}, {"x": 408, "y": 899}, {"x": 425, "y": 900}], [{"x": 481, "y": 1534}, {"x": 484, "y": 1538}, {"x": 508, "y": 1535}, {"x": 505, "y": 1531}, {"x": 502, "y": 1513}], [{"x": 759, "y": 625}, {"x": 751, "y": 613}, {"x": 750, "y": 611}, {"x": 757, "y": 628}], [{"x": 909, "y": 1290}, {"x": 902, "y": 1290}, {"x": 923, "y": 1293}], [{"x": 896, "y": 1416}, {"x": 918, "y": 1419}, {"x": 899, "y": 1397}, {"x": 899, "y": 1396}, {"x": 897, "y": 1396}], [{"x": 272, "y": 586}, {"x": 287, "y": 600}, {"x": 266, "y": 598}, {"x": 274, "y": 608}, {"x": 292, "y": 602}], [{"x": 355, "y": 1436}, {"x": 374, "y": 1452}, {"x": 363, "y": 1430}, {"x": 361, "y": 1431}], [{"x": 816, "y": 1602}, {"x": 819, "y": 1605}, {"x": 815, "y": 1578}, {"x": 795, "y": 1600}, {"x": 791, "y": 1583}, {"x": 791, "y": 1605}], [{"x": 1120, "y": 1388}, {"x": 1122, "y": 1384}, {"x": 1115, "y": 1366}, {"x": 1097, "y": 1367}, {"x": 1096, "y": 1393}], [{"x": 1177, "y": 638}, {"x": 1178, "y": 622}, {"x": 1177, "y": 623}], [{"x": 666, "y": 624}, {"x": 665, "y": 630}, {"x": 680, "y": 623}, {"x": 683, "y": 628}, {"x": 685, "y": 625}, {"x": 684, "y": 612}], [{"x": 1387, "y": 648}, {"x": 1387, "y": 669}, {"x": 1385, "y": 676}, {"x": 1409, "y": 656}], [{"x": 1282, "y": 1288}, {"x": 1289, "y": 1264}, {"x": 1284, "y": 1264}], [{"x": 686, "y": 982}, {"x": 703, "y": 965}, {"x": 684, "y": 978}, {"x": 679, "y": 983}, {"x": 682, "y": 984}], [{"x": 1431, "y": 601}, {"x": 1433, "y": 605}, {"x": 1454, "y": 621}, {"x": 1450, "y": 606}], [{"x": 711, "y": 449}, {"x": 728, "y": 476}, {"x": 733, "y": 475}, {"x": 735, "y": 453}, {"x": 734, "y": 455}], [{"x": 133, "y": 877}, {"x": 139, "y": 877}, {"x": 142, "y": 852}], [{"x": 1565, "y": 608}, {"x": 1567, "y": 606}, {"x": 1565, "y": 585}, {"x": 1545, "y": 589}, {"x": 1561, "y": 605}], [{"x": 1325, "y": 1248}, {"x": 1327, "y": 1244}, {"x": 1322, "y": 1221}, {"x": 1298, "y": 1245}], [{"x": 1493, "y": 1358}, {"x": 1493, "y": 1351}, {"x": 1485, "y": 1354}, {"x": 1470, "y": 1371}], [{"x": 816, "y": 201}, {"x": 817, "y": 203}, {"x": 839, "y": 188}, {"x": 840, "y": 182}, {"x": 822, "y": 184}], [{"x": 612, "y": 517}, {"x": 586, "y": 515}, {"x": 584, "y": 518}, {"x": 586, "y": 536}, {"x": 606, "y": 534}, {"x": 611, "y": 520}], [{"x": 1540, "y": 693}, {"x": 1543, "y": 693}, {"x": 1537, "y": 707}, {"x": 1565, "y": 684}], [{"x": 224, "y": 1205}, {"x": 249, "y": 1182}, {"x": 232, "y": 1189}, {"x": 229, "y": 1189}], [{"x": 929, "y": 115}, {"x": 926, "y": 116}, {"x": 925, "y": 117}, {"x": 925, "y": 139}], [{"x": 669, "y": 1251}, {"x": 674, "y": 1242}, {"x": 690, "y": 1221}, {"x": 673, "y": 1223}, {"x": 667, "y": 1222}, {"x": 670, "y": 1230}], [{"x": 1455, "y": 900}, {"x": 1455, "y": 915}, {"x": 1458, "y": 915}, {"x": 1457, "y": 920}, {"x": 1460, "y": 917}, {"x": 1460, "y": 894}], [{"x": 1221, "y": 1298}, {"x": 1237, "y": 1320}, {"x": 1242, "y": 1322}, {"x": 1243, "y": 1305}, {"x": 1223, "y": 1299}], [{"x": 565, "y": 1624}, {"x": 570, "y": 1627}, {"x": 569, "y": 1603}, {"x": 543, "y": 1621}, {"x": 552, "y": 1621}], [{"x": 1117, "y": 1337}, {"x": 1118, "y": 1333}, {"x": 1137, "y": 1315}, {"x": 1114, "y": 1310}], [{"x": 842, "y": 1327}, {"x": 847, "y": 1334}, {"x": 869, "y": 1313}], [{"x": 1446, "y": 1149}, {"x": 1467, "y": 1170}, {"x": 1472, "y": 1146}, {"x": 1456, "y": 1147}, {"x": 1452, "y": 1148}], [{"x": 527, "y": 667}, {"x": 524, "y": 685}, {"x": 545, "y": 685}], [{"x": 1161, "y": 1610}, {"x": 1163, "y": 1587}, {"x": 1159, "y": 1594}], [{"x": 299, "y": 239}, {"x": 297, "y": 257}, {"x": 318, "y": 262}, {"x": 322, "y": 238}], [{"x": 473, "y": 706}, {"x": 469, "y": 718}, {"x": 450, "y": 717}, {"x": 473, "y": 723}], [{"x": 931, "y": 528}, {"x": 948, "y": 516}, {"x": 950, "y": 510}, {"x": 933, "y": 512}, {"x": 931, "y": 513}, {"x": 927, "y": 532}], [{"x": 1379, "y": 1256}, {"x": 1381, "y": 1234}, {"x": 1374, "y": 1243}, {"x": 1378, "y": 1240}, {"x": 1378, "y": 1264}], [{"x": 1348, "y": 416}, {"x": 1326, "y": 415}, {"x": 1327, "y": 433}, {"x": 1345, "y": 435}, {"x": 1348, "y": 439}, {"x": 1353, "y": 443}], [{"x": 460, "y": 1249}, {"x": 463, "y": 1255}, {"x": 480, "y": 1275}, {"x": 481, "y": 1269}, {"x": 487, "y": 1255}, {"x": 465, "y": 1245}], [{"x": 213, "y": 1167}, {"x": 210, "y": 1167}, {"x": 208, "y": 1183}, {"x": 211, "y": 1184}, {"x": 207, "y": 1187}, {"x": 214, "y": 1182}], [{"x": 1105, "y": 1586}, {"x": 1107, "y": 1587}, {"x": 1126, "y": 1592}, {"x": 1128, "y": 1589}, {"x": 1130, "y": 1571}, {"x": 1128, "y": 1588}], [{"x": 1039, "y": 780}, {"x": 1040, "y": 763}, {"x": 1036, "y": 783}, {"x": 1045, "y": 782}, {"x": 1045, "y": 758}, {"x": 1044, "y": 782}], [{"x": 1158, "y": 585}, {"x": 1162, "y": 585}, {"x": 1165, "y": 569}, {"x": 1148, "y": 564}, {"x": 1148, "y": 568}], [{"x": 1092, "y": 1355}, {"x": 1091, "y": 1347}, {"x": 1078, "y": 1376}, {"x": 1095, "y": 1370}], [{"x": 315, "y": 1475}, {"x": 294, "y": 1472}, {"x": 289, "y": 1492}, {"x": 288, "y": 1497}, {"x": 308, "y": 1499}, {"x": 314, "y": 1476}], [{"x": 1434, "y": 313}, {"x": 1459, "y": 297}, {"x": 1439, "y": 295}, {"x": 1432, "y": 316}, {"x": 1459, "y": 314}], [{"x": 251, "y": 1141}, {"x": 270, "y": 1148}, {"x": 272, "y": 1146}, {"x": 272, "y": 1131}, {"x": 246, "y": 1129}, {"x": 266, "y": 1131}], [{"x": 1159, "y": 608}, {"x": 1162, "y": 602}, {"x": 1145, "y": 626}, {"x": 1148, "y": 623}], [{"x": 322, "y": 1280}, {"x": 345, "y": 1278}, {"x": 327, "y": 1259}], [{"x": 1283, "y": 462}, {"x": 1293, "y": 456}, {"x": 1297, "y": 444}, {"x": 1275, "y": 437}], [{"x": 348, "y": 964}, {"x": 349, "y": 958}, {"x": 342, "y": 934}, {"x": 322, "y": 936}, {"x": 322, "y": 958}], [{"x": 1472, "y": 777}, {"x": 1495, "y": 751}, {"x": 1487, "y": 755}, {"x": 1472, "y": 761}], [{"x": 1466, "y": 1424}, {"x": 1489, "y": 1445}, {"x": 1485, "y": 1424}], [{"x": 761, "y": 482}, {"x": 783, "y": 486}, {"x": 782, "y": 479}, {"x": 764, "y": 459}, {"x": 770, "y": 466}, {"x": 768, "y": 465}], [{"x": 914, "y": 1026}, {"x": 921, "y": 1005}, {"x": 923, "y": 1026}, {"x": 921, "y": 1001}], [{"x": 799, "y": 185}, {"x": 801, "y": 162}, {"x": 796, "y": 162}, {"x": 780, "y": 178}, {"x": 783, "y": 180}, {"x": 781, "y": 184}], [{"x": 1529, "y": 791}, {"x": 1524, "y": 773}, {"x": 1509, "y": 791}, {"x": 1503, "y": 799}], [{"x": 1328, "y": 404}, {"x": 1348, "y": 399}, {"x": 1330, "y": 386}], [{"x": 968, "y": 189}, {"x": 973, "y": 191}, {"x": 971, "y": 192}, {"x": 995, "y": 214}, {"x": 992, "y": 196}, {"x": 973, "y": 187}], [{"x": 475, "y": 386}, {"x": 494, "y": 384}, {"x": 494, "y": 363}], [{"x": 417, "y": 313}, {"x": 424, "y": 310}, {"x": 421, "y": 292}, {"x": 405, "y": 287}, {"x": 401, "y": 293}, {"x": 403, "y": 293}], [{"x": 1524, "y": 1035}, {"x": 1526, "y": 1033}, {"x": 1526, "y": 1032}, {"x": 1530, "y": 1009}, {"x": 1509, "y": 1028}, {"x": 1512, "y": 1033}], [{"x": 1213, "y": 1205}, {"x": 1232, "y": 1188}, {"x": 1235, "y": 1182}], [{"x": 1335, "y": 566}, {"x": 1335, "y": 583}, {"x": 1357, "y": 590}], [{"x": 1243, "y": 956}, {"x": 1260, "y": 959}, {"x": 1261, "y": 939}, {"x": 1256, "y": 937}], [{"x": 97, "y": 1343}, {"x": 115, "y": 1350}, {"x": 98, "y": 1343}], [{"x": 582, "y": 1102}, {"x": 581, "y": 1103}, {"x": 585, "y": 1100}, {"x": 591, "y": 1084}, {"x": 587, "y": 1076}], [{"x": 292, "y": 811}, {"x": 308, "y": 815}, {"x": 291, "y": 809}], [{"x": 122, "y": 1351}, {"x": 117, "y": 1322}, {"x": 92, "y": 1322}, {"x": 117, "y": 1324}, {"x": 116, "y": 1330}], [{"x": 1589, "y": 399}, {"x": 1572, "y": 403}, {"x": 1574, "y": 421}, {"x": 1576, "y": 424}, {"x": 1591, "y": 402}], [{"x": 1049, "y": 408}, {"x": 1066, "y": 409}, {"x": 1044, "y": 402}], [{"x": 350, "y": 867}, {"x": 351, "y": 860}, {"x": 344, "y": 848}, {"x": 328, "y": 845}, {"x": 326, "y": 862}], [{"x": 466, "y": 676}, {"x": 468, "y": 652}, {"x": 461, "y": 654}, {"x": 445, "y": 652}, {"x": 448, "y": 670}], [{"x": 1388, "y": 364}, {"x": 1410, "y": 372}, {"x": 1392, "y": 365}, {"x": 1412, "y": 353}, {"x": 1394, "y": 344}, {"x": 1388, "y": 350}]]}
