{"type": "CGSHOP2023_Instance", "name": "cheese379", "n": 379, "outer_boundary": [{"x": 29, "y": 433}, {"x": 21, "y": 414}, {"x": 10, "y": 121}, {"x": 23, "y": 99}, {"x": 115, "y": 33}, {"x": 123, "y": 20}, {"x": 206, "y": 11}, {"x": 293, "y": 10}, {"x": 500, "y": 22}, {"x": 512, "y": 105}, {"x": 512, "y": 214}, {"x": 500, "y": 461}, {"x": 496, "y": 491}, {"x": 232, "y": 499}, {"x": 165, "y": 503}, {"x": 82, "y": 483}], "holes": [[{"x": 323, "y": 129}, {"x": 326, "y": 122}, {"x": 301, "y": 130}, {"x": 316, "y": 130}, {"x": 303, "y": 144}], [{"x": 203, "y": 238}, {"x": 188, "y": 234}, {"x": 187, "y": 241}, {"x": 209, "y": 240}, {"x": 212, "y": 236}], [{"x": 186, "y": 303}, {"x": 186, "y": 282}, {"x": 162, "y": 284}, {"x": 178, "y": 285}, {"x": 158, "y": 303}], [{"x": 163, "y": 352}, {"x": 168, "y": 355}, {"x": 162, "y": 369}, {"x": 190, "y": 354}, {"x": 190, "y": 352}], [{"x": 355, "y": 423}, {"x": 349, "y": 420}, {"x": 347, "y": 450}, {"x": 350, "y": 448}], [{"x": 464, "y": 296}, {"x": 482, "y": 267}, {"x": 479, "y": 268}, {"x": 461, "y": 270}, {"x": 466, "y": 288}, {"x": 466, "y": 292}], [{"x": 312, "y": 95}, {"x": 314, "y": 89}, {"x": 299, "y": 77}, {"x": 291, "y": 74}, {"x": 313, "y": 98}], [{"x": 169, "y": 243}, {"x": 170, "y": 217}, {"x": 151, "y": 218}, {"x": 152, "y": 242}, {"x": 169, "y": 244}], [{"x": 416, "y": 260}, {"x": 408, "y": 271}, {"x": 426, "y": 275}, {"x": 436, "y": 273}, {"x": 431, "y": 258}, {"x": 430, "y": 252}], [{"x": 32, "y": 140}, {"x": 52, "y": 138}, {"x": 35, "y": 120}, {"x": 30, "y": 137}], [{"x": 434, "y": 325}, {"x": 454, "y": 343}, {"x": 451, "y": 321}, {"x": 425, "y": 321}, {"x": 445, "y": 327}, {"x": 452, "y": 340}], [{"x": 333, "y": 110}, {"x": 328, "y": 86}, {"x": 313, "y": 103}], [{"x": 114, "y": 222}, {"x": 135, "y": 226}, {"x": 134, "y": 223}, {"x": 116, "y": 220}, {"x": 111, "y": 218}], [{"x": 376, "y": 255}, {"x": 397, "y": 233}, {"x": 388, "y": 234}, {"x": 391, "y": 237}, {"x": 368, "y": 228}], [{"x": 62, "y": 320}, {"x": 74, "y": 331}, {"x": 77, "y": 311}, {"x": 60, "y": 313}, {"x": 60, "y": 336}], [{"x": 396, "y": 171}, {"x": 410, "y": 174}, {"x": 416, "y": 166}], [{"x": 382, "y": 97}, {"x": 396, "y": 75}, {"x": 380, "y": 77}, {"x": 376, "y": 82}, {"x": 376, "y": 96}, {"x": 384, "y": 100}], [{"x": 72, "y": 135}, {"x": 65, "y": 129}, {"x": 53, "y": 153}], [{"x": 342, "y": 208}, {"x": 356, "y": 209}, {"x": 353, "y": 203}], [{"x": 186, "y": 258}, {"x": 206, "y": 283}, {"x": 206, "y": 255}, {"x": 193, "y": 258}], [{"x": 357, "y": 326}, {"x": 356, "y": 328}, {"x": 356, "y": 329}, {"x": 357, "y": 348}, {"x": 376, "y": 355}, {"x": 379, "y": 347}], [{"x": 328, "y": 294}, {"x": 346, "y": 313}, {"x": 348, "y": 309}, {"x": 346, "y": 288}], [{"x": 206, "y": 305}, {"x": 211, "y": 282}, {"x": 209, "y": 290}], [{"x": 91, "y": 358}, {"x": 96, "y": 355}, {"x": 117, "y": 355}, {"x": 119, "y": 350}, {"x": 114, "y": 329}, {"x": 94, "y": 354}], [{"x": 138, "y": 68}, {"x": 154, "y": 64}, {"x": 153, "y": 46}, {"x": 136, "y": 42}, {"x": 128, "y": 47}, {"x": 128, "y": 66}], [{"x": 76, "y": 190}, {"x": 57, "y": 211}, {"x": 60, "y": 213}, {"x": 78, "y": 192}], [{"x": 164, "y": 426}, {"x": 165, "y": 425}, {"x": 163, "y": 425}, {"x": 158, "y": 431}], [{"x": 175, "y": 192}, {"x": 177, "y": 195}, {"x": 196, "y": 215}], [{"x": 354, "y": 76}, {"x": 360, "y": 74}, {"x": 333, "y": 77}, {"x": 357, "y": 77}], [{"x": 377, "y": 66}, {"x": 398, "y": 46}, {"x": 394, "y": 43}, {"x": 373, "y": 43}], [{"x": 344, "y": 357}, {"x": 342, "y": 358}, {"x": 326, "y": 357}, {"x": 318, "y": 358}, {"x": 320, "y": 377}, {"x": 344, "y": 373}], [{"x": 268, "y": 383}, {"x": 270, "y": 360}, {"x": 268, "y": 379}, {"x": 250, "y": 363}], [{"x": 488, "y": 86}, {"x": 495, "y": 87}, {"x": 493, "y": 81}, {"x": 473, "y": 82}, {"x": 472, "y": 109}], [{"x": 287, "y": 206}, {"x": 290, "y": 230}, {"x": 288, "y": 206}], [{"x": 54, "y": 416}, {"x": 58, "y": 419}, {"x": 56, "y": 391}, {"x": 49, "y": 392}, {"x": 53, "y": 414}, {"x": 51, "y": 397}], [{"x": 178, "y": 63}, {"x": 203, "y": 62}, {"x": 204, "y": 56}, {"x": 175, "y": 56}], [{"x": 147, "y": 109}, {"x": 148, "y": 106}, {"x": 136, "y": 124}], [{"x": 224, "y": 29}, {"x": 235, "y": 28}, {"x": 216, "y": 22}, {"x": 219, "y": 41}, {"x": 220, "y": 41}, {"x": 241, "y": 47}], [{"x": 234, "y": 238}, {"x": 236, "y": 261}, {"x": 239, "y": 265}, {"x": 260, "y": 262}, {"x": 259, "y": 261}, {"x": 238, "y": 241}], [{"x": 109, "y": 146}, {"x": 116, "y": 132}, {"x": 94, "y": 144}], [{"x": 263, "y": 48}, {"x": 287, "y": 45}, {"x": 264, "y": 44}, {"x": 260, "y": 46}, {"x": 268, "y": 60}], [{"x": 434, "y": 387}, {"x": 429, "y": 375}, {"x": 409, "y": 372}, {"x": 434, "y": 396}], [{"x": 492, "y": 232}, {"x": 492, "y": 247}, {"x": 495, "y": 226}, {"x": 491, "y": 229}, {"x": 467, "y": 253}, {"x": 487, "y": 253}], [{"x": 382, "y": 426}, {"x": 386, "y": 426}, {"x": 382, "y": 400}, {"x": 383, "y": 396}, {"x": 360, "y": 416}], [{"x": 99, "y": 411}, {"x": 104, "y": 407}, {"x": 96, "y": 388}, {"x": 78, "y": 406}], [{"x": 215, "y": 457}, {"x": 200, "y": 458}, {"x": 203, "y": 478}, {"x": 221, "y": 481}], [{"x": 147, "y": 382}, {"x": 151, "y": 355}, {"x": 149, "y": 357}, {"x": 150, "y": 354}, {"x": 134, "y": 374}], [{"x": 170, "y": 213}, {"x": 172, "y": 212}, {"x": 170, "y": 211}], [{"x": 41, "y": 421}, {"x": 41, "y": 427}, {"x": 47, "y": 444}, {"x": 70, "y": 425}], [{"x": 125, "y": 301}, {"x": 151, "y": 326}, {"x": 149, "y": 300}], [{"x": 145, "y": 268}, {"x": 153, "y": 271}, {"x": 153, "y": 268}, {"x": 128, "y": 266}], [{"x": 311, "y": 282}, {"x": 307, "y": 264}, {"x": 287, "y": 282}, {"x": 305, "y": 283}], [{"x": 127, "y": 263}, {"x": 131, "y": 256}, {"x": 131, "y": 235}, {"x": 127, "y": 259}], [{"x": 241, "y": 379}, {"x": 245, "y": 399}, {"x": 260, "y": 407}, {"x": 265, "y": 382}, {"x": 263, "y": 388}], [{"x": 375, "y": 378}, {"x": 396, "y": 361}, {"x": 396, "y": 355}, {"x": 394, "y": 355}, {"x": 368, "y": 361}, {"x": 390, "y": 357}], [{"x": 246, "y": 420}, {"x": 252, "y": 443}, {"x": 276, "y": 446}, {"x": 270, "y": 443}], [{"x": 472, "y": 354}, {"x": 486, "y": 352}, {"x": 469, "y": 350}, {"x": 468, "y": 353}, {"x": 467, "y": 368}, {"x": 469, "y": 352}], [{"x": 335, "y": 196}, {"x": 338, "y": 179}, {"x": 309, "y": 182}, {"x": 328, "y": 198}], [{"x": 125, "y": 119}, {"x": 130, "y": 135}, {"x": 133, "y": 121}, {"x": 132, "y": 122}], [{"x": 100, "y": 213}, {"x": 88, "y": 184}, {"x": 83, "y": 205}, {"x": 78, "y": 206}, {"x": 83, "y": 210}], [{"x": 284, "y": 184}, {"x": 287, "y": 174}, {"x": 282, "y": 173}, {"x": 284, "y": 186}], [{"x": 174, "y": 399}, {"x": 181, "y": 394}, {"x": 179, "y": 380}, {"x": 159, "y": 379}, {"x": 152, "y": 384}, {"x": 152, "y": 397}], [{"x": 53, "y": 224}, {"x": 51, "y": 239}, {"x": 51, "y": 217}, {"x": 47, "y": 219}, {"x": 46, "y": 241}, {"x": 53, "y": 242}], [{"x": 315, "y": 28}, {"x": 315, "y": 29}, {"x": 318, "y": 36}, {"x": 319, "y": 34}], [{"x": 419, "y": 199}, {"x": 436, "y": 219}, {"x": 440, "y": 221}, {"x": 440, "y": 198}, {"x": 432, "y": 203}, {"x": 433, "y": 215}], [{"x": 287, "y": 165}, {"x": 291, "y": 147}, {"x": 267, "y": 149}, {"x": 293, "y": 170}], [{"x": 149, "y": 454}, {"x": 150, "y": 466}, {"x": 171, "y": 454}, {"x": 165, "y": 451}], [{"x": 467, "y": 47}, {"x": 467, "y": 66}, {"x": 486, "y": 70}, {"x": 484, "y": 64}, {"x": 488, "y": 47}, {"x": 487, "y": 41}], [{"x": 453, "y": 453}, {"x": 480, "y": 470}, {"x": 483, "y": 451}, {"x": 479, "y": 445}, {"x": 454, "y": 450}], [{"x": 197, "y": 476}, {"x": 190, "y": 463}, {"x": 175, "y": 456}, {"x": 172, "y": 457}, {"x": 187, "y": 482}], [{"x": 208, "y": 163}, {"x": 229, "y": 147}, {"x": 214, "y": 168}, {"x": 231, "y": 152}, {"x": 230, "y": 146}, {"x": 206, "y": 152}], [{"x": 474, "y": 394}, {"x": 450, "y": 377}, {"x": 449, "y": 379}, {"x": 453, "y": 381}, {"x": 474, "y": 403}, {"x": 475, "y": 398}], [{"x": 398, "y": 428}, {"x": 418, "y": 423}, {"x": 422, "y": 430}, {"x": 426, "y": 410}, {"x": 401, "y": 422}], [{"x": 171, "y": 371}, {"x": 196, "y": 392}, {"x": 177, "y": 370}, {"x": 170, "y": 369}, {"x": 174, "y": 379}], [{"x": 429, "y": 221}, {"x": 422, "y": 240}, {"x": 442, "y": 228}], [{"x": 238, "y": 168}, {"x": 258, "y": 146}, {"x": 234, "y": 170}, {"x": 234, "y": 174}, {"x": 257, "y": 175}, {"x": 254, "y": 166}], [{"x": 68, "y": 467}, {"x": 97, "y": 463}, {"x": 97, "y": 459}, {"x": 78, "y": 458}], [{"x": 368, "y": 129}, {"x": 389, "y": 131}, {"x": 393, "y": 122}, {"x": 393, "y": 102}, {"x": 386, "y": 126}, {"x": 370, "y": 123}]]}
