{"type": "CGSHOP2023_Instance", "name": "maze_001", "n": 1389, "outer_boundary": [{"x": 0, "y": 0}, {"x": 100, "y": 0}, {"x": 105, "y": 40}, {"x": 101, "y": 100}, {"x": 0, "y": 104}], "holes": [[{"x": 4, "y": 4}, {"x": 4, "y": 6}, {"x": 6, "y": 6}, {"x": 6, "y": 4}], [{"x": 4, "y": 9}, {"x": 4, "y": 11}, {"x": 6, "y": 11}, {"x": 6, "y": 9}], [{"x": 3, "y": 13}, {"x": 3, "y": 16}, {"x": 7, "y": 17}, {"x": 6, "y": 14}], [{"x": 4, "y": 19}, {"x": 4, "y": 21}, {"x": 6, "y": 21}, {"x": 6, "y": 19}], [{"x": 4, "y": 24}, {"x": 4, "y": 26}, {"x": 6, "y": 26}, {"x": 6, "y": 24}], [{"x": 4, "y": 39}, {"x": 4, "y": 41}, {"x": 6, "y": 41}, {"x": 6, "y": 39}], [{"x": 4, "y": 44}, {"x": 3, "y": 46}, {"x": 6, "y": 47}, {"x": 6, "y": 43}], [{"x": 4, "y": 49}, {"x": 4, "y": 51}, {"x": 6, "y": 51}, {"x": 6, "y": 49}], [{"x": 4, "y": 54}, {"x": 4, "y": 56}, {"x": 6, "y": 56}, {"x": 6, "y": 54}], [{"x": 4, "y": 59}, {"x": 4, "y": 61}, {"x": 6, "y": 61}, {"x": 6, "y": 59}], [{"x": 4, "y": 64}, {"x": 4, "y": 66}, {"x": 6, "y": 66}, {"x": 6, "y": 64}], [{"x": 4, "y": 69}, {"x": 4, "y": 71}, {"x": 6, "y": 71}, {"x": 6, "y": 69}], [{"x": 4, "y": 74}, {"x": 4, "y": 76}, {"x": 6, "y": 76}, {"x": 6, "y": 74}], [{"x": 4, "y": 79}, {"x": 4, "y": 81}, {"x": 6, "y": 81}, {"x": 6, "y": 79}], [{"x": 4, "y": 84}, {"x": 4, "y": 86}, {"x": 6, "y": 86}, {"x": 6, "y": 84}], [{"x": 4, "y": 89}, {"x": 4, "y": 91}, {"x": 6, "y": 91}, {"x": 6, "y": 89}], [{"x": 4, "y": 94}, {"x": 4, "y": 96}, {"x": 6, "y": 96}, {"x": 6, "y": 94}], [{"x": 9, "y": 4}, {"x": 8, "y": 7}, {"x": 12, "y": 7}, {"x": 12, "y": 3}], [{"x": 9, "y": 9}, {"x": 9, "y": 11}, {"x": 11, "y": 11}, {"x": 11, "y": 9}], [{"x": 9, "y": 14}, {"x": 9, "y": 16}, {"x": 11, "y": 16}, {"x": 11, "y": 14}], [{"x": 9, "y": 19}, {"x": 9, "y": 21}, {"x": 11, "y": 21}, {"x": 11, "y": 19}], [{"x": 8, "y": 24}, {"x": 9, "y": 27}, {"x": 11, "y": 27}, {"x": 12, "y": 24}], [{"x": 9, "y": 29}, {"x": 9, "y": 31}, {"x": 11, "y": 31}, {"x": 11, "y": 29}], [{"x": 9, "y": 34}, {"x": 9, "y": 36}, {"x": 11, "y": 36}, {"x": 11, "y": 34}], [{"x": 9, "y": 39}, {"x": 9, "y": 41}, {"x": 11, "y": 41}, {"x": 11, "y": 39}], [{"x": 9, "y": 44}, {"x": 9, "y": 46}, {"x": 11, "y": 46}, {"x": 11, "y": 44}], [{"x": 9, "y": 49}, {"x": 9, "y": 51}, {"x": 11, "y": 51}, {"x": 11, "y": 49}], [{"x": 9, "y": 54}, {"x": 9, "y": 56}, {"x": 11, "y": 56}, {"x": 11, "y": 54}], [{"x": 9, "y": 58}, {"x": 9, "y": 61}, {"x": 12, "y": 61}, {"x": 11, "y": 58}], [{"x": 9, "y": 64}, {"x": 9, "y": 66}, {"x": 11, "y": 66}, {"x": 11, "y": 64}], [{"x": 9, "y": 69}, {"x": 9, "y": 71}, {"x": 11, "y": 71}, {"x": 11, "y": 69}], [{"x": 9, "y": 74}, {"x": 9, "y": 76}, {"x": 11, "y": 76}, {"x": 11, "y": 74}], [{"x": 9, "y": 79}, {"x": 9, "y": 81}, {"x": 12, "y": 82}, {"x": 12, "y": 78}], [{"x": 9, "y": 84}, {"x": 9, "y": 86}, {"x": 11, "y": 86}, {"x": 11, "y": 84}], [{"x": 9, "y": 89}, {"x": 9, "y": 91}, {"x": 11, "y": 91}, {"x": 11, "y": 89}], [{"x": 9, "y": 94}, {"x": 9, "y": 96}, {"x": 11, "y": 96}, {"x": 11, "y": 94}], [{"x": 14, "y": 4}, {"x": 14, "y": 6}, {"x": 16, "y": 6}, {"x": 16, "y": 4}], [{"x": 13, "y": 9}, {"x": 14, "y": 12}, {"x": 17, "y": 12}, {"x": 16, "y": 9}], [{"x": 14, "y": 14}, {"x": 14, "y": 16}, {"x": 16, "y": 16}, {"x": 16, "y": 14}], [{"x": 14, "y": 19}, {"x": 14, "y": 21}, {"x": 16, "y": 21}, {"x": 16, "y": 19}], [{"x": 14, "y": 23}, {"x": 13, "y": 26}, {"x": 17, "y": 26}, {"x": 17, "y": 24}], [{"x": 14, "y": 29}, {"x": 14, "y": 31}, {"x": 16, "y": 31}, {"x": 16, "y": 29}], [{"x": 14, "y": 34}, {"x": 14, "y": 36}, {"x": 16, "y": 36}, {"x": 16, "y": 34}], [{"x": 14, "y": 39}, {"x": 14, "y": 41}, {"x": 16, "y": 41}, {"x": 16, "y": 39}], [{"x": 14, "y": 44}, {"x": 14, "y": 46}, {"x": 16, "y": 46}, {"x": 17, "y": 43}], [{"x": 14, "y": 49}, {"x": 14, "y": 51}, {"x": 16, "y": 51}, {"x": 16, "y": 49}], [{"x": 14, "y": 54}, {"x": 14, "y": 56}, {"x": 16, "y": 56}, {"x": 16, "y": 54}], [{"x": 14, "y": 64}, {"x": 14, "y": 66}, {"x": 16, "y": 66}, {"x": 16, "y": 64}], [{"x": 14, "y": 69}, {"x": 14, "y": 71}, {"x": 16, "y": 71}, {"x": 16, "y": 69}], [{"x": 14, "y": 74}, {"x": 14, "y": 76}, {"x": 16, "y": 76}, {"x": 16, "y": 74}], [{"x": 14, "y": 79}, {"x": 14, "y": 81}, {"x": 16, "y": 81}, {"x": 16, "y": 79}], [{"x": 14, "y": 84}, {"x": 14, "y": 86}, {"x": 16, "y": 86}, {"x": 16, "y": 84}], [{"x": 14, "y": 89}, {"x": 14, "y": 91}, {"x": 16, "y": 91}, {"x": 16, "y": 89}], [{"x": 14, "y": 94}, {"x": 14, "y": 96}, {"x": 16, "y": 96}, {"x": 16, "y": 94}], [{"x": 19, "y": 4}, {"x": 19, "y": 6}, {"x": 21, "y": 6}, {"x": 21, "y": 4}], [{"x": 19, "y": 9}, {"x": 19, "y": 11}, {"x": 21, "y": 11}, {"x": 21, "y": 9}], [{"x": 19, "y": 14}, {"x": 19, "y": 16}, {"x": 21, "y": 16}, {"x": 21, "y": 14}], [{"x": 19, "y": 24}, {"x": 19, "y": 26}, {"x": 21, "y": 26}, {"x": 21, "y": 24}], [{"x": 19, "y": 34}, {"x": 19, "y": 36}, {"x": 21, "y": 36}, {"x": 21, "y": 34}], [{"x": 19, "y": 39}, {"x": 19, "y": 41}, {"x": 21, "y": 41}, {"x": 21, "y": 39}], [{"x": 19, "y": 44}, {"x": 19, "y": 46}, {"x": 21, "y": 46}, {"x": 21, "y": 44}], [{"x": 19, "y": 49}, {"x": 19, "y": 51}, {"x": 21, "y": 51}, {"x": 21, "y": 49}], [{"x": 19, "y": 54}, {"x": 19, "y": 56}, {"x": 21, "y": 56}, {"x": 21, "y": 54}], [{"x": 19, "y": 59}, {"x": 19, "y": 61}, {"x": 21, "y": 61}, {"x": 21, "y": 59}], [{"x": 18, "y": 63}, {"x": 19, "y": 67}, {"x": 22, "y": 66}, {"x": 21, "y": 64}], [{"x": 19, "y": 69}, {"x": 19, "y": 71}, {"x": 21, "y": 71}, {"x": 21, "y": 69}], [{"x": 19, "y": 74}, {"x": 19, "y": 76}, {"x": 21, "y": 76}, {"x": 21, "y": 74}], [{"x": 18, "y": 78}, {"x": 19, "y": 81}, {"x": 21, "y": 82}, {"x": 22, "y": 78}], [{"x": 19, "y": 84}, {"x": 19, "y": 86}, {"x": 21, "y": 86}, {"x": 21, "y": 84}], [{"x": 19, "y": 89}, {"x": 19, "y": 91}, {"x": 21, "y": 91}, {"x": 21, "y": 89}], [{"x": 19, "y": 94}, {"x": 19, "y": 96}, {"x": 21, "y": 96}, {"x": 21, "y": 94}], [{"x": 24, "y": 4}, {"x": 24, "y": 6}, {"x": 26, "y": 6}, {"x": 26, "y": 4}], [{"x": 24, "y": 9}, {"x": 24, "y": 11}, {"x": 26, "y": 11}, {"x": 26, "y": 9}], [{"x": 24, "y": 14}, {"x": 24, "y": 16}, {"x": 26, "y": 16}, {"x": 26, "y": 14}], [{"x": 24, "y": 19}, {"x": 24, "y": 21}, {"x": 26, "y": 21}, {"x": 26, "y": 19}], [{"x": 24, "y": 24}, {"x": 24, "y": 26}, {"x": 26, "y": 26}, {"x": 26, "y": 24}], [{"x": 24, "y": 29}, {"x": 24, "y": 31}, {"x": 26, "y": 31}, {"x": 26, "y": 29}], [{"x": 24, "y": 34}, {"x": 24, "y": 36}, {"x": 26, "y": 36}, {"x": 26, "y": 34}], [{"x": 23, "y": 38}, {"x": 24, "y": 42}, {"x": 26, "y": 42}, {"x": 26, "y": 38}], [{"x": 24, "y": 44}, {"x": 24, "y": 46}, {"x": 26, "y": 46}, {"x": 26, "y": 44}], [{"x": 23, "y": 49}, {"x": 24, "y": 51}, {"x": 27, "y": 52}, {"x": 26, "y": 48}], [{"x": 24, "y": 54}, {"x": 24, "y": 56}, {"x": 26, "y": 56}, {"x": 26, "y": 54}], [{"x": 24, "y": 59}, {"x": 24, "y": 61}, {"x": 26, "y": 61}, {"x": 26, "y": 59}], [{"x": 24, "y": 64}, {"x": 24, "y": 66}, {"x": 26, "y": 66}, {"x": 26, "y": 64}], [{"x": 24, "y": 69}, {"x": 24, "y": 71}, {"x": 26, "y": 71}, {"x": 26, "y": 69}], [{"x": 24, "y": 74}, {"x": 24, "y": 76}, {"x": 26, "y": 76}, {"x": 26, "y": 74}], [{"x": 24, "y": 79}, {"x": 24, "y": 81}, {"x": 26, "y": 81}, {"x": 26, "y": 79}], [{"x": 24, "y": 89}, {"x": 24, "y": 91}, {"x": 26, "y": 91}, {"x": 26, "y": 89}], [{"x": 24, "y": 94}, {"x": 24, "y": 96}, {"x": 26, "y": 96}, {"x": 26, "y": 94}], [{"x": 29, "y": 4}, {"x": 29, "y": 6}, {"x": 31, "y": 6}, {"x": 31, "y": 4}], [{"x": 29, "y": 9}, {"x": 29, "y": 11}, {"x": 31, "y": 11}, {"x": 31, "y": 9}], [{"x": 29, "y": 14}, {"x": 29, "y": 16}, {"x": 31, "y": 16}, {"x": 31, "y": 14}], [{"x": 29, "y": 19}, {"x": 29, "y": 21}, {"x": 31, "y": 21}, {"x": 31, "y": 19}], [{"x": 29, "y": 24}, {"x": 29, "y": 26}, {"x": 31, "y": 26}, {"x": 31, "y": 24}], [{"x": 29, "y": 29}, {"x": 29, "y": 31}, {"x": 31, "y": 31}, {"x": 31, "y": 29}], [{"x": 29, "y": 34}, {"x": 29, "y": 36}, {"x": 31, "y": 36}, {"x": 31, "y": 34}], [{"x": 29, "y": 39}, {"x": 29, "y": 41}, {"x": 31, "y": 41}, {"x": 31, "y": 39}], [{"x": 29, "y": 44}, {"x": 29, "y": 46}, {"x": 31, "y": 46}, {"x": 31, "y": 44}], [{"x": 29, "y": 49}, {"x": 29, "y": 51}, {"x": 31, "y": 51}, {"x": 31, "y": 49}], [{"x": 29, "y": 54}, {"x": 29, "y": 56}, {"x": 31, "y": 56}, {"x": 31, "y": 54}], [{"x": 29, "y": 59}, {"x": 29, "y": 61}, {"x": 31, "y": 61}, {"x": 31, "y": 59}], [{"x": 29, "y": 64}, {"x": 29, "y": 66}, {"x": 31, "y": 66}, {"x": 31, "y": 64}], [{"x": 29, "y": 69}, {"x": 29, "y": 71}, {"x": 31, "y": 71}, {"x": 31, "y": 69}], [{"x": 29, "y": 73}, {"x": 28, "y": 77}, {"x": 31, "y": 77}, {"x": 31, "y": 73}], [{"x": 29, "y": 79}, {"x": 29, "y": 81}, {"x": 31, "y": 81}, {"x": 31, "y": 79}], [{"x": 29, "y": 84}, {"x": 29, "y": 86}, {"x": 31, "y": 86}, {"x": 31, "y": 84}], [{"x": 29, "y": 89}, {"x": 29, "y": 91}, {"x": 31, "y": 91}, {"x": 31, "y": 89}], [{"x": 34, "y": 4}, {"x": 34, "y": 6}, {"x": 36, "y": 6}, {"x": 36, "y": 4}], [{"x": 34, "y": 9}, {"x": 34, "y": 11}, {"x": 36, "y": 11}, {"x": 36, "y": 9}], [{"x": 34, "y": 14}, {"x": 34, "y": 16}, {"x": 36, "y": 16}, {"x": 36, "y": 14}], [{"x": 34, "y": 19}, {"x": 34, "y": 21}, {"x": 36, "y": 21}, {"x": 36, "y": 19}], [{"x": 34, "y": 24}, {"x": 34, "y": 26}, {"x": 36, "y": 26}, {"x": 36, "y": 24}], [{"x": 34, "y": 28}, {"x": 34, "y": 31}, {"x": 37, "y": 31}, {"x": 37, "y": 29}], [{"x": 34, "y": 34}, {"x": 34, "y": 36}, {"x": 36, "y": 36}, {"x": 36, "y": 34}], [{"x": 34, "y": 39}, {"x": 34, "y": 41}, {"x": 36, "y": 41}, {"x": 36, "y": 39}], [{"x": 34, "y": 44}, {"x": 34, "y": 46}, {"x": 36, "y": 46}, {"x": 36, "y": 44}], [{"x": 34, "y": 49}, {"x": 34, "y": 51}, {"x": 36, "y": 51}, {"x": 36, "y": 49}], [{"x": 34, "y": 54}, {"x": 34, "y": 56}, {"x": 36, "y": 56}, {"x": 36, "y": 54}], [{"x": 34, "y": 59}, {"x": 33, "y": 61}, {"x": 37, "y": 62}, {"x": 37, "y": 58}], [{"x": 34, "y": 64}, {"x": 34, "y": 66}, {"x": 36, "y": 66}, {"x": 36, "y": 64}], [{"x": 34, "y": 69}, {"x": 34, "y": 71}, {"x": 36, "y": 71}, {"x": 36, "y": 69}], [{"x": 34, "y": 79}, {"x": 34, "y": 81}, {"x": 36, "y": 81}, {"x": 36, "y": 79}], [{"x": 34, "y": 84}, {"x": 34, "y": 86}, {"x": 36, "y": 86}, {"x": 36, "y": 84}], [{"x": 34, "y": 89}, {"x": 34, "y": 91}, {"x": 36, "y": 91}, {"x": 36, "y": 89}], [{"x": 34, "y": 94}, {"x": 34, "y": 96}, {"x": 36, "y": 96}, {"x": 36, "y": 94}], [{"x": 39, "y": 4}, {"x": 39, "y": 6}, {"x": 41, "y": 6}, {"x": 41, "y": 4}], [{"x": 39, "y": 14}, {"x": 39, "y": 16}, {"x": 41, "y": 16}, {"x": 41, "y": 14}], [{"x": 39, "y": 19}, {"x": 39, "y": 21}, {"x": 41, "y": 21}, {"x": 41, "y": 19}], [{"x": 39, "y": 24}, {"x": 39, "y": 26}, {"x": 41, "y": 26}, {"x": 41, "y": 24}], [{"x": 39, "y": 29}, {"x": 39, "y": 31}, {"x": 41, "y": 31}, {"x": 41, "y": 29}], [{"x": 39, "y": 34}, {"x": 39, "y": 36}, {"x": 41, "y": 36}, {"x": 41, "y": 34}], [{"x": 39, "y": 39}, {"x": 39, "y": 42}, {"x": 41, "y": 42}, {"x": 41, "y": 38}], [{"x": 39, "y": 44}, {"x": 39, "y": 46}, {"x": 41, "y": 46}, {"x": 41, "y": 44}], [{"x": 39, "y": 49}, {"x": 39, "y": 51}, {"x": 41, "y": 51}, {"x": 41, "y": 49}], [{"x": 39, "y": 54}, {"x": 39, "y": 56}, {"x": 41, "y": 56}, {"x": 41, "y": 54}], [{"x": 39, "y": 59}, {"x": 39, "y": 61}, {"x": 41, "y": 61}, {"x": 41, "y": 59}], [{"x": 39, "y": 64}, {"x": 39, "y": 66}, {"x": 41, "y": 66}, {"x": 41, "y": 64}], [{"x": 39, "y": 69}, {"x": 39, "y": 71}, {"x": 41, "y": 71}, {"x": 41, "y": 69}], [{"x": 39, "y": 74}, {"x": 39, "y": 76}, {"x": 41, "y": 76}, {"x": 41, "y": 74}], [{"x": 38, "y": 83}, {"x": 38, "y": 87}, {"x": 41, "y": 87}, {"x": 42, "y": 84}], [{"x": 39, "y": 89}, {"x": 38, "y": 91}, {"x": 42, "y": 92}, {"x": 42, "y": 88}], [{"x": 43, "y": 4}, {"x": 43, "y": 6}, {"x": 46, "y": 7}, {"x": 46, "y": 3}], [{"x": 44, "y": 9}, {"x": 44, "y": 11}, {"x": 46, "y": 11}, {"x": 46, "y": 9}], [{"x": 44, "y": 14}, {"x": 44, "y": 16}, {"x": 46, "y": 16}, {"x": 46, "y": 14}], [{"x": 44, "y": 24}, {"x": 44, "y": 26}, {"x": 46, "y": 26}, {"x": 46, "y": 24}], [{"x": 44, "y": 29}, {"x": 43, "y": 31}, {"x": 47, "y": 31}, {"x": 47, "y": 29}], [{"x": 44, "y": 34}, {"x": 44, "y": 36}, {"x": 46, "y": 36}, {"x": 46, "y": 34}], [{"x": 44, "y": 39}, {"x": 44, "y": 41}, {"x": 46, "y": 41}, {"x": 46, "y": 39}], [{"x": 44, "y": 44}, {"x": 44, "y": 46}, {"x": 46, "y": 46}, {"x": 46, "y": 44}], [{"x": 44, "y": 49}, {"x": 44, "y": 51}, {"x": 46, "y": 51}, {"x": 46, "y": 49}], [{"x": 44, "y": 54}, {"x": 44, "y": 56}, {"x": 46, "y": 56}, {"x": 46, "y": 54}], [{"x": 44, "y": 59}, {"x": 44, "y": 61}, {"x": 46, "y": 61}, {"x": 46, "y": 59}], [{"x": 44, "y": 64}, {"x": 44, "y": 66}, {"x": 46, "y": 66}, {"x": 46, "y": 64}], [{"x": 44, "y": 69}, {"x": 44, "y": 71}, {"x": 46, "y": 71}, {"x": 46, "y": 69}], [{"x": 44, "y": 74}, {"x": 44, "y": 76}, {"x": 46, "y": 76}, {"x": 46, "y": 74}], [{"x": 44, "y": 79}, {"x": 44, "y": 81}, {"x": 46, "y": 81}, {"x": 46, "y": 79}], [{"x": 44, "y": 84}, {"x": 44, "y": 87}, {"x": 47, "y": 86}, {"x": 46, "y": 83}], [{"x": 44, "y": 89}, {"x": 44, "y": 91}, {"x": 46, "y": 91}, {"x": 46, "y": 89}], [{"x": 44, "y": 94}, {"x": 44, "y": 96}, {"x": 46, "y": 96}, {"x": 46, "y": 94}], [{"x": 49, "y": 3}, {"x": 49, "y": 7}, {"x": 51, "y": 6}, {"x": 52, "y": 4}], [{"x": 49, "y": 9}, {"x": 49, "y": 11}, {"x": 51, "y": 11}, {"x": 51, "y": 9}], [{"x": 49, "y": 14}, {"x": 49, "y": 16}, {"x": 51, "y": 16}, {"x": 51, "y": 14}], [{"x": 49, "y": 19}, {"x": 49, "y": 21}, {"x": 51, "y": 21}, {"x": 51, "y": 19}], [{"x": 49, "y": 24}, {"x": 49, "y": 26}, {"x": 51, "y": 26}, {"x": 51, "y": 24}], [{"x": 49, "y": 29}, {"x": 49, "y": 31}, {"x": 51, "y": 31}, {"x": 51, "y": 29}], [{"x": 49, "y": 34}, {"x": 49, "y": 36}, {"x": 51, "y": 36}, {"x": 51, "y": 34}], [{"x": 49, "y": 39}, {"x": 49, "y": 41}, {"x": 51, "y": 41}, {"x": 51, "y": 39}], [{"x": 49, "y": 44}, {"x": 49, "y": 46}, {"x": 51, "y": 46}, {"x": 51, "y": 44}], [{"x": 49, "y": 49}, {"x": 49, "y": 51}, {"x": 51, "y": 51}, {"x": 51, "y": 49}], [{"x": 49, "y": 54}, {"x": 49, "y": 56}, {"x": 51, "y": 56}, {"x": 51, "y": 54}], [{"x": 49, "y": 59}, {"x": 49, "y": 61}, {"x": 51, "y": 61}, {"x": 51, "y": 59}], [{"x": 49, "y": 63}, {"x": 48, "y": 66}, {"x": 51, "y": 67}, {"x": 51, "y": 64}], [{"x": 49, "y": 69}, {"x": 49, "y": 71}, {"x": 52, "y": 71}, {"x": 51, "y": 69}], [{"x": 49, "y": 74}, {"x": 49, "y": 76}, {"x": 51, "y": 76}, {"x": 51, "y": 74}], [{"x": 49, "y": 79}, {"x": 49, "y": 81}, {"x": 51, "y": 81}, {"x": 51, "y": 79}], [{"x": 49, "y": 84}, {"x": 49, "y": 86}, {"x": 51, "y": 86}, {"x": 51, "y": 84}], [{"x": 49, "y": 89}, {"x": 49, "y": 91}, {"x": 51, "y": 91}, {"x": 51, "y": 89}], [{"x": 48, "y": 94}, {"x": 48, "y": 96}, {"x": 52, "y": 96}, {"x": 51, "y": 93}], [{"x": 54, "y": 4}, {"x": 54, "y": 6}, {"x": 56, "y": 6}, {"x": 56, "y": 4}], [{"x": 54, "y": 9}, {"x": 54, "y": 11}, {"x": 57, "y": 12}, {"x": 56, "y": 9}], [{"x": 54, "y": 14}, {"x": 54, "y": 16}, {"x": 56, "y": 16}, {"x": 56, "y": 14}], [{"x": 54, "y": 19}, {"x": 54, "y": 21}, {"x": 56, "y": 21}, {"x": 56, "y": 19}], [{"x": 54, "y": 24}, {"x": 54, "y": 26}, {"x": 56, "y": 26}, {"x": 56, "y": 24}], [{"x": 54, "y": 29}, {"x": 54, "y": 31}, {"x": 56, "y": 31}, {"x": 56, "y": 29}], [{"x": 54, "y": 34}, {"x": 54, "y": 36}, {"x": 56, "y": 36}, {"x": 56, "y": 34}], [{"x": 54, "y": 39}, {"x": 54, "y": 41}, {"x": 56, "y": 41}, {"x": 56, "y": 39}], [{"x": 54, "y": 49}, {"x": 54, "y": 51}, {"x": 56, "y": 51}, {"x": 56, "y": 49}], [{"x": 54, "y": 54}, {"x": 54, "y": 56}, {"x": 56, "y": 56}, {"x": 56, "y": 54}], [{"x": 54, "y": 59}, {"x": 54, "y": 61}, {"x": 56, "y": 61}, {"x": 56, "y": 59}], [{"x": 54, "y": 63}, {"x": 54, "y": 67}, {"x": 57, "y": 67}, {"x": 57, "y": 64}], [{"x": 54, "y": 69}, {"x": 54, "y": 71}, {"x": 56, "y": 71}, {"x": 56, "y": 69}], [{"x": 54, "y": 74}, {"x": 54, "y": 76}, {"x": 56, "y": 76}, {"x": 56, "y": 74}], [{"x": 54, "y": 79}, {"x": 54, "y": 81}, {"x": 56, "y": 81}, {"x": 56, "y": 79}], [{"x": 54, "y": 84}, {"x": 54, "y": 86}, {"x": 56, "y": 86}, {"x": 56, "y": 84}], [{"x": 54, "y": 89}, {"x": 54, "y": 91}, {"x": 56, "y": 91}, {"x": 56, "y": 89}], [{"x": 54, "y": 94}, {"x": 54, "y": 96}, {"x": 56, "y": 96}, {"x": 56, "y": 94}], [{"x": 59, "y": 4}, {"x": 59, "y": 6}, {"x": 61, "y": 6}, {"x": 61, "y": 4}], [{"x": 59, "y": 9}, {"x": 59, "y": 11}, {"x": 61, "y": 11}, {"x": 61, "y": 9}], [{"x": 59, "y": 14}, {"x": 59, "y": 16}, {"x": 61, "y": 16}, {"x": 61, "y": 14}], [{"x": 59, "y": 19}, {"x": 59, "y": 21}, {"x": 61, "y": 21}, {"x": 61, "y": 19}], [{"x": 59, "y": 24}, {"x": 59, "y": 26}, {"x": 61, "y": 26}, {"x": 61, "y": 24}], [{"x": 59, "y": 29}, {"x": 59, "y": 31}, {"x": 61, "y": 31}, {"x": 61, "y": 29}], [{"x": 59, "y": 33}, {"x": 59, "y": 37}, {"x": 62, "y": 36}, {"x": 62, "y": 34}], [{"x": 59, "y": 39}, {"x": 59, "y": 41}, {"x": 61, "y": 41}, {"x": 61, "y": 39}], [{"x": 59, "y": 43}, {"x": 59, "y": 46}, {"x": 62, "y": 47}, {"x": 62, "y": 44}], [{"x": 59, "y": 49}, {"x": 59, "y": 51}, {"x": 61, "y": 51}, {"x": 61, "y": 49}], [{"x": 59, "y": 54}, {"x": 59, "y": 56}, {"x": 61, "y": 56}, {"x": 61, "y": 54}], [{"x": 59, "y": 59}, {"x": 59, "y": 61}, {"x": 61, "y": 61}, {"x": 61, "y": 59}], [{"x": 59, "y": 64}, {"x": 59, "y": 66}, {"x": 61, "y": 66}, {"x": 61, "y": 64}], [{"x": 59, "y": 69}, {"x": 59, "y": 71}, {"x": 61, "y": 71}, {"x": 61, "y": 69}], [{"x": 59, "y": 74}, {"x": 59, "y": 76}, {"x": 61, "y": 76}, {"x": 61, "y": 74}], [{"x": 59, "y": 79}, {"x": 59, "y": 81}, {"x": 61, "y": 81}, {"x": 61, "y": 79}], [{"x": 58, "y": 84}, {"x": 58, "y": 87}, {"x": 62, "y": 86}, {"x": 62, "y": 83}], [{"x": 59, "y": 89}, {"x": 59, "y": 91}, {"x": 61, "y": 91}, {"x": 61, "y": 89}], [{"x": 59, "y": 94}, {"x": 59, "y": 96}, {"x": 61, "y": 96}, {"x": 61, "y": 94}], [{"x": 64, "y": 4}, {"x": 64, "y": 6}, {"x": 66, "y": 6}, {"x": 66, "y": 4}], [{"x": 64, "y": 9}, {"x": 64, "y": 11}, {"x": 66, "y": 11}, {"x": 66, "y": 9}], [{"x": 64, "y": 14}, {"x": 64, "y": 16}, {"x": 66, "y": 16}, {"x": 66, "y": 14}], [{"x": 64, "y": 19}, {"x": 64, "y": 21}, {"x": 66, "y": 21}, {"x": 66, "y": 19}], [{"x": 64, "y": 24}, {"x": 64, "y": 26}, {"x": 66, "y": 26}, {"x": 66, "y": 24}], [{"x": 64, "y": 29}, {"x": 64, "y": 31}, {"x": 66, "y": 31}, {"x": 66, "y": 29}], [{"x": 63, "y": 33}, {"x": 64, "y": 37}, {"x": 67, "y": 37}, {"x": 67, "y": 33}], [{"x": 64, "y": 39}, {"x": 64, "y": 41}, {"x": 66, "y": 41}, {"x": 66, "y": 39}], [{"x": 64, "y": 44}, {"x": 64, "y": 46}, {"x": 66, "y": 46}, {"x": 66, "y": 44}], [{"x": 63, "y": 48}, {"x": 63, "y": 52}, {"x": 67, "y": 51}, {"x": 66, "y": 48}], [{"x": 63, "y": 54}, {"x": 63, "y": 57}, {"x": 66, "y": 56}, {"x": 66, "y": 53}], [{"x": 63, "y": 58}, {"x": 64, "y": 62}, {"x": 66, "y": 62}, {"x": 67, "y": 58}], [{"x": 64, "y": 64}, {"x": 64, "y": 66}, {"x": 66, "y": 66}, {"x": 66, "y": 64}], [{"x": 64, "y": 69}, {"x": 64, "y": 71}, {"x": 66, "y": 71}, {"x": 66, "y": 69}], [{"x": 64, "y": 74}, {"x": 64, "y": 76}, {"x": 66, "y": 76}, {"x": 66, "y": 74}], [{"x": 64, "y": 79}, {"x": 64, "y": 81}, {"x": 66, "y": 81}, {"x": 66, "y": 79}], [{"x": 64, "y": 84}, {"x": 64, "y": 86}, {"x": 66, "y": 86}, {"x": 66, "y": 84}], [{"x": 64, "y": 89}, {"x": 64, "y": 91}, {"x": 66, "y": 91}, {"x": 66, "y": 89}], [{"x": 64, "y": 94}, {"x": 64, "y": 96}, {"x": 66, "y": 96}, {"x": 66, "y": 94}], [{"x": 69, "y": 4}, {"x": 69, "y": 6}, {"x": 71, "y": 6}, {"x": 71, "y": 4}], [{"x": 68, "y": 8}, {"x": 68, "y": 12}, {"x": 72, "y": 11}, {"x": 72, "y": 9}], [{"x": 69, "y": 14}, {"x": 69, "y": 16}, {"x": 71, "y": 16}, {"x": 71, "y": 14}], [{"x": 69, "y": 19}, {"x": 69, "y": 21}, {"x": 71, "y": 21}, {"x": 71, "y": 19}], [{"x": 69, "y": 24}, {"x": 69, "y": 26}, {"x": 71, "y": 26}, {"x": 71, "y": 24}], [{"x": 69, "y": 29}, {"x": 69, "y": 31}, {"x": 71, "y": 31}, {"x": 71, "y": 29}], [{"x": 69, "y": 34}, {"x": 69, "y": 36}, {"x": 71, "y": 36}, {"x": 71, "y": 34}], [{"x": 69, "y": 39}, {"x": 69, "y": 41}, {"x": 71, "y": 41}, {"x": 71, "y": 39}], [{"x": 69, "y": 44}, {"x": 69, "y": 46}, {"x": 71, "y": 46}, {"x": 71, "y": 44}], [{"x": 69, "y": 48}, {"x": 68, "y": 51}, {"x": 71, "y": 52}, {"x": 72, "y": 48}], [{"x": 69, "y": 54}, {"x": 69, "y": 56}, {"x": 71, "y": 56}, {"x": 71, "y": 54}], [{"x": 69, "y": 59}, {"x": 69, "y": 61}, {"x": 71, "y": 61}, {"x": 71, "y": 59}], [{"x": 69, "y": 64}, {"x": 69, "y": 66}, {"x": 71, "y": 66}, {"x": 71, "y": 64}], [{"x": 69, "y": 69}, {"x": 69, "y": 71}, {"x": 71, "y": 71}, {"x": 71, "y": 69}], [{"x": 69, "y": 74}, {"x": 69, "y": 76}, {"x": 71, "y": 76}, {"x": 71, "y": 74}], [{"x": 69, "y": 79}, {"x": 69, "y": 81}, {"x": 71, "y": 81}, {"x": 71, "y": 79}], [{"x": 68, "y": 84}, {"x": 68, "y": 86}, {"x": 71, "y": 86}, {"x": 72, "y": 83}], [{"x": 69, "y": 89}, {"x": 69, "y": 91}, {"x": 71, "y": 91}, {"x": 71, "y": 89}], [{"x": 69, "y": 94}, {"x": 69, "y": 96}, {"x": 71, "y": 96}, {"x": 71, "y": 94}], [{"x": 73, "y": 4}, {"x": 73, "y": 6}, {"x": 76, "y": 6}, {"x": 76, "y": 4}], [{"x": 74, "y": 9}, {"x": 74, "y": 11}, {"x": 76, "y": 11}, {"x": 76, "y": 9}], [{"x": 74, "y": 14}, {"x": 73, "y": 17}, {"x": 76, "y": 17}, {"x": 76, "y": 14}], [{"x": 74, "y": 19}, {"x": 74, "y": 21}, {"x": 76, "y": 21}, {"x": 76, "y": 19}], [{"x": 74, "y": 24}, {"x": 74, "y": 26}, {"x": 76, "y": 26}, {"x": 76, "y": 24}], [{"x": 74, "y": 29}, {"x": 74, "y": 31}, {"x": 76, "y": 31}, {"x": 76, "y": 29}], [{"x": 74, "y": 34}, {"x": 74, "y": 36}, {"x": 76, "y": 36}, {"x": 76, "y": 34}], [{"x": 74, "y": 39}, {"x": 74, "y": 41}, {"x": 76, "y": 41}, {"x": 76, "y": 39}], [{"x": 74, "y": 44}, {"x": 74, "y": 46}, {"x": 76, "y": 46}, {"x": 76, "y": 44}], [{"x": 74, "y": 49}, {"x": 74, "y": 51}, {"x": 76, "y": 51}, {"x": 76, "y": 49}], [{"x": 74, "y": 54}, {"x": 74, "y": 56}, {"x": 76, "y": 56}, {"x": 76, "y": 54}], [{"x": 73, "y": 59}, {"x": 73, "y": 62}, {"x": 76, "y": 62}, {"x": 77, "y": 58}], [{"x": 74, "y": 64}, {"x": 74, "y": 66}, {"x": 76, "y": 66}, {"x": 76, "y": 64}], [{"x": 74, "y": 69}, {"x": 74, "y": 71}, {"x": 76, "y": 71}, {"x": 76, "y": 69}], [{"x": 73, "y": 73}, {"x": 74, "y": 77}, {"x": 76, "y": 77}, {"x": 77, "y": 73}], [{"x": 74, "y": 79}, {"x": 74, "y": 81}, {"x": 76, "y": 81}, {"x": 76, "y": 79}], [{"x": 74, "y": 84}, {"x": 74, "y": 86}, {"x": 76, "y": 86}, {"x": 76, "y": 84}], [{"x": 74, "y": 89}, {"x": 74, "y": 91}, {"x": 76, "y": 91}, {"x": 76, "y": 89}], [{"x": 74, "y": 94}, {"x": 74, "y": 96}, {"x": 76, "y": 96}, {"x": 76, "y": 94}], [{"x": 79, "y": 4}, {"x": 79, "y": 6}, {"x": 81, "y": 6}, {"x": 81, "y": 4}], [{"x": 79, "y": 9}, {"x": 79, "y": 11}, {"x": 82, "y": 12}, {"x": 81, "y": 9}], [{"x": 79, "y": 14}, {"x": 79, "y": 16}, {"x": 81, "y": 16}, {"x": 81, "y": 14}], [{"x": 79, "y": 19}, {"x": 79, "y": 21}, {"x": 82, "y": 22}, {"x": 82, "y": 18}], [{"x": 78, "y": 23}, {"x": 78, "y": 26}, {"x": 82, "y": 26}, {"x": 82, "y": 24}], [{"x": 79, "y": 29}, {"x": 79, "y": 31}, {"x": 81, "y": 31}, {"x": 81, "y": 29}], [{"x": 79, "y": 34}, {"x": 79, "y": 36}, {"x": 81, "y": 36}, {"x": 81, "y": 34}], [{"x": 79, "y": 39}, {"x": 79, "y": 41}, {"x": 81, "y": 41}, {"x": 81, "y": 39}], [{"x": 79, "y": 44}, {"x": 79, "y": 46}, {"x": 81, "y": 46}, {"x": 81, "y": 44}], [{"x": 79, "y": 49}, {"x": 79, "y": 51}, {"x": 81, "y": 51}, {"x": 81, "y": 49}], [{"x": 79, "y": 59}, {"x": 79, "y": 61}, {"x": 81, "y": 61}, {"x": 81, "y": 59}], [{"x": 79, "y": 64}, {"x": 79, "y": 66}, {"x": 81, "y": 66}, {"x": 81, "y": 64}], [{"x": 79, "y": 69}, {"x": 79, "y": 71}, {"x": 81, "y": 71}, {"x": 81, "y": 69}], [{"x": 79, "y": 74}, {"x": 79, "y": 76}, {"x": 81, "y": 76}, {"x": 81, "y": 74}], [{"x": 79, "y": 84}, {"x": 79, "y": 86}, {"x": 81, "y": 86}, {"x": 81, "y": 84}], [{"x": 79, "y": 89}, {"x": 79, "y": 91}, {"x": 81, "y": 91}, {"x": 81, "y": 89}], [{"x": 79, "y": 94}, {"x": 79, "y": 96}, {"x": 81, "y": 96}, {"x": 81, "y": 94}], [{"x": 84, "y": 4}, {"x": 84, "y": 6}, {"x": 86, "y": 6}, {"x": 86, "y": 4}], [{"x": 84, "y": 9}, {"x": 84, "y": 11}, {"x": 86, "y": 11}, {"x": 86, "y": 9}], [{"x": 84, "y": 14}, {"x": 84, "y": 16}, {"x": 86, "y": 16}, {"x": 86, "y": 14}], [{"x": 84, "y": 19}, {"x": 84, "y": 21}, {"x": 86, "y": 21}, {"x": 86, "y": 19}], [{"x": 84, "y": 24}, {"x": 84, "y": 26}, {"x": 86, "y": 26}, {"x": 86, "y": 24}], [{"x": 83, "y": 29}, {"x": 84, "y": 31}, {"x": 87, "y": 32}, {"x": 86, "y": 29}], [{"x": 84, "y": 34}, {"x": 84, "y": 36}, {"x": 86, "y": 36}, {"x": 86, "y": 34}], [{"x": 84, "y": 39}, {"x": 84, "y": 41}, {"x": 86, "y": 41}, {"x": 86, "y": 39}], [{"x": 84, "y": 44}, {"x": 84, "y": 46}, {"x": 86, "y": 46}, {"x": 86, "y": 44}], [{"x": 84, "y": 49}, {"x": 84, "y": 51}, {"x": 86, "y": 51}, {"x": 86, "y": 49}], [{"x": 84, "y": 54}, {"x": 84, "y": 56}, {"x": 86, "y": 56}, {"x": 86, "y": 54}], [{"x": 84, "y": 59}, {"x": 83, "y": 62}, {"x": 86, "y": 62}, {"x": 87, "y": 58}], [{"x": 84, "y": 64}, {"x": 84, "y": 66}, {"x": 86, "y": 66}, {"x": 86, "y": 64}], [{"x": 83, "y": 68}, {"x": 84, "y": 72}, {"x": 86, "y": 72}, {"x": 87, "y": 69}], [{"x": 83, "y": 73}, {"x": 83, "y": 76}, {"x": 86, "y": 77}, {"x": 86, "y": 73}], [{"x": 84, "y": 79}, {"x": 84, "y": 81}, {"x": 86, "y": 81}, {"x": 86, "y": 79}], [{"x": 84, "y": 84}, {"x": 84, "y": 86}, {"x": 86, "y": 86}, {"x": 86, "y": 84}], [{"x": 83, "y": 88}, {"x": 83, "y": 91}, {"x": 86, "y": 92}, {"x": 87, "y": 89}], [{"x": 84, "y": 94}, {"x": 84, "y": 96}, {"x": 86, "y": 96}, {"x": 86, "y": 94}], [{"x": 89, "y": 4}, {"x": 89, "y": 6}, {"x": 91, "y": 6}, {"x": 91, "y": 4}], [{"x": 89, "y": 9}, {"x": 89, "y": 11}, {"x": 91, "y": 11}, {"x": 91, "y": 9}], [{"x": 89, "y": 14}, {"x": 89, "y": 16}, {"x": 91, "y": 16}, {"x": 91, "y": 14}], [{"x": 89, "y": 19}, {"x": 89, "y": 21}, {"x": 91, "y": 21}, {"x": 91, "y": 19}], [{"x": 89, "y": 24}, {"x": 89, "y": 26}, {"x": 91, "y": 26}, {"x": 91, "y": 24}], [{"x": 89, "y": 29}, {"x": 89, "y": 31}, {"x": 91, "y": 31}, {"x": 91, "y": 29}], [{"x": 89, "y": 34}, {"x": 89, "y": 36}, {"x": 91, "y": 36}, {"x": 92, "y": 34}], [{"x": 89, "y": 39}, {"x": 89, "y": 41}, {"x": 91, "y": 41}, {"x": 91, "y": 39}], [{"x": 89, "y": 44}, {"x": 89, "y": 46}, {"x": 91, "y": 46}, {"x": 91, "y": 44}], [{"x": 89, "y": 49}, {"x": 89, "y": 51}, {"x": 91, "y": 51}, {"x": 91, "y": 49}], [{"x": 89, "y": 54}, {"x": 89, "y": 56}, {"x": 91, "y": 56}, {"x": 91, "y": 54}], [{"x": 89, "y": 59}, {"x": 89, "y": 61}, {"x": 91, "y": 61}, {"x": 91, "y": 59}], [{"x": 89, "y": 64}, {"x": 89, "y": 67}, {"x": 92, "y": 66}, {"x": 92, "y": 63}], [{"x": 89, "y": 68}, {"x": 89, "y": 72}, {"x": 91, "y": 72}, {"x": 92, "y": 68}], [{"x": 89, "y": 74}, {"x": 89, "y": 76}, {"x": 91, "y": 76}, {"x": 91, "y": 74}], [{"x": 89, "y": 79}, {"x": 89, "y": 81}, {"x": 91, "y": 81}, {"x": 91, "y": 79}], [{"x": 89, "y": 84}, {"x": 89, "y": 86}, {"x": 91, "y": 86}, {"x": 91, "y": 84}], [{"x": 89, "y": 89}, {"x": 89, "y": 91}, {"x": 91, "y": 91}, {"x": 91, "y": 89}], [{"x": 89, "y": 94}, {"x": 89, "y": 96}, {"x": 91, "y": 96}, {"x": 91, "y": 94}], [{"x": 93, "y": 4}, {"x": 94, "y": 7}, {"x": 97, "y": 7}, {"x": 97, "y": 3}], [{"x": 94, "y": 9}, {"x": 94, "y": 11}, {"x": 96, "y": 11}, {"x": 96, "y": 9}], [{"x": 94, "y": 14}, {"x": 94, "y": 16}, {"x": 96, "y": 16}, {"x": 96, "y": 14}], [{"x": 93, "y": 18}, {"x": 94, "y": 21}, {"x": 96, "y": 21}, {"x": 96, "y": 18}], [{"x": 94, "y": 24}, {"x": 94, "y": 26}, {"x": 96, "y": 26}, {"x": 96, "y": 24}], [{"x": 94, "y": 29}, {"x": 94, "y": 31}, {"x": 96, "y": 31}, {"x": 96, "y": 29}], [{"x": 94, "y": 34}, {"x": 94, "y": 36}, {"x": 96, "y": 36}, {"x": 96, "y": 34}], [{"x": 94, "y": 39}, {"x": 94, "y": 41}, {"x": 96, "y": 41}, {"x": 96, "y": 39}], [{"x": 94, "y": 44}, {"x": 94, "y": 46}, {"x": 96, "y": 46}, {"x": 96, "y": 44}], [{"x": 94, "y": 49}, {"x": 94, "y": 51}, {"x": 96, "y": 51}, {"x": 96, "y": 49}], [{"x": 94, "y": 54}, {"x": 94, "y": 56}, {"x": 96, "y": 56}, {"x": 96, "y": 54}], [{"x": 94, "y": 59}, {"x": 94, "y": 61}, {"x": 96, "y": 61}, {"x": 96, "y": 59}], [{"x": 93, "y": 63}, {"x": 94, "y": 66}, {"x": 96, "y": 67}, {"x": 96, "y": 64}], [{"x": 94, "y": 69}, {"x": 94, "y": 71}, {"x": 96, "y": 71}, {"x": 96, "y": 69}], [{"x": 93, "y": 74}, {"x": 93, "y": 76}, {"x": 96, "y": 77}, {"x": 97, "y": 74}], [{"x": 94, "y": 79}, {"x": 94, "y": 81}, {"x": 96, "y": 81}, {"x": 96, "y": 79}], [{"x": 94, "y": 84}, {"x": 94, "y": 86}, {"x": 96, "y": 86}, {"x": 96, "y": 84}], [{"x": 94, "y": 89}, {"x": 94, "y": 91}, {"x": 96, "y": 91}, {"x": 96, "y": 89}], [{"x": 94, "y": 94}, {"x": 94, "y": 96}, {"x": 96, "y": 96}, {"x": 96, "y": 94}]]}
