{"type": "CGSHOP2023_Instance", "name": "srpg_iso_aligned_mc0000172", "n": 174, "outer_boundary": [{"x": 14, "y": 7}, {"x": 14, "y": 6}, {"x": 12, "y": 6}, {"x": 12, "y": 7}, {"x": 13, "y": 7}, {"x": 13, "y": 8}, {"x": 14, "y": 8}, {"x": 14, "y": 9}, {"x": 15, "y": 9}, {"x": 15, "y": 10}, {"x": 16, "y": 10}, {"x": 16, "y": 11}, {"x": 17, "y": 11}, {"x": 17, "y": 10}, {"x": 20, "y": 10}, {"x": 20, "y": 9}, {"x": 21, "y": 9}, {"x": 21, "y": 8}, {"x": 22, "y": 8}, {"x": 22, "y": 5}, {"x": 24, "y": 5}, {"x": 24, "y": 4}, {"x": 25, "y": 4}, {"x": 25, "y": 7}, {"x": 24, "y": 7}, {"x": 24, "y": 9}, {"x": 22, "y": 9}, {"x": 22, "y": 10}, {"x": 25, "y": 10}, {"x": 25, "y": 11}, {"x": 28, "y": 11}, {"x": 28, "y": 12}, {"x": 22, "y": 12}, {"x": 22, "y": 13}, {"x": 29, "y": 13}, {"x": 29, "y": 14}, {"x": 27, "y": 14}, {"x": 27, "y": 15}, {"x": 28, "y": 15}, {"x": 28, "y": 16}, {"x": 31, "y": 16}, {"x": 31, "y": 17}, {"x": 29, "y": 17}, {"x": 29, "y": 18}, {"x": 27, "y": 18}, {"x": 27, "y": 19}, {"x": 26, "y": 19}, {"x": 26, "y": 18}, {"x": 25, "y": 18}, {"x": 25, "y": 19}, {"x": 24, "y": 19}, {"x": 24, "y": 17}, {"x": 25, "y": 17}, {"x": 25, "y": 15}, {"x": 24, "y": 15}, {"x": 24, "y": 14}, {"x": 23, "y": 14}, {"x": 23, "y": 17}, {"x": 22, "y": 17}, {"x": 22, "y": 18}, {"x": 21, "y": 18}, {"x": 21, "y": 19}, {"x": 20, "y": 19}, {"x": 20, "y": 17}, {"x": 21, "y": 17}, {"x": 21, "y": 15}, {"x": 18, "y": 15}, {"x": 18, "y": 14}, {"x": 20, "y": 14}, {"x": 20, "y": 12}, {"x": 17, "y": 12}, {"x": 17, "y": 13}, {"x": 16, "y": 13}, {"x": 16, "y": 15}, {"x": 17, "y": 15}, {"x": 17, "y": 16}, {"x": 18, "y": 16}, {"x": 18, "y": 17}, {"x": 16, "y": 17}, {"x": 16, "y": 24}, {"x": 15, "y": 24}, {"x": 15, "y": 23}, {"x": 13, "y": 23}, {"x": 13, "y": 22}, {"x": 14, "y": 22}, {"x": 14, "y": 20}, {"x": 13, "y": 20}, {"x": 13, "y": 17}, {"x": 14, "y": 17}, {"x": 14, "y": 16}, {"x": 15, "y": 16}, {"x": 15, "y": 13}, {"x": 12, "y": 13}, {"x": 12, "y": 14}, {"x": 11, "y": 14}, {"x": 11, "y": 15}, {"x": 10, "y": 15}, {"x": 10, "y": 14}, {"x": 9, "y": 14}, {"x": 9, "y": 13}, {"x": 10, "y": 13}, {"x": 10, "y": 12}, {"x": 11, "y": 12}, {"x": 11, "y": 11}, {"x": 10, "y": 11}, {"x": 10, "y": 9}, {"x": 8, "y": 9}, {"x": 8, "y": 8}, {"x": 7, "y": 8}, {"x": 7, "y": 6}, {"x": 6, "y": 6}, {"x": 6, "y": 9}, {"x": 7, "y": 9}, {"x": 7, "y": 12}, {"x": 3, "y": 12}, {"x": 3, "y": 11}, {"x": 4, "y": 11}, {"x": 4, "y": 10}, {"x": 2, "y": 10}, {"x": 2, "y": 13}, {"x": 1, "y": 13}, {"x": 1, "y": 12}, {"x": 0, "y": 12}, {"x": 0, "y": 9}, {"x": 5, "y": 9}, {"x": 5, "y": 7}, {"x": 4, "y": 7}, {"x": 4, "y": 8}, {"x": 2, "y": 8}, {"x": 2, "y": 7}, {"x": 0, "y": 7}, {"x": 0, "y": 5}, {"x": 1, "y": 5}, {"x": 1, "y": 4}, {"x": 3, "y": 4}, {"x": 3, "y": 3}, {"x": 4, "y": 3}, {"x": 4, "y": 4}, {"x": 5, "y": 4}, {"x": 5, "y": 5}, {"x": 6, "y": 5}, {"x": 6, "y": 3}, {"x": 7, "y": 3}, {"x": 7, "y": 4}, {"x": 8, "y": 4}, {"x": 8, "y": 3}, {"x": 9, "y": 3}, {"x": 9, "y": 4}, {"x": 10, "y": 4}, {"x": 10, "y": 1}, {"x": 11, "y": 1}, {"x": 11, "y": 2}, {"x": 14, "y": 2}, {"x": 14, "y": 1}, {"x": 13, "y": 1}, {"x": 13, "y": 0}, {"x": 15, "y": 0}, {"x": 15, "y": 4}, {"x": 16, "y": 4}, {"x": 16, "y": 3}, {"x": 17, "y": 3}, {"x": 17, "y": 5}, {"x": 16, "y": 5}, {"x": 16, "y": 6}, {"x": 17, "y": 6}, {"x": 17, "y": 7}, {"x": 16, "y": 7}, {"x": 16, "y": 8}, {"x": 15, "y": 8}, {"x": 15, "y": 7}], "holes": [[{"x": 10, "y": 7}, {"x": 10, "y": 6}, {"x": 8, "y": 6}, {"x": 8, "y": 7}]]}