{"type": "CGSHOP2023_Instance", "name": "ccheese142", "n": 142, "outer_boundary": [{"x": 1074, "y": 1299}, {"x": 1057, "y": 1283}, {"x": 988, "y": 1188}, {"x": 1011, "y": 999}, {"x": 1191, "y": 976}, {"x": 1247, "y": 984}, {"x": 1273, "y": 1006}, {"x": 1296, "y": 1034}, {"x": 1294, "y": 1197}, {"x": 1257, "y": 1265}, {"x": 1225, "y": 1314}, {"x": 1204, "y": 1317}], "holes": [[{"x": 1034, "y": 1156}, {"x": 1039, "y": 1186}, {"x": 1051, "y": 1183}, {"x": 1058, "y": 1177}, {"x": 1058, "y": 1157}], [{"x": 1256, "y": 1187}, {"x": 1266, "y": 1208}, {"x": 1280, "y": 1183}], [{"x": 1182, "y": 1101}, {"x": 1182, "y": 1106}, {"x": 1210, "y": 1122}, {"x": 1208, "y": 1098}, {"x": 1188, "y": 1096}], [{"x": 1092, "y": 1100}, {"x": 1097, "y": 1114}, {"x": 1119, "y": 1115}], [{"x": 1103, "y": 1029}, {"x": 1128, "y": 1011}, {"x": 1121, "y": 1002}], [{"x": 1002, "y": 1201}, {"x": 1004, "y": 1203}, {"x": 1005, "y": 1203}, {"x": 1022, "y": 1197}], [{"x": 1007, "y": 1188}, {"x": 1009, "y": 1193}, {"x": 1032, "y": 1189}, {"x": 1032, "y": 1169}, {"x": 1028, "y": 1172}], [{"x": 1198, "y": 1047}, {"x": 1218, "y": 1050}, {"x": 1216, "y": 1049}], [{"x": 1120, "y": 1289}, {"x": 1125, "y": 1291}, {"x": 1141, "y": 1284}], [{"x": 1112, "y": 1119}, {"x": 1133, "y": 1121}, {"x": 1139, "y": 1116}, {"x": 1140, "y": 1113}, {"x": 1136, "y": 1113}], [{"x": 1055, "y": 1217}, {"x": 1074, "y": 1234}, {"x": 1081, "y": 1218}, {"x": 1061, "y": 1210}], [{"x": 1078, "y": 1240}, {"x": 1084, "y": 1235}, {"x": 1108, "y": 1214}, {"x": 1103, "y": 1213}, {"x": 1081, "y": 1235}], [{"x": 1064, "y": 1157}, {"x": 1067, "y": 1168}, {"x": 1089, "y": 1170}, {"x": 1085, "y": 1151}, {"x": 1065, "y": 1156}], [{"x": 1257, "y": 995}, {"x": 1257, "y": 1017}, {"x": 1285, "y": 1023}, {"x": 1261, "y": 996}], [{"x": 1107, "y": 1254}, {"x": 1127, "y": 1251}, {"x": 1108, "y": 1234}], [{"x": 1190, "y": 1297}, {"x": 1190, "y": 1306}, {"x": 1211, "y": 1303}, {"x": 1217, "y": 1280}], [{"x": 1201, "y": 1220}, {"x": 1220, "y": 1223}, {"x": 1226, "y": 1220}], [{"x": 1165, "y": 1080}, {"x": 1170, "y": 1086}, {"x": 1192, "y": 1088}, {"x": 1192, "y": 1078}], [{"x": 1040, "y": 1042}, {"x": 1062, "y": 1021}, {"x": 1043, "y": 1012}], [{"x": 1192, "y": 1215}, {"x": 1205, "y": 1233}, {"x": 1213, "y": 1231}], [{"x": 1129, "y": 1056}, {"x": 1157, "y": 1061}, {"x": 1156, "y": 1042}, {"x": 1137, "y": 1034}], [{"x": 1224, "y": 1147}, {"x": 1240, "y": 1168}, {"x": 1244, "y": 1162}, {"x": 1238, "y": 1145}], [{"x": 1067, "y": 1269}, {"x": 1085, "y": 1287}, {"x": 1089, "y": 1275}, {"x": 1087, "y": 1267}], [{"x": 1217, "y": 1260}, {"x": 1222, "y": 1278}, {"x": 1237, "y": 1278}, {"x": 1243, "y": 1276}], [{"x": 1076, "y": 1148}, {"x": 1089, "y": 1146}, {"x": 1090, "y": 1143}, {"x": 1090, "y": 1119}], [{"x": 1152, "y": 1014}, {"x": 1157, "y": 1013}, {"x": 1178, "y": 986}, {"x": 1158, "y": 991}], [{"x": 1171, "y": 1221}, {"x": 1175, "y": 1224}, {"x": 1195, "y": 1203}, {"x": 1178, "y": 1199}, {"x": 1174, "y": 1201}], [{"x": 1022, "y": 1009}, {"x": 1024, "y": 1019}, {"x": 1044, "y": 1010}], [{"x": 1081, "y": 1173}, {"x": 1084, "y": 1183}, {"x": 1088, "y": 1193}, {"x": 1109, "y": 1195}, {"x": 1101, "y": 1176}], [{"x": 1027, "y": 1140}, {"x": 1053, "y": 1146}, {"x": 1052, "y": 1122}, {"x": 1048, "y": 1120}], [{"x": 1096, "y": 1155}, {"x": 1109, "y": 1161}, {"x": 1114, "y": 1155}, {"x": 1113, "y": 1154}], [{"x": 1210, "y": 1060}, {"x": 1230, "y": 1070}, {"x": 1222, "y": 1056}], [{"x": 1053, "y": 1074}, {"x": 1081, "y": 1072}, {"x": 1079, "y": 1055}, {"x": 1075, "y": 1048}, {"x": 1061, "y": 1056}]]}
