{"type": "CGSHOP2023_Instance", "name": "maze_4344_250_001_01", "n": 3476, "outer_boundary": [{"x": 229, "y": 197}, {"x": 500, "y": 208}, {"x": 959, "y": 211}, {"x": 940, "y": 500}, {"x": 793, "y": 811}, {"x": 500, "y": 860}, {"x": 17, "y": 796}, {"x": 235, "y": 500}], "holes": [[{"x": 45, "y": 785}, {"x": 55, "y": 785}, {"x": 55, "y": 775}, {"x": 45, "y": 775}], [{"x": 67, "y": 763}, {"x": 77, "y": 763}, {"x": 77, "y": 753}, {"x": 67, "y": 753}], [{"x": 67, "y": 785}, {"x": 81, "y": 785}, {"x": 77, "y": 775}, {"x": 67, "y": 775}], [{"x": 89, "y": 741}, {"x": 99, "y": 741}, {"x": 99, "y": 731}, {"x": 89, "y": 731}], [{"x": 89, "y": 763}, {"x": 99, "y": 763}, {"x": 99, "y": 753}, {"x": 89, "y": 750}], [{"x": 89, "y": 785}, {"x": 99, "y": 785}, {"x": 99, "y": 775}, {"x": 89, "y": 775}], [{"x": 111, "y": 697}, {"x": 121, "y": 697}, {"x": 121, "y": 687}, {"x": 111, "y": 687}], [{"x": 111, "y": 719}, {"x": 121, "y": 719}, {"x": 121, "y": 709}, {"x": 111, "y": 709}], [{"x": 111, "y": 741}, {"x": 121, "y": 741}, {"x": 121, "y": 731}, {"x": 111, "y": 731}], [{"x": 111, "y": 763}, {"x": 121, "y": 763}, {"x": 121, "y": 753}, {"x": 110, "y": 753}], [{"x": 111, "y": 785}, {"x": 121, "y": 785}, {"x": 121, "y": 775}, {"x": 111, "y": 772}], [{"x": 133, "y": 675}, {"x": 147, "y": 675}, {"x": 143, "y": 664}, {"x": 133, "y": 665}], [{"x": 133, "y": 697}, {"x": 143, "y": 697}, {"x": 143, "y": 687}, {"x": 133, "y": 684}], [{"x": 130, "y": 719}, {"x": 143, "y": 719}, {"x": 143, "y": 708}, {"x": 133, "y": 709}], [{"x": 133, "y": 741}, {"x": 143, "y": 741}, {"x": 143, "y": 731}, {"x": 129, "y": 731}], [{"x": 133, "y": 763}, {"x": 143, "y": 763}, {"x": 143, "y": 753}, {"x": 133, "y": 753}], [{"x": 133, "y": 785}, {"x": 143, "y": 785}, {"x": 143, "y": 775}, {"x": 133, "y": 775}], [{"x": 155, "y": 657}, {"x": 165, "y": 653}, {"x": 165, "y": 643}, {"x": 155, "y": 643}], [{"x": 155, "y": 675}, {"x": 165, "y": 675}, {"x": 165, "y": 665}, {"x": 155, "y": 665}], [{"x": 155, "y": 697}, {"x": 165, "y": 697}, {"x": 165, "y": 687}, {"x": 155, "y": 687}], [{"x": 155, "y": 719}, {"x": 165, "y": 719}, {"x": 165, "y": 709}, {"x": 155, "y": 709}], [{"x": 155, "y": 741}, {"x": 165, "y": 741}, {"x": 165, "y": 731}, {"x": 155, "y": 731}], [{"x": 155, "y": 763}, {"x": 165, "y": 763}, {"x": 165, "y": 753}, {"x": 154, "y": 753}], [{"x": 155, "y": 785}, {"x": 165, "y": 788}, {"x": 165, "y": 775}, {"x": 155, "y": 775}], [{"x": 155, "y": 807}, {"x": 165, "y": 807}, {"x": 165, "y": 797}, {"x": 155, "y": 797}], [{"x": 177, "y": 609}, {"x": 189, "y": 609}, {"x": 187, "y": 599}, {"x": 177, "y": 599}], [{"x": 176, "y": 632}, {"x": 189, "y": 631}, {"x": 187, "y": 621}, {"x": 177, "y": 621}], [{"x": 176, "y": 653}, {"x": 187, "y": 653}, {"x": 187, "y": 643}, {"x": 177, "y": 643}], [{"x": 176, "y": 675}, {"x": 187, "y": 675}, {"x": 191, "y": 665}, {"x": 177, "y": 665}], [{"x": 177, "y": 697}, {"x": 187, "y": 697}, {"x": 187, "y": 687}, {"x": 177, "y": 687}], [{"x": 177, "y": 719}, {"x": 187, "y": 719}, {"x": 187, "y": 709}, {"x": 177, "y": 709}], [{"x": 177, "y": 741}, {"x": 187, "y": 741}, {"x": 187, "y": 731}, {"x": 177, "y": 731}], [{"x": 177, "y": 763}, {"x": 187, "y": 763}, {"x": 187, "y": 753}, {"x": 177, "y": 753}], [{"x": 177, "y": 789}, {"x": 187, "y": 787}, {"x": 187, "y": 775}, {"x": 177, "y": 775}], [{"x": 177, "y": 807}, {"x": 187, "y": 807}, {"x": 187, "y": 797}, {"x": 177, "y": 797}], [{"x": 199, "y": 589}, {"x": 209, "y": 587}, {"x": 209, "y": 577}, {"x": 195, "y": 577}], [{"x": 199, "y": 609}, {"x": 209, "y": 609}, {"x": 209, "y": 595}, {"x": 199, "y": 599}], [{"x": 195, "y": 631}, {"x": 209, "y": 631}, {"x": 209, "y": 621}, {"x": 199, "y": 621}], [{"x": 199, "y": 653}, {"x": 209, "y": 653}, {"x": 209, "y": 643}, {"x": 199, "y": 643}], [{"x": 199, "y": 675}, {"x": 209, "y": 675}, {"x": 209, "y": 665}, {"x": 199, "y": 665}], [{"x": 199, "y": 697}, {"x": 212, "y": 697}, {"x": 212, "y": 687}, {"x": 199, "y": 687}], [{"x": 199, "y": 719}, {"x": 211, "y": 719}, {"x": 209, "y": 709}, {"x": 199, "y": 709}], [{"x": 199, "y": 741}, {"x": 209, "y": 741}, {"x": 209, "y": 727}, {"x": 196, "y": 731}], [{"x": 199, "y": 763}, {"x": 209, "y": 763}, {"x": 209, "y": 753}, {"x": 199, "y": 750}], [{"x": 199, "y": 785}, {"x": 209, "y": 785}, {"x": 209, "y": 775}, {"x": 199, "y": 775}], [{"x": 199, "y": 807}, {"x": 209, "y": 807}, {"x": 209, "y": 797}, {"x": 199, "y": 797}], [{"x": 221, "y": 565}, {"x": 231, "y": 565}, {"x": 231, "y": 552}, {"x": 221, "y": 555}], [{"x": 221, "y": 587}, {"x": 231, "y": 587}, {"x": 231, "y": 577}, {"x": 221, "y": 577}], [{"x": 219, "y": 631}, {"x": 232, "y": 631}, {"x": 231, "y": 621}, {"x": 221, "y": 621}], [{"x": 218, "y": 653}, {"x": 231, "y": 653}, {"x": 231, "y": 643}, {"x": 221, "y": 643}], [{"x": 221, "y": 675}, {"x": 231, "y": 677}, {"x": 231, "y": 665}, {"x": 221, "y": 665}], [{"x": 221, "y": 697}, {"x": 231, "y": 697}, {"x": 231, "y": 684}, {"x": 221, "y": 687}], [{"x": 221, "y": 719}, {"x": 231, "y": 719}, {"x": 231, "y": 709}, {"x": 221, "y": 705}], [{"x": 221, "y": 741}, {"x": 231, "y": 741}, {"x": 231, "y": 731}, {"x": 221, "y": 731}], [{"x": 221, "y": 763}, {"x": 231, "y": 763}, {"x": 231, "y": 753}, {"x": 221, "y": 753}], [{"x": 221, "y": 785}, {"x": 231, "y": 785}, {"x": 231, "y": 775}, {"x": 221, "y": 775}], [{"x": 221, "y": 807}, {"x": 231, "y": 807}, {"x": 231, "y": 797}, {"x": 221, "y": 797}], [{"x": 243, "y": 235}, {"x": 253, "y": 239}, {"x": 253, "y": 225}, {"x": 243, "y": 225}], [{"x": 243, "y": 257}, {"x": 253, "y": 257}, {"x": 253, "y": 247}, {"x": 243, "y": 247}], [{"x": 243, "y": 279}, {"x": 253, "y": 279}, {"x": 253, "y": 269}, {"x": 243, "y": 269}], [{"x": 243, "y": 301}, {"x": 253, "y": 301}, {"x": 253, "y": 291}, {"x": 243, "y": 291}], [{"x": 243, "y": 323}, {"x": 253, "y": 323}, {"x": 253, "y": 309}, {"x": 243, "y": 313}], [{"x": 243, "y": 349}, {"x": 253, "y": 345}, {"x": 253, "y": 331}, {"x": 243, "y": 335}], [{"x": 243, "y": 367}, {"x": 256, "y": 367}, {"x": 253, "y": 357}, {"x": 243, "y": 355}], [{"x": 243, "y": 389}, {"x": 253, "y": 389}, {"x": 253, "y": 379}, {"x": 243, "y": 379}], [{"x": 243, "y": 411}, {"x": 253, "y": 411}, {"x": 253, "y": 398}, {"x": 243, "y": 401}], [{"x": 243, "y": 433}, {"x": 253, "y": 437}, {"x": 253, "y": 420}, {"x": 243, "y": 422}], [{"x": 243, "y": 455}, {"x": 253, "y": 455}, {"x": 256, "y": 445}, {"x": 243, "y": 443}], [{"x": 240, "y": 477}, {"x": 253, "y": 477}, {"x": 253, "y": 467}, {"x": 242, "y": 467}], [{"x": 243, "y": 503}, {"x": 253, "y": 499}, {"x": 253, "y": 489}, {"x": 243, "y": 489}], [{"x": 243, "y": 521}, {"x": 253, "y": 521}, {"x": 256, "y": 511}, {"x": 243, "y": 508}], [{"x": 243, "y": 547}, {"x": 256, "y": 543}, {"x": 253, "y": 533}, {"x": 243, "y": 533}], [{"x": 243, "y": 565}, {"x": 255, "y": 565}, {"x": 253, "y": 555}, {"x": 243, "y": 555}], [{"x": 243, "y": 587}, {"x": 253, "y": 587}, {"x": 253, "y": 577}, {"x": 242, "y": 577}], [{"x": 243, "y": 610}, {"x": 253, "y": 609}, {"x": 253, "y": 595}, {"x": 243, "y": 599}], [{"x": 243, "y": 631}, {"x": 253, "y": 631}, {"x": 253, "y": 621}, {"x": 243, "y": 621}], [{"x": 243, "y": 653}, {"x": 253, "y": 653}, {"x": 255, "y": 643}, {"x": 243, "y": 643}], [{"x": 243, "y": 675}, {"x": 253, "y": 675}, {"x": 253, "y": 661}, {"x": 243, "y": 665}], [{"x": 243, "y": 697}, {"x": 253, "y": 697}, {"x": 253, "y": 687}, {"x": 242, "y": 687}], [{"x": 243, "y": 719}, {"x": 253, "y": 719}, {"x": 253, "y": 709}, {"x": 243, "y": 709}], [{"x": 239, "y": 745}, {"x": 253, "y": 741}, {"x": 253, "y": 731}, {"x": 243, "y": 731}], [{"x": 243, "y": 763}, {"x": 257, "y": 763}, {"x": 253, "y": 753}, {"x": 243, "y": 753}], [{"x": 243, "y": 785}, {"x": 253, "y": 785}, {"x": 253, "y": 775}, {"x": 243, "y": 775}], [{"x": 239, "y": 807}, {"x": 253, "y": 807}, {"x": 253, "y": 797}, {"x": 239, "y": 797}], [{"x": 265, "y": 235}, {"x": 275, "y": 235}, {"x": 275, "y": 225}, {"x": 265, "y": 222}], [{"x": 265, "y": 257}, {"x": 275, "y": 257}, {"x": 275, "y": 247}, {"x": 265, "y": 247}], [{"x": 265, "y": 279}, {"x": 275, "y": 281}, {"x": 275, "y": 269}, {"x": 265, "y": 269}], [{"x": 265, "y": 302}, {"x": 275, "y": 304}, {"x": 275, "y": 291}, {"x": 265, "y": 291}], [{"x": 265, "y": 323}, {"x": 275, "y": 323}, {"x": 275, "y": 313}, {"x": 263, "y": 313}], [{"x": 265, "y": 345}, {"x": 275, "y": 345}, {"x": 275, "y": 334}, {"x": 265, "y": 335}], [{"x": 265, "y": 367}, {"x": 275, "y": 367}, {"x": 275, "y": 353}, {"x": 265, "y": 357}], [{"x": 265, "y": 390}, {"x": 275, "y": 389}, {"x": 275, "y": 379}, {"x": 265, "y": 377}], [{"x": 265, "y": 411}, {"x": 275, "y": 411}, {"x": 275, "y": 401}, {"x": 265, "y": 401}], [{"x": 265, "y": 433}, {"x": 275, "y": 433}, {"x": 278, "y": 423}, {"x": 265, "y": 423}], [{"x": 265, "y": 455}, {"x": 275, "y": 455}, {"x": 275, "y": 445}, {"x": 265, "y": 445}], [{"x": 265, "y": 477}, {"x": 275, "y": 477}, {"x": 275, "y": 467}, {"x": 265, "y": 467}], [{"x": 265, "y": 502}, {"x": 275, "y": 499}, {"x": 275, "y": 489}, {"x": 265, "y": 489}], [{"x": 265, "y": 521}, {"x": 275, "y": 521}, {"x": 275, "y": 511}, {"x": 265, "y": 508}], [{"x": 265, "y": 543}, {"x": 275, "y": 543}, {"x": 277, "y": 533}, {"x": 263, "y": 533}], [{"x": 265, "y": 565}, {"x": 275, "y": 567}, {"x": 275, "y": 555}, {"x": 265, "y": 555}], [{"x": 265, "y": 587}, {"x": 279, "y": 587}, {"x": 275, "y": 577}, {"x": 265, "y": 577}], [{"x": 265, "y": 609}, {"x": 275, "y": 609}, {"x": 275, "y": 599}, {"x": 265, "y": 599}], [{"x": 265, "y": 631}, {"x": 275, "y": 631}, {"x": 275, "y": 621}, {"x": 265, "y": 621}], [{"x": 265, "y": 653}, {"x": 275, "y": 653}, {"x": 275, "y": 643}, {"x": 265, "y": 643}], [{"x": 265, "y": 675}, {"x": 275, "y": 675}, {"x": 275, "y": 665}, {"x": 265, "y": 665}], [{"x": 265, "y": 697}, {"x": 275, "y": 697}, {"x": 275, "y": 687}, {"x": 265, "y": 687}], [{"x": 265, "y": 719}, {"x": 275, "y": 719}, {"x": 275, "y": 709}, {"x": 265, "y": 709}], [{"x": 265, "y": 743}, {"x": 275, "y": 742}, {"x": 275, "y": 731}, {"x": 262, "y": 731}], [{"x": 265, "y": 763}, {"x": 275, "y": 763}, {"x": 275, "y": 753}, {"x": 265, "y": 753}], [{"x": 265, "y": 785}, {"x": 275, "y": 785}, {"x": 275, "y": 775}, {"x": 265, "y": 775}], [{"x": 265, "y": 807}, {"x": 279, "y": 807}, {"x": 275, "y": 797}, {"x": 265, "y": 797}], [{"x": 287, "y": 235}, {"x": 297, "y": 237}, {"x": 297, "y": 225}, {"x": 287, "y": 225}], [{"x": 287, "y": 257}, {"x": 297, "y": 257}, {"x": 297, "y": 247}, {"x": 283, "y": 244}], [{"x": 287, "y": 282}, {"x": 299, "y": 279}, {"x": 297, "y": 269}, {"x": 287, "y": 269}], [{"x": 287, "y": 301}, {"x": 297, "y": 301}, {"x": 297, "y": 291}, {"x": 285, "y": 288}], [{"x": 287, "y": 323}, {"x": 297, "y": 325}, {"x": 300, "y": 313}, {"x": 287, "y": 313}], [{"x": 287, "y": 345}, {"x": 297, "y": 345}, {"x": 297, "y": 335}, {"x": 284, "y": 335}], [{"x": 286, "y": 367}, {"x": 297, "y": 367}, {"x": 297, "y": 353}, {"x": 287, "y": 356}], [{"x": 287, "y": 393}, {"x": 300, "y": 389}, {"x": 297, "y": 379}, {"x": 287, "y": 379}], [{"x": 287, "y": 411}, {"x": 297, "y": 411}, {"x": 297, "y": 401}, {"x": 287, "y": 401}], [{"x": 287, "y": 433}, {"x": 297, "y": 433}, {"x": 297, "y": 423}, {"x": 287, "y": 423}], [{"x": 287, "y": 455}, {"x": 297, "y": 455}, {"x": 297, "y": 445}, {"x": 287, "y": 445}], [{"x": 283, "y": 481}, {"x": 297, "y": 477}, {"x": 297, "y": 467}, {"x": 287, "y": 467}], [{"x": 287, "y": 499}, {"x": 297, "y": 499}, {"x": 297, "y": 489}, {"x": 287, "y": 489}], [{"x": 287, "y": 521}, {"x": 297, "y": 521}, {"x": 297, "y": 509}, {"x": 287, "y": 511}], [{"x": 287, "y": 543}, {"x": 297, "y": 543}, {"x": 297, "y": 533}, {"x": 283, "y": 533}], [{"x": 287, "y": 565}, {"x": 297, "y": 565}, {"x": 297, "y": 555}, {"x": 287, "y": 553}], [{"x": 287, "y": 591}, {"x": 297, "y": 588}, {"x": 299, "y": 577}, {"x": 287, "y": 577}], [{"x": 287, "y": 609}, {"x": 297, "y": 609}, {"x": 297, "y": 599}, {"x": 283, "y": 599}], [{"x": 287, "y": 653}, {"x": 297, "y": 653}, {"x": 298, "y": 643}, {"x": 287, "y": 642}], [{"x": 287, "y": 675}, {"x": 297, "y": 675}, {"x": 297, "y": 665}, {"x": 287, "y": 665}], [{"x": 287, "y": 697}, {"x": 297, "y": 697}, {"x": 297, "y": 687}, {"x": 287, "y": 687}], [{"x": 287, "y": 719}, {"x": 297, "y": 719}, {"x": 297, "y": 705}, {"x": 287, "y": 709}], [{"x": 287, "y": 741}, {"x": 297, "y": 741}, {"x": 297, "y": 729}, {"x": 287, "y": 731}], [{"x": 287, "y": 763}, {"x": 297, "y": 763}, {"x": 297, "y": 753}, {"x": 286, "y": 753}], [{"x": 287, "y": 785}, {"x": 297, "y": 785}, {"x": 297, "y": 775}, {"x": 287, "y": 775}], [{"x": 287, "y": 807}, {"x": 297, "y": 807}, {"x": 297, "y": 797}, {"x": 283, "y": 797}], [{"x": 309, "y": 235}, {"x": 319, "y": 235}, {"x": 319, "y": 225}, {"x": 309, "y": 225}], [{"x": 305, "y": 257}, {"x": 319, "y": 257}, {"x": 319, "y": 245}, {"x": 309, "y": 247}], [{"x": 309, "y": 279}, {"x": 319, "y": 279}, {"x": 319, "y": 269}, {"x": 309, "y": 269}], [{"x": 309, "y": 301}, {"x": 319, "y": 301}, {"x": 319, "y": 291}, {"x": 309, "y": 291}], [{"x": 309, "y": 323}, {"x": 319, "y": 323}, {"x": 319, "y": 311}, {"x": 309, "y": 313}], [{"x": 309, "y": 345}, {"x": 319, "y": 345}, {"x": 319, "y": 335}, {"x": 309, "y": 335}], [{"x": 309, "y": 370}, {"x": 319, "y": 367}, {"x": 323, "y": 357}, {"x": 309, "y": 354}], [{"x": 309, "y": 389}, {"x": 321, "y": 390}, {"x": 319, "y": 379}, {"x": 309, "y": 375}], [{"x": 309, "y": 411}, {"x": 319, "y": 411}, {"x": 319, "y": 401}, {"x": 309, "y": 401}], [{"x": 305, "y": 433}, {"x": 319, "y": 433}, {"x": 319, "y": 423}, {"x": 309, "y": 423}], [{"x": 309, "y": 455}, {"x": 319, "y": 459}, {"x": 319, "y": 445}, {"x": 309, "y": 442}], [{"x": 309, "y": 477}, {"x": 319, "y": 477}, {"x": 320, "y": 467}, {"x": 309, "y": 467}], [{"x": 309, "y": 499}, {"x": 319, "y": 499}, {"x": 319, "y": 489}, {"x": 309, "y": 488}], [{"x": 309, "y": 521}, {"x": 319, "y": 524}, {"x": 319, "y": 511}, {"x": 309, "y": 511}], [{"x": 309, "y": 543}, {"x": 319, "y": 543}, {"x": 319, "y": 533}, {"x": 309, "y": 533}], [{"x": 309, "y": 565}, {"x": 319, "y": 565}, {"x": 319, "y": 555}, {"x": 309, "y": 555}], [{"x": 309, "y": 587}, {"x": 319, "y": 587}, {"x": 319, "y": 574}, {"x": 309, "y": 577}], [{"x": 309, "y": 609}, {"x": 319, "y": 609}, {"x": 319, "y": 599}, {"x": 307, "y": 599}], [{"x": 309, "y": 631}, {"x": 319, "y": 631}, {"x": 319, "y": 619}, {"x": 309, "y": 621}], [{"x": 309, "y": 653}, {"x": 319, "y": 653}, {"x": 319, "y": 639}, {"x": 309, "y": 643}], [{"x": 309, "y": 675}, {"x": 319, "y": 675}, {"x": 319, "y": 665}, {"x": 309, "y": 665}], [{"x": 305, "y": 697}, {"x": 319, "y": 697}, {"x": 319, "y": 685}, {"x": 309, "y": 687}], [{"x": 309, "y": 721}, {"x": 319, "y": 719}, {"x": 319, "y": 709}, {"x": 309, "y": 709}], [{"x": 309, "y": 741}, {"x": 319, "y": 741}, {"x": 319, "y": 731}, {"x": 309, "y": 731}], [{"x": 309, "y": 766}, {"x": 319, "y": 763}, {"x": 319, "y": 753}, {"x": 309, "y": 753}], [{"x": 309, "y": 785}, {"x": 319, "y": 785}, {"x": 319, "y": 775}, {"x": 309, "y": 775}], [{"x": 309, "y": 807}, {"x": 323, "y": 807}, {"x": 319, "y": 797}, {"x": 309, "y": 797}], [{"x": 327, "y": 235}, {"x": 341, "y": 235}, {"x": 341, "y": 225}, {"x": 331, "y": 225}], [{"x": 329, "y": 260}, {"x": 342, "y": 257}, {"x": 343, "y": 247}, {"x": 331, "y": 247}], [{"x": 331, "y": 279}, {"x": 341, "y": 279}, {"x": 341, "y": 269}, {"x": 331, "y": 269}], [{"x": 331, "y": 301}, {"x": 341, "y": 303}, {"x": 341, "y": 291}, {"x": 331, "y": 291}], [{"x": 331, "y": 323}, {"x": 341, "y": 323}, {"x": 341, "y": 311}, {"x": 331, "y": 313}], [{"x": 328, "y": 345}, {"x": 345, "y": 345}, {"x": 341, "y": 335}, {"x": 331, "y": 335}], [{"x": 331, "y": 367}, {"x": 344, "y": 367}, {"x": 341, "y": 357}, {"x": 331, "y": 357}], [{"x": 331, "y": 389}, {"x": 341, "y": 392}, {"x": 341, "y": 379}, {"x": 331, "y": 379}], [{"x": 331, "y": 415}, {"x": 341, "y": 411}, {"x": 341, "y": 401}, {"x": 331, "y": 401}], [{"x": 331, "y": 437}, {"x": 341, "y": 433}, {"x": 341, "y": 423}, {"x": 330, "y": 423}], [{"x": 329, "y": 455}, {"x": 341, "y": 455}, {"x": 341, "y": 445}, {"x": 331, "y": 445}], [{"x": 331, "y": 480}, {"x": 341, "y": 477}, {"x": 341, "y": 467}, {"x": 331, "y": 467}], [{"x": 331, "y": 499}, {"x": 341, "y": 499}, {"x": 341, "y": 489}, {"x": 331, "y": 489}], [{"x": 331, "y": 521}, {"x": 341, "y": 521}, {"x": 345, "y": 511}, {"x": 331, "y": 511}], [{"x": 331, "y": 543}, {"x": 341, "y": 543}, {"x": 341, "y": 533}, {"x": 331, "y": 533}], [{"x": 331, "y": 565}, {"x": 341, "y": 565}, {"x": 342, "y": 555}, {"x": 329, "y": 555}], [{"x": 330, "y": 587}, {"x": 344, "y": 587}, {"x": 341, "y": 577}, {"x": 327, "y": 577}], [{"x": 331, "y": 609}, {"x": 341, "y": 612}, {"x": 341, "y": 599}, {"x": 331, "y": 599}], [{"x": 331, "y": 631}, {"x": 341, "y": 631}, {"x": 341, "y": 621}, {"x": 331, "y": 621}], [{"x": 331, "y": 653}, {"x": 341, "y": 653}, {"x": 341, "y": 643}, {"x": 331, "y": 643}], [{"x": 330, "y": 675}, {"x": 343, "y": 675}, {"x": 341, "y": 665}, {"x": 331, "y": 665}], [{"x": 331, "y": 697}, {"x": 341, "y": 697}, {"x": 341, "y": 687}, {"x": 331, "y": 687}], [{"x": 327, "y": 719}, {"x": 341, "y": 719}, {"x": 341, "y": 709}, {"x": 331, "y": 709}], [{"x": 331, "y": 741}, {"x": 341, "y": 741}, {"x": 341, "y": 731}, {"x": 331, "y": 731}], [{"x": 331, "y": 767}, {"x": 341, "y": 766}, {"x": 341, "y": 753}, {"x": 331, "y": 753}], [{"x": 331, "y": 785}, {"x": 341, "y": 785}, {"x": 341, "y": 775}, {"x": 331, "y": 775}], [{"x": 331, "y": 807}, {"x": 341, "y": 807}, {"x": 341, "y": 797}, {"x": 331, "y": 797}], [{"x": 331, "y": 829}, {"x": 341, "y": 829}, {"x": 341, "y": 819}, {"x": 331, "y": 819}], [{"x": 353, "y": 235}, {"x": 363, "y": 235}, {"x": 363, "y": 225}, {"x": 353, "y": 225}], [{"x": 350, "y": 257}, {"x": 363, "y": 257}, {"x": 363, "y": 247}, {"x": 353, "y": 247}], [{"x": 353, "y": 280}, {"x": 363, "y": 280}, {"x": 363, "y": 269}, {"x": 353, "y": 269}], [{"x": 353, "y": 301}, {"x": 363, "y": 301}, {"x": 363, "y": 290}, {"x": 353, "y": 291}], [{"x": 353, "y": 323}, {"x": 363, "y": 323}, {"x": 363, "y": 313}, {"x": 353, "y": 312}], [{"x": 352, "y": 345}, {"x": 363, "y": 345}, {"x": 363, "y": 335}, {"x": 353, "y": 335}], [{"x": 353, "y": 367}, {"x": 363, "y": 367}, {"x": 363, "y": 357}, {"x": 353, "y": 357}], [{"x": 353, "y": 389}, {"x": 363, "y": 389}, {"x": 363, "y": 376}, {"x": 353, "y": 379}], [{"x": 353, "y": 411}, {"x": 363, "y": 414}, {"x": 363, "y": 401}, {"x": 353, "y": 401}], [{"x": 353, "y": 433}, {"x": 363, "y": 433}, {"x": 363, "y": 423}, {"x": 353, "y": 423}], [{"x": 353, "y": 455}, {"x": 363, "y": 459}, {"x": 363, "y": 445}, {"x": 352, "y": 444}], [{"x": 353, "y": 477}, {"x": 363, "y": 477}, {"x": 363, "y": 467}, {"x": 353, "y": 464}], [{"x": 353, "y": 499}, {"x": 363, "y": 499}, {"x": 363, "y": 488}, {"x": 353, "y": 486}], [{"x": 353, "y": 521}, {"x": 363, "y": 521}, {"x": 363, "y": 511}, {"x": 353, "y": 511}], [{"x": 353, "y": 543}, {"x": 363, "y": 543}, {"x": 363, "y": 533}, {"x": 353, "y": 533}], [{"x": 353, "y": 565}, {"x": 364, "y": 565}, {"x": 363, "y": 555}, {"x": 353, "y": 555}], [{"x": 353, "y": 590}, {"x": 363, "y": 587}, {"x": 363, "y": 577}, {"x": 353, "y": 577}], [{"x": 353, "y": 609}, {"x": 363, "y": 609}, {"x": 363, "y": 599}, {"x": 353, "y": 599}], [{"x": 353, "y": 631}, {"x": 363, "y": 631}, {"x": 363, "y": 621}, {"x": 353, "y": 621}], [{"x": 353, "y": 653}, {"x": 363, "y": 653}, {"x": 363, "y": 643}, {"x": 353, "y": 643}], [{"x": 353, "y": 675}, {"x": 363, "y": 675}, {"x": 363, "y": 661}, {"x": 353, "y": 665}], [{"x": 353, "y": 697}, {"x": 363, "y": 697}, {"x": 363, "y": 686}, {"x": 353, "y": 683}], [{"x": 353, "y": 719}, {"x": 367, "y": 719}, {"x": 363, "y": 705}, {"x": 353, "y": 709}], [{"x": 353, "y": 741}, {"x": 363, "y": 741}, {"x": 363, "y": 731}, {"x": 353, "y": 731}], [{"x": 352, "y": 763}, {"x": 363, "y": 764}, {"x": 363, "y": 753}, {"x": 353, "y": 753}], [{"x": 353, "y": 785}, {"x": 363, "y": 785}, {"x": 363, "y": 775}, {"x": 353, "y": 775}], [{"x": 353, "y": 808}, {"x": 363, "y": 809}, {"x": 363, "y": 797}, {"x": 353, "y": 797}], [{"x": 353, "y": 829}, {"x": 363, "y": 829}, {"x": 363, "y": 819}, {"x": 353, "y": 819}], [{"x": 375, "y": 236}, {"x": 385, "y": 235}, {"x": 385, "y": 225}, {"x": 371, "y": 225}], [{"x": 375, "y": 257}, {"x": 385, "y": 258}, {"x": 389, "y": 247}, {"x": 375, "y": 247}], [{"x": 375, "y": 279}, {"x": 385, "y": 279}, {"x": 385, "y": 266}, {"x": 375, "y": 268}], [{"x": 374, "y": 301}, {"x": 385, "y": 301}, {"x": 385, "y": 291}, {"x": 375, "y": 291}], [{"x": 375, "y": 323}, {"x": 385, "y": 323}, {"x": 385, "y": 313}, {"x": 375, "y": 313}], [{"x": 375, "y": 345}, {"x": 385, "y": 345}, {"x": 385, "y": 335}, {"x": 371, "y": 335}], [{"x": 375, "y": 367}, {"x": 385, "y": 367}, {"x": 385, "y": 353}, {"x": 375, "y": 357}], [{"x": 375, "y": 391}, {"x": 385, "y": 389}, {"x": 385, "y": 379}, {"x": 375, "y": 379}], [{"x": 375, "y": 433}, {"x": 385, "y": 433}, {"x": 385, "y": 423}, {"x": 374, "y": 423}], [{"x": 375, "y": 455}, {"x": 385, "y": 458}, {"x": 385, "y": 445}, {"x": 373, "y": 445}], [{"x": 375, "y": 477}, {"x": 387, "y": 477}, {"x": 385, "y": 467}, {"x": 375, "y": 467}], [{"x": 375, "y": 499}, {"x": 385, "y": 501}, {"x": 385, "y": 489}, {"x": 375, "y": 489}], [{"x": 375, "y": 521}, {"x": 385, "y": 521}, {"x": 385, "y": 511}, {"x": 375, "y": 511}], [{"x": 375, "y": 543}, {"x": 385, "y": 543}, {"x": 385, "y": 533}, {"x": 375, "y": 533}], [{"x": 375, "y": 566}, {"x": 385, "y": 565}, {"x": 385, "y": 555}, {"x": 375, "y": 555}], [{"x": 375, "y": 587}, {"x": 389, "y": 589}, {"x": 385, "y": 577}, {"x": 375, "y": 577}], [{"x": 375, "y": 609}, {"x": 385, "y": 609}, {"x": 385, "y": 599}, {"x": 375, "y": 599}], [{"x": 375, "y": 631}, {"x": 385, "y": 631}, {"x": 385, "y": 621}, {"x": 375, "y": 621}], [{"x": 375, "y": 653}, {"x": 385, "y": 653}, {"x": 385, "y": 643}, {"x": 375, "y": 643}], [{"x": 375, "y": 675}, {"x": 385, "y": 675}, {"x": 385, "y": 665}, {"x": 375, "y": 665}], [{"x": 375, "y": 697}, {"x": 385, "y": 697}, {"x": 385, "y": 687}, {"x": 375, "y": 687}], [{"x": 372, "y": 719}, {"x": 385, "y": 719}, {"x": 385, "y": 709}, {"x": 375, "y": 707}], [{"x": 375, "y": 741}, {"x": 385, "y": 741}, {"x": 385, "y": 731}, {"x": 375, "y": 731}], [{"x": 375, "y": 763}, {"x": 385, "y": 763}, {"x": 388, "y": 753}, {"x": 375, "y": 751}], [{"x": 375, "y": 785}, {"x": 385, "y": 785}, {"x": 385, "y": 775}, {"x": 372, "y": 773}], [{"x": 375, "y": 807}, {"x": 385, "y": 807}, {"x": 385, "y": 797}, {"x": 375, "y": 797}], [{"x": 375, "y": 829}, {"x": 387, "y": 829}, {"x": 385, "y": 819}, {"x": 375, "y": 819}], [{"x": 397, "y": 235}, {"x": 407, "y": 235}, {"x": 410, "y": 225}, {"x": 397, "y": 225}], [{"x": 397, "y": 257}, {"x": 407, "y": 257}, {"x": 407, "y": 247}, {"x": 397, "y": 247}], [{"x": 397, "y": 279}, {"x": 407, "y": 279}, {"x": 407, "y": 269}, {"x": 397, "y": 269}], [{"x": 397, "y": 301}, {"x": 407, "y": 301}, {"x": 407, "y": 291}, {"x": 397, "y": 291}], [{"x": 397, "y": 323}, {"x": 407, "y": 323}, {"x": 407, "y": 313}, {"x": 393, "y": 313}], [{"x": 397, "y": 345}, {"x": 407, "y": 345}, {"x": 407, "y": 335}, {"x": 397, "y": 335}], [{"x": 396, "y": 389}, {"x": 408, "y": 389}, {"x": 407, "y": 379}, {"x": 397, "y": 379}], [{"x": 397, "y": 411}, {"x": 407, "y": 411}, {"x": 407, "y": 401}, {"x": 395, "y": 401}], [{"x": 397, "y": 433}, {"x": 407, "y": 433}, {"x": 407, "y": 420}, {"x": 397, "y": 423}], [{"x": 394, "y": 455}, {"x": 407, "y": 455}, {"x": 407, "y": 445}, {"x": 397, "y": 445}], [{"x": 397, "y": 477}, {"x": 407, "y": 480}, {"x": 407, "y": 467}, {"x": 397, "y": 467}], [{"x": 397, "y": 500}, {"x": 407, "y": 499}, {"x": 407, "y": 489}, {"x": 397, "y": 489}], [{"x": 397, "y": 525}, {"x": 407, "y": 521}, {"x": 407, "y": 510}, {"x": 397, "y": 508}], [{"x": 397, "y": 543}, {"x": 407, "y": 543}, {"x": 407, "y": 533}, {"x": 397, "y": 533}], [{"x": 397, "y": 567}, {"x": 407, "y": 565}, {"x": 407, "y": 555}, {"x": 397, "y": 555}], [{"x": 397, "y": 587}, {"x": 407, "y": 587}, {"x": 407, "y": 573}, {"x": 397, "y": 577}], [{"x": 397, "y": 609}, {"x": 407, "y": 609}, {"x": 407, "y": 599}, {"x": 393, "y": 599}], [{"x": 393, "y": 631}, {"x": 407, "y": 631}, {"x": 409, "y": 621}, {"x": 397, "y": 621}], [{"x": 394, "y": 653}, {"x": 407, "y": 653}, {"x": 407, "y": 642}, {"x": 393, "y": 643}], [{"x": 397, "y": 675}, {"x": 407, "y": 675}, {"x": 407, "y": 665}, {"x": 397, "y": 665}], [{"x": 397, "y": 697}, {"x": 407, "y": 697}, {"x": 407, "y": 687}, {"x": 397, "y": 687}], [{"x": 397, "y": 719}, {"x": 407, "y": 719}, {"x": 407, "y": 709}, {"x": 397, "y": 709}], [{"x": 397, "y": 741}, {"x": 407, "y": 741}, {"x": 407, "y": 731}, {"x": 394, "y": 731}], [{"x": 397, "y": 763}, {"x": 407, "y": 763}, {"x": 407, "y": 752}, {"x": 397, "y": 753}], [{"x": 397, "y": 785}, {"x": 407, "y": 785}, {"x": 407, "y": 775}, {"x": 397, "y": 775}], [{"x": 397, "y": 807}, {"x": 407, "y": 807}, {"x": 407, "y": 797}, {"x": 397, "y": 797}], [{"x": 397, "y": 829}, {"x": 407, "y": 829}, {"x": 407, "y": 819}, {"x": 397, "y": 819}], [{"x": 419, "y": 235}, {"x": 429, "y": 235}, {"x": 429, "y": 225}, {"x": 419, "y": 225}], [{"x": 419, "y": 257}, {"x": 429, "y": 259}, {"x": 429, "y": 247}, {"x": 419, "y": 247}], [{"x": 419, "y": 279}, {"x": 429, "y": 279}, {"x": 429, "y": 268}, {"x": 419, "y": 269}], [{"x": 419, "y": 301}, {"x": 429, "y": 305}, {"x": 429, "y": 291}, {"x": 419, "y": 291}], [{"x": 419, "y": 327}, {"x": 429, "y": 323}, {"x": 429, "y": 313}, {"x": 419, "y": 313}], [{"x": 419, "y": 345}, {"x": 432, "y": 345}, {"x": 429, "y": 335}, {"x": 419, "y": 335}], [{"x": 419, "y": 367}, {"x": 429, "y": 367}, {"x": 429, "y": 357}, {"x": 419, "y": 357}], [{"x": 419, "y": 389}, {"x": 429, "y": 392}, {"x": 429, "y": 379}, {"x": 419, "y": 379}], [{"x": 419, "y": 411}, {"x": 429, "y": 411}, {"x": 429, "y": 401}, {"x": 419, "y": 401}], [{"x": 419, "y": 433}, {"x": 429, "y": 433}, {"x": 429, "y": 423}, {"x": 419, "y": 421}], [{"x": 419, "y": 455}, {"x": 429, "y": 455}, {"x": 429, "y": 445}, {"x": 419, "y": 445}], [{"x": 419, "y": 477}, {"x": 429, "y": 477}, {"x": 430, "y": 467}, {"x": 419, "y": 467}], [{"x": 419, "y": 499}, {"x": 429, "y": 499}, {"x": 429, "y": 489}, {"x": 419, "y": 489}], [{"x": 419, "y": 521}, {"x": 429, "y": 521}, {"x": 429, "y": 511}, {"x": 419, "y": 511}], [{"x": 419, "y": 543}, {"x": 429, "y": 543}, {"x": 429, "y": 533}, {"x": 419, "y": 533}], [{"x": 419, "y": 565}, {"x": 431, "y": 565}, {"x": 429, "y": 555}, {"x": 419, "y": 554}], [{"x": 419, "y": 587}, {"x": 429, "y": 587}, {"x": 429, "y": 577}, {"x": 419, "y": 577}], [{"x": 418, "y": 609}, {"x": 429, "y": 609}, {"x": 429, "y": 599}, {"x": 419, "y": 599}], [{"x": 419, "y": 631}, {"x": 429, "y": 631}, {"x": 429, "y": 621}, {"x": 419, "y": 621}], [{"x": 419, "y": 653}, {"x": 429, "y": 653}, {"x": 429, "y": 643}, {"x": 419, "y": 643}], [{"x": 419, "y": 675}, {"x": 429, "y": 678}, {"x": 429, "y": 665}, {"x": 419, "y": 665}], [{"x": 419, "y": 697}, {"x": 429, "y": 697}, {"x": 432, "y": 687}, {"x": 419, "y": 687}], [{"x": 419, "y": 719}, {"x": 429, "y": 719}, {"x": 429, "y": 709}, {"x": 416, "y": 709}], [{"x": 415, "y": 741}, {"x": 429, "y": 741}, {"x": 429, "y": 731}, {"x": 419, "y": 731}], [{"x": 419, "y": 763}, {"x": 429, "y": 763}, {"x": 432, "y": 753}, {"x": 419, "y": 753}], [{"x": 419, "y": 789}, {"x": 429, "y": 785}, {"x": 429, "y": 775}, {"x": 419, "y": 775}], [{"x": 418, "y": 809}, {"x": 429, "y": 807}, {"x": 429, "y": 797}, {"x": 419, "y": 797}], [{"x": 419, "y": 829}, {"x": 429, "y": 829}, {"x": 429, "y": 819}, {"x": 419, "y": 819}], [{"x": 441, "y": 235}, {"x": 455, "y": 235}, {"x": 451, "y": 221}, {"x": 441, "y": 225}], [{"x": 441, "y": 257}, {"x": 451, "y": 257}, {"x": 451, "y": 247}, {"x": 441, "y": 247}], [{"x": 437, "y": 279}, {"x": 451, "y": 279}, {"x": 451, "y": 269}, {"x": 441, "y": 269}], [{"x": 441, "y": 301}, {"x": 451, "y": 301}, {"x": 451, "y": 291}, {"x": 438, "y": 291}], [{"x": 441, "y": 323}, {"x": 451, "y": 323}, {"x": 451, "y": 313}, {"x": 441, "y": 313}], [{"x": 441, "y": 345}, {"x": 451, "y": 345}, {"x": 451, "y": 335}, {"x": 441, "y": 335}], [{"x": 441, "y": 367}, {"x": 451, "y": 367}, {"x": 451, "y": 355}, {"x": 441, "y": 357}], [{"x": 440, "y": 389}, {"x": 451, "y": 389}, {"x": 451, "y": 379}, {"x": 441, "y": 379}], [{"x": 441, "y": 411}, {"x": 451, "y": 414}, {"x": 451, "y": 401}, {"x": 437, "y": 401}], [{"x": 441, "y": 433}, {"x": 451, "y": 433}, {"x": 451, "y": 422}, {"x": 441, "y": 423}], [{"x": 441, "y": 455}, {"x": 451, "y": 455}, {"x": 451, "y": 445}, {"x": 441, "y": 445}], [{"x": 441, "y": 477}, {"x": 451, "y": 477}, {"x": 451, "y": 467}, {"x": 441, "y": 467}], [{"x": 440, "y": 499}, {"x": 451, "y": 499}, {"x": 451, "y": 486}, {"x": 441, "y": 489}], [{"x": 441, "y": 521}, {"x": 451, "y": 521}, {"x": 452, "y": 511}, {"x": 441, "y": 511}], [{"x": 441, "y": 543}, {"x": 451, "y": 543}, {"x": 451, "y": 533}, {"x": 441, "y": 533}], [{"x": 441, "y": 565}, {"x": 451, "y": 565}, {"x": 451, "y": 555}, {"x": 441, "y": 555}], [{"x": 441, "y": 587}, {"x": 451, "y": 587}, {"x": 451, "y": 574}, {"x": 441, "y": 577}], [{"x": 441, "y": 609}, {"x": 451, "y": 611}, {"x": 451, "y": 599}, {"x": 441, "y": 599}], [{"x": 441, "y": 653}, {"x": 451, "y": 653}, {"x": 451, "y": 643}, {"x": 441, "y": 643}], [{"x": 441, "y": 675}, {"x": 451, "y": 675}, {"x": 451, "y": 665}, {"x": 441, "y": 665}], [{"x": 441, "y": 697}, {"x": 451, "y": 697}, {"x": 451, "y": 687}, {"x": 441, "y": 684}], [{"x": 441, "y": 719}, {"x": 451, "y": 719}, {"x": 451, "y": 709}, {"x": 441, "y": 709}], [{"x": 441, "y": 741}, {"x": 451, "y": 741}, {"x": 455, "y": 731}, {"x": 441, "y": 731}], [{"x": 441, "y": 763}, {"x": 451, "y": 763}, {"x": 451, "y": 753}, {"x": 441, "y": 753}], [{"x": 441, "y": 785}, {"x": 451, "y": 785}, {"x": 451, "y": 775}, {"x": 441, "y": 775}], [{"x": 441, "y": 807}, {"x": 451, "y": 807}, {"x": 451, "y": 797}, {"x": 441, "y": 797}], [{"x": 441, "y": 829}, {"x": 451, "y": 829}, {"x": 451, "y": 819}, {"x": 441, "y": 819}], [{"x": 463, "y": 235}, {"x": 473, "y": 237}, {"x": 473, "y": 224}, {"x": 459, "y": 225}], [{"x": 459, "y": 261}, {"x": 473, "y": 257}, {"x": 473, "y": 247}, {"x": 463, "y": 247}], [{"x": 463, "y": 279}, {"x": 473, "y": 279}, {"x": 473, "y": 265}, {"x": 463, "y": 269}], [{"x": 463, "y": 301}, {"x": 477, "y": 301}, {"x": 473, "y": 291}, {"x": 463, "y": 291}], [{"x": 463, "y": 323}, {"x": 473, "y": 323}, {"x": 473, "y": 313}, {"x": 463, "y": 313}], [{"x": 463, "y": 345}, {"x": 473, "y": 345}, {"x": 473, "y": 335}, {"x": 460, "y": 335}], [{"x": 463, "y": 367}, {"x": 473, "y": 367}, {"x": 473, "y": 355}, {"x": 463, "y": 357}], [{"x": 463, "y": 389}, {"x": 473, "y": 389}, {"x": 473, "y": 379}, {"x": 463, "y": 379}], [{"x": 463, "y": 413}, {"x": 473, "y": 411}, {"x": 475, "y": 401}, {"x": 463, "y": 401}], [{"x": 463, "y": 433}, {"x": 473, "y": 433}, {"x": 473, "y": 420}, {"x": 463, "y": 423}], [{"x": 463, "y": 457}, {"x": 473, "y": 455}, {"x": 473, "y": 445}, {"x": 463, "y": 445}], [{"x": 463, "y": 477}, {"x": 473, "y": 478}, {"x": 473, "y": 464}, {"x": 463, "y": 464}], [{"x": 463, "y": 501}, {"x": 473, "y": 499}, {"x": 473, "y": 489}, {"x": 463, "y": 489}], [{"x": 463, "y": 521}, {"x": 473, "y": 521}, {"x": 473, "y": 511}, {"x": 463, "y": 511}], [{"x": 463, "y": 543}, {"x": 473, "y": 543}, {"x": 473, "y": 533}, {"x": 462, "y": 533}], [{"x": 463, "y": 565}, {"x": 473, "y": 565}, {"x": 473, "y": 555}, {"x": 463, "y": 553}], [{"x": 463, "y": 587}, {"x": 473, "y": 587}, {"x": 473, "y": 577}, {"x": 463, "y": 573}], [{"x": 463, "y": 609}, {"x": 473, "y": 609}, {"x": 473, "y": 599}, {"x": 459, "y": 599}], [{"x": 463, "y": 631}, {"x": 473, "y": 631}, {"x": 473, "y": 621}, {"x": 463, "y": 621}], [{"x": 463, "y": 653}, {"x": 473, "y": 653}, {"x": 473, "y": 643}, {"x": 463, "y": 643}], [{"x": 463, "y": 675}, {"x": 473, "y": 675}, {"x": 473, "y": 665}, {"x": 463, "y": 665}], [{"x": 463, "y": 697}, {"x": 473, "y": 697}, {"x": 473, "y": 687}, {"x": 463, "y": 687}], [{"x": 459, "y": 719}, {"x": 473, "y": 719}, {"x": 473, "y": 709}, {"x": 463, "y": 709}], [{"x": 463, "y": 741}, {"x": 473, "y": 742}, {"x": 473, "y": 730}, {"x": 463, "y": 727}], [{"x": 463, "y": 763}, {"x": 476, "y": 763}, {"x": 473, "y": 751}, {"x": 460, "y": 753}], [{"x": 463, "y": 785}, {"x": 473, "y": 785}, {"x": 475, "y": 775}, {"x": 463, "y": 775}], [{"x": 463, "y": 807}, {"x": 473, "y": 807}, {"x": 473, "y": 797}, {"x": 463, "y": 797}], [{"x": 463, "y": 829}, {"x": 473, "y": 829}, {"x": 473, "y": 819}, {"x": 463, "y": 819}], [{"x": 485, "y": 235}, {"x": 495, "y": 235}, {"x": 495, "y": 225}, {"x": 485, "y": 225}], [{"x": 482, "y": 257}, {"x": 495, "y": 257}, {"x": 495, "y": 247}, {"x": 485, "y": 247}], [{"x": 485, "y": 279}, {"x": 495, "y": 279}, {"x": 495, "y": 269}, {"x": 485, "y": 269}], [{"x": 485, "y": 301}, {"x": 495, "y": 301}, {"x": 495, "y": 291}, {"x": 485, "y": 291}], [{"x": 485, "y": 323}, {"x": 495, "y": 323}, {"x": 495, "y": 313}, {"x": 485, "y": 313}], [{"x": 485, "y": 345}, {"x": 495, "y": 345}, {"x": 495, "y": 335}, {"x": 485, "y": 335}], [{"x": 485, "y": 367}, {"x": 495, "y": 367}, {"x": 495, "y": 357}, {"x": 485, "y": 357}], [{"x": 485, "y": 389}, {"x": 495, "y": 389}, {"x": 495, "y": 379}, {"x": 485, "y": 379}], [{"x": 485, "y": 411}, {"x": 495, "y": 412}, {"x": 495, "y": 401}, {"x": 485, "y": 401}], [{"x": 485, "y": 433}, {"x": 495, "y": 433}, {"x": 495, "y": 423}, {"x": 485, "y": 423}], [{"x": 485, "y": 455}, {"x": 497, "y": 455}, {"x": 495, "y": 445}, {"x": 485, "y": 445}], [{"x": 485, "y": 477}, {"x": 495, "y": 477}, {"x": 495, "y": 467}, {"x": 482, "y": 467}], [{"x": 485, "y": 502}, {"x": 495, "y": 499}, {"x": 495, "y": 489}, {"x": 485, "y": 489}], [{"x": 485, "y": 521}, {"x": 495, "y": 521}, {"x": 495, "y": 511}, {"x": 485, "y": 508}], [{"x": 481, "y": 543}, {"x": 495, "y": 543}, {"x": 495, "y": 533}, {"x": 485, "y": 532}], [{"x": 485, "y": 565}, {"x": 495, "y": 565}, {"x": 495, "y": 555}, {"x": 485, "y": 555}], [{"x": 485, "y": 587}, {"x": 495, "y": 587}, {"x": 495, "y": 574}, {"x": 485, "y": 577}], [{"x": 485, "y": 609}, {"x": 495, "y": 609}, {"x": 495, "y": 599}, {"x": 482, "y": 597}], [{"x": 484, "y": 631}, {"x": 495, "y": 631}, {"x": 495, "y": 621}, {"x": 485, "y": 621}], [{"x": 484, "y": 656}, {"x": 495, "y": 653}, {"x": 495, "y": 643}, {"x": 485, "y": 643}], [{"x": 485, "y": 675}, {"x": 495, "y": 675}, {"x": 495, "y": 665}, {"x": 485, "y": 665}], [{"x": 485, "y": 697}, {"x": 495, "y": 697}, {"x": 495, "y": 687}, {"x": 485, "y": 687}], [{"x": 482, "y": 719}, {"x": 495, "y": 719}, {"x": 495, "y": 709}, {"x": 482, "y": 709}], [{"x": 485, "y": 741}, {"x": 495, "y": 741}, {"x": 495, "y": 731}, {"x": 485, "y": 731}], [{"x": 485, "y": 763}, {"x": 495, "y": 763}, {"x": 495, "y": 753}, {"x": 483, "y": 753}], [{"x": 485, "y": 785}, {"x": 495, "y": 785}, {"x": 495, "y": 775}, {"x": 485, "y": 775}], [{"x": 485, "y": 807}, {"x": 495, "y": 807}, {"x": 499, "y": 797}, {"x": 485, "y": 797}], [{"x": 485, "y": 829}, {"x": 495, "y": 829}, {"x": 495, "y": 819}, {"x": 485, "y": 819}], [{"x": 485, "y": 851}, {"x": 495, "y": 851}, {"x": 498, "y": 841}, {"x": 481, "y": 841}], [{"x": 507, "y": 235}, {"x": 520, "y": 235}, {"x": 517, "y": 225}, {"x": 507, "y": 225}], [{"x": 507, "y": 257}, {"x": 517, "y": 257}, {"x": 517, "y": 247}, {"x": 507, "y": 247}], [{"x": 507, "y": 279}, {"x": 517, "y": 279}, {"x": 518, "y": 269}, {"x": 507, "y": 269}], [{"x": 507, "y": 301}, {"x": 519, "y": 301}, {"x": 517, "y": 289}, {"x": 507, "y": 291}], [{"x": 507, "y": 325}, {"x": 517, "y": 323}, {"x": 517, "y": 313}, {"x": 507, "y": 313}], [{"x": 507, "y": 345}, {"x": 518, "y": 345}, {"x": 517, "y": 335}, {"x": 507, "y": 335}], [{"x": 507, "y": 367}, {"x": 517, "y": 367}, {"x": 517, "y": 357}, {"x": 507, "y": 357}], [{"x": 507, "y": 389}, {"x": 517, "y": 389}, {"x": 517, "y": 379}, {"x": 507, "y": 379}], [{"x": 507, "y": 411}, {"x": 517, "y": 411}, {"x": 517, "y": 398}, {"x": 507, "y": 401}], [{"x": 507, "y": 433}, {"x": 517, "y": 433}, {"x": 517, "y": 423}, {"x": 507, "y": 423}], [{"x": 507, "y": 455}, {"x": 517, "y": 455}, {"x": 517, "y": 445}, {"x": 507, "y": 445}], [{"x": 507, "y": 477}, {"x": 517, "y": 477}, {"x": 517, "y": 467}, {"x": 507, "y": 466}], [{"x": 507, "y": 499}, {"x": 517, "y": 500}, {"x": 520, "y": 489}, {"x": 507, "y": 489}], [{"x": 507, "y": 521}, {"x": 517, "y": 521}, {"x": 517, "y": 511}, {"x": 507, "y": 511}], [{"x": 504, "y": 543}, {"x": 517, "y": 543}, {"x": 517, "y": 533}, {"x": 507, "y": 529}], [{"x": 507, "y": 565}, {"x": 517, "y": 565}, {"x": 517, "y": 555}, {"x": 507, "y": 555}], [{"x": 507, "y": 587}, {"x": 517, "y": 587}, {"x": 517, "y": 577}, {"x": 507, "y": 577}], [{"x": 507, "y": 609}, {"x": 517, "y": 609}, {"x": 517, "y": 599}, {"x": 507, "y": 599}], [{"x": 507, "y": 635}, {"x": 517, "y": 631}, {"x": 517, "y": 621}, {"x": 507, "y": 621}], [{"x": 507, "y": 653}, {"x": 517, "y": 653}, {"x": 517, "y": 643}, {"x": 507, "y": 643}], [{"x": 507, "y": 675}, {"x": 517, "y": 677}, {"x": 517, "y": 665}, {"x": 507, "y": 665}], [{"x": 507, "y": 697}, {"x": 517, "y": 697}, {"x": 520, "y": 687}, {"x": 507, "y": 687}], [{"x": 507, "y": 720}, {"x": 517, "y": 719}, {"x": 517, "y": 709}, {"x": 507, "y": 709}], [{"x": 507, "y": 741}, {"x": 517, "y": 741}, {"x": 517, "y": 731}, {"x": 507, "y": 731}], [{"x": 507, "y": 763}, {"x": 517, "y": 763}, {"x": 517, "y": 753}, {"x": 507, "y": 753}], [{"x": 507, "y": 785}, {"x": 517, "y": 785}, {"x": 517, "y": 775}, {"x": 507, "y": 775}], [{"x": 507, "y": 807}, {"x": 517, "y": 807}, {"x": 517, "y": 797}, {"x": 507, "y": 797}], [{"x": 507, "y": 829}, {"x": 517, "y": 829}, {"x": 517, "y": 819}, {"x": 507, "y": 819}], [{"x": 529, "y": 235}, {"x": 539, "y": 239}, {"x": 539, "y": 225}, {"x": 529, "y": 225}], [{"x": 529, "y": 257}, {"x": 540, "y": 257}, {"x": 539, "y": 246}, {"x": 529, "y": 247}], [{"x": 527, "y": 279}, {"x": 539, "y": 279}, {"x": 539, "y": 269}, {"x": 529, "y": 269}], [{"x": 529, "y": 301}, {"x": 539, "y": 301}, {"x": 539, "y": 291}, {"x": 529, "y": 291}], [{"x": 529, "y": 323}, {"x": 539, "y": 323}, {"x": 539, "y": 313}, {"x": 529, "y": 309}], [{"x": 529, "y": 347}, {"x": 539, "y": 345}, {"x": 539, "y": 335}, {"x": 529, "y": 335}], [{"x": 529, "y": 367}, {"x": 539, "y": 367}, {"x": 539, "y": 357}, {"x": 529, "y": 357}], [{"x": 529, "y": 389}, {"x": 539, "y": 389}, {"x": 539, "y": 379}, {"x": 529, "y": 379}], [{"x": 529, "y": 411}, {"x": 539, "y": 411}, {"x": 539, "y": 401}, {"x": 529, "y": 401}], [{"x": 529, "y": 433}, {"x": 539, "y": 435}, {"x": 539, "y": 423}, {"x": 529, "y": 423}], [{"x": 529, "y": 455}, {"x": 540, "y": 455}, {"x": 539, "y": 445}, {"x": 529, "y": 444}], [{"x": 529, "y": 477}, {"x": 539, "y": 477}, {"x": 539, "y": 467}, {"x": 529, "y": 467}], [{"x": 529, "y": 499}, {"x": 539, "y": 499}, {"x": 539, "y": 485}, {"x": 529, "y": 486}], [{"x": 529, "y": 525}, {"x": 540, "y": 523}, {"x": 539, "y": 511}, {"x": 529, "y": 511}], [{"x": 529, "y": 543}, {"x": 539, "y": 543}, {"x": 539, "y": 533}, {"x": 529, "y": 530}], [{"x": 529, "y": 565}, {"x": 542, "y": 566}, {"x": 539, "y": 555}, {"x": 526, "y": 552}], [{"x": 529, "y": 587}, {"x": 539, "y": 587}, {"x": 539, "y": 577}, {"x": 529, "y": 577}], [{"x": 529, "y": 610}, {"x": 539, "y": 609}, {"x": 539, "y": 599}, {"x": 529, "y": 599}], [{"x": 529, "y": 631}, {"x": 539, "y": 631}, {"x": 539, "y": 621}, {"x": 529, "y": 621}], [{"x": 529, "y": 653}, {"x": 541, "y": 653}, {"x": 539, "y": 643}, {"x": 529, "y": 643}], [{"x": 529, "y": 675}, {"x": 539, "y": 675}, {"x": 541, "y": 665}, {"x": 529, "y": 665}], [{"x": 529, "y": 697}, {"x": 539, "y": 697}, {"x": 539, "y": 687}, {"x": 529, "y": 687}], [{"x": 529, "y": 720}, {"x": 540, "y": 719}, {"x": 539, "y": 709}, {"x": 529, "y": 709}], [{"x": 529, "y": 741}, {"x": 539, "y": 741}, {"x": 539, "y": 731}, {"x": 528, "y": 727}], [{"x": 529, "y": 763}, {"x": 539, "y": 763}, {"x": 539, "y": 753}, {"x": 529, "y": 753}], [{"x": 529, "y": 785}, {"x": 539, "y": 789}, {"x": 539, "y": 775}, {"x": 529, "y": 775}], [{"x": 529, "y": 807}, {"x": 539, "y": 810}, {"x": 539, "y": 797}, {"x": 529, "y": 794}], [{"x": 529, "y": 829}, {"x": 539, "y": 829}, {"x": 539, "y": 819}, {"x": 529, "y": 819}], [{"x": 551, "y": 235}, {"x": 561, "y": 235}, {"x": 561, "y": 225}, {"x": 551, "y": 225}], [{"x": 551, "y": 257}, {"x": 561, "y": 257}, {"x": 561, "y": 247}, {"x": 551, "y": 247}], [{"x": 551, "y": 279}, {"x": 561, "y": 279}, {"x": 561, "y": 269}, {"x": 551, "y": 269}], [{"x": 551, "y": 301}, {"x": 561, "y": 301}, {"x": 561, "y": 291}, {"x": 551, "y": 291}], [{"x": 551, "y": 323}, {"x": 561, "y": 323}, {"x": 563, "y": 313}, {"x": 551, "y": 313}], [{"x": 551, "y": 345}, {"x": 561, "y": 345}, {"x": 561, "y": 335}, {"x": 548, "y": 335}], [{"x": 551, "y": 367}, {"x": 561, "y": 367}, {"x": 561, "y": 357}, {"x": 551, "y": 354}], [{"x": 551, "y": 389}, {"x": 561, "y": 389}, {"x": 561, "y": 379}, {"x": 551, "y": 379}], [{"x": 548, "y": 411}, {"x": 561, "y": 411}, {"x": 562, "y": 401}, {"x": 549, "y": 401}], [{"x": 551, "y": 433}, {"x": 561, "y": 433}, {"x": 561, "y": 423}, {"x": 551, "y": 423}], [{"x": 547, "y": 455}, {"x": 561, "y": 458}, {"x": 561, "y": 445}, {"x": 551, "y": 445}], [{"x": 551, "y": 477}, {"x": 561, "y": 481}, {"x": 561, "y": 467}, {"x": 551, "y": 467}], [{"x": 551, "y": 499}, {"x": 561, "y": 499}, {"x": 561, "y": 489}, {"x": 547, "y": 489}], [{"x": 549, "y": 521}, {"x": 561, "y": 521}, {"x": 561, "y": 511}, {"x": 551, "y": 511}], [{"x": 551, "y": 543}, {"x": 561, "y": 543}, {"x": 561, "y": 533}, {"x": 551, "y": 533}], [{"x": 551, "y": 565}, {"x": 561, "y": 565}, {"x": 561, "y": 555}, {"x": 551, "y": 555}], [{"x": 551, "y": 587}, {"x": 561, "y": 587}, {"x": 561, "y": 577}, {"x": 551, "y": 575}], [{"x": 551, "y": 609}, {"x": 561, "y": 609}, {"x": 561, "y": 599}, {"x": 551, "y": 599}], [{"x": 551, "y": 631}, {"x": 561, "y": 631}, {"x": 561, "y": 620}, {"x": 551, "y": 617}], [{"x": 551, "y": 653}, {"x": 561, "y": 653}, {"x": 561, "y": 643}, {"x": 549, "y": 643}], [{"x": 551, "y": 675}, {"x": 565, "y": 675}, {"x": 561, "y": 665}, {"x": 551, "y": 661}], [{"x": 551, "y": 697}, {"x": 561, "y": 697}, {"x": 561, "y": 687}, {"x": 549, "y": 687}], [{"x": 551, "y": 719}, {"x": 561, "y": 719}, {"x": 561, "y": 707}, {"x": 551, "y": 705}], [{"x": 551, "y": 741}, {"x": 561, "y": 741}, {"x": 561, "y": 730}, {"x": 551, "y": 730}], [{"x": 551, "y": 763}, {"x": 561, "y": 763}, {"x": 561, "y": 753}, {"x": 551, "y": 753}], [{"x": 551, "y": 787}, {"x": 561, "y": 785}, {"x": 561, "y": 774}, {"x": 551, "y": 775}], [{"x": 551, "y": 807}, {"x": 561, "y": 807}, {"x": 561, "y": 797}, {"x": 551, "y": 797}], [{"x": 547, "y": 829}, {"x": 561, "y": 829}, {"x": 563, "y": 819}, {"x": 551, "y": 819}], [{"x": 573, "y": 235}, {"x": 583, "y": 235}, {"x": 583, "y": 222}, {"x": 573, "y": 225}], [{"x": 573, "y": 257}, {"x": 583, "y": 257}, {"x": 583, "y": 247}, {"x": 573, "y": 247}], [{"x": 573, "y": 279}, {"x": 585, "y": 279}, {"x": 583, "y": 269}, {"x": 573, "y": 269}], [{"x": 573, "y": 301}, {"x": 583, "y": 301}, {"x": 583, "y": 289}, {"x": 573, "y": 291}], [{"x": 573, "y": 323}, {"x": 583, "y": 323}, {"x": 583, "y": 313}, {"x": 573, "y": 313}], [{"x": 573, "y": 345}, {"x": 583, "y": 345}, {"x": 586, "y": 335}, {"x": 573, "y": 335}], [{"x": 573, "y": 367}, {"x": 583, "y": 367}, {"x": 583, "y": 357}, {"x": 573, "y": 357}], [{"x": 570, "y": 389}, {"x": 583, "y": 393}, {"x": 583, "y": 379}, {"x": 573, "y": 379}], [{"x": 573, "y": 411}, {"x": 583, "y": 411}, {"x": 583, "y": 401}, {"x": 573, "y": 401}], [{"x": 573, "y": 433}, {"x": 583, "y": 433}, {"x": 583, "y": 421}, {"x": 573, "y": 423}], [{"x": 573, "y": 455}, {"x": 583, "y": 455}, {"x": 583, "y": 445}, {"x": 573, "y": 444}], [{"x": 573, "y": 477}, {"x": 583, "y": 477}, {"x": 586, "y": 467}, {"x": 573, "y": 467}], [{"x": 573, "y": 499}, {"x": 583, "y": 499}, {"x": 583, "y": 489}, {"x": 573, "y": 489}], [{"x": 573, "y": 521}, {"x": 583, "y": 521}, {"x": 583, "y": 511}, {"x": 573, "y": 511}], [{"x": 571, "y": 543}, {"x": 583, "y": 544}, {"x": 583, "y": 533}, {"x": 573, "y": 533}], [{"x": 569, "y": 565}, {"x": 583, "y": 565}, {"x": 583, "y": 555}, {"x": 573, "y": 555}], [{"x": 573, "y": 587}, {"x": 583, "y": 587}, {"x": 583, "y": 577}, {"x": 573, "y": 577}], [{"x": 573, "y": 609}, {"x": 583, "y": 612}, {"x": 583, "y": 599}, {"x": 573, "y": 599}], [{"x": 573, "y": 631}, {"x": 583, "y": 631}, {"x": 583, "y": 621}, {"x": 573, "y": 621}], [{"x": 573, "y": 653}, {"x": 583, "y": 654}, {"x": 583, "y": 643}, {"x": 573, "y": 641}], [{"x": 573, "y": 675}, {"x": 583, "y": 675}, {"x": 583, "y": 665}, {"x": 573, "y": 665}], [{"x": 573, "y": 697}, {"x": 583, "y": 697}, {"x": 583, "y": 687}, {"x": 572, "y": 687}], [{"x": 573, "y": 719}, {"x": 583, "y": 719}, {"x": 583, "y": 709}, {"x": 570, "y": 709}], [{"x": 569, "y": 741}, {"x": 583, "y": 741}, {"x": 583, "y": 731}, {"x": 570, "y": 731}], [{"x": 573, "y": 763}, {"x": 583, "y": 763}, {"x": 583, "y": 753}, {"x": 573, "y": 753}], [{"x": 573, "y": 785}, {"x": 583, "y": 785}, {"x": 583, "y": 775}, {"x": 573, "y": 775}], [{"x": 573, "y": 807}, {"x": 583, "y": 810}, {"x": 583, "y": 797}, {"x": 573, "y": 797}], [{"x": 573, "y": 829}, {"x": 585, "y": 829}, {"x": 583, "y": 819}, {"x": 573, "y": 819}], [{"x": 595, "y": 235}, {"x": 605, "y": 235}, {"x": 605, "y": 225}, {"x": 595, "y": 225}], [{"x": 595, "y": 257}, {"x": 609, "y": 257}, {"x": 605, "y": 247}, {"x": 595, "y": 247}], [{"x": 595, "y": 279}, {"x": 605, "y": 280}, {"x": 605, "y": 269}, {"x": 595, "y": 269}], [{"x": 595, "y": 301}, {"x": 605, "y": 301}, {"x": 605, "y": 288}, {"x": 595, "y": 291}], [{"x": 594, "y": 323}, {"x": 605, "y": 323}, {"x": 605, "y": 313}, {"x": 595, "y": 313}], [{"x": 595, "y": 345}, {"x": 605, "y": 345}, {"x": 605, "y": 335}, {"x": 595, "y": 331}], [{"x": 595, "y": 368}, {"x": 605, "y": 367}, {"x": 605, "y": 357}, {"x": 595, "y": 357}], [{"x": 595, "y": 389}, {"x": 605, "y": 389}, {"x": 605, "y": 378}, {"x": 595, "y": 379}], [{"x": 595, "y": 411}, {"x": 605, "y": 411}, {"x": 605, "y": 401}, {"x": 595, "y": 401}], [{"x": 595, "y": 433}, {"x": 605, "y": 433}, {"x": 605, "y": 423}, {"x": 592, "y": 423}], [{"x": 595, "y": 457}, {"x": 606, "y": 455}, {"x": 605, "y": 445}, {"x": 595, "y": 445}], [{"x": 595, "y": 477}, {"x": 605, "y": 477}, {"x": 605, "y": 467}, {"x": 595, "y": 467}], [{"x": 595, "y": 499}, {"x": 605, "y": 499}, {"x": 605, "y": 489}, {"x": 595, "y": 489}], [{"x": 595, "y": 521}, {"x": 605, "y": 521}, {"x": 605, "y": 511}, {"x": 595, "y": 511}], [{"x": 595, "y": 543}, {"x": 605, "y": 543}, {"x": 605, "y": 533}, {"x": 595, "y": 533}], [{"x": 595, "y": 565}, {"x": 605, "y": 565}, {"x": 605, "y": 555}, {"x": 595, "y": 554}], [{"x": 595, "y": 587}, {"x": 605, "y": 587}, {"x": 605, "y": 577}, {"x": 595, "y": 574}], [{"x": 595, "y": 609}, {"x": 608, "y": 609}, {"x": 607, "y": 599}, {"x": 595, "y": 599}], [{"x": 595, "y": 633}, {"x": 605, "y": 631}, {"x": 605, "y": 621}, {"x": 595, "y": 621}], [{"x": 595, "y": 653}, {"x": 607, "y": 653}, {"x": 605, "y": 643}, {"x": 595, "y": 643}], [{"x": 595, "y": 675}, {"x": 607, "y": 675}, {"x": 605, "y": 665}, {"x": 595, "y": 665}], [{"x": 595, "y": 697}, {"x": 605, "y": 697}, {"x": 605, "y": 687}, {"x": 595, "y": 687}], [{"x": 595, "y": 719}, {"x": 605, "y": 719}, {"x": 605, "y": 709}, {"x": 592, "y": 709}], [{"x": 595, "y": 741}, {"x": 605, "y": 741}, {"x": 605, "y": 731}, {"x": 595, "y": 731}], [{"x": 595, "y": 764}, {"x": 605, "y": 763}, {"x": 605, "y": 753}, {"x": 591, "y": 753}], [{"x": 595, "y": 785}, {"x": 605, "y": 785}, {"x": 605, "y": 775}, {"x": 595, "y": 775}], [{"x": 593, "y": 807}, {"x": 605, "y": 807}, {"x": 605, "y": 797}, {"x": 595, "y": 797}], [{"x": 595, "y": 829}, {"x": 605, "y": 829}, {"x": 608, "y": 819}, {"x": 595, "y": 819}], [{"x": 617, "y": 235}, {"x": 627, "y": 235}, {"x": 627, "y": 222}, {"x": 617, "y": 225}], [{"x": 617, "y": 257}, {"x": 627, "y": 257}, {"x": 627, "y": 247}, {"x": 617, "y": 247}], [{"x": 617, "y": 279}, {"x": 627, "y": 279}, {"x": 627, "y": 269}, {"x": 616, "y": 269}], [{"x": 617, "y": 301}, {"x": 627, "y": 301}, {"x": 627, "y": 291}, {"x": 617, "y": 291}], [{"x": 613, "y": 326}, {"x": 627, "y": 323}, {"x": 627, "y": 313}, {"x": 617, "y": 313}], [{"x": 617, "y": 345}, {"x": 627, "y": 346}, {"x": 627, "y": 335}, {"x": 617, "y": 335}], [{"x": 614, "y": 367}, {"x": 627, "y": 367}, {"x": 627, "y": 357}, {"x": 617, "y": 357}], [{"x": 617, "y": 389}, {"x": 627, "y": 389}, {"x": 627, "y": 379}, {"x": 617, "y": 379}], [{"x": 617, "y": 411}, {"x": 627, "y": 411}, {"x": 627, "y": 401}, {"x": 617, "y": 401}], [{"x": 617, "y": 433}, {"x": 627, "y": 433}, {"x": 627, "y": 423}, {"x": 617, "y": 423}], [{"x": 617, "y": 455}, {"x": 627, "y": 455}, {"x": 627, "y": 445}, {"x": 617, "y": 445}], [{"x": 617, "y": 477}, {"x": 627, "y": 477}, {"x": 629, "y": 467}, {"x": 617, "y": 467}], [{"x": 617, "y": 499}, {"x": 627, "y": 499}, {"x": 627, "y": 489}, {"x": 617, "y": 489}], [{"x": 617, "y": 521}, {"x": 627, "y": 521}, {"x": 627, "y": 511}, {"x": 617, "y": 511}], [{"x": 617, "y": 543}, {"x": 627, "y": 543}, {"x": 627, "y": 533}, {"x": 617, "y": 533}], [{"x": 617, "y": 565}, {"x": 627, "y": 565}, {"x": 631, "y": 555}, {"x": 617, "y": 555}], [{"x": 617, "y": 587}, {"x": 627, "y": 587}, {"x": 627, "y": 577}, {"x": 617, "y": 574}], [{"x": 617, "y": 609}, {"x": 627, "y": 612}, {"x": 627, "y": 599}, {"x": 617, "y": 599}], [{"x": 617, "y": 631}, {"x": 631, "y": 631}, {"x": 627, "y": 621}, {"x": 617, "y": 621}], [{"x": 617, "y": 653}, {"x": 627, "y": 653}, {"x": 627, "y": 641}, {"x": 617, "y": 641}], [{"x": 617, "y": 678}, {"x": 630, "y": 675}, {"x": 628, "y": 662}, {"x": 617, "y": 665}], [{"x": 617, "y": 697}, {"x": 627, "y": 697}, {"x": 627, "y": 687}, {"x": 617, "y": 687}], [{"x": 617, "y": 721}, {"x": 628, "y": 719}, {"x": 627, "y": 709}, {"x": 617, "y": 709}], [{"x": 617, "y": 741}, {"x": 627, "y": 741}, {"x": 627, "y": 731}, {"x": 617, "y": 731}], [{"x": 617, "y": 763}, {"x": 627, "y": 763}, {"x": 627, "y": 753}, {"x": 617, "y": 753}], [{"x": 617, "y": 785}, {"x": 627, "y": 789}, {"x": 627, "y": 775}, {"x": 617, "y": 775}], [{"x": 617, "y": 807}, {"x": 627, "y": 811}, {"x": 627, "y": 797}, {"x": 617, "y": 797}], [{"x": 617, "y": 831}, {"x": 627, "y": 829}, {"x": 627, "y": 819}, {"x": 617, "y": 819}], [{"x": 639, "y": 235}, {"x": 649, "y": 236}, {"x": 649, "y": 225}, {"x": 639, "y": 223}], [{"x": 639, "y": 257}, {"x": 652, "y": 257}, {"x": 649, "y": 247}, {"x": 639, "y": 247}], [{"x": 639, "y": 279}, {"x": 649, "y": 279}, {"x": 652, "y": 269}, {"x": 639, "y": 269}], [{"x": 639, "y": 301}, {"x": 649, "y": 301}, {"x": 649, "y": 291}, {"x": 639, "y": 291}], [{"x": 639, "y": 323}, {"x": 649, "y": 323}, {"x": 649, "y": 313}, {"x": 639, "y": 313}], [{"x": 639, "y": 345}, {"x": 649, "y": 349}, {"x": 649, "y": 333}, {"x": 639, "y": 335}], [{"x": 639, "y": 367}, {"x": 649, "y": 367}, {"x": 649, "y": 357}, {"x": 639, "y": 357}], [{"x": 639, "y": 389}, {"x": 649, "y": 389}, {"x": 649, "y": 379}, {"x": 639, "y": 379}], [{"x": 639, "y": 411}, {"x": 652, "y": 411}, {"x": 649, "y": 397}, {"x": 639, "y": 401}], [{"x": 639, "y": 433}, {"x": 649, "y": 433}, {"x": 649, "y": 423}, {"x": 639, "y": 423}], [{"x": 639, "y": 455}, {"x": 649, "y": 455}, {"x": 649, "y": 445}, {"x": 639, "y": 445}], [{"x": 639, "y": 477}, {"x": 649, "y": 477}, {"x": 649, "y": 467}, {"x": 639, "y": 467}], [{"x": 637, "y": 499}, {"x": 649, "y": 499}, {"x": 649, "y": 489}, {"x": 639, "y": 489}], [{"x": 639, "y": 521}, {"x": 650, "y": 521}, {"x": 649, "y": 511}, {"x": 639, "y": 507}], [{"x": 639, "y": 543}, {"x": 649, "y": 543}, {"x": 649, "y": 533}, {"x": 639, "y": 533}], [{"x": 639, "y": 565}, {"x": 649, "y": 565}, {"x": 649, "y": 555}, {"x": 639, "y": 555}], [{"x": 639, "y": 587}, {"x": 649, "y": 587}, {"x": 649, "y": 577}, {"x": 639, "y": 577}], [{"x": 639, "y": 609}, {"x": 649, "y": 609}, {"x": 649, "y": 599}, {"x": 639, "y": 596}], [{"x": 639, "y": 631}, {"x": 649, "y": 631}, {"x": 649, "y": 618}, {"x": 637, "y": 621}], [{"x": 639, "y": 653}, {"x": 649, "y": 653}, {"x": 651, "y": 642}, {"x": 636, "y": 643}], [{"x": 639, "y": 675}, {"x": 649, "y": 675}, {"x": 649, "y": 665}, {"x": 639, "y": 662}], [{"x": 639, "y": 697}, {"x": 649, "y": 700}, {"x": 651, "y": 687}, {"x": 639, "y": 687}], [{"x": 639, "y": 719}, {"x": 652, "y": 721}, {"x": 649, "y": 709}, {"x": 639, "y": 709}], [{"x": 639, "y": 741}, {"x": 649, "y": 741}, {"x": 649, "y": 731}, {"x": 639, "y": 731}], [{"x": 639, "y": 763}, {"x": 649, "y": 763}, {"x": 652, "y": 753}, {"x": 639, "y": 753}], [{"x": 639, "y": 785}, {"x": 650, "y": 785}, {"x": 649, "y": 775}, {"x": 639, "y": 775}], [{"x": 639, "y": 807}, {"x": 649, "y": 807}, {"x": 649, "y": 797}, {"x": 639, "y": 797}], [{"x": 660, "y": 235}, {"x": 671, "y": 239}, {"x": 674, "y": 225}, {"x": 661, "y": 225}], [{"x": 661, "y": 257}, {"x": 671, "y": 261}, {"x": 671, "y": 247}, {"x": 661, "y": 247}], [{"x": 661, "y": 279}, {"x": 671, "y": 279}, {"x": 671, "y": 269}, {"x": 661, "y": 269}], [{"x": 661, "y": 301}, {"x": 671, "y": 301}, {"x": 671, "y": 291}, {"x": 661, "y": 291}], [{"x": 661, "y": 323}, {"x": 671, "y": 323}, {"x": 671, "y": 312}, {"x": 661, "y": 313}], [{"x": 661, "y": 345}, {"x": 671, "y": 345}, {"x": 671, "y": 334}, {"x": 661, "y": 335}], [{"x": 661, "y": 367}, {"x": 671, "y": 367}, {"x": 671, "y": 357}, {"x": 659, "y": 357}], [{"x": 661, "y": 389}, {"x": 671, "y": 392}, {"x": 671, "y": 379}, {"x": 661, "y": 379}], [{"x": 661, "y": 411}, {"x": 671, "y": 411}, {"x": 672, "y": 401}, {"x": 661, "y": 401}], [{"x": 661, "y": 433}, {"x": 671, "y": 433}, {"x": 671, "y": 423}, {"x": 660, "y": 423}], [{"x": 661, "y": 455}, {"x": 671, "y": 455}, {"x": 671, "y": 445}, {"x": 661, "y": 445}], [{"x": 661, "y": 477}, {"x": 671, "y": 477}, {"x": 671, "y": 467}, {"x": 661, "y": 467}], [{"x": 661, "y": 499}, {"x": 671, "y": 499}, {"x": 671, "y": 489}, {"x": 661, "y": 489}], [{"x": 659, "y": 521}, {"x": 675, "y": 521}, {"x": 671, "y": 511}, {"x": 661, "y": 511}], [{"x": 661, "y": 543}, {"x": 671, "y": 543}, {"x": 671, "y": 533}, {"x": 661, "y": 533}], [{"x": 661, "y": 565}, {"x": 674, "y": 565}, {"x": 675, "y": 555}, {"x": 661, "y": 555}], [{"x": 661, "y": 587}, {"x": 675, "y": 587}, {"x": 671, "y": 577}, {"x": 661, "y": 577}], [{"x": 661, "y": 609}, {"x": 671, "y": 609}, {"x": 671, "y": 599}, {"x": 661, "y": 599}], [{"x": 661, "y": 631}, {"x": 671, "y": 631}, {"x": 671, "y": 621}, {"x": 659, "y": 621}], [{"x": 661, "y": 653}, {"x": 672, "y": 657}, {"x": 671, "y": 643}, {"x": 661, "y": 643}], [{"x": 661, "y": 677}, {"x": 671, "y": 675}, {"x": 674, "y": 665}, {"x": 661, "y": 665}], [{"x": 661, "y": 719}, {"x": 671, "y": 719}, {"x": 671, "y": 705}, {"x": 661, "y": 709}], [{"x": 661, "y": 741}, {"x": 671, "y": 741}, {"x": 671, "y": 731}, {"x": 661, "y": 731}], [{"x": 661, "y": 763}, {"x": 671, "y": 763}, {"x": 671, "y": 753}, {"x": 661, "y": 753}], [{"x": 661, "y": 785}, {"x": 671, "y": 785}, {"x": 671, "y": 775}, {"x": 661, "y": 775}], [{"x": 661, "y": 807}, {"x": 671, "y": 807}, {"x": 671, "y": 797}, {"x": 661, "y": 797}], [{"x": 683, "y": 235}, {"x": 693, "y": 235}, {"x": 693, "y": 225}, {"x": 683, "y": 225}], [{"x": 683, "y": 257}, {"x": 693, "y": 257}, {"x": 693, "y": 247}, {"x": 683, "y": 247}], [{"x": 683, "y": 281}, {"x": 693, "y": 279}, {"x": 695, "y": 269}, {"x": 683, "y": 269}], [{"x": 683, "y": 301}, {"x": 693, "y": 305}, {"x": 693, "y": 291}, {"x": 680, "y": 291}], [{"x": 683, "y": 323}, {"x": 693, "y": 323}, {"x": 693, "y": 313}, {"x": 683, "y": 313}], [{"x": 680, "y": 345}, {"x": 693, "y": 345}, {"x": 693, "y": 335}, {"x": 683, "y": 335}], [{"x": 683, "y": 367}, {"x": 695, "y": 367}, {"x": 693, "y": 357}, {"x": 683, "y": 357}], [{"x": 683, "y": 389}, {"x": 693, "y": 389}, {"x": 696, "y": 379}, {"x": 683, "y": 379}], [{"x": 679, "y": 411}, {"x": 693, "y": 411}, {"x": 693, "y": 401}, {"x": 683, "y": 401}], [{"x": 679, "y": 433}, {"x": 693, "y": 433}, {"x": 693, "y": 423}, {"x": 683, "y": 423}], [{"x": 683, "y": 455}, {"x": 693, "y": 455}, {"x": 693, "y": 445}, {"x": 683, "y": 445}], [{"x": 683, "y": 477}, {"x": 697, "y": 477}, {"x": 696, "y": 467}, {"x": 683, "y": 467}], [{"x": 683, "y": 501}, {"x": 693, "y": 499}, {"x": 693, "y": 489}, {"x": 683, "y": 485}], [{"x": 683, "y": 521}, {"x": 693, "y": 521}, {"x": 693, "y": 508}, {"x": 683, "y": 511}], [{"x": 682, "y": 543}, {"x": 693, "y": 546}, {"x": 695, "y": 533}, {"x": 683, "y": 533}], [{"x": 683, "y": 565}, {"x": 693, "y": 566}, {"x": 693, "y": 555}, {"x": 682, "y": 555}], [{"x": 683, "y": 587}, {"x": 693, "y": 587}, {"x": 693, "y": 577}, {"x": 683, "y": 577}], [{"x": 683, "y": 609}, {"x": 694, "y": 609}, {"x": 693, "y": 599}, {"x": 683, "y": 599}], [{"x": 683, "y": 631}, {"x": 695, "y": 631}, {"x": 693, "y": 621}, {"x": 683, "y": 621}], [{"x": 683, "y": 653}, {"x": 693, "y": 653}, {"x": 693, "y": 643}, {"x": 683, "y": 643}], [{"x": 683, "y": 675}, {"x": 693, "y": 675}, {"x": 693, "y": 665}, {"x": 681, "y": 665}], [{"x": 683, "y": 697}, {"x": 693, "y": 697}, {"x": 693, "y": 687}, {"x": 683, "y": 687}], [{"x": 683, "y": 719}, {"x": 693, "y": 719}, {"x": 693, "y": 709}, {"x": 683, "y": 709}], [{"x": 683, "y": 741}, {"x": 693, "y": 741}, {"x": 693, "y": 731}, {"x": 683, "y": 731}], [{"x": 683, "y": 763}, {"x": 693, "y": 763}, {"x": 693, "y": 753}, {"x": 683, "y": 753}], [{"x": 683, "y": 787}, {"x": 693, "y": 785}, {"x": 693, "y": 775}, {"x": 683, "y": 775}], [{"x": 683, "y": 808}, {"x": 693, "y": 807}, {"x": 693, "y": 797}, {"x": 681, "y": 797}], [{"x": 705, "y": 235}, {"x": 715, "y": 235}, {"x": 715, "y": 225}, {"x": 705, "y": 225}], [{"x": 705, "y": 257}, {"x": 715, "y": 257}, {"x": 715, "y": 247}, {"x": 705, "y": 247}], [{"x": 705, "y": 279}, {"x": 715, "y": 279}, {"x": 715, "y": 269}, {"x": 705, "y": 269}], [{"x": 704, "y": 301}, {"x": 715, "y": 301}, {"x": 715, "y": 291}, {"x": 705, "y": 288}], [{"x": 705, "y": 323}, {"x": 715, "y": 323}, {"x": 715, "y": 311}, {"x": 705, "y": 313}], [{"x": 705, "y": 345}, {"x": 715, "y": 345}, {"x": 715, "y": 331}, {"x": 705, "y": 335}], [{"x": 705, "y": 367}, {"x": 716, "y": 367}, {"x": 715, "y": 357}, {"x": 705, "y": 357}], [{"x": 705, "y": 389}, {"x": 715, "y": 389}, {"x": 719, "y": 379}, {"x": 705, "y": 379}], [{"x": 705, "y": 413}, {"x": 715, "y": 411}, {"x": 715, "y": 401}, {"x": 705, "y": 401}], [{"x": 705, "y": 433}, {"x": 715, "y": 433}, {"x": 715, "y": 423}, {"x": 705, "y": 423}], [{"x": 705, "y": 455}, {"x": 715, "y": 455}, {"x": 715, "y": 445}, {"x": 705, "y": 445}], [{"x": 704, "y": 477}, {"x": 715, "y": 477}, {"x": 715, "y": 467}, {"x": 705, "y": 467}], [{"x": 705, "y": 499}, {"x": 715, "y": 499}, {"x": 715, "y": 489}, {"x": 705, "y": 489}], [{"x": 705, "y": 521}, {"x": 715, "y": 521}, {"x": 715, "y": 511}, {"x": 705, "y": 511}], [{"x": 705, "y": 543}, {"x": 715, "y": 543}, {"x": 715, "y": 533}, {"x": 705, "y": 533}], [{"x": 705, "y": 565}, {"x": 715, "y": 565}, {"x": 715, "y": 555}, {"x": 705, "y": 555}], [{"x": 705, "y": 587}, {"x": 717, "y": 587}, {"x": 715, "y": 577}, {"x": 705, "y": 573}], [{"x": 705, "y": 609}, {"x": 715, "y": 609}, {"x": 716, "y": 599}, {"x": 705, "y": 599}], [{"x": 701, "y": 631}, {"x": 715, "y": 631}, {"x": 715, "y": 621}, {"x": 705, "y": 621}], [{"x": 705, "y": 653}, {"x": 715, "y": 653}, {"x": 715, "y": 641}, {"x": 705, "y": 643}], [{"x": 705, "y": 675}, {"x": 715, "y": 675}, {"x": 715, "y": 665}, {"x": 705, "y": 665}], [{"x": 705, "y": 697}, {"x": 715, "y": 697}, {"x": 715, "y": 687}, {"x": 705, "y": 687}], [{"x": 705, "y": 719}, {"x": 715, "y": 719}, {"x": 715, "y": 709}, {"x": 705, "y": 709}], [{"x": 705, "y": 741}, {"x": 715, "y": 744}, {"x": 715, "y": 731}, {"x": 705, "y": 731}], [{"x": 705, "y": 763}, {"x": 715, "y": 763}, {"x": 715, "y": 750}, {"x": 705, "y": 753}], [{"x": 705, "y": 785}, {"x": 715, "y": 785}, {"x": 715, "y": 775}, {"x": 705, "y": 775}], [{"x": 705, "y": 807}, {"x": 715, "y": 807}, {"x": 715, "y": 797}, {"x": 701, "y": 796}], [{"x": 727, "y": 235}, {"x": 737, "y": 235}, {"x": 737, "y": 225}, {"x": 727, "y": 225}], [{"x": 727, "y": 257}, {"x": 737, "y": 260}, {"x": 737, "y": 247}, {"x": 727, "y": 247}], [{"x": 727, "y": 279}, {"x": 741, "y": 279}, {"x": 737, "y": 269}, {"x": 727, "y": 269}], [{"x": 725, "y": 301}, {"x": 737, "y": 301}, {"x": 737, "y": 291}, {"x": 727, "y": 287}], [{"x": 727, "y": 323}, {"x": 737, "y": 323}, {"x": 737, "y": 313}, {"x": 727, "y": 313}], [{"x": 727, "y": 346}, {"x": 737, "y": 345}, {"x": 737, "y": 335}, {"x": 727, "y": 335}], [{"x": 727, "y": 367}, {"x": 737, "y": 367}, {"x": 737, "y": 357}, {"x": 727, "y": 357}], [{"x": 727, "y": 389}, {"x": 737, "y": 389}, {"x": 737, "y": 379}, {"x": 724, "y": 379}], [{"x": 727, "y": 411}, {"x": 737, "y": 411}, {"x": 737, "y": 401}, {"x": 727, "y": 401}], [{"x": 727, "y": 433}, {"x": 737, "y": 433}, {"x": 737, "y": 423}, {"x": 727, "y": 423}], [{"x": 727, "y": 455}, {"x": 737, "y": 455}, {"x": 737, "y": 445}, {"x": 727, "y": 445}], [{"x": 727, "y": 477}, {"x": 737, "y": 477}, {"x": 737, "y": 467}, {"x": 724, "y": 467}], [{"x": 727, "y": 499}, {"x": 737, "y": 499}, {"x": 737, "y": 489}, {"x": 727, "y": 489}], [{"x": 727, "y": 521}, {"x": 737, "y": 521}, {"x": 737, "y": 511}, {"x": 727, "y": 511}], [{"x": 727, "y": 543}, {"x": 739, "y": 543}, {"x": 737, "y": 533}, {"x": 723, "y": 530}], [{"x": 727, "y": 565}, {"x": 737, "y": 565}, {"x": 737, "y": 555}, {"x": 727, "y": 555}], [{"x": 727, "y": 587}, {"x": 737, "y": 587}, {"x": 737, "y": 577}, {"x": 727, "y": 577}], [{"x": 726, "y": 609}, {"x": 737, "y": 609}, {"x": 737, "y": 599}, {"x": 727, "y": 599}], [{"x": 727, "y": 631}, {"x": 737, "y": 631}, {"x": 737, "y": 621}, {"x": 727, "y": 619}], [{"x": 727, "y": 653}, {"x": 737, "y": 653}, {"x": 737, "y": 643}, {"x": 727, "y": 643}], [{"x": 727, "y": 675}, {"x": 737, "y": 675}, {"x": 737, "y": 665}, {"x": 727, "y": 665}], [{"x": 727, "y": 700}, {"x": 737, "y": 697}, {"x": 737, "y": 687}, {"x": 727, "y": 687}], [{"x": 727, "y": 719}, {"x": 737, "y": 719}, {"x": 737, "y": 709}, {"x": 727, "y": 709}], [{"x": 727, "y": 741}, {"x": 737, "y": 741}, {"x": 737, "y": 731}, {"x": 727, "y": 729}], [{"x": 727, "y": 763}, {"x": 737, "y": 763}, {"x": 737, "y": 753}, {"x": 727, "y": 753}], [{"x": 727, "y": 785}, {"x": 737, "y": 785}, {"x": 737, "y": 775}, {"x": 727, "y": 775}], [{"x": 727, "y": 807}, {"x": 737, "y": 807}, {"x": 737, "y": 794}, {"x": 727, "y": 797}], [{"x": 747, "y": 235}, {"x": 759, "y": 235}, {"x": 759, "y": 225}, {"x": 749, "y": 225}], [{"x": 749, "y": 257}, {"x": 759, "y": 257}, {"x": 759, "y": 247}, {"x": 749, "y": 247}], [{"x": 749, "y": 280}, {"x": 759, "y": 279}, {"x": 759, "y": 269}, {"x": 749, "y": 269}], [{"x": 745, "y": 304}, {"x": 759, "y": 301}, {"x": 759, "y": 291}, {"x": 749, "y": 291}], [{"x": 749, "y": 323}, {"x": 759, "y": 323}, {"x": 759, "y": 313}, {"x": 749, "y": 313}], [{"x": 746, "y": 345}, {"x": 759, "y": 345}, {"x": 759, "y": 335}, {"x": 749, "y": 335}], [{"x": 749, "y": 367}, {"x": 759, "y": 367}, {"x": 759, "y": 357}, {"x": 749, "y": 357}], [{"x": 749, "y": 389}, {"x": 759, "y": 389}, {"x": 759, "y": 379}, {"x": 749, "y": 379}], [{"x": 745, "y": 411}, {"x": 759, "y": 413}, {"x": 759, "y": 401}, {"x": 749, "y": 401}], [{"x": 749, "y": 436}, {"x": 763, "y": 433}, {"x": 759, "y": 423}, {"x": 749, "y": 423}], [{"x": 749, "y": 455}, {"x": 759, "y": 455}, {"x": 759, "y": 445}, {"x": 749, "y": 445}], [{"x": 749, "y": 477}, {"x": 759, "y": 481}, {"x": 759, "y": 467}, {"x": 749, "y": 467}], [{"x": 749, "y": 499}, {"x": 759, "y": 499}, {"x": 763, "y": 489}, {"x": 749, "y": 489}], [{"x": 749, "y": 521}, {"x": 759, "y": 521}, {"x": 759, "y": 511}, {"x": 749, "y": 511}], [{"x": 749, "y": 543}, {"x": 759, "y": 543}, {"x": 759, "y": 533}, {"x": 749, "y": 533}], [{"x": 749, "y": 565}, {"x": 759, "y": 565}, {"x": 759, "y": 555}, {"x": 749, "y": 555}], [{"x": 749, "y": 587}, {"x": 759, "y": 587}, {"x": 759, "y": 577}, {"x": 749, "y": 577}], [{"x": 749, "y": 609}, {"x": 759, "y": 609}, {"x": 759, "y": 597}, {"x": 749, "y": 599}], [{"x": 749, "y": 631}, {"x": 759, "y": 631}, {"x": 763, "y": 621}, {"x": 749, "y": 621}], [{"x": 749, "y": 653}, {"x": 759, "y": 653}, {"x": 759, "y": 643}, {"x": 748, "y": 643}], [{"x": 749, "y": 675}, {"x": 759, "y": 675}, {"x": 759, "y": 662}, {"x": 749, "y": 665}], [{"x": 749, "y": 697}, {"x": 759, "y": 697}, {"x": 759, "y": 687}, {"x": 749, "y": 687}], [{"x": 749, "y": 719}, {"x": 759, "y": 719}, {"x": 759, "y": 709}, {"x": 749, "y": 709}], [{"x": 749, "y": 741}, {"x": 759, "y": 741}, {"x": 759, "y": 731}, {"x": 749, "y": 731}], [{"x": 749, "y": 763}, {"x": 759, "y": 763}, {"x": 759, "y": 753}, {"x": 749, "y": 753}], [{"x": 749, "y": 785}, {"x": 759, "y": 785}, {"x": 759, "y": 775}, {"x": 749, "y": 775}], [{"x": 749, "y": 807}, {"x": 761, "y": 807}, {"x": 759, "y": 797}, {"x": 749, "y": 797}], [{"x": 771, "y": 235}, {"x": 781, "y": 235}, {"x": 784, "y": 225}, {"x": 771, "y": 225}], [{"x": 771, "y": 283}, {"x": 781, "y": 279}, {"x": 781, "y": 269}, {"x": 771, "y": 269}], [{"x": 771, "y": 304}, {"x": 781, "y": 301}, {"x": 781, "y": 291}, {"x": 771, "y": 291}], [{"x": 771, "y": 323}, {"x": 781, "y": 323}, {"x": 781, "y": 313}, {"x": 771, "y": 313}], [{"x": 770, "y": 345}, {"x": 781, "y": 345}, {"x": 781, "y": 335}, {"x": 771, "y": 335}], [{"x": 771, "y": 367}, {"x": 785, "y": 367}, {"x": 781, "y": 357}, {"x": 771, "y": 354}], [{"x": 771, "y": 389}, {"x": 781, "y": 389}, {"x": 785, "y": 379}, {"x": 771, "y": 379}], [{"x": 771, "y": 411}, {"x": 781, "y": 411}, {"x": 781, "y": 398}, {"x": 771, "y": 400}], [{"x": 771, "y": 433}, {"x": 781, "y": 433}, {"x": 781, "y": 423}, {"x": 769, "y": 423}], [{"x": 771, "y": 455}, {"x": 781, "y": 455}, {"x": 781, "y": 445}, {"x": 771, "y": 445}], [{"x": 768, "y": 477}, {"x": 781, "y": 477}, {"x": 781, "y": 467}, {"x": 771, "y": 465}], [{"x": 771, "y": 499}, {"x": 781, "y": 499}, {"x": 781, "y": 489}, {"x": 770, "y": 489}], [{"x": 771, "y": 521}, {"x": 781, "y": 521}, {"x": 781, "y": 511}, {"x": 771, "y": 509}], [{"x": 771, "y": 543}, {"x": 781, "y": 543}, {"x": 781, "y": 533}, {"x": 769, "y": 533}], [{"x": 771, "y": 568}, {"x": 781, "y": 565}, {"x": 781, "y": 555}, {"x": 771, "y": 555}], [{"x": 771, "y": 587}, {"x": 781, "y": 590}, {"x": 781, "y": 577}, {"x": 771, "y": 577}], [{"x": 771, "y": 609}, {"x": 781, "y": 609}, {"x": 781, "y": 599}, {"x": 771, "y": 596}], [{"x": 771, "y": 631}, {"x": 781, "y": 631}, {"x": 781, "y": 621}, {"x": 771, "y": 621}], [{"x": 771, "y": 653}, {"x": 781, "y": 653}, {"x": 781, "y": 643}, {"x": 771, "y": 643}], [{"x": 767, "y": 675}, {"x": 781, "y": 675}, {"x": 781, "y": 665}, {"x": 771, "y": 665}], [{"x": 771, "y": 697}, {"x": 781, "y": 697}, {"x": 781, "y": 683}, {"x": 767, "y": 687}], [{"x": 771, "y": 723}, {"x": 781, "y": 719}, {"x": 781, "y": 709}, {"x": 771, "y": 709}], [{"x": 771, "y": 741}, {"x": 781, "y": 741}, {"x": 783, "y": 731}, {"x": 771, "y": 731}], [{"x": 768, "y": 763}, {"x": 781, "y": 763}, {"x": 781, "y": 753}, {"x": 771, "y": 753}], [{"x": 771, "y": 785}, {"x": 781, "y": 785}, {"x": 781, "y": 775}, {"x": 771, "y": 775}], [{"x": 793, "y": 235}, {"x": 803, "y": 237}, {"x": 803, "y": 225}, {"x": 793, "y": 225}], [{"x": 793, "y": 257}, {"x": 803, "y": 257}, {"x": 803, "y": 247}, {"x": 791, "y": 247}], [{"x": 793, "y": 279}, {"x": 803, "y": 279}, {"x": 803, "y": 269}, {"x": 793, "y": 269}], [{"x": 793, "y": 301}, {"x": 803, "y": 301}, {"x": 803, "y": 287}, {"x": 793, "y": 291}], [{"x": 793, "y": 323}, {"x": 803, "y": 323}, {"x": 803, "y": 313}, {"x": 793, "y": 313}], [{"x": 793, "y": 345}, {"x": 803, "y": 346}, {"x": 803, "y": 335}, {"x": 793, "y": 335}], [{"x": 793, "y": 367}, {"x": 803, "y": 369}, {"x": 803, "y": 356}, {"x": 793, "y": 357}], [{"x": 793, "y": 389}, {"x": 803, "y": 390}, {"x": 803, "y": 375}, {"x": 793, "y": 379}], [{"x": 793, "y": 412}, {"x": 803, "y": 411}, {"x": 803, "y": 401}, {"x": 793, "y": 401}], [{"x": 793, "y": 433}, {"x": 803, "y": 433}, {"x": 803, "y": 423}, {"x": 793, "y": 423}], [{"x": 793, "y": 458}, {"x": 803, "y": 455}, {"x": 803, "y": 445}, {"x": 793, "y": 445}], [{"x": 792, "y": 477}, {"x": 803, "y": 477}, {"x": 803, "y": 467}, {"x": 793, "y": 467}], [{"x": 793, "y": 503}, {"x": 803, "y": 499}, {"x": 804, "y": 489}, {"x": 789, "y": 489}], [{"x": 793, "y": 521}, {"x": 803, "y": 521}, {"x": 803, "y": 511}, {"x": 793, "y": 511}], [{"x": 793, "y": 547}, {"x": 803, "y": 544}, {"x": 803, "y": 533}, {"x": 793, "y": 529}], [{"x": 789, "y": 565}, {"x": 803, "y": 565}, {"x": 803, "y": 555}, {"x": 793, "y": 555}], [{"x": 793, "y": 587}, {"x": 806, "y": 587}, {"x": 803, "y": 577}, {"x": 793, "y": 577}], [{"x": 793, "y": 609}, {"x": 803, "y": 609}, {"x": 803, "y": 599}, {"x": 793, "y": 599}], [{"x": 793, "y": 631}, {"x": 803, "y": 635}, {"x": 804, "y": 621}, {"x": 793, "y": 621}], [{"x": 793, "y": 653}, {"x": 803, "y": 653}, {"x": 803, "y": 643}, {"x": 793, "y": 643}], [{"x": 793, "y": 675}, {"x": 803, "y": 675}, {"x": 803, "y": 665}, {"x": 793, "y": 665}], [{"x": 793, "y": 697}, {"x": 803, "y": 697}, {"x": 803, "y": 687}, {"x": 793, "y": 687}], [{"x": 793, "y": 722}, {"x": 803, "y": 719}, {"x": 803, "y": 709}, {"x": 793, "y": 709}], [{"x": 793, "y": 741}, {"x": 803, "y": 741}, {"x": 803, "y": 731}, {"x": 793, "y": 731}], [{"x": 793, "y": 763}, {"x": 803, "y": 763}, {"x": 803, "y": 753}, {"x": 793, "y": 753}], [{"x": 815, "y": 235}, {"x": 825, "y": 235}, {"x": 825, "y": 225}, {"x": 815, "y": 225}], [{"x": 811, "y": 261}, {"x": 825, "y": 257}, {"x": 825, "y": 247}, {"x": 815, "y": 247}], [{"x": 814, "y": 279}, {"x": 825, "y": 279}, {"x": 829, "y": 269}, {"x": 815, "y": 269}], [{"x": 815, "y": 301}, {"x": 825, "y": 301}, {"x": 825, "y": 288}, {"x": 815, "y": 291}], [{"x": 815, "y": 323}, {"x": 825, "y": 323}, {"x": 825, "y": 312}, {"x": 815, "y": 313}], [{"x": 815, "y": 345}, {"x": 825, "y": 345}, {"x": 825, "y": 335}, {"x": 815, "y": 335}], [{"x": 815, "y": 367}, {"x": 825, "y": 367}, {"x": 825, "y": 357}, {"x": 815, "y": 357}], [{"x": 815, "y": 389}, {"x": 825, "y": 389}, {"x": 825, "y": 379}, {"x": 815, "y": 379}], [{"x": 815, "y": 411}, {"x": 825, "y": 411}, {"x": 825, "y": 399}, {"x": 815, "y": 401}], [{"x": 815, "y": 437}, {"x": 825, "y": 433}, {"x": 825, "y": 420}, {"x": 815, "y": 422}], [{"x": 812, "y": 455}, {"x": 825, "y": 455}, {"x": 825, "y": 445}, {"x": 815, "y": 445}], [{"x": 813, "y": 477}, {"x": 825, "y": 477}, {"x": 825, "y": 467}, {"x": 815, "y": 467}], [{"x": 815, "y": 499}, {"x": 825, "y": 499}, {"x": 825, "y": 489}, {"x": 815, "y": 489}], [{"x": 815, "y": 521}, {"x": 825, "y": 521}, {"x": 825, "y": 511}, {"x": 815, "y": 511}], [{"x": 815, "y": 543}, {"x": 825, "y": 543}, {"x": 825, "y": 533}, {"x": 815, "y": 533}], [{"x": 814, "y": 565}, {"x": 825, "y": 565}, {"x": 825, "y": 555}, {"x": 815, "y": 555}], [{"x": 814, "y": 587}, {"x": 825, "y": 587}, {"x": 825, "y": 574}, {"x": 815, "y": 577}], [{"x": 815, "y": 609}, {"x": 825, "y": 609}, {"x": 825, "y": 599}, {"x": 815, "y": 599}], [{"x": 815, "y": 633}, {"x": 825, "y": 635}, {"x": 829, "y": 621}, {"x": 812, "y": 621}], [{"x": 815, "y": 653}, {"x": 825, "y": 653}, {"x": 825, "y": 643}, {"x": 815, "y": 643}], [{"x": 815, "y": 675}, {"x": 825, "y": 675}, {"x": 825, "y": 665}, {"x": 815, "y": 665}], [{"x": 815, "y": 697}, {"x": 825, "y": 697}, {"x": 827, "y": 687}, {"x": 815, "y": 687}], [{"x": 815, "y": 719}, {"x": 825, "y": 719}, {"x": 825, "y": 709}, {"x": 815, "y": 709}], [{"x": 837, "y": 235}, {"x": 847, "y": 235}, {"x": 849, "y": 225}, {"x": 837, "y": 222}], [{"x": 837, "y": 257}, {"x": 847, "y": 257}, {"x": 850, "y": 247}, {"x": 837, "y": 247}], [{"x": 837, "y": 279}, {"x": 847, "y": 279}, {"x": 848, "y": 269}, {"x": 837, "y": 269}], [{"x": 837, "y": 301}, {"x": 847, "y": 301}, {"x": 847, "y": 291}, {"x": 837, "y": 291}], [{"x": 837, "y": 324}, {"x": 847, "y": 326}, {"x": 847, "y": 313}, {"x": 837, "y": 313}], [{"x": 837, "y": 345}, {"x": 847, "y": 345}, {"x": 847, "y": 335}, {"x": 835, "y": 335}], [{"x": 837, "y": 367}, {"x": 847, "y": 367}, {"x": 847, "y": 357}, {"x": 836, "y": 357}], [{"x": 837, "y": 389}, {"x": 847, "y": 389}, {"x": 847, "y": 379}, {"x": 837, "y": 375}], [{"x": 834, "y": 411}, {"x": 847, "y": 415}, {"x": 847, "y": 398}, {"x": 837, "y": 401}], [{"x": 837, "y": 433}, {"x": 847, "y": 433}, {"x": 848, "y": 423}, {"x": 837, "y": 423}], [{"x": 837, "y": 455}, {"x": 847, "y": 455}, {"x": 847, "y": 445}, {"x": 837, "y": 445}], [{"x": 837, "y": 477}, {"x": 847, "y": 477}, {"x": 849, "y": 467}, {"x": 837, "y": 464}], [{"x": 837, "y": 499}, {"x": 847, "y": 499}, {"x": 847, "y": 489}, {"x": 837, "y": 489}], [{"x": 837, "y": 521}, {"x": 847, "y": 521}, {"x": 848, "y": 511}, {"x": 837, "y": 511}], [{"x": 837, "y": 543}, {"x": 847, "y": 543}, {"x": 847, "y": 533}, {"x": 837, "y": 533}], [{"x": 837, "y": 565}, {"x": 847, "y": 565}, {"x": 847, "y": 555}, {"x": 837, "y": 555}], [{"x": 836, "y": 587}, {"x": 847, "y": 587}, {"x": 847, "y": 577}, {"x": 835, "y": 577}], [{"x": 837, "y": 611}, {"x": 847, "y": 609}, {"x": 851, "y": 599}, {"x": 837, "y": 599}], [{"x": 833, "y": 631}, {"x": 847, "y": 631}, {"x": 847, "y": 621}, {"x": 837, "y": 621}], [{"x": 837, "y": 653}, {"x": 847, "y": 657}, {"x": 847, "y": 643}, {"x": 837, "y": 643}], [{"x": 837, "y": 675}, {"x": 847, "y": 675}, {"x": 847, "y": 665}, {"x": 837, "y": 665}], [{"x": 859, "y": 235}, {"x": 869, "y": 235}, {"x": 869, "y": 225}, {"x": 859, "y": 225}], [{"x": 859, "y": 257}, {"x": 869, "y": 257}, {"x": 869, "y": 247}, {"x": 858, "y": 247}], [{"x": 859, "y": 279}, {"x": 869, "y": 279}, {"x": 869, "y": 269}, {"x": 859, "y": 269}], [{"x": 859, "y": 301}, {"x": 869, "y": 301}, {"x": 869, "y": 291}, {"x": 859, "y": 291}], [{"x": 859, "y": 324}, {"x": 869, "y": 323}, {"x": 869, "y": 313}, {"x": 855, "y": 313}], [{"x": 859, "y": 367}, {"x": 869, "y": 367}, {"x": 869, "y": 357}, {"x": 859, "y": 357}], [{"x": 859, "y": 391}, {"x": 872, "y": 389}, {"x": 869, "y": 379}, {"x": 859, "y": 379}], [{"x": 859, "y": 414}, {"x": 870, "y": 411}, {"x": 869, "y": 401}, {"x": 859, "y": 401}], [{"x": 859, "y": 433}, {"x": 869, "y": 433}, {"x": 869, "y": 423}, {"x": 859, "y": 421}], [{"x": 859, "y": 457}, {"x": 869, "y": 455}, {"x": 869, "y": 445}, {"x": 859, "y": 445}], [{"x": 859, "y": 477}, {"x": 869, "y": 477}, {"x": 869, "y": 467}, {"x": 859, "y": 467}], [{"x": 859, "y": 499}, {"x": 869, "y": 499}, {"x": 871, "y": 489}, {"x": 859, "y": 489}], [{"x": 859, "y": 521}, {"x": 869, "y": 521}, {"x": 873, "y": 511}, {"x": 859, "y": 511}], [{"x": 859, "y": 543}, {"x": 869, "y": 545}, {"x": 869, "y": 533}, {"x": 859, "y": 533}], [{"x": 857, "y": 587}, {"x": 869, "y": 587}, {"x": 869, "y": 577}, {"x": 859, "y": 577}], [{"x": 859, "y": 609}, {"x": 869, "y": 609}, {"x": 869, "y": 599}, {"x": 859, "y": 599}], [{"x": 856, "y": 631}, {"x": 869, "y": 631}, {"x": 869, "y": 621}, {"x": 859, "y": 621}], [{"x": 881, "y": 235}, {"x": 891, "y": 235}, {"x": 891, "y": 225}, {"x": 881, "y": 225}], [{"x": 881, "y": 257}, {"x": 891, "y": 257}, {"x": 891, "y": 247}, {"x": 881, "y": 247}], [{"x": 881, "y": 279}, {"x": 891, "y": 279}, {"x": 892, "y": 269}, {"x": 881, "y": 269}], [{"x": 880, "y": 301}, {"x": 891, "y": 301}, {"x": 891, "y": 291}, {"x": 881, "y": 291}], [{"x": 881, "y": 323}, {"x": 891, "y": 323}, {"x": 891, "y": 313}, {"x": 881, "y": 313}], [{"x": 881, "y": 367}, {"x": 891, "y": 367}, {"x": 891, "y": 357}, {"x": 881, "y": 357}], [{"x": 881, "y": 393}, {"x": 891, "y": 389}, {"x": 891, "y": 379}, {"x": 880, "y": 379}], [{"x": 881, "y": 411}, {"x": 894, "y": 411}, {"x": 891, "y": 401}, {"x": 881, "y": 401}], [{"x": 881, "y": 433}, {"x": 891, "y": 433}, {"x": 891, "y": 423}, {"x": 881, "y": 423}], [{"x": 881, "y": 455}, {"x": 891, "y": 455}, {"x": 891, "y": 445}, {"x": 881, "y": 445}], [{"x": 881, "y": 477}, {"x": 891, "y": 477}, {"x": 891, "y": 467}, {"x": 881, "y": 467}], [{"x": 881, "y": 499}, {"x": 891, "y": 499}, {"x": 891, "y": 489}, {"x": 881, "y": 489}], [{"x": 881, "y": 521}, {"x": 891, "y": 521}, {"x": 891, "y": 511}, {"x": 881, "y": 511}], [{"x": 881, "y": 543}, {"x": 891, "y": 543}, {"x": 891, "y": 533}, {"x": 881, "y": 533}], [{"x": 881, "y": 565}, {"x": 891, "y": 565}, {"x": 891, "y": 555}, {"x": 880, "y": 555}], [{"x": 900, "y": 237}, {"x": 913, "y": 235}, {"x": 913, "y": 225}, {"x": 903, "y": 225}], [{"x": 903, "y": 257}, {"x": 913, "y": 257}, {"x": 913, "y": 247}, {"x": 901, "y": 247}], [{"x": 903, "y": 279}, {"x": 913, "y": 279}, {"x": 913, "y": 269}, {"x": 903, "y": 269}], [{"x": 903, "y": 301}, {"x": 913, "y": 301}, {"x": 913, "y": 291}, {"x": 903, "y": 291}], [{"x": 903, "y": 323}, {"x": 913, "y": 323}, {"x": 913, "y": 313}, {"x": 903, "y": 313}], [{"x": 903, "y": 346}, {"x": 913, "y": 349}, {"x": 913, "y": 335}, {"x": 903, "y": 335}], [{"x": 903, "y": 367}, {"x": 913, "y": 367}, {"x": 913, "y": 357}, {"x": 903, "y": 357}], [{"x": 903, "y": 389}, {"x": 913, "y": 389}, {"x": 913, "y": 379}, {"x": 899, "y": 379}], [{"x": 903, "y": 411}, {"x": 913, "y": 411}, {"x": 913, "y": 401}, {"x": 903, "y": 401}], [{"x": 903, "y": 433}, {"x": 913, "y": 433}, {"x": 914, "y": 423}, {"x": 903, "y": 423}], [{"x": 903, "y": 455}, {"x": 917, "y": 455}, {"x": 913, "y": 445}, {"x": 903, "y": 445}], [{"x": 903, "y": 477}, {"x": 913, "y": 477}, {"x": 913, "y": 467}, {"x": 903, "y": 467}], [{"x": 903, "y": 499}, {"x": 913, "y": 499}, {"x": 913, "y": 489}, {"x": 903, "y": 489}], [{"x": 903, "y": 521}, {"x": 913, "y": 521}, {"x": 917, "y": 511}, {"x": 903, "y": 511}], [{"x": 925, "y": 235}, {"x": 935, "y": 235}, {"x": 935, "y": 225}, {"x": 925, "y": 225}], [{"x": 925, "y": 257}, {"x": 935, "y": 257}, {"x": 935, "y": 247}, {"x": 925, "y": 247}], [{"x": 925, "y": 279}, {"x": 935, "y": 279}, {"x": 935, "y": 269}, {"x": 925, "y": 269}], [{"x": 925, "y": 301}, {"x": 935, "y": 301}, {"x": 936, "y": 291}, {"x": 925, "y": 290}], [{"x": 925, "y": 324}, {"x": 935, "y": 323}, {"x": 936, "y": 313}, {"x": 925, "y": 313}], [{"x": 925, "y": 345}, {"x": 936, "y": 345}, {"x": 935, "y": 335}, {"x": 925, "y": 335}], [{"x": 925, "y": 367}, {"x": 935, "y": 367}, {"x": 935, "y": 357}, {"x": 925, "y": 357}], [{"x": 925, "y": 389}, {"x": 935, "y": 389}, {"x": 935, "y": 379}, {"x": 925, "y": 379}], [{"x": 925, "y": 411}, {"x": 935, "y": 411}, {"x": 935, "y": 401}, {"x": 925, "y": 401}], [{"x": 925, "y": 433}, {"x": 935, "y": 433}, {"x": 938, "y": 423}, {"x": 925, "y": 423}], [{"x": 925, "y": 457}, {"x": 936, "y": 455}, {"x": 935, "y": 445}, {"x": 925, "y": 445}], [{"x": 924, "y": 477}, {"x": 935, "y": 477}, {"x": 935, "y": 467}, {"x": 925, "y": 464}]]}