{"outer_boundary": [{"x": 10, "y": 16}, {"x": 11, "y": 16}, {"x": 11, "y": 17}, {"x": 8, "y": 17}, {"x": 8, "y": 18}, {"x": 7, "y": 18}, {"x": 7, "y": 17}, {"x": 6, "y": 17}, {"x": 5, "y": 16}, {"x": 5, "y": 15}, {"x": 1, "y": 15}, {"x": 1, "y": 14}, {"x": 4, "y": 14}, {"x": 4, "y": 13}, {"x": 3, "y": 12}, {"x": 3, "y": 10}, {"x": 2, "y": 10}, {"x": 1, "y": 9}, {"x": 1, "y": 7}, {"x": 0, "y": 6}, {"x": 1, "y": 5}, {"x": 2, "y": 5}, {"x": 2, "y": 4}, {"x": 3, "y": 3}, {"x": 4, "y": 3}, {"x": 4, "y": 1}, {"x": 5, "y": 1}, {"x": 5, "y": 3}, {"x": 6, "y": 3}, {"x": 8, "y": 1}, {"x": 9, "y": 1}, {"x": 10, "y": 0}, {"x": 11, "y": 1}, {"x": 15, "y": 1}, {"x": 15, "y": 2}, {"x": 14, "y": 2}, {"x": 14, "y": 3}, {"x": 13, "y": 4}, {"x": 12, "y": 4}, {"x": 12, "y": 5}, {"x": 15, "y": 5}, {"x": 15, "y": 3}, {"x": 16, "y": 3}, {"x": 16, "y": 5}, {"x": 18, "y": 5}, {"x": 18, "y": 6}, {"x": 17, "y": 6}, {"x": 17, "y": 12}, {"x": 16, "y": 12}, {"x": 16, "y": 11}, {"x": 15, "y": 11}, {"x": 14, "y": 10}, {"x": 15, "y": 9}, {"x": 15, "y": 8}, {"x": 14, "y": 7}, {"x": 12, "y": 7}, {"x": 12, "y": 11}, {"x": 11, "y": 11}, {"x": 11, "y": 13}, {"x": 10, "y": 13}, {"x": 10, "y": 12}, {"x": 9, "y": 12}, {"x": 8, "y": 11}, {"x": 6, "y": 11}, {"x": 6, "y": 12}, {"x": 7, "y": 13}, {"x": 8, "y": 13}, {"x": 9, "y": 14}, {"x": 11, "y": 14}, {"x": 11, "y": 15}, {"x": 10, "y": 15}], "holes": [[{"x": 7, "y": 5}, {"x": 8, "y": 6}, {"x": 7, "y": 7}, {"x": 7, "y": 9}, {"x": 9, "y": 9}, {"x": 10, "y": 10}, {"x": 11, "y": 10}, {"x": 11, "y": 8}, {"x": 10, "y": 8}, {"x": 9, "y": 7}, {"x": 9, "y": 4}, {"x": 7, "y": 4}]], "name": "srpg_octa_mc0000082", "type": "CGSHOP2023_Instance", "n": 83}