{"outer_boundary": [{"x": 147, "y": 245}, {"x": 147, "y": 244}, {"x": 148, "y": 243}, {"x": 171, "y": 243}, {"x": 172, "y": 244}, {"x": 172, "y": 245}, {"x": 173, "y": 246}, {"x": 174, "y": 246}, {"x": 175, "y": 247}, {"x": 175, "y": 251}, {"x": 176, "y": 252}, {"x": 180, "y": 252}, {"x": 181, "y": 253}, {"x": 181, "y": 254}, {"x": 182, "y": 255}, {"x": 183, "y": 255}, {"x": 184, "y": 256}, {"x": 184, "y": 296}, {"x": 185, "y": 297}, {"x": 188, "y": 297}, {"x": 189, "y": 296}, {"x": 189, "y": 256}, {"x": 190, "y": 255}, {"x": 191, "y": 255}, {"x": 192, "y": 254}, {"x": 192, "y": 253}, {"x": 193, "y": 252}, {"x": 197, "y": 252}, {"x": 198, "y": 251}, {"x": 198, "y": 247}, {"x": 199, "y": 246}, {"x": 200, "y": 246}, {"x": 201, "y": 245}, {"x": 201, "y": 244}, {"x": 202, "y": 243}, {"x": 269, "y": 243}, {"x": 270, "y": 242}, {"x": 270, "y": 239}, {"x": 269, "y": 238}, {"x": 256, "y": 238}, {"x": 255, "y": 237}, {"x": 255, "y": 236}, {"x": 254, "y": 235}, {"x": 253, "y": 235}, {"x": 252, "y": 234}, {"x": 252, "y": 230}, {"x": 251, "y": 229}, {"x": 247, "y": 229}, {"x": 246, "y": 228}, {"x": 246, "y": 227}, {"x": 245, "y": 226}, {"x": 244, "y": 226}, {"x": 243, "y": 225}, {"x": 243, "y": 202}, {"x": 244, "y": 201}, {"x": 245, "y": 201}, {"x": 246, "y": 200}, {"x": 246, "y": 199}, {"x": 247, "y": 198}, {"x": 251, "y": 198}, {"x": 252, "y": 197}, {"x": 252, "y": 193}, {"x": 253, "y": 192}, {"x": 254, "y": 192}, {"x": 255, "y": 191}, {"x": 255, "y": 190}, {"x": 256, "y": 189}, {"x": 306, "y": 189}, {"x": 307, "y": 190}, {"x": 307, "y": 191}, {"x": 308, "y": 192}, {"x": 309, "y": 192}, {"x": 310, "y": 193}, {"x": 310, "y": 197}, {"x": 311, "y": 198}, {"x": 315, "y": 198}, {"x": 316, "y": 199}, {"x": 316, "y": 200}, {"x": 317, "y": 201}, {"x": 318, "y": 201}, {"x": 319, "y": 202}, {"x": 319, "y": 215}, {"x": 320, "y": 216}, {"x": 323, "y": 216}, {"x": 324, "y": 215}, {"x": 324, "y": 148}, {"x": 325, "y": 147}, {"x": 326, "y": 147}, {"x": 327, "y": 146}, {"x": 327, "y": 145}, {"x": 328, "y": 144}, {"x": 332, "y": 144}, {"x": 333, "y": 143}, {"x": 333, "y": 139}, {"x": 334, "y": 138}, {"x": 335, "y": 138}, {"x": 336, "y": 137}, {"x": 336, "y": 136}, {"x": 337, "y": 135}, {"x": 387, "y": 135}, {"x": 388, "y": 136}, {"x": 388, "y": 137}, {"x": 389, "y": 138}, {"x": 390, "y": 138}, {"x": 391, "y": 139}, {"x": 391, "y": 143}, {"x": 392, "y": 144}, {"x": 396, "y": 144}, {"x": 397, "y": 145}, {"x": 397, "y": 146}, {"x": 398, "y": 147}, {"x": 399, "y": 147}, {"x": 400, "y": 148}, {"x": 400, "y": 171}, {"x": 399, "y": 172}, {"x": 398, "y": 172}, {"x": 397, "y": 173}, {"x": 397, "y": 174}, {"x": 396, "y": 175}, {"x": 392, "y": 175}, {"x": 391, "y": 176}, {"x": 391, "y": 180}, {"x": 390, "y": 181}, {"x": 389, "y": 181}, {"x": 388, "y": 182}, {"x": 388, "y": 183}, {"x": 387, "y": 184}, {"x": 374, "y": 184}, {"x": 373, "y": 185}, {"x": 373, "y": 188}, {"x": 374, "y": 189}, {"x": 387, "y": 189}, {"x": 388, "y": 190}, {"x": 388, "y": 191}, {"x": 389, "y": 192}, {"x": 390, "y": 192}, {"x": 391, "y": 193}, {"x": 391, "y": 197}, {"x": 392, "y": 198}, {"x": 396, "y": 198}, {"x": 397, "y": 199}, {"x": 397, "y": 200}, {"x": 398, "y": 201}, {"x": 399, "y": 201}, {"x": 400, "y": 202}, {"x": 400, "y": 215}, {"x": 401, "y": 216}, {"x": 431, "y": 216}, {"x": 432, "y": 215}, {"x": 432, "y": 202}, {"x": 433, "y": 201}, {"x": 434, "y": 201}, {"x": 435, "y": 200}, {"x": 435, "y": 199}, {"x": 436, "y": 198}, {"x": 440, "y": 198}, {"x": 441, "y": 197}, {"x": 441, "y": 193}, {"x": 442, "y": 192}, {"x": 443, "y": 192}, {"x": 444, "y": 191}, {"x": 444, "y": 190}, {"x": 445, "y": 189}, {"x": 485, "y": 189}, {"x": 486, "y": 188}, {"x": 486, "y": 158}, {"x": 485, "y": 157}, {"x": 472, "y": 157}, {"x": 471, "y": 156}, {"x": 471, "y": 155}, {"x": 470, "y": 154}, {"x": 469, "y": 154}, {"x": 468, "y": 153}, {"x": 468, "y": 149}, {"x": 467, "y": 148}, {"x": 463, "y": 148}, {"x": 462, "y": 147}, {"x": 462, "y": 146}, {"x": 461, "y": 145}, {"x": 460, "y": 145}, {"x": 459, "y": 144}, {"x": 459, "y": 131}, {"x": 458, "y": 130}, {"x": 445, "y": 130}, {"x": 444, "y": 129}, {"x": 444, "y": 128}, {"x": 443, "y": 127}, {"x": 442, "y": 127}, {"x": 441, "y": 126}, {"x": 441, "y": 122}, {"x": 440, "y": 121}, {"x": 436, "y": 121}, {"x": 435, "y": 120}, {"x": 435, "y": 119}, {"x": 434, "y": 118}, {"x": 433, "y": 118}, {"x": 432, "y": 117}, {"x": 432, "y": 67}, {"x": 433, "y": 66}, {"x": 434, "y": 66}, {"x": 435, "y": 65}, {"x": 435, "y": 64}, {"x": 436, "y": 63}, {"x": 440, "y": 63}, {"x": 441, "y": 62}, {"x": 441, "y": 58}, {"x": 442, "y": 57}, {"x": 443, "y": 57}, {"x": 444, "y": 56}, {"x": 444, "y": 55}, {"x": 445, "y": 54}, {"x": 458, "y": 54}, {"x": 459, "y": 53}, {"x": 459, "y": 40}, {"x": 460, "y": 39}, {"x": 461, "y": 39}, {"x": 462, "y": 38}, {"x": 462, "y": 37}, {"x": 463, "y": 36}, {"x": 467, "y": 36}, {"x": 468, "y": 35}, {"x": 468, "y": 31}, {"x": 469, "y": 30}, {"x": 470, "y": 30}, {"x": 471, "y": 29}, {"x": 471, "y": 28}, {"x": 472, "y": 27}, {"x": 549, "y": 27}, {"x": 550, "y": 28}, {"x": 550, "y": 29}, {"x": 551, "y": 30}, {"x": 552, "y": 30}, {"x": 553, "y": 31}, {"x": 553, "y": 35}, {"x": 554, "y": 36}, {"x": 558, "y": 36}, {"x": 559, "y": 37}, {"x": 559, "y": 38}, {"x": 560, "y": 39}, {"x": 561, "y": 39}, {"x": 562, "y": 40}, {"x": 562, "y": 53}, {"x": 563, "y": 54}, {"x": 566, "y": 54}, {"x": 567, "y": 53}, {"x": 567, "y": 13}, {"x": 568, "y": 12}, {"x": 569, "y": 12}, {"x": 570, "y": 11}, {"x": 570, "y": 10}, {"x": 571, "y": 9}, {"x": 575, "y": 9}, {"x": 576, "y": 8}, {"x": 576, "y": 4}, {"x": 577, "y": 3}, {"x": 578, "y": 3}, {"x": 579, "y": 2}, {"x": 579, "y": 1}, {"x": 580, "y": 0}, {"x": 603, "y": 0}, {"x": 604, "y": 1}, {"x": 604, "y": 2}, {"x": 605, "y": 3}, {"x": 606, "y": 3}, {"x": 607, "y": 4}, {"x": 607, "y": 8}, {"x": 608, "y": 9}, {"x": 612, "y": 9}, {"x": 613, "y": 10}, {"x": 613, "y": 11}, {"x": 614, "y": 12}, {"x": 615, "y": 12}, {"x": 616, "y": 13}, {"x": 616, "y": 26}, {"x": 617, "y": 27}, {"x": 630, "y": 27}, {"x": 631, "y": 28}, {"x": 631, "y": 29}, {"x": 632, "y": 30}, {"x": 633, "y": 30}, {"x": 634, "y": 31}, {"x": 634, "y": 35}, {"x": 635, "y": 36}, {"x": 639, "y": 36}, {"x": 640, "y": 37}, {"x": 640, "y": 38}, {"x": 641, "y": 39}, {"x": 642, "y": 39}, {"x": 643, "y": 40}, {"x": 643, "y": 63}, {"x": 642, "y": 64}, {"x": 641, "y": 64}, {"x": 640, "y": 65}, {"x": 640, "y": 66}, {"x": 639, "y": 67}, {"x": 635, "y": 67}, {"x": 634, "y": 68}, {"x": 634, "y": 72}, {"x": 633, "y": 73}, {"x": 632, "y": 73}, {"x": 631, "y": 74}, {"x": 631, "y": 75}, {"x": 630, "y": 76}, {"x": 617, "y": 76}, {"x": 616, "y": 77}, {"x": 616, "y": 90}, {"x": 615, "y": 91}, {"x": 614, "y": 91}, {"x": 613, "y": 92}, {"x": 613, "y": 93}, {"x": 612, "y": 94}, {"x": 608, "y": 94}, {"x": 607, "y": 95}, {"x": 607, "y": 99}, {"x": 606, "y": 100}, {"x": 605, "y": 100}, {"x": 604, "y": 101}, {"x": 604, "y": 102}, {"x": 603, "y": 103}, {"x": 590, "y": 103}, {"x": 589, "y": 104}, {"x": 589, "y": 107}, {"x": 590, "y": 108}, {"x": 630, "y": 108}, {"x": 631, "y": 109}, {"x": 631, "y": 110}, {"x": 632, "y": 111}, {"x": 633, "y": 111}, {"x": 634, "y": 112}, {"x": 634, "y": 116}, {"x": 635, "y": 117}, {"x": 639, "y": 117}, {"x": 640, "y": 118}, {"x": 640, "y": 119}, {"x": 641, "y": 120}, {"x": 642, "y": 120}, {"x": 643, "y": 121}, {"x": 643, "y": 252}, {"x": 642, "y": 253}, {"x": 641, "y": 253}, {"x": 640, "y": 254}, {"x": 640, "y": 255}, {"x": 639, "y": 256}, {"x": 635, "y": 256}, {"x": 634, "y": 257}, {"x": 634, "y": 261}, {"x": 633, "y": 262}, {"x": 632, "y": 262}, {"x": 631, "y": 263}, {"x": 631, "y": 264}, {"x": 630, "y": 265}, {"x": 499, "y": 265}, {"x": 498, "y": 264}, {"x": 498, "y": 263}, {"x": 497, "y": 262}, {"x": 496, "y": 262}, {"x": 495, "y": 261}, {"x": 495, "y": 257}, {"x": 494, "y": 256}, {"x": 490, "y": 256}, {"x": 489, "y": 255}, {"x": 489, "y": 254}, {"x": 488, "y": 253}, {"x": 487, "y": 253}, {"x": 486, "y": 252}, {"x": 486, "y": 239}, {"x": 485, "y": 238}, {"x": 482, "y": 238}, {"x": 481, "y": 239}, {"x": 481, "y": 252}, {"x": 480, "y": 253}, {"x": 479, "y": 253}, {"x": 478, "y": 254}, {"x": 478, "y": 255}, {"x": 477, "y": 256}, {"x": 473, "y": 256}, {"x": 472, "y": 257}, {"x": 472, "y": 261}, {"x": 471, "y": 262}, {"x": 470, "y": 262}, {"x": 469, "y": 263}, {"x": 469, "y": 264}, {"x": 468, "y": 265}, {"x": 455, "y": 265}, {"x": 454, "y": 266}, {"x": 454, "y": 279}, {"x": 453, "y": 280}, {"x": 452, "y": 280}, {"x": 451, "y": 281}, {"x": 451, "y": 282}, {"x": 450, "y": 283}, {"x": 446, "y": 283}, {"x": 445, "y": 284}, {"x": 445, "y": 288}, {"x": 444, "y": 289}, {"x": 443, "y": 289}, {"x": 442, "y": 290}, {"x": 442, "y": 291}, {"x": 441, "y": 292}, {"x": 428, "y": 292}, {"x": 427, "y": 293}, {"x": 427, "y": 333}, {"x": 426, "y": 334}, {"x": 425, "y": 334}, {"x": 424, "y": 335}, {"x": 424, "y": 336}, {"x": 423, "y": 337}, {"x": 419, "y": 337}, {"x": 418, "y": 338}, {"x": 418, "y": 342}, {"x": 417, "y": 343}, {"x": 416, "y": 343}, {"x": 415, "y": 344}, {"x": 415, "y": 345}, {"x": 414, "y": 346}, {"x": 391, "y": 346}, {"x": 390, "y": 345}, {"x": 390, "y": 344}, {"x": 389, "y": 343}, {"x": 388, "y": 343}, {"x": 387, "y": 342}, {"x": 387, "y": 338}, {"x": 386, "y": 337}, {"x": 382, "y": 337}, {"x": 381, "y": 336}, {"x": 381, "y": 335}, {"x": 380, "y": 334}, {"x": 379, "y": 334}, {"x": 378, "y": 333}, {"x": 378, "y": 320}, {"x": 377, "y": 319}, {"x": 374, "y": 319}, {"x": 373, "y": 320}, {"x": 373, "y": 333}, {"x": 372, "y": 334}, {"x": 371, "y": 334}, {"x": 370, "y": 335}, {"x": 370, "y": 336}, {"x": 369, "y": 337}, {"x": 365, "y": 337}, {"x": 364, "y": 338}, {"x": 364, "y": 342}, {"x": 363, "y": 343}, {"x": 362, "y": 343}, {"x": 361, "y": 344}, {"x": 361, "y": 345}, {"x": 360, "y": 346}, {"x": 320, "y": 346}, {"x": 319, "y": 347}, {"x": 319, "y": 360}, {"x": 318, "y": 361}, {"x": 317, "y": 361}, {"x": 316, "y": 362}, {"x": 316, "y": 363}, {"x": 315, "y": 364}, {"x": 311, "y": 364}, {"x": 310, "y": 365}, {"x": 310, "y": 369}, {"x": 309, "y": 370}, {"x": 308, "y": 370}, {"x": 307, "y": 371}, {"x": 307, "y": 372}, {"x": 306, "y": 373}, {"x": 293, "y": 373}, {"x": 292, "y": 374}, {"x": 292, "y": 441}, {"x": 291, "y": 442}, {"x": 290, "y": 442}, {"x": 289, "y": 443}, {"x": 289, "y": 444}, {"x": 288, "y": 445}, {"x": 284, "y": 445}, {"x": 283, "y": 446}, {"x": 283, "y": 450}, {"x": 282, "y": 451}, {"x": 281, "y": 451}, {"x": 280, "y": 452}, {"x": 280, "y": 453}, {"x": 279, "y": 454}, {"x": 256, "y": 454}, {"x": 255, "y": 453}, {"x": 255, "y": 452}, {"x": 254, "y": 451}, {"x": 253, "y": 451}, {"x": 252, "y": 450}, {"x": 252, "y": 446}, {"x": 251, "y": 445}, {"x": 247, "y": 445}, {"x": 246, "y": 444}, {"x": 246, "y": 443}, {"x": 245, "y": 442}, {"x": 244, "y": 442}, {"x": 243, "y": 441}, {"x": 243, "y": 401}, {"x": 242, "y": 400}, {"x": 158, "y": 400}, {"x": 157, "y": 401}, {"x": 157, "y": 431}, {"x": 158, "y": 432}, {"x": 161, "y": 432}, {"x": 162, "y": 431}, {"x": 162, "y": 418}, {"x": 163, "y": 417}, {"x": 164, "y": 417}, {"x": 165, "y": 416}, {"x": 165, "y": 415}, {"x": 166, "y": 414}, {"x": 170, "y": 414}, {"x": 171, "y": 413}, {"x": 171, "y": 409}, {"x": 172, "y": 408}, {"x": 173, "y": 408}, {"x": 174, "y": 407}, {"x": 174, "y": 406}, {"x": 175, "y": 405}, {"x": 225, "y": 405}, {"x": 226, "y": 406}, {"x": 226, "y": 407}, {"x": 227, "y": 408}, {"x": 228, "y": 408}, {"x": 229, "y": 409}, {"x": 229, "y": 413}, {"x": 230, "y": 414}, {"x": 234, "y": 414}, {"x": 235, "y": 415}, {"x": 235, "y": 416}, {"x": 236, "y": 417}, {"x": 237, "y": 417}, {"x": 238, "y": 418}, {"x": 238, "y": 468}, {"x": 237, "y": 469}, {"x": 236, "y": 469}, {"x": 235, "y": 470}, {"x": 235, "y": 471}, {"x": 234, "y": 472}, {"x": 230, "y": 472}, {"x": 229, "y": 473}, {"x": 229, "y": 477}, {"x": 228, "y": 478}, {"x": 227, "y": 478}, {"x": 226, "y": 479}, {"x": 226, "y": 480}, {"x": 225, "y": 481}, {"x": 185, "y": 481}, {"x": 184, "y": 482}, {"x": 184, "y": 485}, {"x": 185, "y": 486}, {"x": 198, "y": 486}, {"x": 199, "y": 487}, {"x": 199, "y": 488}, {"x": 200, "y": 489}, {"x": 201, "y": 489}, {"x": 202, "y": 490}, {"x": 202, "y": 494}, {"x": 203, "y": 495}, {"x": 207, "y": 495}, {"x": 208, "y": 496}, {"x": 208, "y": 497}, {"x": 209, "y": 498}, {"x": 210, "y": 498}, {"x": 211, "y": 499}, {"x": 211, "y": 522}, {"x": 210, "y": 523}, {"x": 209, "y": 523}, {"x": 208, "y": 524}, {"x": 208, "y": 525}, {"x": 207, "y": 526}, {"x": 203, "y": 526}, {"x": 202, "y": 527}, {"x": 202, "y": 531}, {"x": 201, "y": 532}, {"x": 200, "y": 532}, {"x": 199, "y": 533}, {"x": 199, "y": 534}, {"x": 198, "y": 535}, {"x": 185, "y": 535}, {"x": 184, "y": 536}, {"x": 184, "y": 539}, {"x": 185, "y": 540}, {"x": 198, "y": 540}, {"x": 199, "y": 541}, {"x": 199, "y": 542}, {"x": 200, "y": 543}, {"x": 201, "y": 543}, {"x": 202, "y": 544}, {"x": 202, "y": 548}, {"x": 203, "y": 549}, {"x": 207, "y": 549}, {"x": 208, "y": 550}, {"x": 208, "y": 551}, {"x": 209, "y": 552}, {"x": 210, "y": 552}, {"x": 211, "y": 553}, {"x": 211, "y": 566}, {"x": 212, "y": 567}, {"x": 225, "y": 567}, {"x": 226, "y": 568}, {"x": 226, "y": 569}, {"x": 227, "y": 570}, {"x": 228, "y": 570}, {"x": 229, "y": 571}, {"x": 229, "y": 575}, {"x": 230, "y": 576}, {"x": 234, "y": 576}, {"x": 235, "y": 577}, {"x": 235, "y": 578}, {"x": 236, "y": 579}, {"x": 237, "y": 579}, {"x": 238, "y": 580}, {"x": 238, "y": 603}, {"x": 237, "y": 604}, {"x": 236, "y": 604}, {"x": 235, "y": 605}, {"x": 235, "y": 606}, {"x": 234, "y": 607}, {"x": 230, "y": 607}, {"x": 229, "y": 608}, {"x": 229, "y": 612}, {"x": 228, "y": 613}, {"x": 227, "y": 613}, {"x": 226, "y": 614}, {"x": 226, "y": 615}, {"x": 225, "y": 616}, {"x": 158, "y": 616}, {"x": 157, "y": 617}, {"x": 157, "y": 630}, {"x": 156, "y": 631}, {"x": 155, "y": 631}, {"x": 154, "y": 632}, {"x": 154, "y": 633}, {"x": 153, "y": 634}, {"x": 149, "y": 634}, {"x": 148, "y": 635}, {"x": 148, "y": 639}, {"x": 147, "y": 640}, {"x": 146, "y": 640}, {"x": 145, "y": 641}, {"x": 145, "y": 642}, {"x": 144, "y": 643}, {"x": 94, "y": 643}, {"x": 93, "y": 642}, {"x": 93, "y": 641}, {"x": 92, "y": 640}, {"x": 91, "y": 640}, {"x": 90, "y": 639}, {"x": 90, "y": 635}, {"x": 89, "y": 634}, {"x": 85, "y": 634}, {"x": 84, "y": 633}, {"x": 84, "y": 632}, {"x": 83, "y": 631}, {"x": 82, "y": 631}, {"x": 81, "y": 630}, {"x": 81, "y": 617}, {"x": 80, "y": 616}, {"x": 40, "y": 616}, {"x": 39, "y": 615}, {"x": 39, "y": 614}, {"x": 38, "y": 613}, {"x": 37, "y": 613}, {"x": 36, "y": 612}, {"x": 36, "y": 608}, {"x": 35, "y": 607}, {"x": 31, "y": 607}, {"x": 30, "y": 606}, {"x": 30, "y": 605}, {"x": 29, "y": 604}, {"x": 28, "y": 604}, {"x": 27, "y": 603}, {"x": 27, "y": 563}, {"x": 26, "y": 562}, {"x": 13, "y": 562}, {"x": 12, "y": 561}, {"x": 12, "y": 560}, {"x": 11, "y": 559}, {"x": 10, "y": 559}, {"x": 9, "y": 558}, {"x": 9, "y": 554}, {"x": 8, "y": 553}, {"x": 4, "y": 553}, {"x": 3, "y": 552}, {"x": 3, "y": 551}, {"x": 2, "y": 550}, {"x": 1, "y": 550}, {"x": 0, "y": 549}, {"x": 0, "y": 499}, {"x": 1, "y": 498}, {"x": 2, "y": 498}, {"x": 3, "y": 497}, {"x": 3, "y": 496}, {"x": 4, "y": 495}, {"x": 8, "y": 495}, {"x": 9, "y": 494}, {"x": 9, "y": 490}, {"x": 10, "y": 489}, {"x": 11, "y": 489}, {"x": 12, "y": 488}, {"x": 12, "y": 487}, {"x": 13, "y": 486}, {"x": 26, "y": 486}, {"x": 27, "y": 485}, {"x": 27, "y": 445}, {"x": 28, "y": 444}, {"x": 29, "y": 444}, {"x": 30, "y": 443}, {"x": 30, "y": 442}, {"x": 31, "y": 441}, {"x": 35, "y": 441}, {"x": 36, "y": 440}, {"x": 36, "y": 436}, {"x": 37, "y": 435}, {"x": 38, "y": 435}, {"x": 39, "y": 434}, {"x": 39, "y": 433}, {"x": 40, "y": 432}, {"x": 63, "y": 432}, {"x": 64, "y": 433}, {"x": 64, "y": 434}, {"x": 65, "y": 435}, {"x": 66, "y": 435}, {"x": 67, "y": 436}, {"x": 67, "y": 440}, {"x": 68, "y": 441}, {"x": 72, "y": 441}, {"x": 73, "y": 442}, {"x": 73, "y": 443}, {"x": 74, "y": 444}, {"x": 75, "y": 444}, {"x": 76, "y": 445}, {"x": 76, "y": 458}, {"x": 77, "y": 459}, {"x": 80, "y": 459}, {"x": 81, "y": 458}, {"x": 81, "y": 418}, {"x": 82, "y": 417}, {"x": 83, "y": 417}, {"x": 84, "y": 416}, {"x": 84, "y": 415}, {"x": 85, "y": 414}, {"x": 89, "y": 414}, {"x": 90, "y": 413}, {"x": 90, "y": 409}, {"x": 91, "y": 408}, {"x": 92, "y": 408}, {"x": 93, "y": 407}, {"x": 93, "y": 406}, {"x": 94, "y": 405}, {"x": 107, "y": 405}, {"x": 108, "y": 404}, {"x": 108, "y": 310}, {"x": 109, "y": 309}, {"x": 110, "y": 309}, {"x": 111, "y": 308}, {"x": 111, "y": 307}, {"x": 112, "y": 306}, {"x": 116, "y": 306}, {"x": 117, "y": 305}, {"x": 117, "y": 301}, {"x": 118, "y": 300}, {"x": 119, "y": 300}, {"x": 120, "y": 299}, {"x": 120, "y": 298}, {"x": 121, "y": 297}, {"x": 134, "y": 297}, {"x": 135, "y": 296}, {"x": 135, "y": 256}, {"x": 136, "y": 255}, {"x": 137, "y": 255}, {"x": 138, "y": 254}, {"x": 138, "y": 253}, {"x": 139, "y": 252}, {"x": 143, "y": 252}, {"x": 144, "y": 251}, {"x": 144, "y": 247}, {"x": 145, "y": 246}, {"x": 146, "y": 246}], "holes": [[{"x": 134, "y": 486}, {"x": 135, "y": 485}, {"x": 135, "y": 482}, {"x": 134, "y": 481}, {"x": 131, "y": 481}, {"x": 130, "y": 482}, {"x": 130, "y": 485}, {"x": 131, "y": 486}]], "name": "srpg_octa_mc0000784", "type": "CGSHOP2023_Instance", "n": 784}