{"outer_boundary": [{"x": 15, "y": 8}, {"x": 16, "y": 8}, {"x": 16, "y": 9}, {"x": 15, "y": 9}, {"x": 15, "y": 10}, {"x": 14, "y": 10}, {"x": 14, "y": 8}, {"x": 12, "y": 8}, {"x": 12, "y": 7}, {"x": 11, "y": 7}, {"x": 11, "y": 10}, {"x": 12, "y": 10}, {"x": 12, "y": 9}, {"x": 13, "y": 9}, {"x": 13, "y": 11}, {"x": 14, "y": 11}, {"x": 14, "y": 13}, {"x": 13, "y": 13}, {"x": 13, "y": 14}, {"x": 15, "y": 14}, {"x": 15, "y": 15}, {"x": 13, "y": 15}, {"x": 13, "y": 16}, {"x": 12, "y": 16}, {"x": 12, "y": 15}, {"x": 10, "y": 15}, {"x": 10, "y": 14}, {"x": 8, "y": 14}, {"x": 8, "y": 13}, {"x": 9, "y": 13}, {"x": 9, "y": 10}, {"x": 10, "y": 10}, {"x": 10, "y": 5}, {"x": 8, "y": 5}, {"x": 8, "y": 6}, {"x": 9, "y": 6}, {"x": 9, "y": 9}, {"x": 8, "y": 9}, {"x": 8, "y": 12}, {"x": 7, "y": 12}, {"x": 7, "y": 10}, {"x": 6, "y": 10}, {"x": 6, "y": 13}, {"x": 7, "y": 13}, {"x": 7, "y": 14}, {"x": 5, "y": 14}, {"x": 5, "y": 15}, {"x": 4, "y": 15}, {"x": 4, "y": 14}, {"x": 3, "y": 14}, {"x": 3, "y": 11}, {"x": 1, "y": 11}, {"x": 1, "y": 7}, {"x": 3, "y": 7}, {"x": 3, "y": 6}, {"x": 4, "y": 6}, {"x": 4, "y": 4}, {"x": 2, "y": 4}, {"x": 2, "y": 5}, {"x": 1, "y": 5}, {"x": 1, "y": 3}, {"x": 0, "y": 3}, {"x": 0, "y": 1}, {"x": 1, "y": 1}, {"x": 1, "y": 2}, {"x": 2, "y": 2}, {"x": 2, "y": 1}, {"x": 3, "y": 1}, {"x": 3, "y": 0}, {"x": 8, "y": 0}, {"x": 8, "y": 1}, {"x": 10, "y": 1}, {"x": 10, "y": 0}, {"x": 11, "y": 0}, {"x": 11, "y": 1}, {"x": 12, "y": 1}, {"x": 12, "y": 0}, {"x": 14, "y": 0}, {"x": 14, "y": 1}, {"x": 16, "y": 1}, {"x": 16, "y": 2}, {"x": 15, "y": 2}, {"x": 15, "y": 3}, {"x": 16, "y": 3}, {"x": 16, "y": 4}, {"x": 15, "y": 4}], "holes": [[{"x": 7, "y": 8}, {"x": 6, "y": 8}, {"x": 6, "y": 9}, {"x": 7, "y": 9}]], "name": "srpg_iso_aligned_mc0000088", "type": "CGSHOP2023_Instance", "n": 90}