{"type": "CGSHOP2023_Instance", "name": "ccheese282", "n": 282, "outer_boundary": [{"x": 987, "y": 1428}, {"x": 972, "y": 1278}, {"x": 975, "y": 1252}, {"x": 990, "y": 1043}, {"x": 995, "y": 1034}, {"x": 1044, "y": 1025}, {"x": 1056, "y": 1010}, {"x": 1091, "y": 999}, {"x": 1213, "y": 975}, {"x": 1240, "y": 977}, {"x": 1359, "y": 994}, {"x": 1429, "y": 1006}, {"x": 1427, "y": 1146}, {"x": 1432, "y": 1270}, {"x": 1416, "y": 1364}, {"x": 1401, "y": 1382}, {"x": 1344, "y": 1440}, {"x": 1289, "y": 1440}], "holes": [[{"x": 1177, "y": 1093}, {"x": 1180, "y": 1108}, {"x": 1185, "y": 1110}, {"x": 1198, "y": 1115}, {"x": 1205, "y": 1086}], [{"x": 1024, "y": 1078}, {"x": 1024, "y": 1098}, {"x": 1053, "y": 1097}, {"x": 1053, "y": 1080}, {"x": 1026, "y": 1078}], [{"x": 1213, "y": 1227}, {"x": 1236, "y": 1233}, {"x": 1223, "y": 1227}], [{"x": 1143, "y": 1220}, {"x": 1165, "y": 1225}, {"x": 1169, "y": 1225}], [{"x": 1123, "y": 1198}, {"x": 1144, "y": 1194}, {"x": 1139, "y": 1171}], [{"x": 1121, "y": 1097}, {"x": 1126, "y": 1118}, {"x": 1148, "y": 1118}, {"x": 1146, "y": 1095}, {"x": 1144, "y": 1089}], [{"x": 1044, "y": 1364}, {"x": 1066, "y": 1342}, {"x": 1045, "y": 1340}], [{"x": 1315, "y": 1098}, {"x": 1321, "y": 1125}, {"x": 1338, "y": 1122}], [{"x": 1297, "y": 1352}, {"x": 1300, "y": 1373}, {"x": 1315, "y": 1344}, {"x": 1300, "y": 1343}, {"x": 1298, "y": 1344}], [{"x": 1328, "y": 1019}, {"x": 1351, "y": 1048}, {"x": 1351, "y": 1047}, {"x": 1347, "y": 1021}], [{"x": 997, "y": 1412}, {"x": 1005, "y": 1412}, {"x": 1024, "y": 1411}, {"x": 1023, "y": 1392}, {"x": 1001, "y": 1394}], [{"x": 989, "y": 1237}, {"x": 990, "y": 1265}, {"x": 1013, "y": 1262}], [{"x": 1302, "y": 1168}, {"x": 1302, "y": 1172}, {"x": 1324, "y": 1147}, {"x": 1318, "y": 1148}], [{"x": 1363, "y": 1349}, {"x": 1364, "y": 1368}, {"x": 1388, "y": 1364}, {"x": 1387, "y": 1340}, {"x": 1385, "y": 1339}], [{"x": 1248, "y": 1310}, {"x": 1268, "y": 1314}, {"x": 1266, "y": 1291}, {"x": 1265, "y": 1289}, {"x": 1251, "y": 1290}], [{"x": 1093, "y": 1393}, {"x": 1096, "y": 1398}, {"x": 1100, "y": 1390}], [{"x": 1269, "y": 1339}, {"x": 1288, "y": 1346}, {"x": 1288, "y": 1343}, {"x": 1286, "y": 1321}, {"x": 1273, "y": 1321}], [{"x": 1211, "y": 1173}, {"x": 1236, "y": 1176}, {"x": 1231, "y": 1146}, {"x": 1212, "y": 1151}], [{"x": 1205, "y": 1085}, {"x": 1208, "y": 1088}, {"x": 1233, "y": 1083}, {"x": 1234, "y": 1062}, {"x": 1212, "y": 1063}], [{"x": 1260, "y": 1383}, {"x": 1262, "y": 1387}, {"x": 1276, "y": 1386}, {"x": 1276, "y": 1362}, {"x": 1261, "y": 1366}], [{"x": 1008, "y": 1243}, {"x": 1030, "y": 1262}, {"x": 1013, "y": 1236}], [{"x": 1037, "y": 1055}, {"x": 1056, "y": 1031}, {"x": 1040, "y": 1031}], [{"x": 1336, "y": 1270}, {"x": 1341, "y": 1274}, {"x": 1359, "y": 1273}, {"x": 1361, "y": 1251}], [{"x": 1382, "y": 1024}, {"x": 1404, "y": 1025}, {"x": 1411, "y": 1019}], [{"x": 1255, "y": 1252}, {"x": 1256, "y": 1259}, {"x": 1282, "y": 1251}, {"x": 1281, "y": 1233}, {"x": 1256, "y": 1250}], [{"x": 1357, "y": 1008}, {"x": 1380, "y": 1024}, {"x": 1378, "y": 1007}], [{"x": 1243, "y": 1336}, {"x": 1267, "y": 1321}, {"x": 1248, "y": 1319}], [{"x": 1118, "y": 1316}, {"x": 1123, "y": 1317}, {"x": 1142, "y": 1314}, {"x": 1144, "y": 1296}, {"x": 1122, "y": 1300}], [{"x": 1065, "y": 1391}, {"x": 1069, "y": 1414}, {"x": 1090, "y": 1396}, {"x": 1084, "y": 1390}, {"x": 1070, "y": 1389}], [{"x": 1209, "y": 1028}, {"x": 1216, "y": 1033}, {"x": 1230, "y": 1030}], [{"x": 1374, "y": 1090}, {"x": 1379, "y": 1088}, {"x": 1381, "y": 1081}], [{"x": 1267, "y": 1277}, {"x": 1267, "y": 1279}, {"x": 1295, "y": 1280}, {"x": 1288, "y": 1276}], [{"x": 1007, "y": 1389}, {"x": 1033, "y": 1370}, {"x": 1013, "y": 1361}], [{"x": 1009, "y": 1347}, {"x": 1030, "y": 1348}, {"x": 1027, "y": 1328}, {"x": 1026, "y": 1325}], [{"x": 1033, "y": 1397}, {"x": 1053, "y": 1372}, {"x": 1038, "y": 1378}], [{"x": 1156, "y": 1199}, {"x": 1174, "y": 1213}, {"x": 1183, "y": 1189}], [{"x": 1010, "y": 1314}, {"x": 1035, "y": 1312}, {"x": 1037, "y": 1308}, {"x": 1038, "y": 1305}, {"x": 1017, "y": 1292}, {"x": 1011, "y": 1291}], [{"x": 1269, "y": 1077}, {"x": 1298, "y": 1097}, {"x": 1289, "y": 1075}, {"x": 1274, "y": 1075}], [{"x": 1309, "y": 1214}, {"x": 1330, "y": 1194}, {"x": 1334, "y": 1186}, {"x": 1319, "y": 1187}], [{"x": 1388, "y": 1107}, {"x": 1413, "y": 1134}, {"x": 1410, "y": 1110}, {"x": 1405, "y": 1109}], [{"x": 1398, "y": 1345}, {"x": 1400, "y": 1322}, {"x": 1399, "y": 1323}], [{"x": 1406, "y": 1253}, {"x": 1408, "y": 1259}, {"x": 1414, "y": 1259}], [{"x": 1102, "y": 1017}, {"x": 1111, "y": 1019}, {"x": 1110, "y": 1017}], [{"x": 1077, "y": 1255}, {"x": 1084, "y": 1278}, {"x": 1100, "y": 1249}], [{"x": 1058, "y": 1108}, {"x": 1059, "y": 1135}, {"x": 1064, "y": 1132}, {"x": 1075, "y": 1108}], [{"x": 1371, "y": 1108}, {"x": 1371, "y": 1111}, {"x": 1391, "y": 1136}, {"x": 1397, "y": 1126}, {"x": 1390, "y": 1114}], [{"x": 1030, "y": 1216}, {"x": 1034, "y": 1241}, {"x": 1059, "y": 1241}, {"x": 1058, "y": 1235}], [{"x": 1238, "y": 1206}, {"x": 1241, "y": 1227}, {"x": 1260, "y": 1223}, {"x": 1264, "y": 1207}, {"x": 1245, "y": 1202}], [{"x": 1202, "y": 1013}, {"x": 1206, "y": 1018}, {"x": 1223, "y": 1021}, {"x": 1221, "y": 994}, {"x": 1203, "y": 996}], [{"x": 1261, "y": 1179}, {"x": 1264, "y": 1198}, {"x": 1266, "y": 1200}], [{"x": 1200, "y": 1312}, {"x": 1201, "y": 1315}, {"x": 1220, "y": 1289}, {"x": 1216, "y": 1293}], [{"x": 1118, "y": 1049}, {"x": 1118, "y": 1051}, {"x": 1123, "y": 1066}, {"x": 1142, "y": 1073}], [{"x": 1198, "y": 1205}, {"x": 1205, "y": 1225}, {"x": 1218, "y": 1201}, {"x": 1202, "y": 1201}], [{"x": 1023, "y": 1190}, {"x": 1046, "y": 1199}, {"x": 1052, "y": 1196}, {"x": 1031, "y": 1190}], [{"x": 1080, "y": 1074}, {"x": 1088, "y": 1090}, {"x": 1103, "y": 1069}, {"x": 1083, "y": 1070}], [{"x": 1009, "y": 1057}, {"x": 1010, "y": 1060}, {"x": 1030, "y": 1059}, {"x": 1029, "y": 1036}, {"x": 1016, "y": 1044}], [{"x": 1192, "y": 1318}, {"x": 1210, "y": 1321}, {"x": 1211, "y": 1318}, {"x": 1208, "y": 1316}], [{"x": 1068, "y": 1353}, {"x": 1072, "y": 1360}, {"x": 1095, "y": 1357}, {"x": 1097, "y": 1334}], [{"x": 1170, "y": 1290}, {"x": 1192, "y": 1294}, {"x": 1190, "y": 1287}, {"x": 1173, "y": 1288}], [{"x": 1133, "y": 1321}, {"x": 1138, "y": 1335}, {"x": 1158, "y": 1338}, {"x": 1159, "y": 1312}], [{"x": 1054, "y": 1068}, {"x": 1075, "y": 1049}, {"x": 1072, "y": 1043}, {"x": 1056, "y": 1041}], [{"x": 1058, "y": 1185}, {"x": 1081, "y": 1184}, {"x": 1082, "y": 1165}], [{"x": 1102, "y": 1351}, {"x": 1125, "y": 1354}, {"x": 1128, "y": 1330}, {"x": 1104, "y": 1325}], [{"x": 1332, "y": 1315}, {"x": 1336, "y": 1315}, {"x": 1352, "y": 1309}, {"x": 1353, "y": 1307}, {"x": 1335, "y": 1293}], [{"x": 1308, "y": 1426}, {"x": 1332, "y": 1427}, {"x": 1334, "y": 1405}], [{"x": 1218, "y": 1383}, {"x": 1238, "y": 1371}, {"x": 1234, "y": 1365}], [{"x": 1312, "y": 1404}, {"x": 1314, "y": 1405}, {"x": 1335, "y": 1396}, {"x": 1338, "y": 1382}, {"x": 1333, "y": 1378}]]}
