{"type": "CGSHOP2023_Instance", "name": "ccheese877", "n": 877, "outer_boundary": [{"x": 1081, "y": 1785}, {"x": 1033, "y": 1743}, {"x": 955, "y": 1705}, {"x": 984, "y": 1244}, {"x": 993, "y": 1069}, {"x": 985, "y": 1000}, {"x": 1027, "y": 983}, {"x": 1032, "y": 974}, {"x": 1620, "y": 965}, {"x": 1767, "y": 1009}, {"x": 1791, "y": 1123}, {"x": 1814, "y": 1219}, {"x": 1804, "y": 1510}, {"x": 1773, "y": 1604}, {"x": 1753, "y": 1710}, {"x": 1668, "y": 1793}, {"x": 1089, "y": 1781}], "holes": [[{"x": 1083, "y": 1168}, {"x": 1108, "y": 1170}, {"x": 1107, "y": 1150}, {"x": 1086, "y": 1164}], [{"x": 1192, "y": 1644}, {"x": 1213, "y": 1651}, {"x": 1211, "y": 1632}, {"x": 1194, "y": 1633}], [{"x": 1360, "y": 1308}, {"x": 1363, "y": 1328}, {"x": 1368, "y": 1310}], [{"x": 1443, "y": 1196}, {"x": 1446, "y": 1200}, {"x": 1461, "y": 1203}, {"x": 1464, "y": 1176}, {"x": 1448, "y": 1173}, {"x": 1445, "y": 1181}], [{"x": 1623, "y": 1743}, {"x": 1627, "y": 1749}, {"x": 1644, "y": 1773}, {"x": 1647, "y": 1745}], [{"x": 1132, "y": 1202}, {"x": 1133, "y": 1215}, {"x": 1136, "y": 1224}, {"x": 1159, "y": 1215}, {"x": 1154, "y": 1201}, {"x": 1149, "y": 1197}], [{"x": 1380, "y": 1301}, {"x": 1401, "y": 1325}, {"x": 1406, "y": 1297}], [{"x": 1532, "y": 1421}, {"x": 1536, "y": 1438}, {"x": 1556, "y": 1427}, {"x": 1556, "y": 1423}], [{"x": 1480, "y": 1041}, {"x": 1509, "y": 1021}, {"x": 1509, "y": 1016}, {"x": 1499, "y": 1013}], [{"x": 1481, "y": 1727}, {"x": 1487, "y": 1745}, {"x": 1487, "y": 1731}], [{"x": 1755, "y": 1300}, {"x": 1756, "y": 1324}, {"x": 1760, "y": 1304}], [{"x": 1267, "y": 1207}, {"x": 1281, "y": 1231}, {"x": 1287, "y": 1203}], [{"x": 1669, "y": 1087}, {"x": 1690, "y": 1088}, {"x": 1691, "y": 1081}, {"x": 1671, "y": 1079}], [{"x": 1225, "y": 1249}, {"x": 1226, "y": 1269}, {"x": 1233, "y": 1270}, {"x": 1247, "y": 1268}, {"x": 1253, "y": 1247}], [{"x": 994, "y": 1223}, {"x": 1011, "y": 1240}, {"x": 1018, "y": 1226}, {"x": 1013, "y": 1222}], [{"x": 1501, "y": 1517}, {"x": 1505, "y": 1536}, {"x": 1509, "y": 1542}, {"x": 1519, "y": 1523}, {"x": 1520, "y": 1519}, {"x": 1503, "y": 1517}], [{"x": 985, "y": 1668}, {"x": 1010, "y": 1650}, {"x": 994, "y": 1658}], [{"x": 1672, "y": 1550}, {"x": 1698, "y": 1571}, {"x": 1694, "y": 1550}, {"x": 1692, "y": 1549}], [{"x": 1121, "y": 1527}, {"x": 1122, "y": 1546}, {"x": 1124, "y": 1554}, {"x": 1135, "y": 1547}], [{"x": 1079, "y": 1329}, {"x": 1083, "y": 1353}, {"x": 1103, "y": 1352}], [{"x": 1106, "y": 1099}, {"x": 1107, "y": 1116}, {"x": 1127, "y": 1093}], [{"x": 1406, "y": 1518}, {"x": 1406, "y": 1534}, {"x": 1407, "y": 1543}, {"x": 1431, "y": 1537}, {"x": 1427, "y": 1517}], [{"x": 1157, "y": 1115}, {"x": 1176, "y": 1118}, {"x": 1177, "y": 1111}], [{"x": 1553, "y": 1544}, {"x": 1555, "y": 1558}, {"x": 1576, "y": 1540}, {"x": 1571, "y": 1537}], [{"x": 1660, "y": 1596}, {"x": 1660, "y": 1604}, {"x": 1666, "y": 1605}], [{"x": 1185, "y": 1721}, {"x": 1197, "y": 1731}, {"x": 1207, "y": 1730}, {"x": 1206, "y": 1705}, {"x": 1186, "y": 1702}], [{"x": 1562, "y": 1077}, {"x": 1570, "y": 1066}, {"x": 1563, "y": 1061}], [{"x": 1051, "y": 1005}, {"x": 1072, "y": 1024}, {"x": 1072, "y": 1007}, {"x": 1069, "y": 1005}], [{"x": 1038, "y": 1214}, {"x": 1038, "y": 1237}, {"x": 1065, "y": 1240}, {"x": 1067, "y": 1217}, {"x": 1046, "y": 1214}], [{"x": 1704, "y": 1484}, {"x": 1725, "y": 1498}, {"x": 1733, "y": 1487}, {"x": 1731, "y": 1482}, {"x": 1730, "y": 1482}], [{"x": 1753, "y": 1546}, {"x": 1753, "y": 1561}, {"x": 1754, "y": 1558}, {"x": 1755, "y": 1547}], [{"x": 1537, "y": 1588}, {"x": 1560, "y": 1593}, {"x": 1547, "y": 1585}], [{"x": 1334, "y": 1229}, {"x": 1360, "y": 1236}, {"x": 1340, "y": 1212}, {"x": 1336, "y": 1218}], [{"x": 1586, "y": 1427}, {"x": 1611, "y": 1433}, {"x": 1614, "y": 1427}, {"x": 1613, "y": 1414}], [{"x": 1286, "y": 1119}, {"x": 1305, "y": 1121}, {"x": 1307, "y": 1101}, {"x": 1307, "y": 1099}], [{"x": 1274, "y": 1186}, {"x": 1292, "y": 1186}, {"x": 1288, "y": 1164}, {"x": 1276, "y": 1179}], [{"x": 1445, "y": 1222}, {"x": 1449, "y": 1220}, {"x": 1465, "y": 1203}, {"x": 1465, "y": 1200}], [{"x": 1298, "y": 1653}, {"x": 1317, "y": 1658}, {"x": 1315, "y": 1638}], [{"x": 1189, "y": 1297}, {"x": 1194, "y": 1315}, {"x": 1199, "y": 1320}, {"x": 1217, "y": 1297}, {"x": 1213, "y": 1294}, {"x": 1210, "y": 1294}], [{"x": 1277, "y": 1378}, {"x": 1292, "y": 1379}, {"x": 1296, "y": 1360}, {"x": 1279, "y": 1364}], [{"x": 1133, "y": 1650}, {"x": 1139, "y": 1671}, {"x": 1140, "y": 1669}, {"x": 1151, "y": 1641}], [{"x": 1538, "y": 1156}, {"x": 1539, "y": 1163}, {"x": 1559, "y": 1162}, {"x": 1568, "y": 1159}, {"x": 1559, "y": 1158}], [{"x": 1437, "y": 1160}, {"x": 1457, "y": 1173}, {"x": 1465, "y": 1160}, {"x": 1465, "y": 1155}], [{"x": 1693, "y": 1691}, {"x": 1695, "y": 1695}, {"x": 1715, "y": 1695}], [{"x": 1668, "y": 1409}, {"x": 1673, "y": 1413}, {"x": 1689, "y": 1414}, {"x": 1698, "y": 1390}, {"x": 1678, "y": 1392}], [{"x": 1588, "y": 1561}, {"x": 1615, "y": 1539}, {"x": 1605, "y": 1540}, {"x": 1589, "y": 1542}], [{"x": 1616, "y": 1633}, {"x": 1619, "y": 1656}, {"x": 1636, "y": 1660}, {"x": 1636, "y": 1636}], [{"x": 1389, "y": 1404}, {"x": 1391, "y": 1420}, {"x": 1399, "y": 1426}, {"x": 1415, "y": 1426}, {"x": 1417, "y": 1420}], [{"x": 1735, "y": 1634}, {"x": 1748, "y": 1632}, {"x": 1746, "y": 1611}], [{"x": 1294, "y": 1545}, {"x": 1317, "y": 1564}, {"x": 1321, "y": 1544}], [{"x": 1172, "y": 1247}, {"x": 1194, "y": 1251}, {"x": 1196, "y": 1229}, {"x": 1193, "y": 1230}], [{"x": 1453, "y": 1725}, {"x": 1453, "y": 1728}, {"x": 1454, "y": 1721}], [{"x": 1196, "y": 1147}, {"x": 1217, "y": 1152}, {"x": 1221, "y": 1145}, {"x": 1202, "y": 1145}], [{"x": 1236, "y": 1163}, {"x": 1258, "y": 1162}, {"x": 1252, "y": 1136}], [{"x": 1574, "y": 1365}, {"x": 1591, "y": 1383}, {"x": 1592, "y": 1378}, {"x": 1578, "y": 1359}], [{"x": 1104, "y": 1564}, {"x": 1108, "y": 1568}, {"x": 1129, "y": 1572}, {"x": 1105, "y": 1564}], [{"x": 1752, "y": 1250}, {"x": 1758, "y": 1257}, {"x": 1776, "y": 1249}, {"x": 1754, "y": 1249}], [{"x": 1278, "y": 1041}, {"x": 1282, "y": 1049}, {"x": 1299, "y": 1045}, {"x": 1307, "y": 1040}], [{"x": 1393, "y": 1469}, {"x": 1399, "y": 1490}, {"x": 1421, "y": 1491}, {"x": 1422, "y": 1486}, {"x": 1398, "y": 1467}], [{"x": 1405, "y": 1156}, {"x": 1407, "y": 1174}, {"x": 1413, "y": 1170}, {"x": 1407, "y": 1152}, {"x": 1406, "y": 1151}], [{"x": 1588, "y": 1737}, {"x": 1590, "y": 1739}, {"x": 1607, "y": 1733}, {"x": 1610, "y": 1720}, {"x": 1610, "y": 1715}], [{"x": 1429, "y": 1656}, {"x": 1450, "y": 1671}, {"x": 1447, "y": 1657}, {"x": 1433, "y": 1648}], [{"x": 1424, "y": 1578}, {"x": 1436, "y": 1582}, {"x": 1445, "y": 1583}, {"x": 1445, "y": 1578}], [{"x": 1728, "y": 1427}, {"x": 1746, "y": 1448}, {"x": 1750, "y": 1449}, {"x": 1746, "y": 1420}], [{"x": 1281, "y": 1722}, {"x": 1288, "y": 1717}, {"x": 1285, "y": 1715}], [{"x": 1249, "y": 1646}, {"x": 1269, "y": 1665}, {"x": 1266, "y": 1652}], [{"x": 1413, "y": 1165}, {"x": 1418, "y": 1163}, {"x": 1433, "y": 1137}], [{"x": 1246, "y": 1277}, {"x": 1251, "y": 1296}, {"x": 1268, "y": 1268}], [{"x": 1480, "y": 1519}, {"x": 1486, "y": 1520}, {"x": 1498, "y": 1520}], [{"x": 1475, "y": 1045}, {"x": 1492, "y": 1070}, {"x": 1478, "y": 1045}], [{"x": 1004, "y": 1639}, {"x": 1011, "y": 1637}, {"x": 1008, "y": 1636}], [{"x": 1403, "y": 1038}, {"x": 1406, "y": 1052}, {"x": 1430, "y": 1056}, {"x": 1429, "y": 1036}], [{"x": 1718, "y": 1024}, {"x": 1719, "y": 1039}, {"x": 1722, "y": 1046}, {"x": 1737, "y": 1048}, {"x": 1742, "y": 1046}, {"x": 1737, "y": 1020}], [{"x": 1461, "y": 1534}, {"x": 1461, "y": 1561}, {"x": 1481, "y": 1556}, {"x": 1484, "y": 1552}], [{"x": 1309, "y": 1683}, {"x": 1309, "y": 1702}, {"x": 1334, "y": 1703}, {"x": 1333, "y": 1695}, {"x": 1311, "y": 1675}], [{"x": 1646, "y": 1551}, {"x": 1668, "y": 1535}, {"x": 1651, "y": 1531}], [{"x": 1074, "y": 1410}, {"x": 1098, "y": 1391}, {"x": 1076, "y": 1387}], [{"x": 1327, "y": 1628}, {"x": 1352, "y": 1630}, {"x": 1351, "y": 1607}], [{"x": 1382, "y": 1178}, {"x": 1385, "y": 1199}, {"x": 1396, "y": 1188}, {"x": 1400, "y": 1181}], [{"x": 1151, "y": 1285}, {"x": 1155, "y": 1261}, {"x": 1153, "y": 1257}], [{"x": 1334, "y": 1525}, {"x": 1336, "y": 1528}, {"x": 1341, "y": 1528}, {"x": 1339, "y": 1526}, {"x": 1336, "y": 1525}], [{"x": 1007, "y": 1101}, {"x": 1028, "y": 1102}, {"x": 1029, "y": 1098}, {"x": 1010, "y": 1088}], [{"x": 1486, "y": 1404}, {"x": 1509, "y": 1406}, {"x": 1492, "y": 1399}], [{"x": 1671, "y": 1712}, {"x": 1681, "y": 1731}, {"x": 1674, "y": 1709}], [{"x": 1660, "y": 1571}, {"x": 1660, "y": 1591}, {"x": 1661, "y": 1573}], [{"x": 1584, "y": 1712}, {"x": 1604, "y": 1712}, {"x": 1607, "y": 1697}, {"x": 1603, "y": 1694}], [{"x": 1609, "y": 1626}, {"x": 1634, "y": 1631}, {"x": 1637, "y": 1631}, {"x": 1630, "y": 1606}, {"x": 1611, "y": 1609}], [{"x": 1203, "y": 1525}, {"x": 1208, "y": 1550}, {"x": 1233, "y": 1526}, {"x": 1229, "y": 1521}, {"x": 1206, "y": 1522}], [{"x": 1340, "y": 1559}, {"x": 1349, "y": 1584}, {"x": 1347, "y": 1560}], [{"x": 1168, "y": 1003}, {"x": 1171, "y": 1024}, {"x": 1172, "y": 1030}, {"x": 1174, "y": 1007}, {"x": 1172, "y": 1005}], [{"x": 1158, "y": 1152}, {"x": 1177, "y": 1149}, {"x": 1161, "y": 1123}, {"x": 1159, "y": 1126}], [{"x": 1631, "y": 1396}, {"x": 1633, "y": 1401}, {"x": 1647, "y": 1406}, {"x": 1648, "y": 1401}], [{"x": 995, "y": 1676}, {"x": 1002, "y": 1683}, {"x": 1017, "y": 1676}], [{"x": 1061, "y": 1063}, {"x": 1063, "y": 1078}, {"x": 1066, "y": 1077}, {"x": 1088, "y": 1059}, {"x": 1087, "y": 1054}], [{"x": 1630, "y": 1368}, {"x": 1630, "y": 1370}, {"x": 1652, "y": 1373}, {"x": 1658, "y": 1368}, {"x": 1658, "y": 1366}, {"x": 1654, "y": 1344}], [{"x": 1615, "y": 1167}, {"x": 1644, "y": 1172}, {"x": 1640, "y": 1151}, {"x": 1616, "y": 1146}], [{"x": 1389, "y": 1725}, {"x": 1389, "y": 1745}, {"x": 1396, "y": 1732}], [{"x": 1522, "y": 1068}, {"x": 1541, "y": 1087}, {"x": 1540, "y": 1059}, {"x": 1524, "y": 1064}], [{"x": 1469, "y": 1398}, {"x": 1469, "y": 1414}, {"x": 1474, "y": 1415}, {"x": 1490, "y": 1416}, {"x": 1494, "y": 1414}], [{"x": 1186, "y": 1618}, {"x": 1187, "y": 1620}, {"x": 1205, "y": 1612}, {"x": 1203, "y": 1594}], [{"x": 1571, "y": 1451}, {"x": 1573, "y": 1478}, {"x": 1577, "y": 1457}], [{"x": 1084, "y": 1015}, {"x": 1108, "y": 1030}, {"x": 1112, "y": 1009}], [{"x": 1203, "y": 1436}, {"x": 1204, "y": 1456}, {"x": 1229, "y": 1453}, {"x": 1227, "y": 1436}, {"x": 1221, "y": 1430}], [{"x": 1165, "y": 1112}, {"x": 1181, "y": 1097}, {"x": 1181, "y": 1094}, {"x": 1170, "y": 1097}], [{"x": 1271, "y": 1565}, {"x": 1273, "y": 1586}, {"x": 1281, "y": 1588}, {"x": 1298, "y": 1564}, {"x": 1273, "y": 1559}], [{"x": 1649, "y": 1297}, {"x": 1650, "y": 1311}, {"x": 1656, "y": 1315}, {"x": 1656, "y": 1311}], [{"x": 1093, "y": 1748}, {"x": 1098, "y": 1766}, {"x": 1113, "y": 1769}, {"x": 1119, "y": 1741}], [{"x": 1114, "y": 1389}, {"x": 1134, "y": 1395}, {"x": 1124, "y": 1376}, {"x": 1122, "y": 1374}, {"x": 1117, "y": 1373}], [{"x": 1361, "y": 1026}, {"x": 1366, "y": 1027}, {"x": 1368, "y": 1010}, {"x": 1365, "y": 1009}], [{"x": 1085, "y": 1445}, {"x": 1086, "y": 1447}, {"x": 1109, "y": 1442}, {"x": 1087, "y": 1427}], [{"x": 1577, "y": 1165}, {"x": 1577, "y": 1167}, {"x": 1578, "y": 1167}, {"x": 1580, "y": 1162}], [{"x": 1081, "y": 1306}, {"x": 1085, "y": 1325}, {"x": 1090, "y": 1326}, {"x": 1100, "y": 1319}, {"x": 1110, "y": 1307}], [{"x": 1476, "y": 1510}, {"x": 1476, "y": 1529}, {"x": 1477, "y": 1536}], [{"x": 1251, "y": 1555}, {"x": 1270, "y": 1574}, {"x": 1267, "y": 1551}], [{"x": 1029, "y": 1549}, {"x": 1047, "y": 1557}, {"x": 1043, "y": 1550}], [{"x": 1686, "y": 1153}, {"x": 1686, "y": 1156}, {"x": 1708, "y": 1127}, {"x": 1692, "y": 1130}], [{"x": 1486, "y": 1208}, {"x": 1509, "y": 1216}, {"x": 1514, "y": 1196}, {"x": 1491, "y": 1193}], [{"x": 1601, "y": 1665}, {"x": 1605, "y": 1684}, {"x": 1620, "y": 1687}], [{"x": 1536, "y": 1103}, {"x": 1540, "y": 1122}, {"x": 1546, "y": 1099}], [{"x": 1102, "y": 1469}, {"x": 1102, "y": 1479}, {"x": 1103, "y": 1486}, {"x": 1105, "y": 1488}], [{"x": 1537, "y": 1020}, {"x": 1540, "y": 1036}, {"x": 1557, "y": 1036}, {"x": 1546, "y": 1015}], [{"x": 1330, "y": 1102}, {"x": 1337, "y": 1103}, {"x": 1335, "y": 1078}, {"x": 1333, "y": 1082}], [{"x": 1502, "y": 1189}, {"x": 1516, "y": 1184}, {"x": 1520, "y": 1171}], [{"x": 1176, "y": 1752}, {"x": 1179, "y": 1756}, {"x": 1193, "y": 1752}, {"x": 1201, "y": 1737}, {"x": 1197, "y": 1733}, {"x": 1181, "y": 1737}], [{"x": 1562, "y": 1126}, {"x": 1563, "y": 1150}, {"x": 1584, "y": 1151}, {"x": 1590, "y": 1147}], [{"x": 1009, "y": 1337}, {"x": 1014, "y": 1358}, {"x": 1029, "y": 1360}, {"x": 1032, "y": 1353}], [{"x": 1354, "y": 1620}, {"x": 1358, "y": 1622}, {"x": 1376, "y": 1619}, {"x": 1374, "y": 1600}, {"x": 1361, "y": 1600}], [{"x": 1287, "y": 1582}, {"x": 1310, "y": 1610}, {"x": 1312, "y": 1609}, {"x": 1311, "y": 1584}], [{"x": 1597, "y": 1134}, {"x": 1604, "y": 1135}, {"x": 1623, "y": 1117}], [{"x": 1559, "y": 1725}, {"x": 1587, "y": 1729}, {"x": 1583, "y": 1721}, {"x": 1568, "y": 1699}], [{"x": 1042, "y": 1375}, {"x": 1043, "y": 1376}, {"x": 1059, "y": 1380}, {"x": 1061, "y": 1375}], [{"x": 1625, "y": 1113}, {"x": 1627, "y": 1118}, {"x": 1645, "y": 1138}, {"x": 1650, "y": 1143}, {"x": 1632, "y": 1115}], [{"x": 1658, "y": 1624}, {"x": 1666, "y": 1629}, {"x": 1678, "y": 1631}, {"x": 1676, "y": 1611}, {"x": 1660, "y": 1613}], [{"x": 1682, "y": 1281}, {"x": 1686, "y": 1300}, {"x": 1707, "y": 1296}, {"x": 1709, "y": 1294}, {"x": 1709, "y": 1278}], [{"x": 993, "y": 1390}, {"x": 1002, "y": 1418}, {"x": 1020, "y": 1416}, {"x": 1021, "y": 1397}], [{"x": 1541, "y": 1202}, {"x": 1547, "y": 1221}, {"x": 1562, "y": 1221}, {"x": 1546, "y": 1203}], [{"x": 1048, "y": 1731}, {"x": 1076, "y": 1723}, {"x": 1077, "y": 1709}, {"x": 1052, "y": 1707}], [{"x": 1090, "y": 1453}, {"x": 1110, "y": 1476}, {"x": 1115, "y": 1481}, {"x": 1119, "y": 1453}], [{"x": 1487, "y": 1638}, {"x": 1494, "y": 1664}, {"x": 1495, "y": 1666}, {"x": 1493, "y": 1647}], [{"x": 1089, "y": 1122}, {"x": 1095, "y": 1117}, {"x": 1095, "y": 1099}, {"x": 1092, "y": 1097}], [{"x": 1707, "y": 1159}, {"x": 1735, "y": 1163}, {"x": 1730, "y": 1139}], [{"x": 1457, "y": 1512}, {"x": 1464, "y": 1534}, {"x": 1465, "y": 1530}], [{"x": 1120, "y": 1689}, {"x": 1135, "y": 1687}, {"x": 1134, "y": 1684}], [{"x": 1352, "y": 1331}, {"x": 1354, "y": 1352}, {"x": 1355, "y": 1354}, {"x": 1357, "y": 1326}], [{"x": 1160, "y": 1336}, {"x": 1161, "y": 1349}, {"x": 1180, "y": 1326}], [{"x": 1584, "y": 1019}, {"x": 1606, "y": 1016}, {"x": 1612, "y": 999}, {"x": 1593, "y": 1012}], [{"x": 1647, "y": 1146}, {"x": 1647, "y": 1155}, {"x": 1657, "y": 1168}, {"x": 1663, "y": 1147}], [{"x": 1743, "y": 1453}, {"x": 1746, "y": 1477}, {"x": 1772, "y": 1477}, {"x": 1763, "y": 1457}], [{"x": 1723, "y": 1513}, {"x": 1740, "y": 1537}, {"x": 1745, "y": 1518}], [{"x": 1072, "y": 1216}, {"x": 1095, "y": 1193}, {"x": 1074, "y": 1211}], [{"x": 1400, "y": 1582}, {"x": 1405, "y": 1590}, {"x": 1407, "y": 1590}, {"x": 1424, "y": 1571}, {"x": 1426, "y": 1567}], [{"x": 1468, "y": 1500}, {"x": 1473, "y": 1500}, {"x": 1491, "y": 1483}, {"x": 1487, "y": 1478}], [{"x": 1096, "y": 1057}, {"x": 1102, "y": 1059}, {"x": 1124, "y": 1032}, {"x": 1097, "y": 1032}], [{"x": 1440, "y": 1701}, {"x": 1457, "y": 1715}, {"x": 1465, "y": 1698}, {"x": 1462, "y": 1695}], [{"x": 1299, "y": 1346}, {"x": 1326, "y": 1327}, {"x": 1322, "y": 1320}, {"x": 1308, "y": 1319}], [{"x": 1505, "y": 1132}, {"x": 1510, "y": 1131}, {"x": 1522, "y": 1108}, {"x": 1509, "y": 1125}], [{"x": 1731, "y": 1073}, {"x": 1749, "y": 1064}, {"x": 1748, "y": 1063}], [{"x": 1561, "y": 1388}, {"x": 1564, "y": 1411}, {"x": 1577, "y": 1402}, {"x": 1582, "y": 1392}, {"x": 1562, "y": 1384}], [{"x": 1641, "y": 1491}, {"x": 1644, "y": 1493}, {"x": 1661, "y": 1492}], [{"x": 1052, "y": 1080}, {"x": 1055, "y": 1094}, {"x": 1076, "y": 1082}, {"x": 1058, "y": 1077}], [{"x": 1109, "y": 1413}, {"x": 1127, "y": 1438}, {"x": 1128, "y": 1437}, {"x": 1130, "y": 1413}], [{"x": 1039, "y": 1477}, {"x": 1042, "y": 1494}, {"x": 1056, "y": 1495}], [{"x": 1324, "y": 1591}, {"x": 1351, "y": 1589}, {"x": 1327, "y": 1586}], [{"x": 1159, "y": 1430}, {"x": 1161, "y": 1436}, {"x": 1167, "y": 1436}, {"x": 1185, "y": 1407}, {"x": 1181, "y": 1409}], [{"x": 1494, "y": 1387}, {"x": 1514, "y": 1366}, {"x": 1509, "y": 1369}], [{"x": 1351, "y": 1547}, {"x": 1368, "y": 1545}, {"x": 1354, "y": 1523}], [{"x": 1596, "y": 1478}, {"x": 1619, "y": 1482}, {"x": 1621, "y": 1457}, {"x": 1598, "y": 1459}], [{"x": 1019, "y": 1491}, {"x": 1019, "y": 1513}, {"x": 1035, "y": 1512}, {"x": 1038, "y": 1487}], [{"x": 1381, "y": 1156}, {"x": 1382, "y": 1173}, {"x": 1393, "y": 1172}], [{"x": 1457, "y": 1006}, {"x": 1485, "y": 1017}, {"x": 1486, "y": 1005}, {"x": 1480, "y": 1002}], [{"x": 1572, "y": 1007}, {"x": 1574, "y": 1010}, {"x": 1577, "y": 1012}, {"x": 1595, "y": 1008}, {"x": 1597, "y": 985}], [{"x": 1265, "y": 1130}, {"x": 1288, "y": 1154}, {"x": 1283, "y": 1146}], [{"x": 1180, "y": 1332}, {"x": 1192, "y": 1337}, {"x": 1202, "y": 1330}, {"x": 1192, "y": 1330}, {"x": 1181, "y": 1331}], [{"x": 1283, "y": 1128}, {"x": 1284, "y": 1138}, {"x": 1306, "y": 1144}, {"x": 1301, "y": 1126}, {"x": 1299, "y": 1123}], [{"x": 1022, "y": 1036}, {"x": 1044, "y": 1035}, {"x": 1045, "y": 1030}, {"x": 1044, "y": 1014}, {"x": 1042, "y": 1008}], [{"x": 1222, "y": 1321}, {"x": 1226, "y": 1324}, {"x": 1243, "y": 1327}, {"x": 1228, "y": 1307}], [{"x": 1620, "y": 1178}, {"x": 1621, "y": 1194}, {"x": 1643, "y": 1198}, {"x": 1626, "y": 1179}], [{"x": 1535, "y": 1343}, {"x": 1537, "y": 1372}, {"x": 1558, "y": 1369}, {"x": 1558, "y": 1349}], [{"x": 1334, "y": 1024}, {"x": 1337, "y": 1025}, {"x": 1349, "y": 1011}], [{"x": 1138, "y": 1052}, {"x": 1157, "y": 1048}, {"x": 1140, "y": 1031}], [{"x": 1189, "y": 1569}, {"x": 1211, "y": 1575}, {"x": 1215, "y": 1574}, {"x": 1218, "y": 1553}, {"x": 1191, "y": 1549}], [{"x": 1670, "y": 1383}, {"x": 1672, "y": 1385}, {"x": 1697, "y": 1367}], [{"x": 1056, "y": 1112}, {"x": 1058, "y": 1113}, {"x": 1083, "y": 1099}], [{"x": 1300, "y": 1423}, {"x": 1303, "y": 1444}, {"x": 1322, "y": 1417}, {"x": 1302, "y": 1419}], [{"x": 1150, "y": 1169}, {"x": 1151, "y": 1193}, {"x": 1172, "y": 1166}, {"x": 1170, "y": 1166}], [{"x": 1257, "y": 1727}, {"x": 1260, "y": 1720}, {"x": 1259, "y": 1698}], [{"x": 1499, "y": 1655}, {"x": 1504, "y": 1659}, {"x": 1524, "y": 1655}, {"x": 1521, "y": 1633}, {"x": 1518, "y": 1635}], [{"x": 1600, "y": 1282}, {"x": 1622, "y": 1303}, {"x": 1621, "y": 1285}, {"x": 1617, "y": 1276}], [{"x": 1649, "y": 1657}, {"x": 1669, "y": 1654}, {"x": 1669, "y": 1636}], [{"x": 1212, "y": 1368}, {"x": 1232, "y": 1391}, {"x": 1236, "y": 1383}, {"x": 1238, "y": 1362}], [{"x": 1223, "y": 1765}, {"x": 1247, "y": 1766}, {"x": 1248, "y": 1764}, {"x": 1247, "y": 1760}], [{"x": 1715, "y": 1107}, {"x": 1738, "y": 1127}, {"x": 1741, "y": 1101}], [{"x": 1087, "y": 1579}, {"x": 1093, "y": 1606}, {"x": 1116, "y": 1586}, {"x": 1112, "y": 1580}], [{"x": 1497, "y": 1235}, {"x": 1510, "y": 1235}, {"x": 1510, "y": 1230}], [{"x": 1527, "y": 1007}, {"x": 1550, "y": 1014}, {"x": 1547, "y": 1006}], [{"x": 1458, "y": 1380}, {"x": 1460, "y": 1388}, {"x": 1487, "y": 1401}, {"x": 1485, "y": 1384}, {"x": 1480, "y": 1382}], [{"x": 1277, "y": 1708}, {"x": 1284, "y": 1712}, {"x": 1296, "y": 1708}], [{"x": 1139, "y": 1227}, {"x": 1146, "y": 1232}, {"x": 1166, "y": 1226}, {"x": 1165, "y": 1222}], [{"x": 1314, "y": 1368}, {"x": 1326, "y": 1368}, {"x": 1334, "y": 1344}, {"x": 1329, "y": 1342}], [{"x": 1156, "y": 1736}, {"x": 1184, "y": 1732}, {"x": 1180, "y": 1714}, {"x": 1161, "y": 1731}], [{"x": 1617, "y": 1581}, {"x": 1624, "y": 1600}, {"x": 1644, "y": 1586}, {"x": 1645, "y": 1583}], [{"x": 1198, "y": 1031}, {"x": 1205, "y": 1033}, {"x": 1219, "y": 1033}], [{"x": 1488, "y": 1567}, {"x": 1504, "y": 1557}, {"x": 1504, "y": 1547}, {"x": 1489, "y": 1562}], [{"x": 1314, "y": 1277}, {"x": 1341, "y": 1284}, {"x": 1342, "y": 1262}], [{"x": 1233, "y": 1107}, {"x": 1239, "y": 1137}, {"x": 1258, "y": 1129}, {"x": 1258, "y": 1115}], [{"x": 1090, "y": 1654}, {"x": 1090, "y": 1670}, {"x": 1097, "y": 1673}, {"x": 1099, "y": 1668}, {"x": 1098, "y": 1646}], [{"x": 1749, "y": 1392}, {"x": 1767, "y": 1389}, {"x": 1771, "y": 1368}, {"x": 1753, "y": 1365}], [{"x": 1703, "y": 1399}, {"x": 1705, "y": 1421}, {"x": 1723, "y": 1401}], [{"x": 1750, "y": 1148}, {"x": 1758, "y": 1178}, {"x": 1777, "y": 1155}, {"x": 1771, "y": 1149}], [{"x": 1111, "y": 1527}, {"x": 1137, "y": 1525}, {"x": 1138, "y": 1522}, {"x": 1118, "y": 1504}, {"x": 1114, "y": 1504}], [{"x": 1193, "y": 1156}, {"x": 1194, "y": 1182}, {"x": 1220, "y": 1185}, {"x": 1216, "y": 1165}], [{"x": 1354, "y": 1265}, {"x": 1371, "y": 1272}, {"x": 1376, "y": 1264}], [{"x": 1245, "y": 1505}, {"x": 1268, "y": 1513}, {"x": 1269, "y": 1504}], [{"x": 1492, "y": 1308}, {"x": 1516, "y": 1295}, {"x": 1493, "y": 1290}], [{"x": 1689, "y": 1033}, {"x": 1697, "y": 1034}, {"x": 1692, "y": 1015}], [{"x": 1258, "y": 1668}, {"x": 1261, "y": 1690}, {"x": 1266, "y": 1693}, {"x": 1277, "y": 1673}], [{"x": 1398, "y": 1638}, {"x": 1405, "y": 1659}, {"x": 1421, "y": 1636}], [{"x": 1021, "y": 1166}, {"x": 1026, "y": 1169}, {"x": 1041, "y": 1167}, {"x": 1050, "y": 1150}, {"x": 1048, "y": 1143}], [{"x": 1540, "y": 1288}, {"x": 1559, "y": 1287}, {"x": 1560, "y": 1265}], [{"x": 1224, "y": 1056}, {"x": 1245, "y": 1049}, {"x": 1246, "y": 1038}, {"x": 1245, "y": 1032}, {"x": 1231, "y": 1032}], [{"x": 1487, "y": 1703}, {"x": 1512, "y": 1676}, {"x": 1489, "y": 1696}]]}
