{"type": "CGSHOP2023_Instance", "name": "ccheese372", "n": 372, "outer_boundary": [{"x": 990, "y": 1488}, {"x": 982, "y": 1467}, {"x": 975, "y": 1176}, {"x": 994, "y": 1144}, {"x": 1008, "y": 1075}, {"x": 1019, "y": 1051}, {"x": 1197, "y": 989}, {"x": 1477, "y": 973}, {"x": 1514, "y": 1047}, {"x": 1501, "y": 1313}, {"x": 1500, "y": 1350}, {"x": 1474, "y": 1469}, {"x": 1419, "y": 1487}, {"x": 1076, "y": 1511}, {"x": 1029, "y": 1517}], "holes": [[{"x": 1376, "y": 1366}, {"x": 1380, "y": 1365}, {"x": 1396, "y": 1354}, {"x": 1385, "y": 1348}], [{"x": 1045, "y": 1254}, {"x": 1050, "y": 1281}, {"x": 1071, "y": 1279}, {"x": 1065, "y": 1255}, {"x": 1063, "y": 1253}], [{"x": 1067, "y": 1215}, {"x": 1089, "y": 1213}, {"x": 1093, "y": 1190}, {"x": 1093, "y": 1188}, {"x": 1071, "y": 1195}], [{"x": 1060, "y": 1400}, {"x": 1075, "y": 1398}, {"x": 1081, "y": 1392}], [{"x": 1401, "y": 1411}, {"x": 1409, "y": 1438}, {"x": 1430, "y": 1437}, {"x": 1430, "y": 1436}, {"x": 1429, "y": 1413}], [{"x": 1084, "y": 1181}, {"x": 1108, "y": 1185}, {"x": 1110, "y": 1179}, {"x": 1110, "y": 1178}], [{"x": 1183, "y": 1069}, {"x": 1183, "y": 1089}, {"x": 1187, "y": 1091}, {"x": 1202, "y": 1074}, {"x": 1185, "y": 1065}], [{"x": 1233, "y": 1100}, {"x": 1239, "y": 1100}, {"x": 1242, "y": 1074}], [{"x": 994, "y": 1190}, {"x": 996, "y": 1196}, {"x": 1015, "y": 1195}, {"x": 1010, "y": 1178}, {"x": 999, "y": 1171}], [{"x": 1073, "y": 1315}, {"x": 1078, "y": 1335}, {"x": 1097, "y": 1341}, {"x": 1097, "y": 1334}, {"x": 1094, "y": 1313}], [{"x": 1461, "y": 1109}, {"x": 1462, "y": 1113}, {"x": 1474, "y": 1130}, {"x": 1481, "y": 1127}], [{"x": 1420, "y": 1392}, {"x": 1437, "y": 1395}, {"x": 1442, "y": 1371}, {"x": 1442, "y": 1367}, {"x": 1438, "y": 1366}, {"x": 1426, "y": 1373}], [{"x": 1257, "y": 1403}, {"x": 1263, "y": 1427}, {"x": 1281, "y": 1427}, {"x": 1284, "y": 1422}], [{"x": 1009, "y": 1399}, {"x": 1029, "y": 1397}, {"x": 1028, "y": 1378}, {"x": 1020, "y": 1375}, {"x": 1019, "y": 1375}], [{"x": 1230, "y": 1394}, {"x": 1247, "y": 1421}, {"x": 1253, "y": 1418}, {"x": 1254, "y": 1401}, {"x": 1248, "y": 1392}], [{"x": 1139, "y": 1357}, {"x": 1145, "y": 1354}, {"x": 1147, "y": 1337}], [{"x": 1089, "y": 1495}, {"x": 1089, "y": 1499}, {"x": 1113, "y": 1480}, {"x": 1110, "y": 1474}], [{"x": 1135, "y": 1102}, {"x": 1147, "y": 1108}, {"x": 1157, "y": 1104}, {"x": 1151, "y": 1081}], [{"x": 1288, "y": 1155}, {"x": 1305, "y": 1154}, {"x": 1290, "y": 1149}, {"x": 1289, "y": 1151}], [{"x": 1044, "y": 1475}, {"x": 1049, "y": 1494}, {"x": 1065, "y": 1486}], [{"x": 1188, "y": 1418}, {"x": 1189, "y": 1433}, {"x": 1205, "y": 1438}, {"x": 1212, "y": 1416}, {"x": 1213, "y": 1412}], [{"x": 1318, "y": 1302}, {"x": 1318, "y": 1317}, {"x": 1322, "y": 1319}], [{"x": 1431, "y": 1470}, {"x": 1434, "y": 1475}, {"x": 1459, "y": 1446}, {"x": 1435, "y": 1449}], [{"x": 1346, "y": 1051}, {"x": 1364, "y": 1052}, {"x": 1366, "y": 1023}, {"x": 1350, "y": 1028}], [{"x": 1269, "y": 1251}, {"x": 1275, "y": 1272}, {"x": 1291, "y": 1276}, {"x": 1292, "y": 1269}, {"x": 1276, "y": 1251}], [{"x": 1388, "y": 1171}, {"x": 1395, "y": 1185}, {"x": 1415, "y": 1163}, {"x": 1396, "y": 1164}], [{"x": 1012, "y": 1338}, {"x": 1018, "y": 1360}, {"x": 1036, "y": 1357}, {"x": 1040, "y": 1351}, {"x": 1034, "y": 1333}], [{"x": 1145, "y": 1404}, {"x": 1149, "y": 1416}, {"x": 1164, "y": 1424}, {"x": 1169, "y": 1425}, {"x": 1171, "y": 1398}], [{"x": 1223, "y": 1337}, {"x": 1242, "y": 1341}, {"x": 1248, "y": 1333}, {"x": 1227, "y": 1318}], [{"x": 1451, "y": 1281}, {"x": 1453, "y": 1303}, {"x": 1475, "y": 1302}, {"x": 1475, "y": 1282}, {"x": 1472, "y": 1276}], [{"x": 1008, "y": 1155}, {"x": 1008, "y": 1175}, {"x": 1024, "y": 1156}, {"x": 1028, "y": 1150}], [{"x": 1464, "y": 1335}, {"x": 1485, "y": 1360}, {"x": 1488, "y": 1336}], [{"x": 1301, "y": 1451}, {"x": 1301, "y": 1468}, {"x": 1321, "y": 1470}], [{"x": 1326, "y": 1139}, {"x": 1330, "y": 1168}, {"x": 1330, "y": 1146}], [{"x": 1013, "y": 1304}, {"x": 1038, "y": 1305}, {"x": 1037, "y": 1298}, {"x": 1033, "y": 1275}, {"x": 1014, "y": 1282}], [{"x": 1101, "y": 1241}, {"x": 1122, "y": 1238}, {"x": 1121, "y": 1221}, {"x": 1118, "y": 1219}], [{"x": 1335, "y": 1303}, {"x": 1339, "y": 1310}, {"x": 1358, "y": 1304}, {"x": 1340, "y": 1300}], [{"x": 1099, "y": 1408}, {"x": 1118, "y": 1429}, {"x": 1124, "y": 1411}], [{"x": 1029, "y": 1078}, {"x": 1036, "y": 1079}, {"x": 1047, "y": 1078}, {"x": 1047, "y": 1062}, {"x": 1036, "y": 1061}], [{"x": 1395, "y": 1282}, {"x": 1418, "y": 1303}, {"x": 1420, "y": 1283}], [{"x": 1040, "y": 1421}, {"x": 1041, "y": 1423}, {"x": 1045, "y": 1394}], [{"x": 1081, "y": 1260}, {"x": 1087, "y": 1257}, {"x": 1090, "y": 1254}, {"x": 1083, "y": 1236}], [{"x": 1105, "y": 1361}, {"x": 1108, "y": 1389}, {"x": 1124, "y": 1385}, {"x": 1130, "y": 1380}, {"x": 1129, "y": 1361}], [{"x": 1156, "y": 1351}, {"x": 1157, "y": 1371}, {"x": 1170, "y": 1376}, {"x": 1176, "y": 1372}, {"x": 1174, "y": 1357}], [{"x": 1001, "y": 1455}, {"x": 1005, "y": 1465}, {"x": 1029, "y": 1471}, {"x": 1030, "y": 1467}, {"x": 1029, "y": 1452}], [{"x": 1174, "y": 1266}, {"x": 1175, "y": 1272}, {"x": 1180, "y": 1292}, {"x": 1196, "y": 1293}, {"x": 1202, "y": 1286}], [{"x": 1336, "y": 1155}, {"x": 1362, "y": 1174}, {"x": 1362, "y": 1154}, {"x": 1354, "y": 1153}], [{"x": 1347, "y": 1255}, {"x": 1353, "y": 1237}, {"x": 1349, "y": 1247}], [{"x": 1333, "y": 1338}, {"x": 1343, "y": 1357}, {"x": 1353, "y": 1362}, {"x": 1344, "y": 1334}], [{"x": 1020, "y": 1091}, {"x": 1032, "y": 1110}, {"x": 1041, "y": 1114}, {"x": 1040, "y": 1109}], [{"x": 1125, "y": 1124}, {"x": 1125, "y": 1142}, {"x": 1133, "y": 1122}], [{"x": 1267, "y": 1406}, {"x": 1271, "y": 1398}, {"x": 1271, "y": 1385}], [{"x": 1237, "y": 1360}, {"x": 1260, "y": 1360}, {"x": 1256, "y": 1332}], [{"x": 1204, "y": 1187}, {"x": 1205, "y": 1214}, {"x": 1210, "y": 1211}], [{"x": 1109, "y": 1307}, {"x": 1111, "y": 1328}, {"x": 1130, "y": 1303}], [{"x": 1465, "y": 1058}, {"x": 1472, "y": 1080}, {"x": 1493, "y": 1062}], [{"x": 1432, "y": 1022}, {"x": 1457, "y": 996}, {"x": 1435, "y": 1001}], [{"x": 1341, "y": 1196}, {"x": 1347, "y": 1197}, {"x": 1365, "y": 1195}, {"x": 1345, "y": 1176}], [{"x": 1192, "y": 1179}, {"x": 1192, "y": 1200}, {"x": 1193, "y": 1182}], [{"x": 1114, "y": 1266}, {"x": 1116, "y": 1271}, {"x": 1117, "y": 1269}, {"x": 1117, "y": 1251}], [{"x": 1366, "y": 1128}, {"x": 1370, "y": 1130}, {"x": 1392, "y": 1104}, {"x": 1384, "y": 1105}, {"x": 1367, "y": 1108}], [{"x": 1053, "y": 1369}, {"x": 1082, "y": 1383}, {"x": 1060, "y": 1370}], [{"x": 1241, "y": 1461}, {"x": 1243, "y": 1482}, {"x": 1245, "y": 1487}, {"x": 1249, "y": 1467}, {"x": 1247, "y": 1463}], [{"x": 1080, "y": 1120}, {"x": 1082, "y": 1135}, {"x": 1108, "y": 1140}, {"x": 1106, "y": 1135}, {"x": 1086, "y": 1116}], [{"x": 1001, "y": 1429}, {"x": 1004, "y": 1447}, {"x": 1017, "y": 1426}], [{"x": 1292, "y": 1077}, {"x": 1298, "y": 1094}, {"x": 1299, "y": 1095}, {"x": 1313, "y": 1098}, {"x": 1314, "y": 1094}, {"x": 1315, "y": 1076}], [{"x": 1203, "y": 1359}, {"x": 1209, "y": 1363}, {"x": 1210, "y": 1339}, {"x": 1209, "y": 1334}, {"x": 1207, "y": 1339}], [{"x": 1010, "y": 1127}, {"x": 1014, "y": 1140}, {"x": 1027, "y": 1144}], [{"x": 1461, "y": 1147}, {"x": 1472, "y": 1156}, {"x": 1482, "y": 1132}], [{"x": 1221, "y": 1056}, {"x": 1238, "y": 1062}, {"x": 1240, "y": 1062}, {"x": 1239, "y": 1061}], [{"x": 1384, "y": 1378}, {"x": 1392, "y": 1387}, {"x": 1410, "y": 1387}, {"x": 1410, "y": 1361}], [{"x": 996, "y": 1207}, {"x": 1014, "y": 1216}, {"x": 1017, "y": 1209}], [{"x": 1127, "y": 1159}, {"x": 1157, "y": 1156}, {"x": 1153, "y": 1137}, {"x": 1136, "y": 1143}, {"x": 1128, "y": 1155}], [{"x": 1076, "y": 1276}, {"x": 1099, "y": 1279}, {"x": 1105, "y": 1257}], [{"x": 1423, "y": 1143}, {"x": 1431, "y": 1166}, {"x": 1452, "y": 1144}, {"x": 1433, "y": 1138}], [{"x": 1375, "y": 1034}, {"x": 1398, "y": 1037}, {"x": 1399, "y": 1014}, {"x": 1395, "y": 1016}], [{"x": 1185, "y": 1015}, {"x": 1192, "y": 1035}, {"x": 1211, "y": 1006}], [{"x": 1216, "y": 1181}, {"x": 1236, "y": 1204}, {"x": 1246, "y": 1180}], [{"x": 1157, "y": 1119}, {"x": 1161, "y": 1127}, {"x": 1183, "y": 1107}, {"x": 1182, "y": 1104}, {"x": 1167, "y": 1101}], [{"x": 1346, "y": 1380}, {"x": 1368, "y": 1386}, {"x": 1371, "y": 1381}, {"x": 1367, "y": 1365}], [{"x": 1218, "y": 1312}, {"x": 1223, "y": 1310}, {"x": 1219, "y": 1309}], [{"x": 1326, "y": 1411}, {"x": 1328, "y": 1414}, {"x": 1351, "y": 1415}, {"x": 1349, "y": 1395}, {"x": 1328, "y": 1392}], [{"x": 1441, "y": 1354}, {"x": 1444, "y": 1363}, {"x": 1447, "y": 1333}], [{"x": 1063, "y": 1421}, {"x": 1072, "y": 1446}, {"x": 1091, "y": 1422}, {"x": 1091, "y": 1420}], [{"x": 1078, "y": 1355}, {"x": 1079, "y": 1371}, {"x": 1095, "y": 1377}, {"x": 1100, "y": 1354}], [{"x": 1451, "y": 1098}, {"x": 1453, "y": 1104}, {"x": 1472, "y": 1085}, {"x": 1473, "y": 1082}], [{"x": 1239, "y": 1128}, {"x": 1266, "y": 1156}, {"x": 1260, "y": 1132}, {"x": 1243, "y": 1128}], [{"x": 1296, "y": 1344}, {"x": 1321, "y": 1359}, {"x": 1313, "y": 1341}, {"x": 1302, "y": 1340}], [{"x": 1125, "y": 1256}, {"x": 1125, "y": 1276}, {"x": 1126, "y": 1280}, {"x": 1152, "y": 1280}, {"x": 1144, "y": 1262}]]}
