{"type": "CGSHOP2023_Instance", "name": "ccheese194", "n": 194, "outer_boundary": [{"x": 1251, "y": 1365}, {"x": 985, "y": 1357}, {"x": 985, "y": 1167}, {"x": 1017, "y": 1015}, {"x": 1067, "y": 986}, {"x": 1282, "y": 1002}, {"x": 1349, "y": 1000}, {"x": 1348, "y": 1006}, {"x": 1369, "y": 1224}, {"x": 1358, "y": 1311}, {"x": 1327, "y": 1348}], "holes": [[{"x": 1271, "y": 1177}, {"x": 1281, "y": 1196}, {"x": 1294, "y": 1199}, {"x": 1295, "y": 1192}, {"x": 1281, "y": 1171}], [{"x": 1287, "y": 1165}, {"x": 1288, "y": 1170}, {"x": 1288, "y": 1168}], [{"x": 1034, "y": 1030}, {"x": 1043, "y": 1048}, {"x": 1063, "y": 1047}, {"x": 1054, "y": 1024}], [{"x": 1317, "y": 1308}, {"x": 1320, "y": 1318}, {"x": 1343, "y": 1294}, {"x": 1323, "y": 1293}], [{"x": 1262, "y": 1261}, {"x": 1280, "y": 1284}, {"x": 1286, "y": 1265}, {"x": 1285, "y": 1261}, {"x": 1282, "y": 1258}, {"x": 1266, "y": 1260}], [{"x": 1284, "y": 1106}, {"x": 1286, "y": 1122}, {"x": 1287, "y": 1125}, {"x": 1285, "y": 1102}], [{"x": 1253, "y": 1317}, {"x": 1253, "y": 1321}, {"x": 1270, "y": 1319}, {"x": 1278, "y": 1298}, {"x": 1255, "y": 1313}], [{"x": 1233, "y": 1250}, {"x": 1245, "y": 1256}, {"x": 1245, "y": 1235}], [{"x": 1064, "y": 1022}, {"x": 1079, "y": 1031}, {"x": 1083, "y": 1026}, {"x": 1079, "y": 1002}], [{"x": 1159, "y": 1247}, {"x": 1159, "y": 1253}, {"x": 1164, "y": 1253}, {"x": 1179, "y": 1230}, {"x": 1161, "y": 1245}], [{"x": 1026, "y": 1214}, {"x": 1027, "y": 1221}, {"x": 1027, "y": 1213}], [{"x": 1277, "y": 1035}, {"x": 1278, "y": 1037}, {"x": 1281, "y": 1034}, {"x": 1296, "y": 1012}], [{"x": 1042, "y": 1173}, {"x": 1047, "y": 1186}, {"x": 1044, "y": 1169}], [{"x": 1002, "y": 1342}, {"x": 1004, "y": 1342}, {"x": 1029, "y": 1340}, {"x": 1009, "y": 1321}], [{"x": 1199, "y": 1087}, {"x": 1203, "y": 1094}, {"x": 1226, "y": 1089}, {"x": 1219, "y": 1069}, {"x": 1208, "y": 1073}, {"x": 1204, "y": 1075}], [{"x": 1115, "y": 1177}, {"x": 1120, "y": 1185}, {"x": 1136, "y": 1185}, {"x": 1138, "y": 1177}], [{"x": 1265, "y": 1138}, {"x": 1265, "y": 1161}, {"x": 1282, "y": 1155}, {"x": 1287, "y": 1137}], [{"x": 1171, "y": 1280}, {"x": 1199, "y": 1275}, {"x": 1201, "y": 1273}, {"x": 1196, "y": 1271}], [{"x": 1328, "y": 1243}, {"x": 1329, "y": 1261}, {"x": 1350, "y": 1266}, {"x": 1358, "y": 1241}], [{"x": 1081, "y": 1179}, {"x": 1081, "y": 1201}, {"x": 1102, "y": 1185}, {"x": 1096, "y": 1178}], [{"x": 1304, "y": 1155}, {"x": 1304, "y": 1157}, {"x": 1328, "y": 1153}, {"x": 1331, "y": 1135}, {"x": 1330, "y": 1129}, {"x": 1310, "y": 1147}], [{"x": 1105, "y": 1230}, {"x": 1108, "y": 1248}, {"x": 1109, "y": 1244}, {"x": 1106, "y": 1232}], [{"x": 1083, "y": 1075}, {"x": 1089, "y": 1077}, {"x": 1090, "y": 1071}, {"x": 1087, "y": 1058}], [{"x": 1226, "y": 1161}, {"x": 1251, "y": 1182}, {"x": 1248, "y": 1168}, {"x": 1227, "y": 1160}], [{"x": 1153, "y": 1132}, {"x": 1172, "y": 1142}, {"x": 1173, "y": 1117}], [{"x": 1162, "y": 1255}, {"x": 1180, "y": 1262}, {"x": 1185, "y": 1262}, {"x": 1187, "y": 1260}, {"x": 1189, "y": 1237}], [{"x": 1251, "y": 1224}, {"x": 1271, "y": 1249}, {"x": 1272, "y": 1249}, {"x": 1271, "y": 1233}, {"x": 1252, "y": 1224}], [{"x": 1097, "y": 1275}, {"x": 1118, "y": 1273}, {"x": 1123, "y": 1255}, {"x": 1115, "y": 1253}], [{"x": 1297, "y": 1094}, {"x": 1313, "y": 1097}, {"x": 1321, "y": 1098}, {"x": 1299, "y": 1094}], [{"x": 1199, "y": 1041}, {"x": 1205, "y": 1044}, {"x": 1225, "y": 1051}, {"x": 1222, "y": 1031}, {"x": 1202, "y": 1029}], [{"x": 1300, "y": 1056}, {"x": 1307, "y": 1074}, {"x": 1326, "y": 1066}, {"x": 1320, "y": 1054}], [{"x": 1081, "y": 1315}, {"x": 1081, "y": 1321}, {"x": 1088, "y": 1338}, {"x": 1102, "y": 1318}], [{"x": 1143, "y": 1107}, {"x": 1150, "y": 1129}, {"x": 1170, "y": 1109}, {"x": 1169, "y": 1105}], [{"x": 1297, "y": 1327}, {"x": 1314, "y": 1332}, {"x": 1317, "y": 1304}, {"x": 1300, "y": 1312}], [{"x": 1162, "y": 1080}, {"x": 1181, "y": 1072}, {"x": 1164, "y": 1054}, {"x": 1163, "y": 1056}], [{"x": 1314, "y": 1022}, {"x": 1318, "y": 1033}, {"x": 1338, "y": 1023}, {"x": 1335, "y": 1015}], [{"x": 1013, "y": 1202}, {"x": 1021, "y": 1222}, {"x": 1018, "y": 1204}], [{"x": 1145, "y": 1336}, {"x": 1151, "y": 1336}, {"x": 1153, "y": 1319}], [{"x": 1218, "y": 1328}, {"x": 1218, "y": 1333}, {"x": 1237, "y": 1352}, {"x": 1242, "y": 1349}, {"x": 1221, "y": 1325}], [{"x": 1255, "y": 1283}, {"x": 1275, "y": 1290}, {"x": 1274, "y": 1282}], [{"x": 1066, "y": 1059}, {"x": 1078, "y": 1064}, {"x": 1084, "y": 1063}, {"x": 1079, "y": 1042}], [{"x": 1325, "y": 1178}, {"x": 1326, "y": 1183}, {"x": 1350, "y": 1199}, {"x": 1346, "y": 1177}, {"x": 1335, "y": 1175}], [{"x": 1001, "y": 1181}, {"x": 1003, "y": 1186}, {"x": 1026, "y": 1184}, {"x": 1005, "y": 1177}], [{"x": 1036, "y": 1255}, {"x": 1039, "y": 1257}, {"x": 1060, "y": 1263}, {"x": 1055, "y": 1233}, {"x": 1039, "y": 1240}]]}
