{"type": "CGSHOP2023_Instance", "name": "ccheese1325", "n": 1325, "outer_boundary": [{"x": 977, "y": 1800}, {"x": 989, "y": 1614}, {"x": 975, "y": 1120}, {"x": 978, "y": 999}, {"x": 1007, "y": 967}, {"x": 1025, "y": 959}, {"x": 1313, "y": 964}, {"x": 1866, "y": 983}, {"x": 1869, "y": 1010}, {"x": 1960, "y": 1140}, {"x": 1993, "y": 1273}, {"x": 1964, "y": 1481}, {"x": 1992, "y": 1703}, {"x": 1947, "y": 1920}, {"x": 1933, "y": 1948}, {"x": 1871, "y": 1982}, {"x": 1864, "y": 1958}, {"x": 1607, "y": 1983}, {"x": 983, "y": 1967}], "holes": [[{"x": 1303, "y": 1778}, {"x": 1308, "y": 1801}, {"x": 1324, "y": 1800}, {"x": 1326, "y": 1781}, {"x": 1325, "y": 1778}], [{"x": 1482, "y": 1200}, {"x": 1503, "y": 1178}, {"x": 1499, "y": 1172}], [{"x": 1660, "y": 1166}, {"x": 1663, "y": 1169}, {"x": 1684, "y": 1146}], [{"x": 1765, "y": 1743}, {"x": 1773, "y": 1751}, {"x": 1785, "y": 1729}, {"x": 1786, "y": 1723}, {"x": 1766, "y": 1731}], [{"x": 1300, "y": 1030}, {"x": 1309, "y": 1054}, {"x": 1328, "y": 1051}, {"x": 1328, "y": 1050}, {"x": 1325, "y": 1031}], [{"x": 1480, "y": 1925}, {"x": 1508, "y": 1919}, {"x": 1484, "y": 1902}], [{"x": 1048, "y": 1808}, {"x": 1055, "y": 1814}, {"x": 1071, "y": 1814}, {"x": 1078, "y": 1788}], [{"x": 1420, "y": 1334}, {"x": 1422, "y": 1350}, {"x": 1425, "y": 1350}, {"x": 1445, "y": 1333}], [{"x": 1131, "y": 1114}, {"x": 1132, "y": 1114}, {"x": 1155, "y": 1096}, {"x": 1161, "y": 1089}, {"x": 1139, "y": 1092}], [{"x": 1395, "y": 1097}, {"x": 1399, "y": 1118}, {"x": 1417, "y": 1110}, {"x": 1419, "y": 1109}, {"x": 1423, "y": 1094}], [{"x": 1343, "y": 1638}, {"x": 1348, "y": 1643}, {"x": 1372, "y": 1640}, {"x": 1367, "y": 1620}, {"x": 1352, "y": 1616}], [{"x": 1559, "y": 1389}, {"x": 1562, "y": 1393}, {"x": 1580, "y": 1398}], [{"x": 1719, "y": 1474}, {"x": 1733, "y": 1488}, {"x": 1738, "y": 1487}], [{"x": 1067, "y": 1634}, {"x": 1090, "y": 1639}, {"x": 1095, "y": 1637}, {"x": 1069, "y": 1634}], [{"x": 1695, "y": 1303}, {"x": 1701, "y": 1301}, {"x": 1701, "y": 1299}], [{"x": 1614, "y": 1285}, {"x": 1636, "y": 1304}, {"x": 1615, "y": 1279}], [{"x": 1065, "y": 1549}, {"x": 1067, "y": 1566}, {"x": 1083, "y": 1575}, {"x": 1088, "y": 1554}], [{"x": 1330, "y": 1149}, {"x": 1334, "y": 1151}, {"x": 1331, "y": 1131}], [{"x": 1755, "y": 1891}, {"x": 1758, "y": 1916}, {"x": 1772, "y": 1913}, {"x": 1778, "y": 1893}, {"x": 1770, "y": 1892}], [{"x": 1655, "y": 1727}, {"x": 1659, "y": 1752}, {"x": 1679, "y": 1755}, {"x": 1679, "y": 1728}], [{"x": 1209, "y": 1546}, {"x": 1231, "y": 1569}, {"x": 1227, "y": 1546}], [{"x": 1717, "y": 1608}, {"x": 1721, "y": 1613}, {"x": 1740, "y": 1612}, {"x": 1723, "y": 1606}], [{"x": 1737, "y": 1148}, {"x": 1743, "y": 1146}, {"x": 1757, "y": 1129}, {"x": 1745, "y": 1127}, {"x": 1742, "y": 1133}], [{"x": 1203, "y": 1249}, {"x": 1212, "y": 1243}, {"x": 1231, "y": 1223}, {"x": 1212, "y": 1224}], [{"x": 1734, "y": 1801}, {"x": 1757, "y": 1806}, {"x": 1761, "y": 1799}, {"x": 1756, "y": 1776}, {"x": 1739, "y": 1783}], [{"x": 1441, "y": 1314}, {"x": 1441, "y": 1317}, {"x": 1463, "y": 1332}, {"x": 1456, "y": 1308}], [{"x": 1693, "y": 1890}, {"x": 1722, "y": 1870}, {"x": 1703, "y": 1874}], [{"x": 1870, "y": 1784}, {"x": 1895, "y": 1784}, {"x": 1875, "y": 1771}], [{"x": 1006, "y": 1601}, {"x": 1029, "y": 1631}, {"x": 1028, "y": 1604}], [{"x": 1664, "y": 1299}, {"x": 1689, "y": 1299}, {"x": 1688, "y": 1269}, {"x": 1683, "y": 1270}, {"x": 1665, "y": 1291}], [{"x": 1183, "y": 1084}, {"x": 1188, "y": 1105}, {"x": 1202, "y": 1105}, {"x": 1206, "y": 1102}, {"x": 1204, "y": 1080}], [{"x": 1325, "y": 1331}, {"x": 1325, "y": 1353}, {"x": 1327, "y": 1358}, {"x": 1332, "y": 1357}, {"x": 1355, "y": 1334}], [{"x": 1871, "y": 1416}, {"x": 1873, "y": 1418}, {"x": 1894, "y": 1405}, {"x": 1892, "y": 1396}], [{"x": 1300, "y": 1659}, {"x": 1328, "y": 1652}, {"x": 1318, "y": 1637}, {"x": 1303, "y": 1654}], [{"x": 1418, "y": 1198}, {"x": 1422, "y": 1204}, {"x": 1439, "y": 1225}, {"x": 1442, "y": 1220}], [{"x": 1475, "y": 1299}, {"x": 1476, "y": 1304}, {"x": 1479, "y": 1284}], [{"x": 1889, "y": 1943}, {"x": 1894, "y": 1939}, {"x": 1911, "y": 1919}, {"x": 1892, "y": 1921}], [{"x": 1320, "y": 1897}, {"x": 1324, "y": 1911}, {"x": 1322, "y": 1896}], [{"x": 1007, "y": 1765}, {"x": 1007, "y": 1766}, {"x": 1021, "y": 1761}, {"x": 1031, "y": 1757}, {"x": 1024, "y": 1737}], [{"x": 1301, "y": 1495}, {"x": 1323, "y": 1494}, {"x": 1329, "y": 1471}], [{"x": 1270, "y": 1079}, {"x": 1286, "y": 1098}, {"x": 1295, "y": 1071}, {"x": 1292, "y": 1069}, {"x": 1287, "y": 1071}], [{"x": 1434, "y": 1902}, {"x": 1457, "y": 1905}, {"x": 1458, "y": 1903}], [{"x": 1798, "y": 1559}, {"x": 1826, "y": 1558}, {"x": 1823, "y": 1530}, {"x": 1801, "y": 1530}], [{"x": 1377, "y": 1210}, {"x": 1396, "y": 1226}, {"x": 1397, "y": 1210}], [{"x": 1889, "y": 1138}, {"x": 1906, "y": 1162}, {"x": 1904, "y": 1147}], [{"x": 1147, "y": 1427}, {"x": 1149, "y": 1429}, {"x": 1153, "y": 1429}, {"x": 1148, "y": 1404}], [{"x": 1632, "y": 1884}, {"x": 1645, "y": 1878}, {"x": 1654, "y": 1855}, {"x": 1648, "y": 1857}], [{"x": 1554, "y": 1728}, {"x": 1555, "y": 1728}, {"x": 1571, "y": 1724}, {"x": 1574, "y": 1705}, {"x": 1558, "y": 1699}], [{"x": 1510, "y": 1585}, {"x": 1534, "y": 1585}, {"x": 1536, "y": 1583}, {"x": 1516, "y": 1567}, {"x": 1511, "y": 1564}], [{"x": 1534, "y": 1560}, {"x": 1535, "y": 1566}, {"x": 1548, "y": 1564}, {"x": 1552, "y": 1559}], [{"x": 1552, "y": 1139}, {"x": 1579, "y": 1169}, {"x": 1575, "y": 1141}], [{"x": 1085, "y": 1471}, {"x": 1085, "y": 1481}, {"x": 1087, "y": 1497}, {"x": 1088, "y": 1498}, {"x": 1110, "y": 1493}, {"x": 1103, "y": 1474}], [{"x": 1263, "y": 1239}, {"x": 1268, "y": 1254}, {"x": 1283, "y": 1236}, {"x": 1270, "y": 1236}], [{"x": 1556, "y": 1446}, {"x": 1558, "y": 1456}, {"x": 1583, "y": 1468}, {"x": 1566, "y": 1446}], [{"x": 1727, "y": 1685}, {"x": 1743, "y": 1707}, {"x": 1748, "y": 1706}, {"x": 1746, "y": 1682}], [{"x": 1036, "y": 1647}, {"x": 1057, "y": 1650}, {"x": 1060, "y": 1649}], [{"x": 1692, "y": 1149}, {"x": 1692, "y": 1170}, {"x": 1704, "y": 1169}, {"x": 1705, "y": 1168}, {"x": 1710, "y": 1145}], [{"x": 1519, "y": 1364}, {"x": 1525, "y": 1368}, {"x": 1544, "y": 1368}, {"x": 1539, "y": 1347}], [{"x": 1007, "y": 1108}, {"x": 1008, "y": 1109}, {"x": 1030, "y": 1110}, {"x": 1028, "y": 1087}], [{"x": 1420, "y": 1657}, {"x": 1423, "y": 1635}, {"x": 1422, "y": 1632}], [{"x": 1670, "y": 1524}, {"x": 1671, "y": 1525}, {"x": 1684, "y": 1523}, {"x": 1671, "y": 1507}], [{"x": 1157, "y": 1001}, {"x": 1181, "y": 1023}, {"x": 1184, "y": 1007}, {"x": 1183, "y": 1003}], [{"x": 1190, "y": 1810}, {"x": 1210, "y": 1812}, {"x": 1208, "y": 1795}, {"x": 1203, "y": 1788}], [{"x": 1935, "y": 1656}, {"x": 1939, "y": 1658}, {"x": 1936, "y": 1642}], [{"x": 1225, "y": 1810}, {"x": 1231, "y": 1798}, {"x": 1230, "y": 1790}], [{"x": 1358, "y": 1460}, {"x": 1367, "y": 1462}, {"x": 1386, "y": 1438}, {"x": 1360, "y": 1455}], [{"x": 1008, "y": 1531}, {"x": 1022, "y": 1538}, {"x": 1030, "y": 1531}], [{"x": 1046, "y": 1161}, {"x": 1072, "y": 1156}, {"x": 1068, "y": 1135}], [{"x": 1707, "y": 1495}, {"x": 1710, "y": 1498}, {"x": 1729, "y": 1500}, {"x": 1730, "y": 1500}, {"x": 1730, "y": 1493}], [{"x": 1192, "y": 1849}, {"x": 1216, "y": 1846}, {"x": 1219, "y": 1825}, {"x": 1216, "y": 1823}, {"x": 1194, "y": 1827}], [{"x": 1837, "y": 1086}, {"x": 1856, "y": 1080}, {"x": 1861, "y": 1078}, {"x": 1841, "y": 1080}], [{"x": 1127, "y": 1908}, {"x": 1130, "y": 1908}, {"x": 1150, "y": 1886}, {"x": 1144, "y": 1890}], [{"x": 1195, "y": 1078}, {"x": 1201, "y": 1075}, {"x": 1222, "y": 1062}, {"x": 1217, "y": 1059}], [{"x": 1830, "y": 1431}, {"x": 1848, "y": 1435}, {"x": 1853, "y": 1427}, {"x": 1856, "y": 1408}, {"x": 1832, "y": 1429}], [{"x": 1462, "y": 1659}, {"x": 1480, "y": 1681}, {"x": 1487, "y": 1678}], [{"x": 1107, "y": 1409}, {"x": 1131, "y": 1411}, {"x": 1128, "y": 1386}, {"x": 1109, "y": 1389}], [{"x": 1796, "y": 1151}, {"x": 1802, "y": 1153}, {"x": 1821, "y": 1148}, {"x": 1823, "y": 1146}, {"x": 1799, "y": 1147}], [{"x": 1333, "y": 1564}, {"x": 1334, "y": 1571}, {"x": 1348, "y": 1542}, {"x": 1335, "y": 1547}], [{"x": 1493, "y": 1051}, {"x": 1522, "y": 1053}, {"x": 1494, "y": 1029}], [{"x": 1307, "y": 1401}, {"x": 1329, "y": 1389}, {"x": 1326, "y": 1385}, {"x": 1310, "y": 1380}], [{"x": 1862, "y": 1317}, {"x": 1865, "y": 1336}, {"x": 1882, "y": 1338}, {"x": 1876, "y": 1315}], [{"x": 1333, "y": 1889}, {"x": 1338, "y": 1893}, {"x": 1361, "y": 1910}, {"x": 1355, "y": 1896}, {"x": 1335, "y": 1887}], [{"x": 1487, "y": 1387}, {"x": 1490, "y": 1404}, {"x": 1512, "y": 1408}, {"x": 1506, "y": 1383}], [{"x": 1743, "y": 1097}, {"x": 1744, "y": 1125}, {"x": 1767, "y": 1119}], [{"x": 1077, "y": 1534}, {"x": 1081, "y": 1537}, {"x": 1104, "y": 1513}, {"x": 1084, "y": 1513}], [{"x": 1317, "y": 1163}, {"x": 1320, "y": 1183}, {"x": 1335, "y": 1186}], [{"x": 1094, "y": 1724}, {"x": 1100, "y": 1752}, {"x": 1116, "y": 1744}, {"x": 1116, "y": 1728}], [{"x": 1909, "y": 1157}, {"x": 1911, "y": 1169}, {"x": 1930, "y": 1171}], [{"x": 1017, "y": 1164}, {"x": 1045, "y": 1167}, {"x": 1042, "y": 1163}, {"x": 1019, "y": 1158}], [{"x": 1048, "y": 1787}, {"x": 1052, "y": 1793}, {"x": 1072, "y": 1790}, {"x": 1074, "y": 1770}], [{"x": 1479, "y": 1657}, {"x": 1501, "y": 1671}, {"x": 1508, "y": 1649}], [{"x": 1503, "y": 1425}, {"x": 1508, "y": 1432}, {"x": 1524, "y": 1412}, {"x": 1525, "y": 1410}], [{"x": 1133, "y": 1124}, {"x": 1143, "y": 1141}, {"x": 1153, "y": 1147}, {"x": 1153, "y": 1123}, {"x": 1141, "y": 1121}], [{"x": 1781, "y": 1485}, {"x": 1802, "y": 1485}, {"x": 1809, "y": 1465}, {"x": 1785, "y": 1458}], [{"x": 1539, "y": 1209}, {"x": 1540, "y": 1228}, {"x": 1560, "y": 1210}], [{"x": 1546, "y": 1118}, {"x": 1565, "y": 1114}, {"x": 1569, "y": 1112}, {"x": 1562, "y": 1096}, {"x": 1548, "y": 1094}], [{"x": 1315, "y": 1234}, {"x": 1320, "y": 1237}, {"x": 1316, "y": 1208}], [{"x": 1265, "y": 1518}, {"x": 1286, "y": 1516}, {"x": 1291, "y": 1498}], [{"x": 1718, "y": 1189}, {"x": 1727, "y": 1171}, {"x": 1727, "y": 1169}, {"x": 1725, "y": 1169}, {"x": 1719, "y": 1174}], [{"x": 1663, "y": 1585}, {"x": 1688, "y": 1578}, {"x": 1691, "y": 1561}, {"x": 1691, "y": 1559}, {"x": 1688, "y": 1556}, {"x": 1671, "y": 1562}], [{"x": 1793, "y": 1505}, {"x": 1811, "y": 1501}, {"x": 1815, "y": 1499}, {"x": 1798, "y": 1502}], [{"x": 1577, "y": 1665}, {"x": 1596, "y": 1665}, {"x": 1580, "y": 1638}], [{"x": 1798, "y": 1755}, {"x": 1825, "y": 1757}, {"x": 1819, "y": 1728}, {"x": 1800, "y": 1728}], [{"x": 1132, "y": 1048}, {"x": 1139, "y": 1051}, {"x": 1158, "y": 1050}, {"x": 1161, "y": 1044}], [{"x": 1169, "y": 1219}, {"x": 1172, "y": 1226}, {"x": 1191, "y": 1247}, {"x": 1192, "y": 1247}, {"x": 1190, "y": 1227}], [{"x": 1083, "y": 1191}, {"x": 1083, "y": 1192}, {"x": 1108, "y": 1192}, {"x": 1104, "y": 1166}, {"x": 1088, "y": 1172}], [{"x": 1799, "y": 1272}, {"x": 1803, "y": 1288}, {"x": 1825, "y": 1268}, {"x": 1801, "y": 1266}], [{"x": 1911, "y": 1304}, {"x": 1919, "y": 1310}, {"x": 1939, "y": 1310}, {"x": 1936, "y": 1284}, {"x": 1920, "y": 1288}], [{"x": 1859, "y": 1900}, {"x": 1878, "y": 1898}, {"x": 1879, "y": 1879}, {"x": 1862, "y": 1894}], [{"x": 1865, "y": 1401}, {"x": 1889, "y": 1387}, {"x": 1868, "y": 1383}, {"x": 1867, "y": 1387}], [{"x": 1494, "y": 1081}, {"x": 1515, "y": 1101}, {"x": 1513, "y": 1076}], [{"x": 1679, "y": 1070}, {"x": 1705, "y": 1044}, {"x": 1684, "y": 1045}, {"x": 1683, "y": 1047}], [{"x": 1236, "y": 1686}, {"x": 1240, "y": 1687}, {"x": 1259, "y": 1682}, {"x": 1262, "y": 1662}], [{"x": 1103, "y": 1436}, {"x": 1116, "y": 1433}, {"x": 1119, "y": 1428}, {"x": 1116, "y": 1428}, {"x": 1105, "y": 1432}], [{"x": 1742, "y": 1403}, {"x": 1763, "y": 1424}, {"x": 1766, "y": 1402}], [{"x": 1274, "y": 1000}, {"x": 1295, "y": 1014}, {"x": 1296, "y": 1002}, {"x": 1289, "y": 992}, {"x": 1286, "y": 993}], [{"x": 1636, "y": 1134}, {"x": 1636, "y": 1135}, {"x": 1654, "y": 1141}, {"x": 1658, "y": 1136}, {"x": 1638, "y": 1117}], [{"x": 1580, "y": 1611}, {"x": 1607, "y": 1631}, {"x": 1607, "y": 1613}], [{"x": 1772, "y": 1540}, {"x": 1792, "y": 1523}, {"x": 1789, "y": 1522}], [{"x": 1158, "y": 1714}, {"x": 1181, "y": 1744}, {"x": 1180, "y": 1724}, {"x": 1164, "y": 1716}], [{"x": 1384, "y": 1802}, {"x": 1391, "y": 1823}, {"x": 1402, "y": 1826}, {"x": 1406, "y": 1823}, {"x": 1407, "y": 1821}], [{"x": 1359, "y": 1690}, {"x": 1376, "y": 1690}, {"x": 1382, "y": 1674}], [{"x": 1683, "y": 1342}, {"x": 1705, "y": 1342}, {"x": 1705, "y": 1316}, {"x": 1691, "y": 1315}], [{"x": 1223, "y": 1424}, {"x": 1244, "y": 1453}, {"x": 1247, "y": 1429}], [{"x": 1789, "y": 1319}, {"x": 1811, "y": 1333}, {"x": 1811, "y": 1321}, {"x": 1797, "y": 1313}, {"x": 1795, "y": 1312}], [{"x": 1221, "y": 1344}, {"x": 1223, "y": 1364}, {"x": 1240, "y": 1361}], [{"x": 1867, "y": 1585}, {"x": 1868, "y": 1592}, {"x": 1871, "y": 1589}, {"x": 1873, "y": 1586}], [{"x": 1026, "y": 1456}, {"x": 1046, "y": 1457}, {"x": 1050, "y": 1429}, {"x": 1027, "y": 1435}], [{"x": 1290, "y": 1163}, {"x": 1295, "y": 1173}, {"x": 1312, "y": 1181}, {"x": 1314, "y": 1180}, {"x": 1318, "y": 1155}], [{"x": 1276, "y": 1727}, {"x": 1277, "y": 1728}, {"x": 1282, "y": 1710}, {"x": 1277, "y": 1715}], [{"x": 1616, "y": 1108}, {"x": 1641, "y": 1105}, {"x": 1638, "y": 1085}, {"x": 1621, "y": 1089}], [{"x": 1238, "y": 1296}, {"x": 1240, "y": 1302}, {"x": 1259, "y": 1302}, {"x": 1264, "y": 1278}], [{"x": 1014, "y": 1238}, {"x": 1018, "y": 1258}, {"x": 1020, "y": 1263}, {"x": 1038, "y": 1239}], [{"x": 1736, "y": 1329}, {"x": 1737, "y": 1350}, {"x": 1741, "y": 1356}, {"x": 1740, "y": 1326}], [{"x": 1896, "y": 1339}, {"x": 1898, "y": 1341}, {"x": 1922, "y": 1363}, {"x": 1920, "y": 1339}], [{"x": 1504, "y": 1740}, {"x": 1507, "y": 1761}, {"x": 1533, "y": 1759}, {"x": 1513, "y": 1741}, {"x": 1507, "y": 1736}], [{"x": 1763, "y": 1045}, {"x": 1772, "y": 1050}, {"x": 1791, "y": 1032}, {"x": 1782, "y": 1032}], [{"x": 1117, "y": 1077}, {"x": 1134, "y": 1052}, {"x": 1123, "y": 1054}], [{"x": 1209, "y": 1727}, {"x": 1227, "y": 1733}, {"x": 1230, "y": 1730}], [{"x": 1573, "y": 1732}, {"x": 1577, "y": 1745}, {"x": 1599, "y": 1747}, {"x": 1600, "y": 1723}], [{"x": 1342, "y": 1087}, {"x": 1344, "y": 1081}, {"x": 1344, "y": 1080}], [{"x": 1044, "y": 1320}, {"x": 1060, "y": 1327}, {"x": 1065, "y": 1327}], [{"x": 1373, "y": 1623}, {"x": 1392, "y": 1624}, {"x": 1396, "y": 1599}], [{"x": 1002, "y": 1660}, {"x": 1003, "y": 1671}, {"x": 1023, "y": 1677}, {"x": 1010, "y": 1656}, {"x": 1004, "y": 1652}], [{"x": 1417, "y": 1869}, {"x": 1417, "y": 1891}, {"x": 1426, "y": 1889}], [{"x": 1371, "y": 1916}, {"x": 1389, "y": 1918}, {"x": 1395, "y": 1912}], [{"x": 1021, "y": 1424}, {"x": 1026, "y": 1441}, {"x": 1022, "y": 1424}], [{"x": 1426, "y": 1359}, {"x": 1431, "y": 1368}, {"x": 1450, "y": 1379}, {"x": 1452, "y": 1365}], [{"x": 1205, "y": 1607}, {"x": 1221, "y": 1618}, {"x": 1207, "y": 1605}], [{"x": 1698, "y": 1513}, {"x": 1712, "y": 1528}, {"x": 1716, "y": 1527}, {"x": 1715, "y": 1507}, {"x": 1709, "y": 1509}], [{"x": 1675, "y": 1187}, {"x": 1682, "y": 1186}, {"x": 1685, "y": 1182}], [{"x": 1630, "y": 1033}, {"x": 1632, "y": 1048}, {"x": 1648, "y": 1047}, {"x": 1637, "y": 1029}], [{"x": 1526, "y": 1175}, {"x": 1545, "y": 1178}, {"x": 1542, "y": 1158}, {"x": 1527, "y": 1161}], [{"x": 1848, "y": 1519}, {"x": 1851, "y": 1525}, {"x": 1855, "y": 1505}], [{"x": 1366, "y": 1049}, {"x": 1391, "y": 1049}, {"x": 1370, "y": 1027}], [{"x": 994, "y": 1165}, {"x": 1021, "y": 1173}, {"x": 1017, "y": 1167}, {"x": 999, "y": 1153}], [{"x": 1263, "y": 1254}, {"x": 1281, "y": 1281}, {"x": 1281, "y": 1273}], [{"x": 1769, "y": 1612}, {"x": 1772, "y": 1613}, {"x": 1778, "y": 1596}], [{"x": 1682, "y": 1683}, {"x": 1688, "y": 1680}, {"x": 1703, "y": 1656}], [{"x": 1541, "y": 1932}, {"x": 1541, "y": 1938}, {"x": 1566, "y": 1935}, {"x": 1562, "y": 1919}, {"x": 1548, "y": 1916}], [{"x": 1310, "y": 1309}, {"x": 1337, "y": 1304}, {"x": 1331, "y": 1279}, {"x": 1311, "y": 1279}], [{"x": 1065, "y": 997}, {"x": 1067, "y": 1017}, {"x": 1068, "y": 1019}, {"x": 1071, "y": 996}], [{"x": 1893, "y": 1885}, {"x": 1916, "y": 1901}, {"x": 1915, "y": 1876}, {"x": 1895, "y": 1878}], [{"x": 1650, "y": 1006}, {"x": 1669, "y": 1030}, {"x": 1670, "y": 1011}], [{"x": 1617, "y": 1214}, {"x": 1622, "y": 1243}, {"x": 1636, "y": 1236}, {"x": 1642, "y": 1213}], [{"x": 1489, "y": 1490}, {"x": 1498, "y": 1494}, {"x": 1519, "y": 1498}, {"x": 1512, "y": 1471}], [{"x": 1773, "y": 1713}, {"x": 1800, "y": 1712}, {"x": 1799, "y": 1696}], [{"x": 1576, "y": 1338}, {"x": 1576, "y": 1355}, {"x": 1600, "y": 1357}, {"x": 1600, "y": 1331}], [{"x": 1671, "y": 1249}, {"x": 1678, "y": 1251}, {"x": 1698, "y": 1230}, {"x": 1681, "y": 1228}, {"x": 1672, "y": 1227}], [{"x": 1547, "y": 1885}, {"x": 1552, "y": 1904}, {"x": 1572, "y": 1906}, {"x": 1566, "y": 1884}], [{"x": 1014, "y": 1085}, {"x": 1035, "y": 1082}, {"x": 1021, "y": 1078}], [{"x": 1512, "y": 1939}, {"x": 1513, "y": 1946}, {"x": 1533, "y": 1949}, {"x": 1533, "y": 1924}], [{"x": 1546, "y": 1354}, {"x": 1549, "y": 1369}, {"x": 1567, "y": 1377}, {"x": 1569, "y": 1354}], [{"x": 1778, "y": 1918}, {"x": 1781, "y": 1942}, {"x": 1801, "y": 1922}], [{"x": 1035, "y": 1688}, {"x": 1056, "y": 1693}, {"x": 1057, "y": 1687}, {"x": 1039, "y": 1687}], [{"x": 1279, "y": 1346}, {"x": 1280, "y": 1367}, {"x": 1305, "y": 1371}, {"x": 1300, "y": 1349}, {"x": 1297, "y": 1346}], [{"x": 1165, "y": 1833}, {"x": 1169, "y": 1837}, {"x": 1185, "y": 1818}], [{"x": 1373, "y": 1138}, {"x": 1379, "y": 1158}, {"x": 1381, "y": 1162}, {"x": 1397, "y": 1142}], [{"x": 1107, "y": 1814}, {"x": 1132, "y": 1815}, {"x": 1132, "y": 1808}, {"x": 1129, "y": 1794}], [{"x": 1768, "y": 1879}, {"x": 1786, "y": 1885}, {"x": 1796, "y": 1864}, {"x": 1774, "y": 1864}], [{"x": 1330, "y": 1777}, {"x": 1332, "y": 1797}, {"x": 1333, "y": 1801}], [{"x": 1017, "y": 1027}, {"x": 1024, "y": 1026}, {"x": 1038, "y": 1006}, {"x": 1018, "y": 1004}], [{"x": 1293, "y": 1532}, {"x": 1295, "y": 1553}, {"x": 1296, "y": 1560}, {"x": 1298, "y": 1531}], [{"x": 1898, "y": 1471}, {"x": 1921, "y": 1456}, {"x": 1904, "y": 1449}], [{"x": 1026, "y": 1197}, {"x": 1044, "y": 1179}, {"x": 1045, "y": 1174}], [{"x": 1234, "y": 1542}, {"x": 1236, "y": 1563}, {"x": 1240, "y": 1561}, {"x": 1235, "y": 1540}], [{"x": 1869, "y": 1659}, {"x": 1874, "y": 1682}, {"x": 1877, "y": 1686}, {"x": 1896, "y": 1678}, {"x": 1892, "y": 1661}], [{"x": 1114, "y": 1496}, {"x": 1117, "y": 1515}, {"x": 1135, "y": 1511}], [{"x": 1497, "y": 1162}, {"x": 1497, "y": 1166}, {"x": 1522, "y": 1182}, {"x": 1525, "y": 1159}, {"x": 1498, "y": 1158}], [{"x": 1285, "y": 1592}, {"x": 1310, "y": 1591}, {"x": 1292, "y": 1579}], [{"x": 1071, "y": 1876}, {"x": 1080, "y": 1895}, {"x": 1097, "y": 1898}, {"x": 1091, "y": 1868}, {"x": 1076, "y": 1869}], [{"x": 1790, "y": 1347}, {"x": 1795, "y": 1350}, {"x": 1797, "y": 1350}, {"x": 1800, "y": 1327}], [{"x": 1789, "y": 1680}, {"x": 1807, "y": 1701}, {"x": 1814, "y": 1681}], [{"x": 1401, "y": 1461}, {"x": 1420, "y": 1444}, {"x": 1402, "y": 1439}], [{"x": 1280, "y": 1316}, {"x": 1283, "y": 1322}, {"x": 1295, "y": 1304}], [{"x": 1519, "y": 1246}, {"x": 1522, "y": 1251}, {"x": 1541, "y": 1252}, {"x": 1526, "y": 1222}, {"x": 1522, "y": 1227}], [{"x": 1221, "y": 1149}, {"x": 1227, "y": 1167}, {"x": 1250, "y": 1152}], [{"x": 1423, "y": 1315}, {"x": 1425, "y": 1319}, {"x": 1430, "y": 1325}, {"x": 1453, "y": 1301}, {"x": 1445, "y": 1296}], [{"x": 1050, "y": 1066}, {"x": 1071, "y": 1066}, {"x": 1055, "y": 1043}], [{"x": 1871, "y": 1253}, {"x": 1873, "y": 1253}, {"x": 1876, "y": 1238}], [{"x": 1311, "y": 1946}, {"x": 1329, "y": 1948}, {"x": 1331, "y": 1940}, {"x": 1325, "y": 1918}], [{"x": 1839, "y": 1835}, {"x": 1856, "y": 1858}, {"x": 1858, "y": 1857}, {"x": 1863, "y": 1854}, {"x": 1862, "y": 1830}, {"x": 1843, "y": 1828}], [{"x": 1817, "y": 1910}, {"x": 1821, "y": 1911}, {"x": 1836, "y": 1908}, {"x": 1839, "y": 1906}], [{"x": 1684, "y": 1252}, {"x": 1691, "y": 1279}, {"x": 1713, "y": 1278}, {"x": 1711, "y": 1273}, {"x": 1704, "y": 1256}], [{"x": 1582, "y": 1949}, {"x": 1609, "y": 1946}, {"x": 1588, "y": 1923}], [{"x": 1721, "y": 1655}, {"x": 1739, "y": 1663}, {"x": 1738, "y": 1656}], [{"x": 1388, "y": 1308}, {"x": 1388, "y": 1321}, {"x": 1397, "y": 1325}, {"x": 1417, "y": 1328}, {"x": 1393, "y": 1306}], [{"x": 1822, "y": 1020}, {"x": 1847, "y": 1024}, {"x": 1826, "y": 994}], [{"x": 1748, "y": 1164}, {"x": 1748, "y": 1180}, {"x": 1751, "y": 1185}, {"x": 1771, "y": 1161}, {"x": 1766, "y": 1159}, {"x": 1754, "y": 1156}], [{"x": 1516, "y": 1692}, {"x": 1533, "y": 1709}, {"x": 1540, "y": 1709}, {"x": 1538, "y": 1692}, {"x": 1518, "y": 1688}], [{"x": 1660, "y": 1083}, {"x": 1685, "y": 1102}, {"x": 1690, "y": 1104}, {"x": 1681, "y": 1079}, {"x": 1663, "y": 1074}], [{"x": 1143, "y": 1267}, {"x": 1143, "y": 1277}, {"x": 1156, "y": 1287}, {"x": 1160, "y": 1264}], [{"x": 1797, "y": 1187}, {"x": 1797, "y": 1209}, {"x": 1819, "y": 1204}, {"x": 1816, "y": 1182}, {"x": 1798, "y": 1186}], [{"x": 1009, "y": 1322}, {"x": 1016, "y": 1346}, {"x": 1032, "y": 1342}, {"x": 1037, "y": 1325}], [{"x": 1286, "y": 1836}, {"x": 1308, "y": 1839}, {"x": 1310, "y": 1819}, {"x": 1307, "y": 1816}, {"x": 1290, "y": 1820}], [{"x": 1217, "y": 1863}, {"x": 1245, "y": 1861}, {"x": 1237, "y": 1859}], [{"x": 1008, "y": 1717}, {"x": 1023, "y": 1712}, {"x": 1027, "y": 1700}, {"x": 1013, "y": 1697}], [{"x": 1112, "y": 1640}, {"x": 1115, "y": 1666}, {"x": 1137, "y": 1660}, {"x": 1132, "y": 1643}], [{"x": 1517, "y": 1637}, {"x": 1524, "y": 1639}, {"x": 1544, "y": 1638}], [{"x": 1242, "y": 1015}, {"x": 1243, "y": 1020}, {"x": 1263, "y": 1040}], [{"x": 1880, "y": 1299}, {"x": 1886, "y": 1298}, {"x": 1882, "y": 1279}], [{"x": 1242, "y": 1371}, {"x": 1270, "y": 1346}, {"x": 1243, "y": 1343}], [{"x": 1698, "y": 1367}, {"x": 1699, "y": 1390}, {"x": 1717, "y": 1369}, {"x": 1717, "y": 1368}], [{"x": 1111, "y": 1606}, {"x": 1130, "y": 1607}, {"x": 1133, "y": 1603}, {"x": 1120, "y": 1589}, {"x": 1112, "y": 1592}], [{"x": 1338, "y": 1078}, {"x": 1354, "y": 1076}, {"x": 1359, "y": 1058}], [{"x": 1920, "y": 1517}, {"x": 1944, "y": 1522}, {"x": 1949, "y": 1518}, {"x": 1948, "y": 1494}], [{"x": 1664, "y": 1837}, {"x": 1666, "y": 1842}, {"x": 1689, "y": 1839}, {"x": 1684, "y": 1837}], [{"x": 1883, "y": 1482}, {"x": 1887, "y": 1489}, {"x": 1889, "y": 1487}], [{"x": 1786, "y": 1886}, {"x": 1788, "y": 1904}, {"x": 1787, "y": 1887}], [{"x": 1348, "y": 1342}, {"x": 1351, "y": 1350}, {"x": 1355, "y": 1343}, {"x": 1355, "y": 1340}], [{"x": 1582, "y": 1206}, {"x": 1597, "y": 1223}, {"x": 1601, "y": 1207}], [{"x": 1047, "y": 1300}, {"x": 1047, "y": 1301}, {"x": 1073, "y": 1312}, {"x": 1054, "y": 1300}], [{"x": 1321, "y": 1676}, {"x": 1323, "y": 1696}, {"x": 1336, "y": 1694}], [{"x": 1753, "y": 1240}, {"x": 1759, "y": 1259}, {"x": 1779, "y": 1245}], [{"x": 1260, "y": 1429}, {"x": 1287, "y": 1425}, {"x": 1287, "y": 1408}, {"x": 1266, "y": 1402}], [{"x": 1602, "y": 1767}, {"x": 1603, "y": 1778}, {"x": 1604, "y": 1778}, {"x": 1610, "y": 1763}, {"x": 1603, "y": 1761}], [{"x": 1396, "y": 1137}, {"x": 1417, "y": 1138}, {"x": 1415, "y": 1134}, {"x": 1398, "y": 1136}], [{"x": 1922, "y": 1671}, {"x": 1937, "y": 1693}, {"x": 1946, "y": 1691}, {"x": 1945, "y": 1666}], [{"x": 1093, "y": 1323}, {"x": 1115, "y": 1328}, {"x": 1101, "y": 1320}, {"x": 1094, "y": 1319}], [{"x": 1024, "y": 1518}, {"x": 1025, "y": 1521}, {"x": 1044, "y": 1499}, {"x": 1032, "y": 1499}], [{"x": 1270, "y": 1731}, {"x": 1288, "y": 1746}, {"x": 1298, "y": 1749}, {"x": 1296, "y": 1730}, {"x": 1294, "y": 1728}], [{"x": 1482, "y": 1522}, {"x": 1482, "y": 1535}, {"x": 1484, "y": 1538}, {"x": 1486, "y": 1539}, {"x": 1510, "y": 1515}, {"x": 1485, "y": 1515}], [{"x": 1594, "y": 1895}, {"x": 1596, "y": 1920}, {"x": 1603, "y": 1920}], [{"x": 1856, "y": 1605}, {"x": 1857, "y": 1607}, {"x": 1880, "y": 1600}, {"x": 1871, "y": 1600}], [{"x": 1231, "y": 1419}, {"x": 1241, "y": 1423}, {"x": 1257, "y": 1418}, {"x": 1259, "y": 1398}, {"x": 1236, "y": 1397}], [{"x": 1092, "y": 1046}, {"x": 1104, "y": 1071}, {"x": 1105, "y": 1073}, {"x": 1104, "y": 1049}], [{"x": 1488, "y": 1140}, {"x": 1507, "y": 1142}, {"x": 1491, "y": 1118}, {"x": 1490, "y": 1121}], [{"x": 1199, "y": 1774}, {"x": 1207, "y": 1792}, {"x": 1226, "y": 1788}, {"x": 1219, "y": 1769}, {"x": 1203, "y": 1772}], [{"x": 1178, "y": 1033}, {"x": 1185, "y": 1055}, {"x": 1198, "y": 1055}, {"x": 1200, "y": 1053}, {"x": 1199, "y": 1033}], [{"x": 1023, "y": 1954}, {"x": 1046, "y": 1948}, {"x": 1044, "y": 1924}, {"x": 1037, "y": 1929}], [{"x": 1744, "y": 1853}, {"x": 1755, "y": 1873}, {"x": 1760, "y": 1874}, {"x": 1759, "y": 1851}, {"x": 1755, "y": 1851}], [{"x": 1158, "y": 1804}, {"x": 1181, "y": 1806}, {"x": 1184, "y": 1800}, {"x": 1182, "y": 1786}, {"x": 1168, "y": 1778}], [{"x": 1116, "y": 997}, {"x": 1125, "y": 1025}, {"x": 1145, "y": 1025}, {"x": 1145, "y": 997}], [{"x": 1317, "y": 1108}, {"x": 1338, "y": 1110}, {"x": 1339, "y": 1093}], [{"x": 1365, "y": 1488}, {"x": 1371, "y": 1491}, {"x": 1394, "y": 1471}, {"x": 1394, "y": 1468}, {"x": 1373, "y": 1471}], [{"x": 1704, "y": 1654}, {"x": 1725, "y": 1650}, {"x": 1721, "y": 1628}, {"x": 1705, "y": 1646}], [{"x": 1898, "y": 1395}, {"x": 1906, "y": 1419}, {"x": 1925, "y": 1395}], [{"x": 1555, "y": 1765}, {"x": 1564, "y": 1772}, {"x": 1583, "y": 1774}], [{"x": 1061, "y": 1424}, {"x": 1066, "y": 1445}, {"x": 1085, "y": 1448}, {"x": 1083, "y": 1423}], [{"x": 1470, "y": 1787}, {"x": 1495, "y": 1784}, {"x": 1496, "y": 1768}, {"x": 1496, "y": 1764}, {"x": 1475, "y": 1764}], [{"x": 1358, "y": 1533}, {"x": 1360, "y": 1554}, {"x": 1361, "y": 1562}, {"x": 1365, "y": 1542}], [{"x": 1392, "y": 1514}, {"x": 1392, "y": 1527}, {"x": 1393, "y": 1531}, {"x": 1410, "y": 1531}], [{"x": 1279, "y": 1378}, {"x": 1279, "y": 1384}, {"x": 1306, "y": 1404}, {"x": 1305, "y": 1403}], [{"x": 1154, "y": 1406}, {"x": 1181, "y": 1403}, {"x": 1182, "y": 1377}, {"x": 1163, "y": 1381}], [{"x": 1642, "y": 1659}, {"x": 1645, "y": 1667}, {"x": 1647, "y": 1667}, {"x": 1648, "y": 1660}], [{"x": 1193, "y": 1374}, {"x": 1200, "y": 1397}, {"x": 1220, "y": 1368}, {"x": 1200, "y": 1368}], [{"x": 1287, "y": 1941}, {"x": 1308, "y": 1940}, {"x": 1311, "y": 1937}, {"x": 1314, "y": 1921}], [{"x": 1128, "y": 1070}, {"x": 1134, "y": 1083}, {"x": 1147, "y": 1070}, {"x": 1146, "y": 1068}], [{"x": 1889, "y": 1650}, {"x": 1909, "y": 1674}, {"x": 1915, "y": 1655}, {"x": 1891, "y": 1649}], [{"x": 1460, "y": 1288}, {"x": 1480, "y": 1280}, {"x": 1468, "y": 1263}, {"x": 1462, "y": 1262}], [{"x": 1227, "y": 1629}, {"x": 1227, "y": 1645}, {"x": 1243, "y": 1650}, {"x": 1243, "y": 1647}, {"x": 1232, "y": 1628}], [{"x": 1809, "y": 1244}, {"x": 1835, "y": 1224}, {"x": 1818, "y": 1221}], [{"x": 1339, "y": 1916}, {"x": 1360, "y": 1942}, {"x": 1367, "y": 1946}, {"x": 1368, "y": 1924}], [{"x": 1275, "y": 1552}, {"x": 1294, "y": 1558}, {"x": 1280, "y": 1532}], [{"x": 1881, "y": 1241}, {"x": 1883, "y": 1239}, {"x": 1883, "y": 1227}], [{"x": 1566, "y": 1546}, {"x": 1592, "y": 1548}, {"x": 1592, "y": 1530}, {"x": 1587, "y": 1526}, {"x": 1567, "y": 1530}], [{"x": 1467, "y": 1075}, {"x": 1469, "y": 1078}, {"x": 1489, "y": 1072}, {"x": 1472, "y": 1059}], [{"x": 1180, "y": 1310}, {"x": 1206, "y": 1309}, {"x": 1209, "y": 1302}, {"x": 1209, "y": 1289}, {"x": 1187, "y": 1304}], [{"x": 1426, "y": 1733}, {"x": 1430, "y": 1734}, {"x": 1449, "y": 1732}, {"x": 1428, "y": 1715}], [{"x": 1169, "y": 1158}, {"x": 1175, "y": 1174}, {"x": 1192, "y": 1184}, {"x": 1191, "y": 1163}], [{"x": 1610, "y": 1872}, {"x": 1614, "y": 1873}, {"x": 1630, "y": 1875}, {"x": 1634, "y": 1850}], [{"x": 1624, "y": 1562}, {"x": 1641, "y": 1565}, {"x": 1646, "y": 1542}], [{"x": 1342, "y": 1527}, {"x": 1368, "y": 1514}, {"x": 1363, "y": 1508}, {"x": 1345, "y": 1512}], [{"x": 1681, "y": 1120}, {"x": 1683, "y": 1133}, {"x": 1701, "y": 1139}, {"x": 1711, "y": 1139}, {"x": 1686, "y": 1110}], [{"x": 1605, "y": 1159}, {"x": 1605, "y": 1174}, {"x": 1606, "y": 1181}, {"x": 1628, "y": 1171}, {"x": 1621, "y": 1151}], [{"x": 1832, "y": 1547}, {"x": 1841, "y": 1573}, {"x": 1860, "y": 1554}], [{"x": 1793, "y": 1113}, {"x": 1793, "y": 1134}, {"x": 1795, "y": 1134}, {"x": 1812, "y": 1130}, {"x": 1820, "y": 1112}, {"x": 1799, "y": 1110}], [{"x": 1042, "y": 1909}, {"x": 1043, "y": 1916}, {"x": 1065, "y": 1908}, {"x": 1068, "y": 1895}, {"x": 1064, "y": 1892}], [{"x": 1760, "y": 1147}, {"x": 1783, "y": 1148}, {"x": 1764, "y": 1126}], [{"x": 1265, "y": 1773}, {"x": 1266, "y": 1798}, {"x": 1292, "y": 1791}, {"x": 1292, "y": 1776}], [{"x": 1059, "y": 1690}, {"x": 1068, "y": 1698}, {"x": 1086, "y": 1678}], [{"x": 1808, "y": 1493}, {"x": 1831, "y": 1480}, {"x": 1812, "y": 1481}], [{"x": 1897, "y": 1606}, {"x": 1911, "y": 1610}, {"x": 1914, "y": 1592}], [{"x": 1545, "y": 1311}, {"x": 1549, "y": 1324}, {"x": 1568, "y": 1329}, {"x": 1569, "y": 1310}], [{"x": 1672, "y": 1795}, {"x": 1693, "y": 1797}, {"x": 1690, "y": 1780}], [{"x": 1801, "y": 1796}, {"x": 1810, "y": 1807}, {"x": 1823, "y": 1815}, {"x": 1829, "y": 1813}, {"x": 1825, "y": 1787}], [{"x": 1924, "y": 1234}, {"x": 1924, "y": 1239}, {"x": 1948, "y": 1258}, {"x": 1949, "y": 1232}, {"x": 1926, "y": 1232}], [{"x": 1692, "y": 1842}, {"x": 1715, "y": 1848}, {"x": 1695, "y": 1828}], [{"x": 1265, "y": 1589}, {"x": 1287, "y": 1587}, {"x": 1284, "y": 1567}, {"x": 1273, "y": 1575}], [{"x": 1710, "y": 1046}, {"x": 1710, "y": 1049}, {"x": 1711, "y": 1050}, {"x": 1732, "y": 1045}, {"x": 1736, "y": 1042}, {"x": 1719, "y": 1040}], [{"x": 1477, "y": 1219}, {"x": 1496, "y": 1238}, {"x": 1505, "y": 1215}], [{"x": 1538, "y": 1644}, {"x": 1539, "y": 1662}, {"x": 1560, "y": 1665}, {"x": 1562, "y": 1663}, {"x": 1564, "y": 1648}, {"x": 1563, "y": 1643}], [{"x": 1017, "y": 1551}, {"x": 1040, "y": 1547}, {"x": 1036, "y": 1532}], [{"x": 1458, "y": 1444}, {"x": 1460, "y": 1461}, {"x": 1465, "y": 1466}, {"x": 1483, "y": 1464}, {"x": 1461, "y": 1444}], [{"x": 1904, "y": 1176}, {"x": 1922, "y": 1199}, {"x": 1924, "y": 1201}, {"x": 1920, "y": 1174}], [{"x": 1860, "y": 1281}, {"x": 1879, "y": 1265}, {"x": 1881, "y": 1259}], [{"x": 1394, "y": 1279}, {"x": 1394, "y": 1281}, {"x": 1408, "y": 1279}, {"x": 1409, "y": 1278}, {"x": 1405, "y": 1267}], [{"x": 1261, "y": 1224}, {"x": 1287, "y": 1228}, {"x": 1268, "y": 1209}], [{"x": 1301, "y": 1756}, {"x": 1302, "y": 1777}, {"x": 1325, "y": 1758}], [{"x": 1428, "y": 1106}, {"x": 1456, "y": 1108}, {"x": 1455, "y": 1080}, {"x": 1431, "y": 1083}], [{"x": 1912, "y": 1629}, {"x": 1931, "y": 1632}, {"x": 1915, "y": 1613}], [{"x": 1261, "y": 1917}, {"x": 1277, "y": 1934}, {"x": 1277, "y": 1908}], [{"x": 1535, "y": 1459}, {"x": 1541, "y": 1455}, {"x": 1561, "y": 1436}, {"x": 1538, "y": 1441}], [{"x": 1919, "y": 1557}, {"x": 1940, "y": 1564}, {"x": 1945, "y": 1536}, {"x": 1922, "y": 1544}], [{"x": 1648, "y": 1549}, {"x": 1650, "y": 1553}, {"x": 1664, "y": 1523}], [{"x": 1091, "y": 1537}, {"x": 1092, "y": 1564}, {"x": 1110, "y": 1540}], [{"x": 1301, "y": 1112}, {"x": 1303, "y": 1119}, {"x": 1328, "y": 1119}, {"x": 1328, "y": 1112}], [{"x": 1689, "y": 1724}, {"x": 1699, "y": 1729}, {"x": 1717, "y": 1729}, {"x": 1693, "y": 1724}], [{"x": 1110, "y": 1242}, {"x": 1113, "y": 1246}, {"x": 1131, "y": 1250}], [{"x": 1590, "y": 1053}, {"x": 1592, "y": 1055}, {"x": 1614, "y": 1070}, {"x": 1611, "y": 1052}], [{"x": 1032, "y": 1772}, {"x": 1047, "y": 1774}, {"x": 1050, "y": 1773}, {"x": 1045, "y": 1750}, {"x": 1035, "y": 1747}, {"x": 1033, "y": 1756}], [{"x": 1913, "y": 1693}, {"x": 1913, "y": 1721}, {"x": 1914, "y": 1699}], [{"x": 1426, "y": 1602}, {"x": 1427, "y": 1606}, {"x": 1430, "y": 1612}, {"x": 1450, "y": 1622}], [{"x": 1640, "y": 1579}, {"x": 1643, "y": 1593}, {"x": 1665, "y": 1573}], [{"x": 1516, "y": 1871}, {"x": 1521, "y": 1870}, {"x": 1523, "y": 1847}], [{"x": 1326, "y": 1500}, {"x": 1349, "y": 1498}, {"x": 1344, "y": 1478}, {"x": 1328, "y": 1477}], [{"x": 1112, "y": 1474}, {"x": 1136, "y": 1495}, {"x": 1128, "y": 1474}], [{"x": 1237, "y": 1614}, {"x": 1261, "y": 1637}, {"x": 1253, "y": 1617}], [{"x": 1003, "y": 1043}, {"x": 1019, "y": 1060}, {"x": 1027, "y": 1035}, {"x": 1007, "y": 1036}], [{"x": 1828, "y": 1871}, {"x": 1832, "y": 1878}, {"x": 1852, "y": 1881}, {"x": 1846, "y": 1855}, {"x": 1832, "y": 1854}], [{"x": 1461, "y": 1012}, {"x": 1479, "y": 1027}, {"x": 1483, "y": 1011}, {"x": 1462, "y": 1008}], [{"x": 1863, "y": 1380}, {"x": 1863, "y": 1382}, {"x": 1884, "y": 1362}, {"x": 1885, "y": 1361}, {"x": 1866, "y": 1355}], [{"x": 1079, "y": 1902}, {"x": 1080, "y": 1928}, {"x": 1101, "y": 1929}, {"x": 1093, "y": 1906}]]}
