{"type": "CGSHOP2023_Instance", "name": "ccheese528", "n": 528, "outer_boundary": [{"x": 993, "y": 1439}, {"x": 987, "y": 1383}, {"x": 969, "y": 1094}, {"x": 996, "y": 1032}, {"x": 997, "y": 988}, {"x": 1064, "y": 982}, {"x": 1300, "y": 963}, {"x": 1524, "y": 973}, {"x": 1635, "y": 1023}, {"x": 1632, "y": 1414}, {"x": 1609, "y": 1485}, {"x": 1590, "y": 1577}, {"x": 1534, "y": 1593}, {"x": 1520, "y": 1602}, {"x": 1499, "y": 1614}, {"x": 1171, "y": 1604}, {"x": 1042, "y": 1598}, {"x": 995, "y": 1545}, {"x": 989, "y": 1494}], "holes": [[{"x": 997, "y": 1179}, {"x": 1026, "y": 1187}, {"x": 1027, "y": 1179}], [{"x": 1310, "y": 1500}, {"x": 1336, "y": 1502}, {"x": 1332, "y": 1483}, {"x": 1331, "y": 1481}, {"x": 1312, "y": 1481}], [{"x": 1422, "y": 1182}, {"x": 1440, "y": 1208}, {"x": 1448, "y": 1205}, {"x": 1446, "y": 1187}, {"x": 1427, "y": 1182}], [{"x": 1539, "y": 1258}, {"x": 1561, "y": 1282}, {"x": 1554, "y": 1261}, {"x": 1543, "y": 1258}], [{"x": 1091, "y": 1048}, {"x": 1116, "y": 1050}, {"x": 1093, "y": 1031}], [{"x": 1329, "y": 1374}, {"x": 1336, "y": 1381}, {"x": 1353, "y": 1378}, {"x": 1353, "y": 1377}, {"x": 1349, "y": 1354}, {"x": 1334, "y": 1351}], [{"x": 1010, "y": 1514}, {"x": 1028, "y": 1516}, {"x": 1034, "y": 1504}, {"x": 1011, "y": 1496}], [{"x": 1230, "y": 1444}, {"x": 1231, "y": 1449}, {"x": 1240, "y": 1427}], [{"x": 1062, "y": 1559}, {"x": 1071, "y": 1578}, {"x": 1090, "y": 1562}], [{"x": 1554, "y": 1182}, {"x": 1582, "y": 1176}, {"x": 1559, "y": 1154}], [{"x": 1252, "y": 1483}, {"x": 1259, "y": 1486}, {"x": 1279, "y": 1488}, {"x": 1255, "y": 1482}], [{"x": 1571, "y": 1456}, {"x": 1590, "y": 1479}, {"x": 1594, "y": 1453}, {"x": 1577, "y": 1452}], [{"x": 1522, "y": 1232}, {"x": 1523, "y": 1258}, {"x": 1551, "y": 1238}], [{"x": 1458, "y": 1464}, {"x": 1463, "y": 1484}, {"x": 1465, "y": 1485}, {"x": 1467, "y": 1485}, {"x": 1460, "y": 1468}], [{"x": 1577, "y": 1149}, {"x": 1578, "y": 1150}, {"x": 1599, "y": 1152}, {"x": 1599, "y": 1144}], [{"x": 1407, "y": 1269}, {"x": 1408, "y": 1295}, {"x": 1426, "y": 1290}, {"x": 1430, "y": 1287}], [{"x": 1560, "y": 1542}, {"x": 1560, "y": 1559}, {"x": 1561, "y": 1559}, {"x": 1576, "y": 1553}, {"x": 1561, "y": 1533}], [{"x": 1598, "y": 1057}, {"x": 1598, "y": 1074}, {"x": 1599, "y": 1077}, {"x": 1605, "y": 1076}, {"x": 1606, "y": 1052}], [{"x": 1451, "y": 1452}, {"x": 1472, "y": 1459}, {"x": 1476, "y": 1458}, {"x": 1453, "y": 1439}], [{"x": 1149, "y": 1047}, {"x": 1173, "y": 1049}, {"x": 1176, "y": 1043}, {"x": 1170, "y": 1021}, {"x": 1153, "y": 1022}], [{"x": 1194, "y": 1346}, {"x": 1200, "y": 1351}, {"x": 1223, "y": 1352}], [{"x": 1309, "y": 992}, {"x": 1312, "y": 1007}, {"x": 1317, "y": 1015}, {"x": 1328, "y": 985}, {"x": 1318, "y": 987}], [{"x": 1188, "y": 1033}, {"x": 1188, "y": 1051}, {"x": 1192, "y": 1054}, {"x": 1195, "y": 1055}, {"x": 1209, "y": 1035}], [{"x": 1243, "y": 1280}, {"x": 1258, "y": 1297}, {"x": 1256, "y": 1281}], [{"x": 1209, "y": 1409}, {"x": 1223, "y": 1409}, {"x": 1222, "y": 1383}], [{"x": 1209, "y": 1324}, {"x": 1216, "y": 1330}, {"x": 1213, "y": 1325}], [{"x": 1134, "y": 1382}, {"x": 1157, "y": 1375}, {"x": 1135, "y": 1364}], [{"x": 1258, "y": 1160}, {"x": 1263, "y": 1186}, {"x": 1282, "y": 1186}, {"x": 1285, "y": 1163}], [{"x": 1421, "y": 1236}, {"x": 1424, "y": 1249}, {"x": 1426, "y": 1238}], [{"x": 1198, "y": 1234}, {"x": 1214, "y": 1236}, {"x": 1215, "y": 1214}], [{"x": 1566, "y": 1303}, {"x": 1566, "y": 1320}, {"x": 1567, "y": 1320}, {"x": 1592, "y": 1294}, {"x": 1583, "y": 1294}, {"x": 1570, "y": 1298}], [{"x": 1230, "y": 1408}, {"x": 1253, "y": 1408}, {"x": 1256, "y": 1394}, {"x": 1256, "y": 1388}], [{"x": 1248, "y": 1547}, {"x": 1249, "y": 1562}, {"x": 1254, "y": 1568}, {"x": 1256, "y": 1545}], [{"x": 1284, "y": 1406}, {"x": 1284, "y": 1410}, {"x": 1287, "y": 1415}, {"x": 1311, "y": 1413}, {"x": 1307, "y": 1407}, {"x": 1288, "y": 1388}], [{"x": 1296, "y": 1430}, {"x": 1317, "y": 1435}, {"x": 1320, "y": 1431}], [{"x": 1145, "y": 1300}, {"x": 1151, "y": 1301}, {"x": 1164, "y": 1299}, {"x": 1169, "y": 1298}, {"x": 1150, "y": 1294}], [{"x": 1311, "y": 1113}, {"x": 1312, "y": 1131}, {"x": 1313, "y": 1132}], [{"x": 1307, "y": 1281}, {"x": 1312, "y": 1299}, {"x": 1329, "y": 1304}, {"x": 1330, "y": 1285}], [{"x": 1254, "y": 1459}, {"x": 1261, "y": 1472}, {"x": 1275, "y": 1481}, {"x": 1282, "y": 1481}, {"x": 1275, "y": 1452}], [{"x": 1404, "y": 1212}, {"x": 1411, "y": 1207}, {"x": 1422, "y": 1193}], [{"x": 1390, "y": 1449}, {"x": 1413, "y": 1464}, {"x": 1394, "y": 1448}], [{"x": 1456, "y": 1122}, {"x": 1472, "y": 1123}, {"x": 1480, "y": 1121}, {"x": 1460, "y": 1104}], [{"x": 1520, "y": 1117}, {"x": 1535, "y": 1136}, {"x": 1542, "y": 1113}], [{"x": 1147, "y": 1100}, {"x": 1147, "y": 1118}, {"x": 1171, "y": 1121}, {"x": 1153, "y": 1100}], [{"x": 1524, "y": 1570}, {"x": 1546, "y": 1573}, {"x": 1528, "y": 1553}], [{"x": 1404, "y": 1169}, {"x": 1409, "y": 1185}, {"x": 1427, "y": 1169}, {"x": 1409, "y": 1162}], [{"x": 1346, "y": 1402}, {"x": 1346, "y": 1410}, {"x": 1351, "y": 1429}], [{"x": 1543, "y": 1131}, {"x": 1559, "y": 1125}, {"x": 1559, "y": 1104}], [{"x": 1528, "y": 1400}, {"x": 1541, "y": 1403}, {"x": 1545, "y": 1398}], [{"x": 1081, "y": 1186}, {"x": 1082, "y": 1193}, {"x": 1103, "y": 1210}, {"x": 1106, "y": 1210}], [{"x": 1439, "y": 1298}, {"x": 1459, "y": 1301}, {"x": 1461, "y": 1277}, {"x": 1460, "y": 1277}], [{"x": 1518, "y": 1351}, {"x": 1522, "y": 1356}, {"x": 1541, "y": 1359}, {"x": 1540, "y": 1334}, {"x": 1523, "y": 1337}], [{"x": 1451, "y": 1497}, {"x": 1473, "y": 1513}, {"x": 1481, "y": 1510}, {"x": 1452, "y": 1494}], [{"x": 1186, "y": 1113}, {"x": 1191, "y": 1107}, {"x": 1192, "y": 1084}, {"x": 1190, "y": 1090}], [{"x": 1318, "y": 1470}, {"x": 1322, "y": 1473}, {"x": 1347, "y": 1470}, {"x": 1347, "y": 1467}, {"x": 1323, "y": 1449}], [{"x": 1101, "y": 1508}, {"x": 1117, "y": 1510}, {"x": 1123, "y": 1502}, {"x": 1119, "y": 1483}, {"x": 1103, "y": 1487}], [{"x": 1128, "y": 1390}, {"x": 1133, "y": 1410}, {"x": 1155, "y": 1385}, {"x": 1131, "y": 1387}], [{"x": 1359, "y": 1518}, {"x": 1374, "y": 1539}, {"x": 1380, "y": 1522}], [{"x": 1414, "y": 1543}, {"x": 1417, "y": 1550}, {"x": 1431, "y": 1543}, {"x": 1439, "y": 1525}, {"x": 1417, "y": 1524}], [{"x": 1445, "y": 1005}, {"x": 1455, "y": 1017}, {"x": 1455, "y": 998}, {"x": 1452, "y": 995}], [{"x": 1050, "y": 1565}, {"x": 1065, "y": 1568}, {"x": 1063, "y": 1566}], [{"x": 1205, "y": 1203}, {"x": 1225, "y": 1222}, {"x": 1221, "y": 1202}], [{"x": 1370, "y": 1078}, {"x": 1378, "y": 1088}, {"x": 1391, "y": 1097}, {"x": 1394, "y": 1096}, {"x": 1395, "y": 1071}], [{"x": 1140, "y": 1345}, {"x": 1148, "y": 1366}, {"x": 1164, "y": 1344}], [{"x": 1217, "y": 1150}, {"x": 1239, "y": 1146}, {"x": 1245, "y": 1143}, {"x": 1244, "y": 1132}, {"x": 1223, "y": 1144}], [{"x": 1564, "y": 1392}, {"x": 1580, "y": 1393}, {"x": 1579, "y": 1387}], [{"x": 1544, "y": 1037}, {"x": 1565, "y": 1036}, {"x": 1568, "y": 1030}], [{"x": 1133, "y": 1475}, {"x": 1134, "y": 1479}, {"x": 1154, "y": 1471}, {"x": 1162, "y": 1450}], [{"x": 1161, "y": 1593}, {"x": 1183, "y": 1587}, {"x": 1182, "y": 1572}, {"x": 1180, "y": 1570}], [{"x": 1319, "y": 1261}, {"x": 1326, "y": 1261}, {"x": 1338, "y": 1235}], [{"x": 1486, "y": 1545}, {"x": 1487, "y": 1548}, {"x": 1493, "y": 1565}, {"x": 1506, "y": 1548}, {"x": 1491, "y": 1543}, {"x": 1488, "y": 1544}], [{"x": 1167, "y": 1057}, {"x": 1170, "y": 1084}, {"x": 1187, "y": 1084}, {"x": 1190, "y": 1057}], [{"x": 1388, "y": 1108}, {"x": 1388, "y": 1129}, {"x": 1407, "y": 1124}, {"x": 1406, "y": 1123}], [{"x": 1026, "y": 1432}, {"x": 1049, "y": 1434}, {"x": 1055, "y": 1432}, {"x": 1054, "y": 1416}, {"x": 1053, "y": 1415}, {"x": 1033, "y": 1414}], [{"x": 1317, "y": 1201}, {"x": 1322, "y": 1207}, {"x": 1338, "y": 1209}, {"x": 1340, "y": 1180}, {"x": 1322, "y": 1183}], [{"x": 1226, "y": 1511}, {"x": 1231, "y": 1511}, {"x": 1232, "y": 1497}, {"x": 1227, "y": 1493}], [{"x": 1321, "y": 1525}, {"x": 1323, "y": 1524}, {"x": 1345, "y": 1504}, {"x": 1324, "y": 1509}], [{"x": 1450, "y": 1091}, {"x": 1469, "y": 1096}, {"x": 1476, "y": 1069}, {"x": 1458, "y": 1076}], [{"x": 1348, "y": 1445}, {"x": 1350, "y": 1449}, {"x": 1375, "y": 1448}, {"x": 1374, "y": 1440}], [{"x": 1558, "y": 1242}, {"x": 1561, "y": 1251}, {"x": 1577, "y": 1245}, {"x": 1585, "y": 1225}, {"x": 1559, "y": 1224}], [{"x": 1090, "y": 1457}, {"x": 1096, "y": 1460}, {"x": 1112, "y": 1460}, {"x": 1113, "y": 1437}], [{"x": 1396, "y": 1055}, {"x": 1396, "y": 1057}, {"x": 1416, "y": 1049}, {"x": 1397, "y": 1032}], [{"x": 1251, "y": 1326}, {"x": 1268, "y": 1343}, {"x": 1270, "y": 1343}, {"x": 1256, "y": 1328}, {"x": 1253, "y": 1326}], [{"x": 1411, "y": 1570}, {"x": 1438, "y": 1546}, {"x": 1414, "y": 1564}], [{"x": 1109, "y": 1088}, {"x": 1110, "y": 1116}, {"x": 1135, "y": 1109}, {"x": 1127, "y": 1094}], [{"x": 1100, "y": 1145}, {"x": 1109, "y": 1165}, {"x": 1126, "y": 1163}, {"x": 1126, "y": 1147}], [{"x": 1168, "y": 1469}, {"x": 1169, "y": 1473}, {"x": 1198, "y": 1472}, {"x": 1172, "y": 1449}], [{"x": 1074, "y": 1476}, {"x": 1081, "y": 1500}, {"x": 1094, "y": 1501}, {"x": 1084, "y": 1476}], [{"x": 1436, "y": 1581}, {"x": 1459, "y": 1591}, {"x": 1460, "y": 1581}, {"x": 1454, "y": 1567}], [{"x": 1217, "y": 1520}, {"x": 1226, "y": 1542}, {"x": 1243, "y": 1537}, {"x": 1243, "y": 1522}], [{"x": 997, "y": 1393}, {"x": 998, "y": 1401}, {"x": 1005, "y": 1380}, {"x": 1003, "y": 1373}], [{"x": 1534, "y": 997}, {"x": 1556, "y": 1017}, {"x": 1536, "y": 992}], [{"x": 1527, "y": 1316}, {"x": 1542, "y": 1321}, {"x": 1548, "y": 1297}, {"x": 1530, "y": 1294}], [{"x": 1217, "y": 1424}, {"x": 1217, "y": 1438}, {"x": 1218, "y": 1439}], [{"x": 1129, "y": 1289}, {"x": 1149, "y": 1292}, {"x": 1144, "y": 1269}], [{"x": 1562, "y": 1514}, {"x": 1592, "y": 1509}, {"x": 1591, "y": 1506}, {"x": 1563, "y": 1494}], [{"x": 1017, "y": 1555}, {"x": 1025, "y": 1557}, {"x": 1037, "y": 1534}], [{"x": 1575, "y": 1166}, {"x": 1596, "y": 1188}, {"x": 1598, "y": 1186}, {"x": 1577, "y": 1161}], [{"x": 1416, "y": 1205}, {"x": 1438, "y": 1219}, {"x": 1443, "y": 1218}, {"x": 1425, "y": 1197}], [{"x": 1560, "y": 1352}, {"x": 1569, "y": 1371}, {"x": 1562, "y": 1348}], [{"x": 1275, "y": 1062}, {"x": 1283, "y": 1081}, {"x": 1297, "y": 1074}], [{"x": 1447, "y": 1187}, {"x": 1454, "y": 1188}, {"x": 1475, "y": 1186}, {"x": 1466, "y": 1161}], [{"x": 1184, "y": 1497}, {"x": 1200, "y": 1516}, {"x": 1207, "y": 1491}], [{"x": 1363, "y": 1539}, {"x": 1368, "y": 1560}, {"x": 1370, "y": 1540}], [{"x": 1339, "y": 1295}, {"x": 1339, "y": 1296}, {"x": 1358, "y": 1322}, {"x": 1357, "y": 1304}], [{"x": 1583, "y": 1411}, {"x": 1604, "y": 1427}, {"x": 1602, "y": 1405}], [{"x": 1459, "y": 1319}, {"x": 1460, "y": 1320}, {"x": 1486, "y": 1320}], [{"x": 1368, "y": 1459}, {"x": 1396, "y": 1477}, {"x": 1389, "y": 1451}], [{"x": 1461, "y": 1421}, {"x": 1468, "y": 1444}, {"x": 1488, "y": 1443}, {"x": 1470, "y": 1417}], [{"x": 1498, "y": 1132}, {"x": 1499, "y": 1148}, {"x": 1521, "y": 1150}, {"x": 1520, "y": 1126}], [{"x": 1147, "y": 1530}, {"x": 1147, "y": 1533}, {"x": 1169, "y": 1514}, {"x": 1148, "y": 1511}], [{"x": 1013, "y": 1388}, {"x": 1037, "y": 1389}, {"x": 1016, "y": 1368}], [{"x": 1057, "y": 1179}, {"x": 1072, "y": 1173}, {"x": 1058, "y": 1154}], [{"x": 1207, "y": 1360}, {"x": 1232, "y": 1366}, {"x": 1228, "y": 1362}], [{"x": 1003, "y": 1467}, {"x": 1004, "y": 1470}, {"x": 1031, "y": 1489}, {"x": 1007, "y": 1467}], [{"x": 1021, "y": 1023}, {"x": 1043, "y": 1030}, {"x": 1045, "y": 1005}, {"x": 1022, "y": 1007}], [{"x": 1370, "y": 1268}, {"x": 1391, "y": 1277}, {"x": 1389, "y": 1249}], [{"x": 1248, "y": 1428}, {"x": 1269, "y": 1446}, {"x": 1264, "y": 1427}], [{"x": 1342, "y": 1088}, {"x": 1345, "y": 1098}, {"x": 1356, "y": 1098}, {"x": 1358, "y": 1097}, {"x": 1366, "y": 1070}, {"x": 1344, "y": 1077}], [{"x": 1325, "y": 1352}, {"x": 1345, "y": 1347}, {"x": 1348, "y": 1328}, {"x": 1326, "y": 1350}], [{"x": 995, "y": 1078}, {"x": 997, "y": 1100}, {"x": 1013, "y": 1103}, {"x": 1017, "y": 1073}], [{"x": 1371, "y": 1394}, {"x": 1400, "y": 1370}, {"x": 1390, "y": 1364}], [{"x": 1455, "y": 1220}, {"x": 1460, "y": 1226}, {"x": 1475, "y": 1217}], [{"x": 1372, "y": 1037}, {"x": 1383, "y": 1043}, {"x": 1383, "y": 1038}], [{"x": 1017, "y": 1216}, {"x": 1022, "y": 1213}, {"x": 1022, "y": 1211}, {"x": 1020, "y": 1212}], [{"x": 1375, "y": 1007}, {"x": 1382, "y": 1032}, {"x": 1381, "y": 1025}], [{"x": 1105, "y": 1306}, {"x": 1132, "y": 1307}, {"x": 1113, "y": 1278}], [{"x": 1088, "y": 1282}, {"x": 1107, "y": 1282}, {"x": 1114, "y": 1266}, {"x": 1097, "y": 1260}, {"x": 1092, "y": 1259}], [{"x": 1480, "y": 1594}, {"x": 1500, "y": 1591}, {"x": 1503, "y": 1569}], [{"x": 1007, "y": 1043}, {"x": 1008, "y": 1051}, {"x": 1027, "y": 1049}], [{"x": 1330, "y": 1016}, {"x": 1336, "y": 1039}, {"x": 1353, "y": 1040}], [{"x": 1548, "y": 1399}, {"x": 1555, "y": 1416}, {"x": 1556, "y": 1414}, {"x": 1555, "y": 1395}], [{"x": 1315, "y": 1097}, {"x": 1336, "y": 1078}, {"x": 1320, "y": 1068}]]}
