{"type": "CGSHOP2023_Instance", "name": "ccheese234", "n": 234, "outer_boundary": [{"x": 1070, "y": 1400}, {"x": 1063, "y": 1362}, {"x": 996, "y": 1186}, {"x": 996, "y": 1017}, {"x": 1289, "y": 970}, {"x": 1289, "y": 972}, {"x": 1312, "y": 980}, {"x": 1336, "y": 1028}, {"x": 1409, "y": 1104}, {"x": 1408, "y": 1126}, {"x": 1402, "y": 1356}, {"x": 1373, "y": 1392}, {"x": 1263, "y": 1400}, {"x": 1148, "y": 1399}, {"x": 1138, "y": 1403}], "holes": [[{"x": 1341, "y": 1116}, {"x": 1367, "y": 1123}, {"x": 1366, "y": 1097}, {"x": 1348, "y": 1094}], [{"x": 1121, "y": 1203}, {"x": 1146, "y": 1201}, {"x": 1125, "y": 1181}], [{"x": 1357, "y": 1122}, {"x": 1360, "y": 1124}, {"x": 1375, "y": 1128}], [{"x": 1289, "y": 1274}, {"x": 1310, "y": 1282}, {"x": 1314, "y": 1276}, {"x": 1308, "y": 1263}], [{"x": 1168, "y": 1013}, {"x": 1171, "y": 1035}, {"x": 1195, "y": 1038}, {"x": 1194, "y": 1019}, {"x": 1192, "y": 1014}], [{"x": 1313, "y": 1061}, {"x": 1321, "y": 1088}, {"x": 1338, "y": 1088}, {"x": 1338, "y": 1064}], [{"x": 1033, "y": 1126}, {"x": 1057, "y": 1143}, {"x": 1056, "y": 1125}, {"x": 1037, "y": 1116}], [{"x": 1386, "y": 1375}, {"x": 1391, "y": 1367}, {"x": 1387, "y": 1355}], [{"x": 1201, "y": 1214}, {"x": 1202, "y": 1238}, {"x": 1205, "y": 1242}], [{"x": 1161, "y": 1270}, {"x": 1164, "y": 1275}, {"x": 1186, "y": 1272}, {"x": 1187, "y": 1247}, {"x": 1170, "y": 1253}], [{"x": 1343, "y": 1265}, {"x": 1344, "y": 1272}, {"x": 1367, "y": 1291}, {"x": 1359, "y": 1268}, {"x": 1345, "y": 1262}], [{"x": 1035, "y": 1176}, {"x": 1040, "y": 1190}, {"x": 1057, "y": 1174}], [{"x": 1136, "y": 1260}, {"x": 1139, "y": 1263}, {"x": 1154, "y": 1263}, {"x": 1156, "y": 1260}, {"x": 1159, "y": 1250}, {"x": 1159, "y": 1243}], [{"x": 1108, "y": 1287}, {"x": 1110, "y": 1288}, {"x": 1134, "y": 1287}, {"x": 1115, "y": 1259}, {"x": 1111, "y": 1261}], [{"x": 1316, "y": 1240}, {"x": 1319, "y": 1258}, {"x": 1332, "y": 1241}], [{"x": 1232, "y": 1057}, {"x": 1232, "y": 1080}, {"x": 1260, "y": 1077}, {"x": 1256, "y": 1060}, {"x": 1238, "y": 1056}], [{"x": 1053, "y": 1294}, {"x": 1059, "y": 1306}, {"x": 1074, "y": 1315}, {"x": 1082, "y": 1314}, {"x": 1072, "y": 1295}], [{"x": 1165, "y": 1139}, {"x": 1170, "y": 1141}, {"x": 1184, "y": 1142}, {"x": 1172, "y": 1137}], [{"x": 1127, "y": 1139}, {"x": 1135, "y": 1154}, {"x": 1153, "y": 1160}, {"x": 1157, "y": 1155}], [{"x": 1265, "y": 1036}, {"x": 1265, "y": 1040}, {"x": 1283, "y": 1033}, {"x": 1280, "y": 1017}, {"x": 1278, "y": 1015}], [{"x": 1236, "y": 1330}, {"x": 1240, "y": 1333}, {"x": 1260, "y": 1337}], [{"x": 1196, "y": 1029}, {"x": 1197, "y": 1045}, {"x": 1221, "y": 1025}, {"x": 1214, "y": 1023}, {"x": 1197, "y": 1024}], [{"x": 1093, "y": 1221}, {"x": 1116, "y": 1209}, {"x": 1100, "y": 1205}], [{"x": 1166, "y": 1361}, {"x": 1166, "y": 1387}, {"x": 1187, "y": 1385}], [{"x": 1013, "y": 1027}, {"x": 1015, "y": 1049}, {"x": 1032, "y": 1049}, {"x": 1038, "y": 1031}, {"x": 1038, "y": 1026}], [{"x": 1098, "y": 1148}, {"x": 1098, "y": 1172}, {"x": 1117, "y": 1168}, {"x": 1123, "y": 1155}, {"x": 1121, "y": 1152}], [{"x": 1324, "y": 1011}, {"x": 1324, "y": 1012}, {"x": 1325, "y": 1011}], [{"x": 1031, "y": 1158}, {"x": 1032, "y": 1164}, {"x": 1057, "y": 1166}, {"x": 1055, "y": 1144}, {"x": 1040, "y": 1142}], [{"x": 1126, "y": 1370}, {"x": 1145, "y": 1349}, {"x": 1140, "y": 1350}], [{"x": 1066, "y": 1239}, {"x": 1086, "y": 1237}, {"x": 1086, "y": 1220}, {"x": 1083, "y": 1217}], [{"x": 1298, "y": 1100}, {"x": 1313, "y": 1098}, {"x": 1303, "y": 1098}], [{"x": 1155, "y": 1219}, {"x": 1164, "y": 1222}, {"x": 1179, "y": 1220}, {"x": 1183, "y": 1202}, {"x": 1157, "y": 1203}], [{"x": 1334, "y": 1159}, {"x": 1336, "y": 1189}, {"x": 1357, "y": 1182}, {"x": 1351, "y": 1160}], [{"x": 1283, "y": 1162}, {"x": 1285, "y": 1163}, {"x": 1310, "y": 1157}, {"x": 1306, "y": 1143}, {"x": 1286, "y": 1138}], [{"x": 1211, "y": 1036}, {"x": 1214, "y": 1060}, {"x": 1230, "y": 1057}, {"x": 1230, "y": 1056}], [{"x": 1137, "y": 1014}, {"x": 1160, "y": 1037}, {"x": 1163, "y": 1022}], [{"x": 1270, "y": 989}, {"x": 1271, "y": 994}, {"x": 1293, "y": 995}, {"x": 1279, "y": 991}], [{"x": 1208, "y": 1229}, {"x": 1214, "y": 1245}, {"x": 1217, "y": 1226}], [{"x": 1368, "y": 1120}, {"x": 1388, "y": 1142}, {"x": 1392, "y": 1142}, {"x": 1398, "y": 1141}, {"x": 1390, "y": 1115}], [{"x": 1138, "y": 1094}, {"x": 1159, "y": 1069}, {"x": 1144, "y": 1070}], [{"x": 1076, "y": 1377}, {"x": 1080, "y": 1383}, {"x": 1083, "y": 1378}, {"x": 1077, "y": 1360}], [{"x": 1235, "y": 1103}, {"x": 1236, "y": 1127}, {"x": 1255, "y": 1128}, {"x": 1263, "y": 1124}], [{"x": 1067, "y": 1333}, {"x": 1090, "y": 1337}, {"x": 1090, "y": 1331}], [{"x": 1127, "y": 1386}, {"x": 1141, "y": 1383}, {"x": 1147, "y": 1377}, {"x": 1150, "y": 1358}, {"x": 1145, "y": 1357}], [{"x": 1233, "y": 1363}, {"x": 1251, "y": 1385}, {"x": 1260, "y": 1383}, {"x": 1260, "y": 1360}], [{"x": 1192, "y": 1295}, {"x": 1212, "y": 1314}, {"x": 1222, "y": 1295}, {"x": 1216, "y": 1293}], [{"x": 1232, "y": 1019}, {"x": 1262, "y": 1026}, {"x": 1252, "y": 1004}], [{"x": 1250, "y": 1214}, {"x": 1251, "y": 1228}, {"x": 1257, "y": 1234}, {"x": 1268, "y": 1227}, {"x": 1271, "y": 1208}, {"x": 1252, "y": 1210}], [{"x": 1168, "y": 1280}, {"x": 1168, "y": 1285}, {"x": 1186, "y": 1299}, {"x": 1183, "y": 1283}], [{"x": 1171, "y": 1186}, {"x": 1192, "y": 1187}, {"x": 1176, "y": 1166}], [{"x": 1165, "y": 1333}, {"x": 1193, "y": 1309}, {"x": 1167, "y": 1311}], [{"x": 1248, "y": 1308}, {"x": 1274, "y": 1307}, {"x": 1268, "y": 1281}, {"x": 1264, "y": 1285}], [{"x": 1335, "y": 1355}, {"x": 1361, "y": 1361}, {"x": 1338, "y": 1336}], [{"x": 1007, "y": 1176}, {"x": 1031, "y": 1180}, {"x": 1024, "y": 1175}, {"x": 1011, "y": 1174}], [{"x": 1368, "y": 1159}, {"x": 1389, "y": 1184}, {"x": 1393, "y": 1180}, {"x": 1392, "y": 1178}]]}
