{"type": "CGSHOP2023_Instance", "name": "ccheese1125", "n": 1125, "outer_boundary": [{"x": 961, "y": 1583}, {"x": 960, "y": 1350}, {"x": 960, "y": 1067}, {"x": 957, "y": 1000}, {"x": 981, "y": 1000}, {"x": 1117, "y": 974}, {"x": 1522, "y": 972}, {"x": 1532, "y": 974}, {"x": 1713, "y": 964}, {"x": 1740, "y": 966}, {"x": 1884, "y": 989}, {"x": 1886, "y": 1576}, {"x": 1901, "y": 1853}, {"x": 1815, "y": 1871}, {"x": 1692, "y": 1891}, {"x": 1554, "y": 1879}, {"x": 1553, "y": 1877}, {"x": 1164, "y": 1871}, {"x": 1088, "y": 1874}, {"x": 1008, "y": 1826}, {"x": 987, "y": 1740}], "holes": [[{"x": 1394, "y": 1390}, {"x": 1399, "y": 1392}, {"x": 1423, "y": 1390}, {"x": 1416, "y": 1383}], [{"x": 1689, "y": 991}, {"x": 1707, "y": 1011}, {"x": 1712, "y": 992}], [{"x": 1597, "y": 1191}, {"x": 1625, "y": 1185}, {"x": 1621, "y": 1181}], [{"x": 1285, "y": 1625}, {"x": 1285, "y": 1644}, {"x": 1313, "y": 1643}, {"x": 1313, "y": 1639}], [{"x": 1622, "y": 1099}, {"x": 1650, "y": 1116}, {"x": 1647, "y": 1095}, {"x": 1625, "y": 1095}, {"x": 1624, "y": 1096}], [{"x": 1498, "y": 1097}, {"x": 1523, "y": 1094}, {"x": 1523, "y": 1078}, {"x": 1517, "y": 1073}, {"x": 1499, "y": 1071}], [{"x": 1603, "y": 1261}, {"x": 1626, "y": 1261}, {"x": 1608, "y": 1246}, {"x": 1604, "y": 1244}], [{"x": 1667, "y": 1233}, {"x": 1667, "y": 1235}, {"x": 1687, "y": 1248}], [{"x": 1480, "y": 1752}, {"x": 1497, "y": 1748}, {"x": 1501, "y": 1733}, {"x": 1499, "y": 1728}, {"x": 1483, "y": 1747}], [{"x": 1313, "y": 1700}, {"x": 1336, "y": 1677}, {"x": 1335, "y": 1673}, {"x": 1315, "y": 1692}], [{"x": 1748, "y": 1204}, {"x": 1771, "y": 1226}, {"x": 1775, "y": 1225}, {"x": 1775, "y": 1221}, {"x": 1774, "y": 1218}, {"x": 1755, "y": 1200}], [{"x": 1426, "y": 1206}, {"x": 1440, "y": 1225}, {"x": 1447, "y": 1205}], [{"x": 1663, "y": 1351}, {"x": 1688, "y": 1327}, {"x": 1665, "y": 1334}], [{"x": 1660, "y": 1112}, {"x": 1685, "y": 1130}, {"x": 1679, "y": 1114}], [{"x": 1129, "y": 1550}, {"x": 1130, "y": 1575}, {"x": 1133, "y": 1576}, {"x": 1154, "y": 1576}, {"x": 1147, "y": 1559}], [{"x": 1712, "y": 1053}, {"x": 1716, "y": 1045}, {"x": 1718, "y": 1025}], [{"x": 1569, "y": 1350}, {"x": 1574, "y": 1350}, {"x": 1573, "y": 1346}], [{"x": 1160, "y": 1548}, {"x": 1163, "y": 1565}, {"x": 1168, "y": 1563}, {"x": 1187, "y": 1547}, {"x": 1164, "y": 1542}], [{"x": 1262, "y": 1446}, {"x": 1264, "y": 1454}, {"x": 1278, "y": 1455}], [{"x": 1419, "y": 1582}, {"x": 1422, "y": 1610}, {"x": 1440, "y": 1583}], [{"x": 1708, "y": 1533}, {"x": 1715, "y": 1513}, {"x": 1710, "y": 1518}], [{"x": 1490, "y": 1013}, {"x": 1498, "y": 1030}, {"x": 1518, "y": 1032}, {"x": 1512, "y": 1014}], [{"x": 1603, "y": 1538}, {"x": 1611, "y": 1542}, {"x": 1632, "y": 1521}, {"x": 1611, "y": 1524}, {"x": 1610, "y": 1525}], [{"x": 1609, "y": 1452}, {"x": 1631, "y": 1459}, {"x": 1633, "y": 1435}, {"x": 1627, "y": 1435}, {"x": 1610, "y": 1439}], [{"x": 1410, "y": 1636}, {"x": 1411, "y": 1637}, {"x": 1420, "y": 1638}, {"x": 1414, "y": 1611}], [{"x": 1516, "y": 1137}, {"x": 1516, "y": 1163}, {"x": 1532, "y": 1164}, {"x": 1538, "y": 1164}, {"x": 1536, "y": 1157}], [{"x": 1786, "y": 1552}, {"x": 1813, "y": 1576}, {"x": 1807, "y": 1547}], [{"x": 1328, "y": 1062}, {"x": 1350, "y": 1036}, {"x": 1344, "y": 1041}, {"x": 1340, "y": 1045}], [{"x": 1251, "y": 1464}, {"x": 1272, "y": 1481}, {"x": 1264, "y": 1460}], [{"x": 1654, "y": 1096}, {"x": 1683, "y": 1098}, {"x": 1674, "y": 1074}], [{"x": 1376, "y": 1643}, {"x": 1385, "y": 1643}, {"x": 1401, "y": 1639}, {"x": 1381, "y": 1626}], [{"x": 1399, "y": 1071}, {"x": 1402, "y": 1054}, {"x": 1400, "y": 1047}], [{"x": 1144, "y": 1472}, {"x": 1147, "y": 1473}, {"x": 1166, "y": 1454}], [{"x": 1507, "y": 1600}, {"x": 1507, "y": 1602}, {"x": 1525, "y": 1589}, {"x": 1527, "y": 1583}], [{"x": 1124, "y": 1025}, {"x": 1131, "y": 1022}, {"x": 1146, "y": 1003}], [{"x": 1201, "y": 1278}, {"x": 1228, "y": 1262}, {"x": 1225, "y": 1258}], [{"x": 1777, "y": 1455}, {"x": 1777, "y": 1460}, {"x": 1789, "y": 1441}, {"x": 1778, "y": 1442}], [{"x": 1419, "y": 1425}, {"x": 1422, "y": 1430}, {"x": 1441, "y": 1424}, {"x": 1444, "y": 1402}], [{"x": 1283, "y": 1334}, {"x": 1304, "y": 1335}, {"x": 1297, "y": 1313}, {"x": 1286, "y": 1317}], [{"x": 1215, "y": 1101}, {"x": 1217, "y": 1120}, {"x": 1240, "y": 1099}, {"x": 1236, "y": 1096}, {"x": 1216, "y": 1097}], [{"x": 1760, "y": 1521}, {"x": 1787, "y": 1499}, {"x": 1766, "y": 1498}], [{"x": 1283, "y": 1766}, {"x": 1284, "y": 1770}, {"x": 1286, "y": 1772}, {"x": 1310, "y": 1773}], [{"x": 1354, "y": 1028}, {"x": 1372, "y": 1048}, {"x": 1380, "y": 1042}], [{"x": 1053, "y": 1442}, {"x": 1074, "y": 1447}, {"x": 1058, "y": 1442}], [{"x": 1300, "y": 1825}, {"x": 1300, "y": 1842}, {"x": 1303, "y": 1848}, {"x": 1329, "y": 1840}, {"x": 1306, "y": 1823}], [{"x": 1406, "y": 1427}, {"x": 1431, "y": 1407}, {"x": 1428, "y": 1404}, {"x": 1408, "y": 1424}], [{"x": 1165, "y": 1841}, {"x": 1175, "y": 1844}, {"x": 1186, "y": 1841}, {"x": 1194, "y": 1823}], [{"x": 1295, "y": 1812}, {"x": 1314, "y": 1804}, {"x": 1310, "y": 1790}], [{"x": 1729, "y": 1598}, {"x": 1753, "y": 1603}, {"x": 1751, "y": 1583}, {"x": 1735, "y": 1576}, {"x": 1732, "y": 1578}], [{"x": 1663, "y": 1045}, {"x": 1677, "y": 1047}, {"x": 1685, "y": 1029}, {"x": 1686, "y": 1024}, {"x": 1664, "y": 1027}], [{"x": 1452, "y": 1570}, {"x": 1458, "y": 1586}, {"x": 1474, "y": 1588}, {"x": 1474, "y": 1581}, {"x": 1471, "y": 1561}], [{"x": 1508, "y": 1790}, {"x": 1512, "y": 1807}, {"x": 1536, "y": 1785}], [{"x": 1165, "y": 1697}, {"x": 1177, "y": 1698}, {"x": 1178, "y": 1693}, {"x": 1175, "y": 1690}], [{"x": 1813, "y": 1029}, {"x": 1814, "y": 1049}, {"x": 1837, "y": 1052}, {"x": 1841, "y": 1035}], [{"x": 1013, "y": 1722}, {"x": 1037, "y": 1724}, {"x": 1037, "y": 1700}], [{"x": 1355, "y": 1565}, {"x": 1382, "y": 1566}, {"x": 1379, "y": 1546}, {"x": 1375, "y": 1546}, {"x": 1358, "y": 1550}, {"x": 1356, "y": 1555}], [{"x": 1735, "y": 1831}, {"x": 1737, "y": 1856}, {"x": 1760, "y": 1833}], [{"x": 1167, "y": 1036}, {"x": 1189, "y": 1028}, {"x": 1193, "y": 1011}, {"x": 1191, "y": 1009}, {"x": 1173, "y": 1006}], [{"x": 1671, "y": 1635}, {"x": 1681, "y": 1632}, {"x": 1687, "y": 1617}], [{"x": 1284, "y": 1121}, {"x": 1310, "y": 1118}, {"x": 1302, "y": 1103}, {"x": 1285, "y": 1101}], [{"x": 1369, "y": 1270}, {"x": 1371, "y": 1278}, {"x": 1374, "y": 1277}, {"x": 1394, "y": 1257}, {"x": 1394, "y": 1255}, {"x": 1377, "y": 1257}], [{"x": 1682, "y": 1146}, {"x": 1685, "y": 1163}, {"x": 1686, "y": 1165}, {"x": 1707, "y": 1159}, {"x": 1684, "y": 1140}], [{"x": 1344, "y": 1202}, {"x": 1349, "y": 1195}, {"x": 1345, "y": 1182}], [{"x": 1478, "y": 1356}, {"x": 1478, "y": 1374}, {"x": 1501, "y": 1372}, {"x": 1498, "y": 1369}, {"x": 1479, "y": 1353}], [{"x": 1257, "y": 1664}, {"x": 1276, "y": 1665}, {"x": 1271, "y": 1639}], [{"x": 1440, "y": 1229}, {"x": 1441, "y": 1254}, {"x": 1466, "y": 1251}, {"x": 1460, "y": 1232}], [{"x": 1066, "y": 1769}, {"x": 1091, "y": 1791}, {"x": 1092, "y": 1791}, {"x": 1089, "y": 1769}], [{"x": 1614, "y": 1151}, {"x": 1620, "y": 1170}, {"x": 1637, "y": 1175}], [{"x": 1506, "y": 1839}, {"x": 1525, "y": 1854}, {"x": 1531, "y": 1855}, {"x": 1532, "y": 1852}], [{"x": 1517, "y": 1035}, {"x": 1523, "y": 1050}, {"x": 1544, "y": 1032}], [{"x": 1586, "y": 1402}, {"x": 1588, "y": 1427}, {"x": 1602, "y": 1429}, {"x": 1602, "y": 1401}, {"x": 1601, "y": 1401}], [{"x": 1305, "y": 1245}, {"x": 1326, "y": 1270}, {"x": 1318, "y": 1251}], [{"x": 1723, "y": 1098}, {"x": 1750, "y": 1112}, {"x": 1744, "y": 1094}, {"x": 1724, "y": 1093}], [{"x": 1788, "y": 1215}, {"x": 1806, "y": 1218}, {"x": 1815, "y": 1219}, {"x": 1812, "y": 1205}, {"x": 1793, "y": 1199}], [{"x": 1228, "y": 1700}, {"x": 1245, "y": 1703}, {"x": 1245, "y": 1699}, {"x": 1244, "y": 1679}], [{"x": 1654, "y": 1444}, {"x": 1666, "y": 1464}, {"x": 1669, "y": 1460}, {"x": 1665, "y": 1445}], [{"x": 1459, "y": 1054}, {"x": 1480, "y": 1038}, {"x": 1477, "y": 1031}], [{"x": 1721, "y": 1018}, {"x": 1739, "y": 1025}, {"x": 1746, "y": 1020}], [{"x": 1538, "y": 1246}, {"x": 1560, "y": 1225}, {"x": 1541, "y": 1235}], [{"x": 1785, "y": 1670}, {"x": 1798, "y": 1675}, {"x": 1799, "y": 1667}], [{"x": 1038, "y": 1837}, {"x": 1059, "y": 1852}, {"x": 1061, "y": 1849}, {"x": 1056, "y": 1830}, {"x": 1039, "y": 1834}], [{"x": 1799, "y": 1596}, {"x": 1805, "y": 1601}, {"x": 1829, "y": 1620}, {"x": 1827, "y": 1603}], [{"x": 1548, "y": 1733}, {"x": 1559, "y": 1740}, {"x": 1560, "y": 1738}, {"x": 1561, "y": 1713}], [{"x": 1128, "y": 1503}, {"x": 1149, "y": 1502}, {"x": 1132, "y": 1494}], [{"x": 1760, "y": 1037}, {"x": 1787, "y": 1017}, {"x": 1785, "y": 1015}, {"x": 1770, "y": 1016}], [{"x": 1487, "y": 1401}, {"x": 1493, "y": 1418}, {"x": 1509, "y": 1425}, {"x": 1504, "y": 1406}], [{"x": 1445, "y": 1678}, {"x": 1454, "y": 1697}, {"x": 1471, "y": 1701}, {"x": 1467, "y": 1674}], [{"x": 1797, "y": 1391}, {"x": 1802, "y": 1409}, {"x": 1824, "y": 1416}, {"x": 1822, "y": 1389}, {"x": 1801, "y": 1389}], [{"x": 1426, "y": 1042}, {"x": 1445, "y": 1059}, {"x": 1441, "y": 1035}, {"x": 1428, "y": 1034}], [{"x": 1635, "y": 1151}, {"x": 1657, "y": 1132}, {"x": 1662, "y": 1126}, {"x": 1639, "y": 1128}], [{"x": 1019, "y": 1028}, {"x": 1019, "y": 1049}, {"x": 1021, "y": 1051}, {"x": 1041, "y": 1046}, {"x": 1043, "y": 1027}], [{"x": 1535, "y": 1346}, {"x": 1539, "y": 1347}, {"x": 1562, "y": 1347}, {"x": 1538, "y": 1320}], [{"x": 1790, "y": 1623}, {"x": 1790, "y": 1636}, {"x": 1797, "y": 1646}], [{"x": 1443, "y": 1554}, {"x": 1463, "y": 1555}, {"x": 1468, "y": 1549}, {"x": 1468, "y": 1531}, {"x": 1462, "y": 1529}, {"x": 1448, "y": 1538}], [{"x": 1481, "y": 1510}, {"x": 1490, "y": 1510}, {"x": 1506, "y": 1487}, {"x": 1486, "y": 1481}, {"x": 1484, "y": 1486}, {"x": 1483, "y": 1489}], [{"x": 1418, "y": 1272}, {"x": 1444, "y": 1274}, {"x": 1422, "y": 1256}, {"x": 1419, "y": 1260}], [{"x": 1262, "y": 1706}, {"x": 1267, "y": 1707}, {"x": 1290, "y": 1687}, {"x": 1285, "y": 1686}, {"x": 1272, "y": 1684}], [{"x": 1515, "y": 1663}, {"x": 1533, "y": 1659}, {"x": 1538, "y": 1657}, {"x": 1540, "y": 1640}], [{"x": 1789, "y": 1747}, {"x": 1813, "y": 1749}, {"x": 1790, "y": 1720}], [{"x": 1387, "y": 1291}, {"x": 1407, "y": 1264}, {"x": 1392, "y": 1270}], [{"x": 1453, "y": 1700}, {"x": 1458, "y": 1725}, {"x": 1481, "y": 1719}], [{"x": 1645, "y": 1611}, {"x": 1674, "y": 1590}, {"x": 1669, "y": 1590}], [{"x": 1539, "y": 1653}, {"x": 1539, "y": 1673}, {"x": 1558, "y": 1681}, {"x": 1562, "y": 1676}], [{"x": 1737, "y": 1456}, {"x": 1737, "y": 1476}, {"x": 1743, "y": 1477}, {"x": 1759, "y": 1455}, {"x": 1740, "y": 1454}], [{"x": 1714, "y": 1246}, {"x": 1718, "y": 1248}, {"x": 1735, "y": 1243}, {"x": 1715, "y": 1239}], [{"x": 1712, "y": 1859}, {"x": 1732, "y": 1839}, {"x": 1735, "y": 1834}, {"x": 1717, "y": 1835}], [{"x": 1144, "y": 1264}, {"x": 1168, "y": 1287}, {"x": 1162, "y": 1265}], [{"x": 1781, "y": 1496}, {"x": 1801, "y": 1493}, {"x": 1792, "y": 1479}], [{"x": 1162, "y": 1132}, {"x": 1162, "y": 1157}, {"x": 1183, "y": 1151}, {"x": 1182, "y": 1129}], [{"x": 1730, "y": 1362}, {"x": 1751, "y": 1362}, {"x": 1733, "y": 1342}], [{"x": 1166, "y": 1201}, {"x": 1174, "y": 1193}, {"x": 1170, "y": 1180}], [{"x": 1637, "y": 1196}, {"x": 1638, "y": 1216}, {"x": 1658, "y": 1218}, {"x": 1666, "y": 1196}, {"x": 1641, "y": 1194}], [{"x": 1077, "y": 1507}, {"x": 1094, "y": 1514}, {"x": 1095, "y": 1507}, {"x": 1093, "y": 1484}], [{"x": 1852, "y": 1583}, {"x": 1854, "y": 1603}, {"x": 1854, "y": 1578}], [{"x": 1078, "y": 1807}, {"x": 1104, "y": 1837}, {"x": 1098, "y": 1809}], [{"x": 1129, "y": 1454}, {"x": 1132, "y": 1472}, {"x": 1134, "y": 1479}], [{"x": 1052, "y": 1749}, {"x": 1073, "y": 1756}, {"x": 1076, "y": 1727}, {"x": 1054, "y": 1727}], [{"x": 1006, "y": 1099}, {"x": 1009, "y": 1122}, {"x": 1027, "y": 1115}, {"x": 1013, "y": 1100}, {"x": 1007, "y": 1097}], [{"x": 1405, "y": 1278}, {"x": 1406, "y": 1284}, {"x": 1417, "y": 1282}], [{"x": 1243, "y": 1829}, {"x": 1244, "y": 1831}, {"x": 1265, "y": 1822}, {"x": 1261, "y": 1811}], [{"x": 1412, "y": 1710}, {"x": 1432, "y": 1685}, {"x": 1430, "y": 1685}, {"x": 1413, "y": 1689}], [{"x": 1360, "y": 1398}, {"x": 1363, "y": 1404}, {"x": 1368, "y": 1406}], [{"x": 1157, "y": 1754}, {"x": 1158, "y": 1759}, {"x": 1160, "y": 1760}, {"x": 1176, "y": 1757}, {"x": 1178, "y": 1737}], [{"x": 1099, "y": 1060}, {"x": 1099, "y": 1062}, {"x": 1111, "y": 1084}, {"x": 1110, "y": 1059}], [{"x": 1433, "y": 1127}, {"x": 1454, "y": 1121}, {"x": 1455, "y": 1120}, {"x": 1462, "y": 1104}, {"x": 1437, "y": 1102}], [{"x": 1292, "y": 1670}, {"x": 1317, "y": 1688}, {"x": 1317, "y": 1684}, {"x": 1314, "y": 1666}], [{"x": 1424, "y": 1379}, {"x": 1428, "y": 1384}, {"x": 1440, "y": 1384}, {"x": 1447, "y": 1378}, {"x": 1444, "y": 1377}, {"x": 1427, "y": 1376}], [{"x": 1199, "y": 1312}, {"x": 1220, "y": 1336}, {"x": 1219, "y": 1313}, {"x": 1202, "y": 1308}], [{"x": 1849, "y": 1576}, {"x": 1865, "y": 1575}, {"x": 1864, "y": 1574}], [{"x": 1539, "y": 1135}, {"x": 1558, "y": 1158}, {"x": 1556, "y": 1137}], [{"x": 1389, "y": 1150}, {"x": 1397, "y": 1158}, {"x": 1415, "y": 1156}, {"x": 1398, "y": 1130}], [{"x": 1758, "y": 1807}, {"x": 1778, "y": 1807}, {"x": 1778, "y": 1794}, {"x": 1773, "y": 1786}, {"x": 1759, "y": 1794}], [{"x": 1099, "y": 1412}, {"x": 1101, "y": 1414}, {"x": 1118, "y": 1416}, {"x": 1123, "y": 1412}, {"x": 1107, "y": 1395}], [{"x": 1420, "y": 1522}, {"x": 1422, "y": 1540}, {"x": 1439, "y": 1543}, {"x": 1443, "y": 1519}], [{"x": 1360, "y": 1331}, {"x": 1370, "y": 1336}, {"x": 1382, "y": 1318}, {"x": 1383, "y": 1310}, {"x": 1369, "y": 1317}], [{"x": 1837, "y": 1799}, {"x": 1863, "y": 1819}, {"x": 1857, "y": 1798}], [{"x": 1708, "y": 1568}, {"x": 1732, "y": 1566}, {"x": 1714, "y": 1539}, {"x": 1709, "y": 1559}], [{"x": 1808, "y": 1237}, {"x": 1829, "y": 1243}, {"x": 1824, "y": 1221}, {"x": 1821, "y": 1221}], [{"x": 1751, "y": 1107}, {"x": 1771, "y": 1125}, {"x": 1772, "y": 1109}, {"x": 1772, "y": 1106}], [{"x": 1476, "y": 1101}, {"x": 1478, "y": 1117}, {"x": 1479, "y": 1118}, {"x": 1503, "y": 1120}], [{"x": 1150, "y": 1345}, {"x": 1158, "y": 1362}, {"x": 1170, "y": 1337}], [{"x": 1563, "y": 1091}, {"x": 1584, "y": 1114}, {"x": 1587, "y": 1114}, {"x": 1584, "y": 1094}], [{"x": 1597, "y": 1611}, {"x": 1597, "y": 1617}, {"x": 1614, "y": 1608}], [{"x": 1811, "y": 1545}, {"x": 1816, "y": 1542}, {"x": 1841, "y": 1520}, {"x": 1812, "y": 1518}], [{"x": 1512, "y": 1486}, {"x": 1515, "y": 1503}, {"x": 1539, "y": 1509}, {"x": 1539, "y": 1501}, {"x": 1517, "y": 1483}], [{"x": 1272, "y": 1028}, {"x": 1301, "y": 1037}, {"x": 1301, "y": 1035}, {"x": 1296, "y": 1011}], [{"x": 1017, "y": 1630}, {"x": 1042, "y": 1656}, {"x": 1041, "y": 1651}], [{"x": 1691, "y": 1128}, {"x": 1714, "y": 1145}, {"x": 1718, "y": 1122}, {"x": 1711, "y": 1120}, {"x": 1692, "y": 1125}], [{"x": 1277, "y": 1563}, {"x": 1286, "y": 1564}, {"x": 1284, "y": 1563}], [{"x": 1019, "y": 1411}, {"x": 1019, "y": 1426}, {"x": 1041, "y": 1410}], [{"x": 1680, "y": 1731}, {"x": 1706, "y": 1754}, {"x": 1701, "y": 1736}], [{"x": 1419, "y": 1162}, {"x": 1425, "y": 1162}, {"x": 1447, "y": 1145}, {"x": 1427, "y": 1139}], [{"x": 990, "y": 1053}, {"x": 1016, "y": 1032}, {"x": 1009, "y": 1029}, {"x": 993, "y": 1025}, {"x": 991, "y": 1028}], [{"x": 1087, "y": 1154}, {"x": 1114, "y": 1148}, {"x": 1089, "y": 1148}], [{"x": 1721, "y": 1266}, {"x": 1723, "y": 1295}, {"x": 1726, "y": 1295}, {"x": 1744, "y": 1269}, {"x": 1730, "y": 1267}], [{"x": 1597, "y": 1639}, {"x": 1598, "y": 1659}, {"x": 1618, "y": 1656}, {"x": 1615, "y": 1638}, {"x": 1605, "y": 1631}, {"x": 1600, "y": 1632}], [{"x": 1062, "y": 1275}, {"x": 1082, "y": 1277}, {"x": 1085, "y": 1271}], [{"x": 1108, "y": 1046}, {"x": 1113, "y": 1055}, {"x": 1130, "y": 1034}, {"x": 1130, "y": 1033}, {"x": 1126, "y": 1030}], [{"x": 1585, "y": 1864}, {"x": 1589, "y": 1864}, {"x": 1601, "y": 1859}, {"x": 1607, "y": 1843}, {"x": 1604, "y": 1839}, {"x": 1588, "y": 1842}], [{"x": 1209, "y": 1389}, {"x": 1238, "y": 1363}, {"x": 1210, "y": 1366}], [{"x": 1381, "y": 1580}, {"x": 1382, "y": 1581}, {"x": 1405, "y": 1584}, {"x": 1402, "y": 1564}, {"x": 1384, "y": 1564}], [{"x": 991, "y": 1302}, {"x": 991, "y": 1323}, {"x": 1009, "y": 1322}, {"x": 1010, "y": 1321}, {"x": 1014, "y": 1302}], [{"x": 1166, "y": 1071}, {"x": 1171, "y": 1088}, {"x": 1173, "y": 1072}, {"x": 1172, "y": 1065}], [{"x": 1779, "y": 1526}, {"x": 1781, "y": 1527}, {"x": 1788, "y": 1527}], [{"x": 1527, "y": 1741}, {"x": 1531, "y": 1757}, {"x": 1547, "y": 1761}, {"x": 1552, "y": 1759}, {"x": 1549, "y": 1753}], [{"x": 1507, "y": 1405}, {"x": 1510, "y": 1407}, {"x": 1535, "y": 1406}, {"x": 1529, "y": 1404}], [{"x": 1765, "y": 1588}, {"x": 1793, "y": 1571}, {"x": 1790, "y": 1568}, {"x": 1772, "y": 1568}], [{"x": 1826, "y": 1293}, {"x": 1838, "y": 1318}, {"x": 1846, "y": 1298}], [{"x": 1651, "y": 1699}, {"x": 1664, "y": 1699}, {"x": 1670, "y": 1697}, {"x": 1671, "y": 1694}, {"x": 1674, "y": 1683}, {"x": 1653, "y": 1675}], [{"x": 1661, "y": 1799}, {"x": 1662, "y": 1812}, {"x": 1670, "y": 1809}, {"x": 1662, "y": 1793}], [{"x": 1329, "y": 1688}, {"x": 1330, "y": 1688}, {"x": 1350, "y": 1685}, {"x": 1354, "y": 1682}], [{"x": 1315, "y": 1203}, {"x": 1321, "y": 1207}, {"x": 1322, "y": 1200}, {"x": 1321, "y": 1199}], [{"x": 1174, "y": 1236}, {"x": 1174, "y": 1261}, {"x": 1188, "y": 1235}], [{"x": 1435, "y": 1767}, {"x": 1441, "y": 1783}, {"x": 1463, "y": 1787}, {"x": 1455, "y": 1768}], [{"x": 1791, "y": 1310}, {"x": 1813, "y": 1333}, {"x": 1811, "y": 1310}, {"x": 1794, "y": 1303}], [{"x": 1414, "y": 1476}, {"x": 1439, "y": 1453}, {"x": 1435, "y": 1449}, {"x": 1421, "y": 1455}], [{"x": 1455, "y": 1738}, {"x": 1458, "y": 1760}, {"x": 1478, "y": 1754}, {"x": 1475, "y": 1737}, {"x": 1472, "y": 1734}], [{"x": 1001, "y": 1563}, {"x": 1026, "y": 1563}, {"x": 1023, "y": 1540}, {"x": 1006, "y": 1540}], [{"x": 1067, "y": 1699}, {"x": 1070, "y": 1704}, {"x": 1091, "y": 1722}, {"x": 1089, "y": 1716}], [{"x": 1221, "y": 1523}, {"x": 1234, "y": 1525}, {"x": 1237, "y": 1523}], [{"x": 1080, "y": 1111}, {"x": 1088, "y": 1115}, {"x": 1105, "y": 1099}], [{"x": 1144, "y": 1090}, {"x": 1144, "y": 1097}, {"x": 1165, "y": 1095}], [{"x": 1173, "y": 1471}, {"x": 1201, "y": 1465}, {"x": 1203, "y": 1451}, {"x": 1178, "y": 1446}], [{"x": 1689, "y": 1827}, {"x": 1706, "y": 1849}, {"x": 1711, "y": 1846}, {"x": 1715, "y": 1821}], [{"x": 1188, "y": 1097}, {"x": 1194, "y": 1099}, {"x": 1205, "y": 1078}, {"x": 1204, "y": 1072}], [{"x": 1104, "y": 1299}, {"x": 1107, "y": 1326}, {"x": 1126, "y": 1320}, {"x": 1128, "y": 1307}, {"x": 1125, "y": 1304}], [{"x": 1537, "y": 1091}, {"x": 1544, "y": 1093}, {"x": 1563, "y": 1095}, {"x": 1542, "y": 1065}], [{"x": 1557, "y": 1577}, {"x": 1558, "y": 1580}, {"x": 1564, "y": 1582}, {"x": 1577, "y": 1585}, {"x": 1566, "y": 1576}], [{"x": 1368, "y": 1029}, {"x": 1383, "y": 1028}, {"x": 1390, "y": 1004}, {"x": 1385, "y": 1002}, {"x": 1369, "y": 1010}], [{"x": 1566, "y": 1262}, {"x": 1566, "y": 1286}, {"x": 1586, "y": 1268}, {"x": 1591, "y": 1260}], [{"x": 1543, "y": 990}, {"x": 1543, "y": 995}, {"x": 1545, "y": 1015}, {"x": 1567, "y": 1018}, {"x": 1562, "y": 993}], [{"x": 1687, "y": 1246}, {"x": 1703, "y": 1266}, {"x": 1706, "y": 1247}, {"x": 1705, "y": 1241}, {"x": 1688, "y": 1240}], [{"x": 1420, "y": 1614}, {"x": 1425, "y": 1618}, {"x": 1428, "y": 1620}, {"x": 1443, "y": 1614}, {"x": 1444, "y": 1613}, {"x": 1423, "y": 1613}], [{"x": 1824, "y": 1557}, {"x": 1828, "y": 1565}, {"x": 1850, "y": 1559}, {"x": 1844, "y": 1540}], [{"x": 1232, "y": 1138}, {"x": 1248, "y": 1165}, {"x": 1253, "y": 1145}], [{"x": 1044, "y": 1632}, {"x": 1044, "y": 1659}, {"x": 1069, "y": 1641}, {"x": 1066, "y": 1639}], [{"x": 1523, "y": 1012}, {"x": 1539, "y": 1017}, {"x": 1538, "y": 990}], [{"x": 1430, "y": 1718}, {"x": 1433, "y": 1720}, {"x": 1452, "y": 1705}], [{"x": 1490, "y": 1213}, {"x": 1505, "y": 1212}, {"x": 1511, "y": 1209}, {"x": 1491, "y": 1207}], [{"x": 1086, "y": 1243}, {"x": 1091, "y": 1258}, {"x": 1112, "y": 1262}, {"x": 1105, "y": 1238}], [{"x": 1126, "y": 1773}, {"x": 1126, "y": 1796}, {"x": 1133, "y": 1773}], [{"x": 1283, "y": 1797}, {"x": 1283, "y": 1814}, {"x": 1289, "y": 1812}, {"x": 1287, "y": 1792}], [{"x": 1730, "y": 1051}, {"x": 1733, "y": 1075}, {"x": 1750, "y": 1077}], [{"x": 1380, "y": 1368}, {"x": 1397, "y": 1366}, {"x": 1405, "y": 1363}], [{"x": 1208, "y": 1193}, {"x": 1220, "y": 1196}, {"x": 1226, "y": 1171}, {"x": 1221, "y": 1169}, {"x": 1220, "y": 1170}], [{"x": 1843, "y": 1354}, {"x": 1855, "y": 1356}, {"x": 1862, "y": 1342}], [{"x": 1063, "y": 1036}, {"x": 1070, "y": 1055}, {"x": 1087, "y": 1057}], [{"x": 1746, "y": 1691}, {"x": 1749, "y": 1696}, {"x": 1767, "y": 1690}, {"x": 1774, "y": 1669}, {"x": 1765, "y": 1669}, {"x": 1750, "y": 1679}], [{"x": 1762, "y": 1166}, {"x": 1783, "y": 1186}, {"x": 1789, "y": 1184}, {"x": 1788, "y": 1164}], [{"x": 1514, "y": 1721}, {"x": 1518, "y": 1720}, {"x": 1542, "y": 1700}, {"x": 1536, "y": 1702}], [{"x": 1614, "y": 1077}, {"x": 1642, "y": 1057}, {"x": 1619, "y": 1067}], [{"x": 1663, "y": 1401}, {"x": 1679, "y": 1426}, {"x": 1683, "y": 1425}, {"x": 1685, "y": 1422}], [{"x": 1187, "y": 1639}, {"x": 1206, "y": 1637}, {"x": 1213, "y": 1633}, {"x": 1195, "y": 1611}, {"x": 1191, "y": 1615}], [{"x": 1668, "y": 1201}, {"x": 1674, "y": 1202}, {"x": 1677, "y": 1178}, {"x": 1674, "y": 1172}], [{"x": 1061, "y": 1612}, {"x": 1061, "y": 1630}, {"x": 1066, "y": 1629}, {"x": 1087, "y": 1614}], [{"x": 1453, "y": 1423}, {"x": 1471, "y": 1419}, {"x": 1477, "y": 1407}, {"x": 1476, "y": 1398}], [{"x": 1106, "y": 1833}, {"x": 1128, "y": 1858}, {"x": 1127, "y": 1837}], [{"x": 1474, "y": 1839}, {"x": 1492, "y": 1857}, {"x": 1502, "y": 1831}], [{"x": 1738, "y": 1742}, {"x": 1738, "y": 1761}, {"x": 1740, "y": 1758}], [{"x": 1236, "y": 1731}, {"x": 1241, "y": 1733}, {"x": 1259, "y": 1736}], [{"x": 1050, "y": 1363}, {"x": 1067, "y": 1390}, {"x": 1074, "y": 1388}, {"x": 1071, "y": 1366}], [{"x": 1330, "y": 1656}, {"x": 1357, "y": 1664}, {"x": 1359, "y": 1637}], [{"x": 1367, "y": 1096}, {"x": 1389, "y": 1081}, {"x": 1370, "y": 1079}], [{"x": 1759, "y": 1743}, {"x": 1779, "y": 1745}, {"x": 1784, "y": 1727}, {"x": 1767, "y": 1719}], [{"x": 1682, "y": 1534}, {"x": 1682, "y": 1537}, {"x": 1709, "y": 1537}, {"x": 1686, "y": 1514}], [{"x": 1228, "y": 1256}, {"x": 1235, "y": 1276}, {"x": 1249, "y": 1283}, {"x": 1250, "y": 1262}], [{"x": 1220, "y": 1580}, {"x": 1224, "y": 1604}, {"x": 1241, "y": 1603}, {"x": 1241, "y": 1596}, {"x": 1224, "y": 1575}], [{"x": 1812, "y": 1739}, {"x": 1814, "y": 1748}, {"x": 1827, "y": 1740}, {"x": 1825, "y": 1726}, {"x": 1814, "y": 1725}], [{"x": 1244, "y": 1624}, {"x": 1263, "y": 1625}, {"x": 1249, "y": 1604}, {"x": 1247, "y": 1608}], [{"x": 1239, "y": 1568}, {"x": 1239, "y": 1573}, {"x": 1241, "y": 1573}, {"x": 1241, "y": 1565}], [{"x": 1117, "y": 1722}, {"x": 1133, "y": 1746}, {"x": 1142, "y": 1744}, {"x": 1120, "y": 1719}], [{"x": 1538, "y": 1374}, {"x": 1558, "y": 1400}, {"x": 1557, "y": 1379}], [{"x": 1510, "y": 1820}, {"x": 1513, "y": 1836}, {"x": 1518, "y": 1840}, {"x": 1539, "y": 1837}, {"x": 1519, "y": 1815}], [{"x": 1328, "y": 1613}, {"x": 1342, "y": 1634}, {"x": 1346, "y": 1638}, {"x": 1348, "y": 1621}, {"x": 1344, "y": 1613}, {"x": 1343, "y": 1612}], [{"x": 1136, "y": 1713}, {"x": 1141, "y": 1713}, {"x": 1163, "y": 1710}, {"x": 1155, "y": 1690}, {"x": 1140, "y": 1704}, {"x": 1138, "y": 1706}], [{"x": 1768, "y": 1279}, {"x": 1790, "y": 1297}, {"x": 1790, "y": 1294}, {"x": 1788, "y": 1276}, {"x": 1787, "y": 1271}], [{"x": 1054, "y": 1308}, {"x": 1058, "y": 1329}, {"x": 1078, "y": 1331}, {"x": 1071, "y": 1315}, {"x": 1068, "y": 1313}], [{"x": 1651, "y": 1750}, {"x": 1651, "y": 1772}, {"x": 1669, "y": 1774}, {"x": 1674, "y": 1770}], [{"x": 1509, "y": 1636}, {"x": 1518, "y": 1640}, {"x": 1529, "y": 1638}, {"x": 1533, "y": 1632}], [{"x": 1143, "y": 1408}, {"x": 1166, "y": 1410}, {"x": 1162, "y": 1404}, {"x": 1146, "y": 1404}], [{"x": 1740, "y": 1407}, {"x": 1760, "y": 1412}, {"x": 1765, "y": 1408}, {"x": 1741, "y": 1407}], [{"x": 1355, "y": 1678}, {"x": 1356, "y": 1702}, {"x": 1375, "y": 1704}, {"x": 1379, "y": 1679}], [{"x": 1279, "y": 1779}, {"x": 1302, "y": 1785}, {"x": 1304, "y": 1783}, {"x": 1281, "y": 1776}], [{"x": 1315, "y": 1753}, {"x": 1332, "y": 1730}, {"x": 1319, "y": 1732}], [{"x": 1195, "y": 1386}, {"x": 1195, "y": 1409}, {"x": 1203, "y": 1412}, {"x": 1203, "y": 1391}], [{"x": 1606, "y": 1297}, {"x": 1608, "y": 1317}, {"x": 1632, "y": 1325}, {"x": 1613, "y": 1299}], [{"x": 1028, "y": 1304}, {"x": 1034, "y": 1311}, {"x": 1054, "y": 1328}, {"x": 1049, "y": 1307}], [{"x": 1666, "y": 1508}, {"x": 1670, "y": 1510}, {"x": 1690, "y": 1510}, {"x": 1682, "y": 1506}, {"x": 1669, "y": 1502}], [{"x": 1148, "y": 1148}, {"x": 1149, "y": 1166}, {"x": 1162, "y": 1172}, {"x": 1165, "y": 1171}, {"x": 1169, "y": 1165}], [{"x": 1845, "y": 1611}, {"x": 1865, "y": 1615}, {"x": 1868, "y": 1613}], [{"x": 1841, "y": 1023}, {"x": 1841, "y": 1026}, {"x": 1865, "y": 1022}, {"x": 1869, "y": 1004}], [{"x": 1830, "y": 1828}, {"x": 1830, "y": 1845}, {"x": 1851, "y": 1849}, {"x": 1851, "y": 1848}, {"x": 1848, "y": 1824}], [{"x": 1204, "y": 1731}, {"x": 1209, "y": 1736}, {"x": 1210, "y": 1731}, {"x": 1212, "y": 1710}], [{"x": 1381, "y": 1527}, {"x": 1388, "y": 1531}, {"x": 1409, "y": 1530}, {"x": 1400, "y": 1504}], [{"x": 997, "y": 1084}, {"x": 1007, "y": 1090}, {"x": 1025, "y": 1073}, {"x": 1020, "y": 1065}, {"x": 1019, "y": 1064}, {"x": 1004, "y": 1068}], [{"x": 1561, "y": 1654}, {"x": 1586, "y": 1660}, {"x": 1589, "y": 1654}, {"x": 1588, "y": 1634}], [{"x": 1823, "y": 1746}, {"x": 1845, "y": 1752}, {"x": 1849, "y": 1747}, {"x": 1847, "y": 1727}], [{"x": 1533, "y": 1617}, {"x": 1549, "y": 1626}, {"x": 1559, "y": 1625}, {"x": 1537, "y": 1599}], [{"x": 1629, "y": 1318}, {"x": 1629, "y": 1320}, {"x": 1639, "y": 1325}, {"x": 1633, "y": 1319}], [{"x": 1732, "y": 1185}, {"x": 1737, "y": 1186}, {"x": 1757, "y": 1181}, {"x": 1738, "y": 1163}], [{"x": 1622, "y": 1284}, {"x": 1631, "y": 1306}, {"x": 1646, "y": 1303}], [{"x": 1044, "y": 1462}, {"x": 1050, "y": 1468}, {"x": 1069, "y": 1465}], [{"x": 1172, "y": 1396}, {"x": 1190, "y": 1396}, {"x": 1193, "y": 1382}], [{"x": 1035, "y": 1386}, {"x": 1061, "y": 1411}, {"x": 1063, "y": 1404}], [{"x": 1624, "y": 1512}, {"x": 1624, "y": 1520}, {"x": 1653, "y": 1512}, {"x": 1652, "y": 1500}, {"x": 1648, "y": 1495}, {"x": 1631, "y": 1494}], [{"x": 1567, "y": 1082}, {"x": 1588, "y": 1089}, {"x": 1586, "y": 1079}, {"x": 1582, "y": 1060}], [{"x": 1538, "y": 1541}, {"x": 1553, "y": 1548}, {"x": 1555, "y": 1547}, {"x": 1555, "y": 1543}, {"x": 1552, "y": 1542}], [{"x": 1620, "y": 1732}, {"x": 1632, "y": 1757}, {"x": 1640, "y": 1730}, {"x": 1635, "y": 1729}], [{"x": 1847, "y": 1111}, {"x": 1860, "y": 1108}, {"x": 1857, "y": 1107}], [{"x": 1226, "y": 1357}, {"x": 1227, "y": 1359}, {"x": 1233, "y": 1357}, {"x": 1250, "y": 1338}], [{"x": 1326, "y": 1242}, {"x": 1327, "y": 1268}, {"x": 1346, "y": 1269}, {"x": 1351, "y": 1243}, {"x": 1341, "y": 1240}], [{"x": 1375, "y": 1215}, {"x": 1377, "y": 1224}, {"x": 1390, "y": 1220}, {"x": 1387, "y": 1196}], [{"x": 1773, "y": 1716}, {"x": 1795, "y": 1718}, {"x": 1803, "y": 1698}], [{"x": 1001, "y": 1354}, {"x": 1006, "y": 1372}, {"x": 1020, "y": 1352}], [{"x": 1318, "y": 1175}, {"x": 1337, "y": 1191}, {"x": 1341, "y": 1194}, {"x": 1343, "y": 1173}, {"x": 1337, "y": 1171}], [{"x": 1009, "y": 1613}, {"x": 1025, "y": 1612}, {"x": 1014, "y": 1588}], [{"x": 1479, "y": 1689}, {"x": 1502, "y": 1684}, {"x": 1509, "y": 1670}, {"x": 1482, "y": 1667}], [{"x": 1798, "y": 1139}, {"x": 1818, "y": 1140}, {"x": 1803, "y": 1137}]]}
