{"type": "CGSHOP2023_Instance", "name": "ccheese686", "n": 686, "outer_boundary": [{"x": 986, "y": 1553}, {"x": 974, "y": 1296}, {"x": 968, "y": 1264}, {"x": 995, "y": 1085}, {"x": 1018, "y": 990}, {"x": 1094, "y": 979}, {"x": 1401, "y": 983}, {"x": 1445, "y": 981}, {"x": 1470, "y": 983}, {"x": 1599, "y": 1012}, {"x": 1673, "y": 1159}, {"x": 1691, "y": 1197}, {"x": 1685, "y": 1262}, {"x": 1686, "y": 1605}, {"x": 1660, "y": 1615}, {"x": 1668, "y": 1663}, {"x": 1646, "y": 1671}, {"x": 1511, "y": 1693}, {"x": 1323, "y": 1690}, {"x": 1007, "y": 1693}, {"x": 978, "y": 1669}], "holes": [[{"x": 1094, "y": 1136}, {"x": 1096, "y": 1149}, {"x": 1104, "y": 1138}, {"x": 1104, "y": 1128}, {"x": 1097, "y": 1133}], [{"x": 1211, "y": 1541}, {"x": 1211, "y": 1556}, {"x": 1232, "y": 1555}, {"x": 1236, "y": 1537}], [{"x": 1610, "y": 1143}, {"x": 1632, "y": 1154}, {"x": 1640, "y": 1154}, {"x": 1617, "y": 1139}, {"x": 1612, "y": 1138}], [{"x": 1155, "y": 1299}, {"x": 1157, "y": 1325}, {"x": 1176, "y": 1319}, {"x": 1177, "y": 1317}, {"x": 1178, "y": 1300}], [{"x": 1359, "y": 1015}, {"x": 1364, "y": 1023}, {"x": 1367, "y": 1019}, {"x": 1381, "y": 1000}, {"x": 1368, "y": 1001}], [{"x": 1169, "y": 1082}, {"x": 1191, "y": 1100}, {"x": 1172, "y": 1080}], [{"x": 1293, "y": 1018}, {"x": 1294, "y": 1036}, {"x": 1303, "y": 1017}], [{"x": 1505, "y": 1281}, {"x": 1506, "y": 1282}, {"x": 1529, "y": 1281}, {"x": 1507, "y": 1269}], [{"x": 1481, "y": 1462}, {"x": 1509, "y": 1459}, {"x": 1506, "y": 1438}, {"x": 1503, "y": 1439}], [{"x": 1166, "y": 1608}, {"x": 1187, "y": 1606}, {"x": 1193, "y": 1585}, {"x": 1167, "y": 1585}], [{"x": 1002, "y": 1468}, {"x": 1021, "y": 1460}, {"x": 1023, "y": 1438}], [{"x": 1547, "y": 1354}, {"x": 1550, "y": 1358}, {"x": 1563, "y": 1358}, {"x": 1571, "y": 1350}, {"x": 1553, "y": 1329}], [{"x": 991, "y": 1293}, {"x": 991, "y": 1321}, {"x": 996, "y": 1313}, {"x": 999, "y": 1292}], [{"x": 1035, "y": 1010}, {"x": 1037, "y": 1034}, {"x": 1049, "y": 1035}, {"x": 1055, "y": 1028}], [{"x": 1611, "y": 1308}, {"x": 1611, "y": 1312}, {"x": 1616, "y": 1328}, {"x": 1616, "y": 1307}], [{"x": 1430, "y": 1509}, {"x": 1443, "y": 1529}, {"x": 1451, "y": 1524}, {"x": 1451, "y": 1506}], [{"x": 1053, "y": 1048}, {"x": 1054, "y": 1064}, {"x": 1060, "y": 1068}, {"x": 1079, "y": 1047}], [{"x": 1643, "y": 1403}, {"x": 1644, "y": 1412}, {"x": 1666, "y": 1406}, {"x": 1647, "y": 1384}], [{"x": 1282, "y": 1357}, {"x": 1295, "y": 1327}, {"x": 1294, "y": 1327}, {"x": 1292, "y": 1329}], [{"x": 1590, "y": 1547}, {"x": 1612, "y": 1565}, {"x": 1614, "y": 1566}, {"x": 1616, "y": 1566}, {"x": 1612, "y": 1547}], [{"x": 1023, "y": 1068}, {"x": 1025, "y": 1093}, {"x": 1047, "y": 1088}, {"x": 1027, "y": 1064}], [{"x": 1421, "y": 1586}, {"x": 1423, "y": 1603}, {"x": 1448, "y": 1605}, {"x": 1450, "y": 1581}, {"x": 1428, "y": 1580}], [{"x": 1176, "y": 1080}, {"x": 1197, "y": 1094}, {"x": 1206, "y": 1079}], [{"x": 1097, "y": 1233}, {"x": 1115, "y": 1259}, {"x": 1112, "y": 1234}], [{"x": 1136, "y": 1129}, {"x": 1139, "y": 1157}, {"x": 1160, "y": 1147}, {"x": 1145, "y": 1133}], [{"x": 1085, "y": 1465}, {"x": 1086, "y": 1485}, {"x": 1087, "y": 1492}, {"x": 1107, "y": 1495}, {"x": 1104, "y": 1487}], [{"x": 1404, "y": 1083}, {"x": 1423, "y": 1083}, {"x": 1427, "y": 1078}, {"x": 1426, "y": 1057}], [{"x": 1369, "y": 1493}, {"x": 1370, "y": 1511}, {"x": 1399, "y": 1509}, {"x": 1391, "y": 1495}, {"x": 1373, "y": 1493}], [{"x": 1520, "y": 1437}, {"x": 1520, "y": 1439}, {"x": 1523, "y": 1444}], [{"x": 1420, "y": 1251}, {"x": 1424, "y": 1266}, {"x": 1426, "y": 1269}], [{"x": 1618, "y": 1612}, {"x": 1636, "y": 1640}, {"x": 1637, "y": 1617}, {"x": 1634, "y": 1612}], [{"x": 1368, "y": 1612}, {"x": 1368, "y": 1617}, {"x": 1379, "y": 1613}], [{"x": 1593, "y": 1246}, {"x": 1594, "y": 1264}, {"x": 1614, "y": 1236}, {"x": 1597, "y": 1239}], [{"x": 1048, "y": 1013}, {"x": 1048, "y": 1015}, {"x": 1074, "y": 998}, {"x": 1067, "y": 992}], [{"x": 1469, "y": 1091}, {"x": 1494, "y": 1096}, {"x": 1490, "y": 1071}, {"x": 1472, "y": 1074}], [{"x": 1469, "y": 1282}, {"x": 1476, "y": 1305}, {"x": 1477, "y": 1299}, {"x": 1471, "y": 1278}], [{"x": 1370, "y": 1455}, {"x": 1385, "y": 1477}, {"x": 1389, "y": 1481}, {"x": 1387, "y": 1460}], [{"x": 1218, "y": 1287}, {"x": 1240, "y": 1297}, {"x": 1241, "y": 1289}, {"x": 1241, "y": 1287}, {"x": 1237, "y": 1274}, {"x": 1223, "y": 1272}], [{"x": 1506, "y": 1562}, {"x": 1515, "y": 1560}, {"x": 1528, "y": 1544}], [{"x": 1335, "y": 1147}, {"x": 1350, "y": 1164}, {"x": 1356, "y": 1141}, {"x": 1337, "y": 1141}], [{"x": 1470, "y": 1594}, {"x": 1498, "y": 1596}, {"x": 1492, "y": 1577}, {"x": 1471, "y": 1574}], [{"x": 1586, "y": 1296}, {"x": 1610, "y": 1298}, {"x": 1608, "y": 1274}, {"x": 1590, "y": 1280}], [{"x": 1164, "y": 1157}, {"x": 1164, "y": 1163}, {"x": 1191, "y": 1176}, {"x": 1174, "y": 1157}], [{"x": 1535, "y": 1155}, {"x": 1560, "y": 1155}, {"x": 1563, "y": 1152}, {"x": 1560, "y": 1140}, {"x": 1555, "y": 1137}], [{"x": 1496, "y": 1026}, {"x": 1497, "y": 1044}, {"x": 1524, "y": 1044}, {"x": 1499, "y": 1026}], [{"x": 1197, "y": 1543}, {"x": 1207, "y": 1562}, {"x": 1206, "y": 1540}], [{"x": 1529, "y": 1274}, {"x": 1535, "y": 1290}, {"x": 1555, "y": 1268}], [{"x": 1160, "y": 1612}, {"x": 1163, "y": 1618}, {"x": 1184, "y": 1632}, {"x": 1184, "y": 1610}, {"x": 1166, "y": 1611}], [{"x": 1283, "y": 1195}, {"x": 1283, "y": 1211}, {"x": 1289, "y": 1218}, {"x": 1308, "y": 1192}, {"x": 1308, "y": 1191}], [{"x": 1188, "y": 1385}, {"x": 1189, "y": 1389}, {"x": 1197, "y": 1391}, {"x": 1194, "y": 1367}], [{"x": 1289, "y": 1556}, {"x": 1292, "y": 1583}, {"x": 1317, "y": 1558}, {"x": 1312, "y": 1554}], [{"x": 1382, "y": 1584}, {"x": 1405, "y": 1606}, {"x": 1392, "y": 1584}], [{"x": 1401, "y": 1632}, {"x": 1406, "y": 1652}, {"x": 1404, "y": 1638}], [{"x": 1596, "y": 1525}, {"x": 1616, "y": 1523}, {"x": 1619, "y": 1511}, {"x": 1611, "y": 1504}, {"x": 1599, "y": 1504}], [{"x": 1606, "y": 1267}, {"x": 1613, "y": 1274}, {"x": 1634, "y": 1269}, {"x": 1630, "y": 1246}, {"x": 1607, "y": 1266}], [{"x": 1259, "y": 1489}, {"x": 1261, "y": 1504}, {"x": 1279, "y": 1504}], [{"x": 1314, "y": 1327}, {"x": 1335, "y": 1336}, {"x": 1336, "y": 1315}], [{"x": 1464, "y": 1242}, {"x": 1465, "y": 1248}, {"x": 1472, "y": 1227}, {"x": 1470, "y": 1228}], [{"x": 1458, "y": 1162}, {"x": 1477, "y": 1160}, {"x": 1473, "y": 1154}], [{"x": 1515, "y": 1636}, {"x": 1521, "y": 1637}, {"x": 1522, "y": 1635}], [{"x": 1044, "y": 1155}, {"x": 1060, "y": 1154}, {"x": 1061, "y": 1153}, {"x": 1057, "y": 1152}], [{"x": 1213, "y": 1357}, {"x": 1222, "y": 1362}, {"x": 1238, "y": 1340}], [{"x": 1287, "y": 1519}, {"x": 1316, "y": 1520}, {"x": 1307, "y": 1500}], [{"x": 1547, "y": 1064}, {"x": 1573, "y": 1064}, {"x": 1573, "y": 1044}, {"x": 1567, "y": 1043}, {"x": 1550, "y": 1045}], [{"x": 1143, "y": 1616}, {"x": 1157, "y": 1617}, {"x": 1166, "y": 1597}, {"x": 1160, "y": 1593}, {"x": 1144, "y": 1611}], [{"x": 1597, "y": 1390}, {"x": 1599, "y": 1394}, {"x": 1621, "y": 1390}, {"x": 1625, "y": 1368}, {"x": 1607, "y": 1374}], [{"x": 1009, "y": 1521}, {"x": 1036, "y": 1502}, {"x": 1034, "y": 1493}, {"x": 1026, "y": 1495}, {"x": 1010, "y": 1518}], [{"x": 1352, "y": 1369}, {"x": 1372, "y": 1373}, {"x": 1380, "y": 1370}, {"x": 1357, "y": 1345}], [{"x": 1635, "y": 1298}, {"x": 1655, "y": 1321}, {"x": 1657, "y": 1320}, {"x": 1638, "y": 1300}], [{"x": 1422, "y": 1541}, {"x": 1422, "y": 1557}, {"x": 1445, "y": 1554}], [{"x": 1049, "y": 1404}, {"x": 1056, "y": 1406}, {"x": 1073, "y": 1403}], [{"x": 1403, "y": 1386}, {"x": 1411, "y": 1415}, {"x": 1425, "y": 1415}, {"x": 1432, "y": 1412}, {"x": 1431, "y": 1406}, {"x": 1422, "y": 1392}], [{"x": 1553, "y": 1382}, {"x": 1572, "y": 1383}, {"x": 1576, "y": 1381}], [{"x": 1299, "y": 1237}, {"x": 1321, "y": 1237}, {"x": 1315, "y": 1212}], [{"x": 1227, "y": 1127}, {"x": 1227, "y": 1128}, {"x": 1243, "y": 1133}, {"x": 1249, "y": 1126}], [{"x": 1473, "y": 1665}, {"x": 1489, "y": 1670}, {"x": 1491, "y": 1645}, {"x": 1485, "y": 1645}], [{"x": 1459, "y": 1454}, {"x": 1480, "y": 1445}, {"x": 1468, "y": 1428}, {"x": 1467, "y": 1427}], [{"x": 1075, "y": 1400}, {"x": 1098, "y": 1404}, {"x": 1078, "y": 1380}], [{"x": 1254, "y": 1117}, {"x": 1260, "y": 1115}, {"x": 1257, "y": 1110}], [{"x": 1005, "y": 1341}, {"x": 1027, "y": 1367}, {"x": 1033, "y": 1370}, {"x": 1033, "y": 1342}], [{"x": 1385, "y": 1254}, {"x": 1388, "y": 1280}, {"x": 1389, "y": 1280}, {"x": 1409, "y": 1255}], [{"x": 1111, "y": 1582}, {"x": 1113, "y": 1584}, {"x": 1139, "y": 1578}, {"x": 1134, "y": 1561}], [{"x": 1194, "y": 1326}, {"x": 1199, "y": 1331}, {"x": 1214, "y": 1331}, {"x": 1223, "y": 1314}, {"x": 1217, "y": 1315}], [{"x": 1482, "y": 1219}, {"x": 1484, "y": 1223}, {"x": 1506, "y": 1204}, {"x": 1486, "y": 1203}], [{"x": 1437, "y": 1368}, {"x": 1443, "y": 1388}, {"x": 1454, "y": 1376}, {"x": 1457, "y": 1371}], [{"x": 1454, "y": 1074}, {"x": 1455, "y": 1076}, {"x": 1478, "y": 1052}], [{"x": 1198, "y": 1599}, {"x": 1199, "y": 1619}, {"x": 1216, "y": 1600}, {"x": 1202, "y": 1593}, {"x": 1199, "y": 1596}], [{"x": 1250, "y": 1350}, {"x": 1269, "y": 1372}, {"x": 1275, "y": 1373}, {"x": 1255, "y": 1345}, {"x": 1252, "y": 1344}], [{"x": 1343, "y": 1012}, {"x": 1345, "y": 1032}, {"x": 1349, "y": 1039}, {"x": 1365, "y": 1038}, {"x": 1368, "y": 1031}], [{"x": 1506, "y": 1239}, {"x": 1510, "y": 1241}, {"x": 1532, "y": 1246}, {"x": 1532, "y": 1237}, {"x": 1525, "y": 1218}], [{"x": 1421, "y": 1200}, {"x": 1447, "y": 1213}, {"x": 1444, "y": 1190}], [{"x": 1485, "y": 1193}, {"x": 1486, "y": 1195}, {"x": 1505, "y": 1174}, {"x": 1489, "y": 1178}], [{"x": 1247, "y": 1063}, {"x": 1257, "y": 1073}, {"x": 1274, "y": 1079}, {"x": 1277, "y": 1057}, {"x": 1253, "y": 1056}], [{"x": 1148, "y": 1342}, {"x": 1149, "y": 1365}, {"x": 1169, "y": 1367}, {"x": 1168, "y": 1349}], [{"x": 1329, "y": 1093}, {"x": 1351, "y": 1095}, {"x": 1331, "y": 1068}], [{"x": 1294, "y": 1252}, {"x": 1313, "y": 1255}, {"x": 1296, "y": 1251}], [{"x": 1145, "y": 1206}, {"x": 1163, "y": 1207}, {"x": 1169, "y": 1192}, {"x": 1167, "y": 1185}], [{"x": 1588, "y": 1597}, {"x": 1610, "y": 1618}, {"x": 1617, "y": 1601}, {"x": 1598, "y": 1594}], [{"x": 1602, "y": 1628}, {"x": 1621, "y": 1653}, {"x": 1622, "y": 1634}], [{"x": 1259, "y": 1224}, {"x": 1262, "y": 1229}, {"x": 1283, "y": 1224}], [{"x": 1231, "y": 1609}, {"x": 1250, "y": 1631}, {"x": 1239, "y": 1601}], [{"x": 1156, "y": 1280}, {"x": 1182, "y": 1259}, {"x": 1181, "y": 1255}, {"x": 1157, "y": 1256}], [{"x": 1295, "y": 1093}, {"x": 1310, "y": 1110}, {"x": 1311, "y": 1110}, {"x": 1319, "y": 1093}, {"x": 1312, "y": 1090}], [{"x": 1394, "y": 1223}, {"x": 1394, "y": 1231}, {"x": 1413, "y": 1210}], [{"x": 1361, "y": 1147}, {"x": 1381, "y": 1171}, {"x": 1374, "y": 1148}], [{"x": 1459, "y": 1137}, {"x": 1464, "y": 1153}, {"x": 1487, "y": 1134}], [{"x": 1649, "y": 1579}, {"x": 1666, "y": 1596}, {"x": 1673, "y": 1595}, {"x": 1673, "y": 1574}], [{"x": 1186, "y": 1326}, {"x": 1188, "y": 1347}, {"x": 1211, "y": 1348}, {"x": 1212, "y": 1346}], [{"x": 1569, "y": 1399}, {"x": 1582, "y": 1401}, {"x": 1579, "y": 1396}], [{"x": 1220, "y": 1162}, {"x": 1229, "y": 1171}, {"x": 1230, "y": 1166}, {"x": 1227, "y": 1151}], [{"x": 1121, "y": 1454}, {"x": 1121, "y": 1455}, {"x": 1131, "y": 1480}, {"x": 1150, "y": 1482}, {"x": 1142, "y": 1472}, {"x": 1125, "y": 1453}], [{"x": 1247, "y": 1357}, {"x": 1249, "y": 1373}, {"x": 1267, "y": 1376}], [{"x": 1634, "y": 1254}, {"x": 1637, "y": 1277}, {"x": 1655, "y": 1252}], [{"x": 1195, "y": 1510}, {"x": 1216, "y": 1514}, {"x": 1222, "y": 1514}, {"x": 1222, "y": 1505}], [{"x": 1202, "y": 1230}, {"x": 1202, "y": 1249}, {"x": 1226, "y": 1236}], [{"x": 1071, "y": 1473}, {"x": 1078, "y": 1472}, {"x": 1095, "y": 1443}, {"x": 1080, "y": 1443}], [{"x": 1547, "y": 1244}, {"x": 1550, "y": 1253}, {"x": 1555, "y": 1234}, {"x": 1548, "y": 1228}], [{"x": 1642, "y": 1283}, {"x": 1644, "y": 1304}, {"x": 1664, "y": 1280}], [{"x": 1066, "y": 1534}, {"x": 1069, "y": 1548}, {"x": 1094, "y": 1530}, {"x": 1072, "y": 1532}], [{"x": 1388, "y": 1283}, {"x": 1391, "y": 1287}, {"x": 1416, "y": 1292}], [{"x": 1279, "y": 1073}, {"x": 1283, "y": 1078}, {"x": 1296, "y": 1072}, {"x": 1302, "y": 1058}, {"x": 1297, "y": 1051}], [{"x": 1416, "y": 1001}, {"x": 1435, "y": 1024}, {"x": 1439, "y": 1020}, {"x": 1441, "y": 1005}], [{"x": 1446, "y": 1312}, {"x": 1448, "y": 1335}, {"x": 1461, "y": 1335}, {"x": 1470, "y": 1334}, {"x": 1469, "y": 1310}], [{"x": 1656, "y": 1176}, {"x": 1656, "y": 1197}, {"x": 1658, "y": 1183}], [{"x": 1073, "y": 1626}, {"x": 1074, "y": 1633}, {"x": 1097, "y": 1627}, {"x": 1078, "y": 1606}], [{"x": 1583, "y": 1515}, {"x": 1587, "y": 1514}, {"x": 1606, "y": 1489}, {"x": 1590, "y": 1490}, {"x": 1586, "y": 1498}], [{"x": 1333, "y": 1644}, {"x": 1352, "y": 1673}, {"x": 1350, "y": 1652}], [{"x": 1304, "y": 1371}, {"x": 1309, "y": 1392}, {"x": 1330, "y": 1388}, {"x": 1308, "y": 1368}], [{"x": 1251, "y": 1174}, {"x": 1273, "y": 1153}, {"x": 1253, "y": 1156}], [{"x": 1049, "y": 1628}, {"x": 1050, "y": 1637}, {"x": 1069, "y": 1615}, {"x": 1050, "y": 1608}], [{"x": 1384, "y": 1173}, {"x": 1386, "y": 1193}, {"x": 1387, "y": 1195}, {"x": 1406, "y": 1178}, {"x": 1406, "y": 1175}], [{"x": 1072, "y": 1056}, {"x": 1089, "y": 1076}, {"x": 1091, "y": 1055}], [{"x": 1028, "y": 1575}, {"x": 1029, "y": 1600}, {"x": 1032, "y": 1599}, {"x": 1049, "y": 1582}], [{"x": 1272, "y": 1476}, {"x": 1277, "y": 1500}, {"x": 1298, "y": 1499}, {"x": 1298, "y": 1476}], [{"x": 1322, "y": 1180}, {"x": 1324, "y": 1183}, {"x": 1341, "y": 1188}, {"x": 1340, "y": 1162}], [{"x": 1152, "y": 1104}, {"x": 1170, "y": 1122}, {"x": 1180, "y": 1124}, {"x": 1174, "y": 1102}, {"x": 1171, "y": 1100}], [{"x": 1134, "y": 1266}, {"x": 1137, "y": 1289}, {"x": 1156, "y": 1292}, {"x": 1151, "y": 1269}], [{"x": 1554, "y": 1406}, {"x": 1555, "y": 1427}, {"x": 1580, "y": 1433}, {"x": 1581, "y": 1407}], [{"x": 1246, "y": 1464}, {"x": 1270, "y": 1462}, {"x": 1273, "y": 1448}, {"x": 1271, "y": 1444}], [{"x": 1497, "y": 1099}, {"x": 1514, "y": 1099}, {"x": 1518, "y": 1078}], [{"x": 1465, "y": 1488}, {"x": 1468, "y": 1508}, {"x": 1471, "y": 1515}, {"x": 1472, "y": 1515}, {"x": 1492, "y": 1510}, {"x": 1472, "y": 1492}], [{"x": 1320, "y": 1273}, {"x": 1334, "y": 1293}, {"x": 1341, "y": 1297}], [{"x": 1169, "y": 1355}, {"x": 1170, "y": 1368}, {"x": 1176, "y": 1376}], [{"x": 997, "y": 1571}, {"x": 997, "y": 1575}, {"x": 1019, "y": 1555}], [{"x": 1154, "y": 1430}, {"x": 1159, "y": 1432}, {"x": 1158, "y": 1428}], [{"x": 1176, "y": 1461}, {"x": 1190, "y": 1461}, {"x": 1192, "y": 1442}], [{"x": 1437, "y": 1110}, {"x": 1463, "y": 1092}, {"x": 1455, "y": 1093}], [{"x": 1396, "y": 1484}, {"x": 1398, "y": 1482}, {"x": 1402, "y": 1462}, {"x": 1401, "y": 1461}], [{"x": 1502, "y": 1657}, {"x": 1502, "y": 1667}, {"x": 1527, "y": 1665}, {"x": 1528, "y": 1663}, {"x": 1528, "y": 1638}, {"x": 1526, "y": 1638}], [{"x": 1450, "y": 1625}, {"x": 1457, "y": 1629}, {"x": 1457, "y": 1619}, {"x": 1452, "y": 1608}], [{"x": 1283, "y": 1411}, {"x": 1287, "y": 1416}, {"x": 1308, "y": 1412}, {"x": 1312, "y": 1407}, {"x": 1290, "y": 1391}], [{"x": 1058, "y": 1495}, {"x": 1058, "y": 1517}, {"x": 1082, "y": 1518}, {"x": 1084, "y": 1514}, {"x": 1085, "y": 1497}], [{"x": 1489, "y": 1628}, {"x": 1490, "y": 1640}, {"x": 1507, "y": 1645}, {"x": 1509, "y": 1642}], [{"x": 1122, "y": 1417}, {"x": 1129, "y": 1435}, {"x": 1144, "y": 1443}, {"x": 1146, "y": 1422}, {"x": 1145, "y": 1421}], [{"x": 1259, "y": 1277}, {"x": 1264, "y": 1299}, {"x": 1283, "y": 1295}, {"x": 1280, "y": 1271}], [{"x": 1630, "y": 1596}, {"x": 1646, "y": 1619}, {"x": 1649, "y": 1620}, {"x": 1648, "y": 1599}, {"x": 1631, "y": 1593}], [{"x": 1131, "y": 1535}, {"x": 1154, "y": 1558}, {"x": 1158, "y": 1558}, {"x": 1151, "y": 1536}, {"x": 1139, "y": 1533}], [{"x": 1647, "y": 1266}, {"x": 1648, "y": 1277}, {"x": 1663, "y": 1265}], [{"x": 1459, "y": 1259}, {"x": 1462, "y": 1260}, {"x": 1476, "y": 1253}, {"x": 1476, "y": 1252}, {"x": 1475, "y": 1238}], [{"x": 1188, "y": 1468}, {"x": 1207, "y": 1465}, {"x": 1206, "y": 1446}], [{"x": 1341, "y": 1175}, {"x": 1344, "y": 1185}, {"x": 1367, "y": 1186}, {"x": 1370, "y": 1170}, {"x": 1367, "y": 1166}, {"x": 1343, "y": 1174}], [{"x": 1578, "y": 1453}, {"x": 1582, "y": 1461}, {"x": 1597, "y": 1471}, {"x": 1604, "y": 1456}, {"x": 1596, "y": 1452}], [{"x": 1200, "y": 1028}, {"x": 1220, "y": 1058}, {"x": 1220, "y": 1033}], [{"x": 1132, "y": 1068}, {"x": 1133, "y": 1079}, {"x": 1145, "y": 1087}, {"x": 1150, "y": 1085}, {"x": 1152, "y": 1067}, {"x": 1134, "y": 1064}], [{"x": 1574, "y": 1153}, {"x": 1600, "y": 1154}, {"x": 1598, "y": 1132}, {"x": 1596, "y": 1127}, {"x": 1576, "y": 1127}], [{"x": 1338, "y": 1243}, {"x": 1364, "y": 1224}, {"x": 1366, "y": 1218}, {"x": 1357, "y": 1217}, {"x": 1342, "y": 1224}], [{"x": 999, "y": 1636}, {"x": 1018, "y": 1661}, {"x": 1019, "y": 1636}]]}
