{"type": "CGSHOP2023_Instance", "name": "ccheese459", "n": 459, "outer_boundary": [{"x": 1066, "y": 1547}, {"x": 1015, "y": 1483}, {"x": 971, "y": 1302}, {"x": 1001, "y": 1161}, {"x": 1008, "y": 1127}, {"x": 1058, "y": 977}, {"x": 1102, "y": 970}, {"x": 1525, "y": 987}, {"x": 1563, "y": 1105}, {"x": 1562, "y": 1197}, {"x": 1559, "y": 1322}, {"x": 1547, "y": 1507}, {"x": 1517, "y": 1508}, {"x": 1248, "y": 1572}], "holes": [[{"x": 1441, "y": 1151}, {"x": 1452, "y": 1142}, {"x": 1459, "y": 1126}, {"x": 1453, "y": 1124}], [{"x": 1194, "y": 1399}, {"x": 1194, "y": 1400}, {"x": 1197, "y": 1421}, {"x": 1203, "y": 1425}, {"x": 1203, "y": 1403}], [{"x": 1308, "y": 1322}, {"x": 1328, "y": 1318}, {"x": 1333, "y": 1307}, {"x": 1335, "y": 1300}, {"x": 1315, "y": 1305}], [{"x": 1037, "y": 1508}, {"x": 1055, "y": 1529}, {"x": 1059, "y": 1526}, {"x": 1057, "y": 1520}], [{"x": 1499, "y": 1350}, {"x": 1526, "y": 1354}, {"x": 1521, "y": 1330}], [{"x": 1192, "y": 1099}, {"x": 1192, "y": 1102}, {"x": 1196, "y": 1104}], [{"x": 1167, "y": 1417}, {"x": 1169, "y": 1442}, {"x": 1192, "y": 1446}], [{"x": 1060, "y": 1162}, {"x": 1083, "y": 1162}, {"x": 1063, "y": 1133}], [{"x": 1014, "y": 1148}, {"x": 1018, "y": 1155}, {"x": 1034, "y": 1165}], [{"x": 1428, "y": 1458}, {"x": 1447, "y": 1454}, {"x": 1450, "y": 1452}, {"x": 1449, "y": 1432}, {"x": 1429, "y": 1436}], [{"x": 1023, "y": 1107}, {"x": 1023, "y": 1129}, {"x": 1045, "y": 1131}, {"x": 1029, "y": 1103}], [{"x": 1056, "y": 1372}, {"x": 1058, "y": 1387}, {"x": 1086, "y": 1393}, {"x": 1080, "y": 1371}, {"x": 1079, "y": 1368}, {"x": 1060, "y": 1367}], [{"x": 1188, "y": 1082}, {"x": 1209, "y": 1108}, {"x": 1214, "y": 1109}, {"x": 1213, "y": 1090}, {"x": 1193, "y": 1083}], [{"x": 1286, "y": 1431}, {"x": 1309, "y": 1413}, {"x": 1288, "y": 1407}], [{"x": 1216, "y": 1210}, {"x": 1219, "y": 1225}, {"x": 1240, "y": 1226}, {"x": 1244, "y": 1225}, {"x": 1238, "y": 1208}, {"x": 1225, "y": 1208}], [{"x": 1067, "y": 1495}, {"x": 1093, "y": 1493}, {"x": 1092, "y": 1475}, {"x": 1088, "y": 1465}, {"x": 1069, "y": 1468}], [{"x": 1211, "y": 1208}, {"x": 1235, "y": 1206}, {"x": 1232, "y": 1203}, {"x": 1213, "y": 1189}], [{"x": 1527, "y": 1095}, {"x": 1537, "y": 1113}, {"x": 1552, "y": 1085}, {"x": 1529, "y": 1091}], [{"x": 1195, "y": 1446}, {"x": 1214, "y": 1468}, {"x": 1211, "y": 1443}, {"x": 1210, "y": 1442}, {"x": 1196, "y": 1444}], [{"x": 1410, "y": 1239}, {"x": 1425, "y": 1236}, {"x": 1428, "y": 1232}], [{"x": 1331, "y": 1033}, {"x": 1352, "y": 1053}, {"x": 1356, "y": 1039}, {"x": 1355, "y": 1035}], [{"x": 1203, "y": 1540}, {"x": 1219, "y": 1544}, {"x": 1220, "y": 1516}], [{"x": 1193, "y": 1270}, {"x": 1193, "y": 1293}, {"x": 1217, "y": 1269}], [{"x": 1485, "y": 1026}, {"x": 1494, "y": 1032}, {"x": 1513, "y": 1034}, {"x": 1514, "y": 1005}, {"x": 1491, "y": 1012}], [{"x": 1090, "y": 1356}, {"x": 1091, "y": 1359}, {"x": 1095, "y": 1365}, {"x": 1091, "y": 1355}], [{"x": 1314, "y": 1509}, {"x": 1340, "y": 1534}, {"x": 1342, "y": 1527}, {"x": 1339, "y": 1509}], [{"x": 1072, "y": 1069}, {"x": 1073, "y": 1090}, {"x": 1086, "y": 1091}, {"x": 1095, "y": 1090}], [{"x": 1399, "y": 1072}, {"x": 1399, "y": 1096}, {"x": 1421, "y": 1093}, {"x": 1421, "y": 1078}], [{"x": 1268, "y": 1133}, {"x": 1269, "y": 1139}, {"x": 1288, "y": 1120}, {"x": 1270, "y": 1116}], [{"x": 1115, "y": 1096}, {"x": 1118, "y": 1110}, {"x": 1120, "y": 1114}, {"x": 1134, "y": 1115}, {"x": 1136, "y": 1093}], [{"x": 1371, "y": 1323}, {"x": 1379, "y": 1329}, {"x": 1392, "y": 1330}], [{"x": 1080, "y": 1070}, {"x": 1108, "y": 1052}, {"x": 1099, "y": 1046}, {"x": 1088, "y": 1049}, {"x": 1082, "y": 1053}], [{"x": 1085, "y": 1249}, {"x": 1105, "y": 1253}, {"x": 1088, "y": 1234}], [{"x": 1337, "y": 1175}, {"x": 1348, "y": 1171}, {"x": 1351, "y": 1156}], [{"x": 1093, "y": 1345}, {"x": 1096, "y": 1371}, {"x": 1096, "y": 1345}], [{"x": 1138, "y": 1424}, {"x": 1138, "y": 1425}, {"x": 1144, "y": 1433}, {"x": 1159, "y": 1425}, {"x": 1166, "y": 1408}], [{"x": 1278, "y": 1094}, {"x": 1284, "y": 1094}, {"x": 1279, "y": 1074}], [{"x": 991, "y": 1322}, {"x": 995, "y": 1325}, {"x": 1015, "y": 1324}], [{"x": 1348, "y": 1270}, {"x": 1368, "y": 1280}, {"x": 1374, "y": 1278}, {"x": 1368, "y": 1273}], [{"x": 1150, "y": 1198}, {"x": 1168, "y": 1193}, {"x": 1168, "y": 1178}, {"x": 1155, "y": 1192}], [{"x": 1049, "y": 1196}, {"x": 1053, "y": 1213}, {"x": 1058, "y": 1216}, {"x": 1076, "y": 1218}], [{"x": 1089, "y": 1125}, {"x": 1092, "y": 1151}, {"x": 1098, "y": 1147}, {"x": 1111, "y": 1129}], [{"x": 1385, "y": 1023}, {"x": 1385, "y": 1041}, {"x": 1398, "y": 1051}], [{"x": 1166, "y": 1486}, {"x": 1172, "y": 1505}, {"x": 1191, "y": 1483}, {"x": 1173, "y": 1483}], [{"x": 1336, "y": 1179}, {"x": 1336, "y": 1197}, {"x": 1358, "y": 1203}, {"x": 1357, "y": 1199}], [{"x": 1163, "y": 1236}, {"x": 1164, "y": 1256}, {"x": 1185, "y": 1262}, {"x": 1185, "y": 1237}, {"x": 1168, "y": 1234}], [{"x": 1325, "y": 1342}, {"x": 1326, "y": 1366}, {"x": 1328, "y": 1368}, {"x": 1353, "y": 1350}, {"x": 1351, "y": 1348}], [{"x": 1034, "y": 1171}, {"x": 1039, "y": 1198}, {"x": 1056, "y": 1192}], [{"x": 1429, "y": 1242}, {"x": 1452, "y": 1249}, {"x": 1454, "y": 1223}, {"x": 1444, "y": 1221}, {"x": 1431, "y": 1226}], [{"x": 1245, "y": 1528}, {"x": 1264, "y": 1554}, {"x": 1266, "y": 1547}, {"x": 1252, "y": 1533}], [{"x": 1386, "y": 1162}, {"x": 1389, "y": 1184}, {"x": 1411, "y": 1178}, {"x": 1413, "y": 1165}], [{"x": 1494, "y": 1268}, {"x": 1500, "y": 1269}, {"x": 1498, "y": 1246}], [{"x": 1468, "y": 1019}, {"x": 1471, "y": 1029}, {"x": 1474, "y": 1036}, {"x": 1478, "y": 1039}, {"x": 1478, "y": 1034}], [{"x": 1135, "y": 1504}, {"x": 1137, "y": 1515}, {"x": 1163, "y": 1517}, {"x": 1161, "y": 1497}], [{"x": 1195, "y": 1043}, {"x": 1215, "y": 1042}, {"x": 1212, "y": 1016}, {"x": 1207, "y": 1021}], [{"x": 1506, "y": 1230}, {"x": 1509, "y": 1233}, {"x": 1526, "y": 1230}, {"x": 1527, "y": 1227}, {"x": 1511, "y": 1211}], [{"x": 1381, "y": 1299}, {"x": 1409, "y": 1293}, {"x": 1407, "y": 1276}, {"x": 1402, "y": 1278}, {"x": 1384, "y": 1295}], [{"x": 1243, "y": 1321}, {"x": 1252, "y": 1314}, {"x": 1252, "y": 1303}, {"x": 1246, "y": 1295}], [{"x": 1218, "y": 1330}, {"x": 1222, "y": 1356}, {"x": 1246, "y": 1348}, {"x": 1224, "y": 1327}], [{"x": 1268, "y": 1326}, {"x": 1272, "y": 1350}, {"x": 1284, "y": 1347}, {"x": 1289, "y": 1344}], [{"x": 1355, "y": 1134}, {"x": 1377, "y": 1133}, {"x": 1357, "y": 1127}], [{"x": 1203, "y": 1072}, {"x": 1230, "y": 1047}, {"x": 1227, "y": 1042}], [{"x": 1010, "y": 1348}, {"x": 1010, "y": 1365}, {"x": 1013, "y": 1373}, {"x": 1033, "y": 1368}, {"x": 1029, "y": 1352}], [{"x": 1475, "y": 1089}, {"x": 1480, "y": 1095}, {"x": 1500, "y": 1111}, {"x": 1503, "y": 1107}, {"x": 1493, "y": 1094}], [{"x": 1031, "y": 1441}, {"x": 1033, "y": 1463}, {"x": 1057, "y": 1460}, {"x": 1032, "y": 1436}], [{"x": 1044, "y": 1093}, {"x": 1069, "y": 1093}, {"x": 1062, "y": 1072}], [{"x": 1285, "y": 1403}, {"x": 1289, "y": 1406}, {"x": 1291, "y": 1402}, {"x": 1290, "y": 1386}], [{"x": 1510, "y": 1155}, {"x": 1513, "y": 1155}, {"x": 1538, "y": 1141}, {"x": 1535, "y": 1138}], [{"x": 1320, "y": 1264}, {"x": 1325, "y": 1289}, {"x": 1345, "y": 1271}], [{"x": 1266, "y": 1440}, {"x": 1286, "y": 1457}, {"x": 1283, "y": 1438}, {"x": 1269, "y": 1438}], [{"x": 1372, "y": 1358}, {"x": 1373, "y": 1382}, {"x": 1395, "y": 1374}, {"x": 1395, "y": 1363}, {"x": 1375, "y": 1353}], [{"x": 1509, "y": 1497}, {"x": 1527, "y": 1497}, {"x": 1534, "y": 1491}, {"x": 1527, "y": 1479}, {"x": 1510, "y": 1469}], [{"x": 1336, "y": 1377}, {"x": 1338, "y": 1384}, {"x": 1343, "y": 1380}, {"x": 1343, "y": 1359}, {"x": 1338, "y": 1362}], [{"x": 1444, "y": 1154}, {"x": 1466, "y": 1179}, {"x": 1468, "y": 1175}, {"x": 1461, "y": 1155}], [{"x": 1114, "y": 1306}, {"x": 1117, "y": 1303}, {"x": 1117, "y": 1297}], [{"x": 1482, "y": 1409}, {"x": 1503, "y": 1418}, {"x": 1502, "y": 1392}, {"x": 1496, "y": 1388}], [{"x": 1309, "y": 1502}, {"x": 1334, "y": 1484}, {"x": 1333, "y": 1483}, {"x": 1312, "y": 1499}], [{"x": 1009, "y": 1307}, {"x": 1026, "y": 1304}, {"x": 1028, "y": 1285}], [{"x": 1427, "y": 1385}, {"x": 1445, "y": 1385}, {"x": 1446, "y": 1381}, {"x": 1444, "y": 1363}], [{"x": 1219, "y": 1367}, {"x": 1219, "y": 1370}, {"x": 1233, "y": 1384}, {"x": 1240, "y": 1368}, {"x": 1236, "y": 1366}], [{"x": 1118, "y": 1490}, {"x": 1124, "y": 1491}, {"x": 1147, "y": 1490}], [{"x": 1380, "y": 1134}, {"x": 1383, "y": 1136}, {"x": 1385, "y": 1137}, {"x": 1405, "y": 1134}], [{"x": 1117, "y": 1204}, {"x": 1120, "y": 1208}, {"x": 1145, "y": 1209}, {"x": 1143, "y": 1181}, {"x": 1123, "y": 1182}], [{"x": 1241, "y": 1035}, {"x": 1245, "y": 1042}, {"x": 1262, "y": 1018}, {"x": 1261, "y": 1015}], [{"x": 1120, "y": 1017}, {"x": 1122, "y": 1016}, {"x": 1129, "y": 996}, {"x": 1123, "y": 994}, {"x": 1122, "y": 996}], [{"x": 1391, "y": 1483}, {"x": 1417, "y": 1480}, {"x": 1400, "y": 1464}], [{"x": 1526, "y": 1322}, {"x": 1541, "y": 1345}, {"x": 1544, "y": 1338}], [{"x": 1232, "y": 1267}, {"x": 1258, "y": 1262}, {"x": 1256, "y": 1248}, {"x": 1253, "y": 1238}], [{"x": 1274, "y": 1066}, {"x": 1287, "y": 1086}, {"x": 1293, "y": 1066}], [{"x": 1527, "y": 1241}, {"x": 1549, "y": 1241}, {"x": 1551, "y": 1220}, {"x": 1548, "y": 1213}, {"x": 1534, "y": 1223}], [{"x": 1027, "y": 1331}, {"x": 1030, "y": 1329}, {"x": 1033, "y": 1325}, {"x": 1034, "y": 1306}], [{"x": 1444, "y": 1099}, {"x": 1470, "y": 1118}, {"x": 1447, "y": 1094}], [{"x": 1305, "y": 1403}, {"x": 1326, "y": 1399}, {"x": 1307, "y": 1386}], [{"x": 1268, "y": 1522}, {"x": 1269, "y": 1541}, {"x": 1273, "y": 1518}], [{"x": 1073, "y": 1017}, {"x": 1086, "y": 1020}, {"x": 1094, "y": 1020}, {"x": 1095, "y": 1001}, {"x": 1076, "y": 1001}], [{"x": 1434, "y": 1347}, {"x": 1455, "y": 1371}, {"x": 1462, "y": 1370}, {"x": 1455, "y": 1356}], [{"x": 1306, "y": 1427}, {"x": 1327, "y": 1447}, {"x": 1328, "y": 1442}, {"x": 1328, "y": 1425}, {"x": 1325, "y": 1425}], [{"x": 1155, "y": 1124}, {"x": 1158, "y": 1138}, {"x": 1183, "y": 1143}, {"x": 1180, "y": 1122}, {"x": 1178, "y": 1122}], [{"x": 1387, "y": 1201}, {"x": 1388, "y": 1217}, {"x": 1409, "y": 1221}, {"x": 1408, "y": 1201}, {"x": 1391, "y": 1194}], [{"x": 1033, "y": 1394}, {"x": 1035, "y": 1396}, {"x": 1060, "y": 1395}, {"x": 1052, "y": 1375}, {"x": 1034, "y": 1368}], [{"x": 1167, "y": 1478}, {"x": 1169, "y": 1482}, {"x": 1172, "y": 1460}], [{"x": 1479, "y": 1334}, {"x": 1497, "y": 1362}, {"x": 1500, "y": 1343}], [{"x": 1282, "y": 1507}, {"x": 1283, "y": 1514}, {"x": 1284, "y": 1514}, {"x": 1302, "y": 1509}, {"x": 1301, "y": 1487}, {"x": 1286, "y": 1489}], [{"x": 1451, "y": 1409}, {"x": 1458, "y": 1437}, {"x": 1468, "y": 1437}, {"x": 1473, "y": 1407}], [{"x": 1198, "y": 1489}, {"x": 1205, "y": 1490}, {"x": 1225, "y": 1489}, {"x": 1220, "y": 1466}], [{"x": 1077, "y": 1270}, {"x": 1086, "y": 1285}, {"x": 1082, "y": 1264}], [{"x": 1371, "y": 1106}, {"x": 1388, "y": 1104}, {"x": 1393, "y": 1098}, {"x": 1388, "y": 1081}], [{"x": 1092, "y": 1281}, {"x": 1093, "y": 1284}, {"x": 1112, "y": 1285}, {"x": 1113, "y": 1282}, {"x": 1101, "y": 1260}, {"x": 1093, "y": 1255}], [{"x": 1133, "y": 1136}, {"x": 1150, "y": 1162}, {"x": 1149, "y": 1156}], [{"x": 1381, "y": 1333}, {"x": 1401, "y": 1358}, {"x": 1385, "y": 1333}], [{"x": 1492, "y": 1312}, {"x": 1512, "y": 1311}, {"x": 1513, "y": 1292}]]}
