{"type": "CGSHOP2023_Instance", "name": "cheese1006", "n": 1006, "outer_boundary": [{"x": 987, "y": 1809}, {"x": 963, "y": 1650}, {"x": 957, "y": 1197}, {"x": 963, "y": 1029}, {"x": 977, "y": 967}, {"x": 977, "y": 962}, {"x": 1311, "y": 958}, {"x": 1783, "y": 964}, {"x": 1804, "y": 1036}, {"x": 1788, "y": 1054}, {"x": 1800, "y": 1675}, {"x": 1799, "y": 1722}, {"x": 1720, "y": 1808}], "holes": [[{"x": 1519, "y": 1578}, {"x": 1530, "y": 1579}, {"x": 1531, "y": 1572}, {"x": 1515, "y": 1572}], [{"x": 1024, "y": 1173}, {"x": 1043, "y": 1169}, {"x": 1025, "y": 1151}, {"x": 1015, "y": 1169}], [{"x": 1311, "y": 1642}, {"x": 1316, "y": 1623}, {"x": 1307, "y": 1643}], [{"x": 1340, "y": 1009}, {"x": 1355, "y": 1005}, {"x": 1342, "y": 1007}, {"x": 1343, "y": 985}], [{"x": 1291, "y": 1440}, {"x": 1297, "y": 1412}, {"x": 1276, "y": 1414}, {"x": 1293, "y": 1419}], [{"x": 1606, "y": 1624}, {"x": 1613, "y": 1604}, {"x": 1608, "y": 1604}], [{"x": 1756, "y": 1675}, {"x": 1758, "y": 1675}, {"x": 1756, "y": 1653}, {"x": 1734, "y": 1649}, {"x": 1732, "y": 1676}, {"x": 1735, "y": 1652}], [{"x": 1731, "y": 1430}, {"x": 1732, "y": 1432}, {"x": 1728, "y": 1451}, {"x": 1747, "y": 1429}, {"x": 1749, "y": 1423}, {"x": 1723, "y": 1430}], [{"x": 1693, "y": 1268}, {"x": 1691, "y": 1291}, {"x": 1715, "y": 1295}, {"x": 1716, "y": 1295}, {"x": 1714, "y": 1286}], [{"x": 1469, "y": 1222}, {"x": 1472, "y": 1218}, {"x": 1474, "y": 1203}, {"x": 1465, "y": 1196}, {"x": 1454, "y": 1204}, {"x": 1453, "y": 1224}], [{"x": 1148, "y": 1142}, {"x": 1144, "y": 1164}, {"x": 1147, "y": 1157}, {"x": 1166, "y": 1159}, {"x": 1151, "y": 1139}], [{"x": 1421, "y": 1455}, {"x": 1448, "y": 1463}, {"x": 1422, "y": 1454}], [{"x": 1594, "y": 1183}, {"x": 1621, "y": 1162}, {"x": 1621, "y": 1159}, {"x": 1612, "y": 1163}, {"x": 1594, "y": 1157}, {"x": 1591, "y": 1182}], [{"x": 1194, "y": 1266}, {"x": 1213, "y": 1270}, {"x": 1184, "y": 1248}, {"x": 1186, "y": 1269}], [{"x": 1076, "y": 1304}, {"x": 1089, "y": 1301}, {"x": 1075, "y": 1278}, {"x": 1069, "y": 1275}], [{"x": 1557, "y": 1658}, {"x": 1561, "y": 1663}, {"x": 1567, "y": 1660}, {"x": 1558, "y": 1654}, {"x": 1540, "y": 1659}], [{"x": 1263, "y": 1609}, {"x": 1285, "y": 1623}, {"x": 1285, "y": 1601}, {"x": 1265, "y": 1607}, {"x": 1282, "y": 1603}], [{"x": 1603, "y": 1633}, {"x": 1609, "y": 1635}, {"x": 1604, "y": 1625}, {"x": 1585, "y": 1625}, {"x": 1585, "y": 1628}, {"x": 1589, "y": 1653}], [{"x": 1359, "y": 1088}, {"x": 1360, "y": 1115}, {"x": 1364, "y": 1112}, {"x": 1377, "y": 1085}, {"x": 1363, "y": 1095}, {"x": 1360, "y": 1087}], [{"x": 1048, "y": 1404}, {"x": 1074, "y": 1418}, {"x": 1072, "y": 1400}, {"x": 1071, "y": 1395}, {"x": 1057, "y": 1399}], [{"x": 1191, "y": 1740}, {"x": 1211, "y": 1744}, {"x": 1215, "y": 1743}, {"x": 1207, "y": 1721}], [{"x": 1718, "y": 1660}, {"x": 1716, "y": 1661}, {"x": 1719, "y": 1680}, {"x": 1719, "y": 1681}, {"x": 1720, "y": 1662}], [{"x": 1658, "y": 1611}, {"x": 1662, "y": 1631}, {"x": 1677, "y": 1633}, {"x": 1683, "y": 1603}], [{"x": 1644, "y": 1711}, {"x": 1671, "y": 1689}, {"x": 1654, "y": 1687}, {"x": 1644, "y": 1707}], [{"x": 1403, "y": 1334}, {"x": 1406, "y": 1309}, {"x": 1404, "y": 1311}, {"x": 1402, "y": 1311}, {"x": 1383, "y": 1315}], [{"x": 1679, "y": 1704}, {"x": 1683, "y": 1687}, {"x": 1683, "y": 1684}], [{"x": 1022, "y": 1209}, {"x": 1036, "y": 1218}, {"x": 1040, "y": 1218}, {"x": 1034, "y": 1213}], [{"x": 1401, "y": 1572}, {"x": 1421, "y": 1571}, {"x": 1418, "y": 1553}, {"x": 1414, "y": 1553}], [{"x": 1728, "y": 1023}, {"x": 1729, "y": 1030}, {"x": 1752, "y": 1010}, {"x": 1752, "y": 1008}, {"x": 1748, "y": 1007}, {"x": 1748, "y": 1004}], [{"x": 1651, "y": 1030}, {"x": 1650, "y": 1028}, {"x": 1654, "y": 1043}], [{"x": 1329, "y": 1038}, {"x": 1343, "y": 1017}, {"x": 1323, "y": 1045}, {"x": 1348, "y": 1046}, {"x": 1341, "y": 1022}], [{"x": 1743, "y": 1608}, {"x": 1756, "y": 1610}, {"x": 1759, "y": 1604}, {"x": 1764, "y": 1591}, {"x": 1754, "y": 1605}], [{"x": 1641, "y": 1570}, {"x": 1662, "y": 1575}, {"x": 1665, "y": 1548}], [{"x": 1589, "y": 1730}, {"x": 1567, "y": 1744}, {"x": 1590, "y": 1747}], [{"x": 1333, "y": 1703}, {"x": 1326, "y": 1700}, {"x": 1330, "y": 1722}, {"x": 1347, "y": 1706}, {"x": 1352, "y": 1727}, {"x": 1354, "y": 1699}], [{"x": 1706, "y": 1579}, {"x": 1725, "y": 1555}, {"x": 1719, "y": 1559}, {"x": 1698, "y": 1580}], [{"x": 1350, "y": 1091}, {"x": 1346, "y": 1090}, {"x": 1332, "y": 1091}, {"x": 1352, "y": 1108}, {"x": 1349, "y": 1101}, {"x": 1354, "y": 1103}], [{"x": 1353, "y": 1554}, {"x": 1358, "y": 1578}, {"x": 1377, "y": 1555}], [{"x": 1570, "y": 1353}, {"x": 1579, "y": 1355}, {"x": 1590, "y": 1374}, {"x": 1593, "y": 1355}], [{"x": 1549, "y": 994}, {"x": 1546, "y": 1000}, {"x": 1568, "y": 998}], [{"x": 1638, "y": 1115}, {"x": 1633, "y": 1123}, {"x": 1653, "y": 1101}], [{"x": 1058, "y": 1666}, {"x": 1073, "y": 1670}, {"x": 1074, "y": 1669}], [{"x": 1324, "y": 1188}, {"x": 1334, "y": 1181}, {"x": 1321, "y": 1182}], [{"x": 1627, "y": 1324}, {"x": 1642, "y": 1322}, {"x": 1629, "y": 1321}], [{"x": 1502, "y": 1288}, {"x": 1504, "y": 1296}, {"x": 1527, "y": 1288}, {"x": 1529, "y": 1266}, {"x": 1509, "y": 1275}], [{"x": 1519, "y": 1641}, {"x": 1531, "y": 1652}, {"x": 1516, "y": 1636}, {"x": 1517, "y": 1654}], [{"x": 1307, "y": 1740}, {"x": 1286, "y": 1735}, {"x": 1283, "y": 1734}, {"x": 1284, "y": 1760}, {"x": 1289, "y": 1763}, {"x": 1311, "y": 1738}], [{"x": 1300, "y": 1393}, {"x": 1300, "y": 1394}, {"x": 1304, "y": 1394}, {"x": 1329, "y": 1388}, {"x": 1321, "y": 1387}], [{"x": 1016, "y": 1164}, {"x": 1017, "y": 1145}, {"x": 1009, "y": 1167}], [{"x": 1140, "y": 1663}, {"x": 1145, "y": 1644}, {"x": 1127, "y": 1644}, {"x": 1123, "y": 1648}, {"x": 1120, "y": 1662}, {"x": 1122, "y": 1666}], [{"x": 1550, "y": 1008}, {"x": 1561, "y": 1032}, {"x": 1566, "y": 1030}, {"x": 1561, "y": 1029}, {"x": 1560, "y": 1014}], [{"x": 1189, "y": 1378}, {"x": 1203, "y": 1385}, {"x": 1204, "y": 1363}, {"x": 1182, "y": 1367}, {"x": 1180, "y": 1385}], [{"x": 1346, "y": 1189}, {"x": 1344, "y": 1194}, {"x": 1360, "y": 1206}, {"x": 1363, "y": 1189}, {"x": 1370, "y": 1187}], [{"x": 1410, "y": 1443}, {"x": 1409, "y": 1451}, {"x": 1412, "y": 1464}, {"x": 1411, "y": 1446}, {"x": 1415, "y": 1449}], [{"x": 1687, "y": 1442}, {"x": 1694, "y": 1442}, {"x": 1696, "y": 1432}], [{"x": 1234, "y": 1586}, {"x": 1230, "y": 1601}, {"x": 1232, "y": 1607}, {"x": 1238, "y": 1601}, {"x": 1258, "y": 1605}, {"x": 1253, "y": 1583}], [{"x": 1587, "y": 1198}, {"x": 1592, "y": 1203}, {"x": 1590, "y": 1181}], [{"x": 1525, "y": 1517}, {"x": 1525, "y": 1521}, {"x": 1527, "y": 1540}, {"x": 1534, "y": 1542}, {"x": 1533, "y": 1537}], [{"x": 1587, "y": 1450}, {"x": 1582, "y": 1444}, {"x": 1571, "y": 1442}, {"x": 1566, "y": 1462}, {"x": 1568, "y": 1471}, {"x": 1589, "y": 1465}], [{"x": 1253, "y": 1469}, {"x": 1260, "y": 1491}, {"x": 1279, "y": 1483}], [{"x": 1439, "y": 1069}, {"x": 1438, "y": 1084}, {"x": 1459, "y": 1081}], [{"x": 1319, "y": 1300}, {"x": 1333, "y": 1295}, {"x": 1315, "y": 1299}, {"x": 1310, "y": 1301}], [{"x": 1689, "y": 1573}, {"x": 1681, "y": 1572}, {"x": 1685, "y": 1590}, {"x": 1710, "y": 1592}], [{"x": 1519, "y": 1688}, {"x": 1515, "y": 1712}, {"x": 1540, "y": 1714}, {"x": 1539, "y": 1694}], [{"x": 1513, "y": 1012}, {"x": 1514, "y": 1026}, {"x": 1515, "y": 1034}], [{"x": 1219, "y": 1000}, {"x": 1241, "y": 992}, {"x": 1243, "y": 991}, {"x": 1219, "y": 992}, {"x": 1218, "y": 993}], [{"x": 1634, "y": 1614}, {"x": 1631, "y": 1640}, {"x": 1661, "y": 1641}, {"x": 1654, "y": 1635}, {"x": 1656, "y": 1614}], [{"x": 1294, "y": 1535}, {"x": 1271, "y": 1521}, {"x": 1271, "y": 1540}, {"x": 1297, "y": 1544}], [{"x": 1558, "y": 1334}, {"x": 1564, "y": 1356}, {"x": 1580, "y": 1333}, {"x": 1577, "y": 1328}], [{"x": 1746, "y": 1357}, {"x": 1754, "y": 1361}, {"x": 1755, "y": 1337}, {"x": 1752, "y": 1335}], [{"x": 1524, "y": 1184}, {"x": 1508, "y": 1180}, {"x": 1524, "y": 1186}], [{"x": 1012, "y": 1307}, {"x": 1014, "y": 1308}, {"x": 1011, "y": 1298}, {"x": 996, "y": 1322}], [{"x": 1024, "y": 1698}, {"x": 1025, "y": 1700}, {"x": 1043, "y": 1726}, {"x": 1037, "y": 1705}], [{"x": 1574, "y": 1524}, {"x": 1601, "y": 1524}, {"x": 1581, "y": 1517}, {"x": 1573, "y": 1505}, {"x": 1581, "y": 1518}, {"x": 1575, "y": 1520}], [{"x": 1754, "y": 1023}, {"x": 1751, "y": 1024}, {"x": 1758, "y": 1025}, {"x": 1776, "y": 1024}, {"x": 1773, "y": 1007}, {"x": 1771, "y": 998}], [{"x": 1289, "y": 1573}, {"x": 1286, "y": 1583}, {"x": 1293, "y": 1579}, {"x": 1314, "y": 1554}], [{"x": 1495, "y": 1115}, {"x": 1496, "y": 1093}, {"x": 1490, "y": 1099}, {"x": 1488, "y": 1113}, {"x": 1488, "y": 1116}, {"x": 1492, "y": 1119}], [{"x": 1509, "y": 1428}, {"x": 1501, "y": 1443}, {"x": 1528, "y": 1427}], [{"x": 1647, "y": 1331}, {"x": 1673, "y": 1322}, {"x": 1667, "y": 1307}, {"x": 1664, "y": 1306}, {"x": 1668, "y": 1321}, {"x": 1664, "y": 1325}], [{"x": 1031, "y": 1753}, {"x": 1015, "y": 1776}, {"x": 1032, "y": 1760}, {"x": 1034, "y": 1759}], [{"x": 1110, "y": 1452}, {"x": 1115, "y": 1456}, {"x": 1118, "y": 1451}, {"x": 1116, "y": 1426}, {"x": 1114, "y": 1426}], [{"x": 1749, "y": 1648}, {"x": 1770, "y": 1632}, {"x": 1766, "y": 1628}, {"x": 1746, "y": 1649}, {"x": 1768, "y": 1648}], [{"x": 1129, "y": 1268}, {"x": 1149, "y": 1268}, {"x": 1151, "y": 1251}, {"x": 1130, "y": 1255}], [{"x": 1379, "y": 1476}, {"x": 1377, "y": 1483}, {"x": 1379, "y": 1484}, {"x": 1402, "y": 1460}], [{"x": 1079, "y": 1119}, {"x": 1101, "y": 1122}, {"x": 1102, "y": 1117}, {"x": 1099, "y": 1120}, {"x": 1078, "y": 1113}], [{"x": 1077, "y": 1659}, {"x": 1091, "y": 1635}, {"x": 1074, "y": 1640}], [{"x": 1203, "y": 1126}, {"x": 1219, "y": 1146}, {"x": 1214, "y": 1129}, {"x": 1195, "y": 1122}, {"x": 1198, "y": 1147}, {"x": 1216, "y": 1149}], [{"x": 1331, "y": 1561}, {"x": 1331, "y": 1569}, {"x": 1337, "y": 1542}, {"x": 1334, "y": 1540}, {"x": 1315, "y": 1563}], [{"x": 1032, "y": 1260}, {"x": 1050, "y": 1233}, {"x": 1035, "y": 1234}, {"x": 1029, "y": 1253}, {"x": 1027, "y": 1252}], [{"x": 1302, "y": 1143}, {"x": 1307, "y": 1120}, {"x": 1298, "y": 1124}], [{"x": 1509, "y": 1679}, {"x": 1536, "y": 1675}, {"x": 1513, "y": 1655}, {"x": 1515, "y": 1657}], [{"x": 1595, "y": 1715}, {"x": 1622, "y": 1722}, {"x": 1617, "y": 1717}, {"x": 1612, "y": 1715}], [{"x": 1410, "y": 1521}, {"x": 1433, "y": 1497}, {"x": 1425, "y": 1494}], [{"x": 1059, "y": 1340}, {"x": 1058, "y": 1335}, {"x": 1051, "y": 1358}, {"x": 1058, "y": 1360}, {"x": 1059, "y": 1352}], [{"x": 1054, "y": 1024}, {"x": 1055, "y": 1044}, {"x": 1074, "y": 1043}, {"x": 1074, "y": 1049}, {"x": 1077, "y": 1046}, {"x": 1072, "y": 1027}], [{"x": 1298, "y": 1458}, {"x": 1294, "y": 1458}, {"x": 1277, "y": 1459}, {"x": 1296, "y": 1452}, {"x": 1276, "y": 1459}, {"x": 1299, "y": 1477}], [{"x": 1406, "y": 1035}, {"x": 1426, "y": 1043}, {"x": 1427, "y": 1044}, {"x": 1426, "y": 1024}, {"x": 1430, "y": 1018}, {"x": 1406, "y": 1016}], [{"x": 1438, "y": 1318}, {"x": 1455, "y": 1342}, {"x": 1457, "y": 1335}, {"x": 1443, "y": 1323}, {"x": 1457, "y": 1319}], [{"x": 1547, "y": 1604}, {"x": 1550, "y": 1582}, {"x": 1525, "y": 1606}, {"x": 1547, "y": 1605}], [{"x": 1530, "y": 1567}, {"x": 1504, "y": 1552}, {"x": 1531, "y": 1570}, {"x": 1532, "y": 1545}], [{"x": 1634, "y": 1402}, {"x": 1654, "y": 1425}, {"x": 1657, "y": 1405}], [{"x": 1767, "y": 1496}, {"x": 1750, "y": 1496}, {"x": 1754, "y": 1501}, {"x": 1767, "y": 1500}, {"x": 1771, "y": 1516}], [{"x": 1734, "y": 1071}, {"x": 1742, "y": 1077}, {"x": 1757, "y": 1053}, {"x": 1734, "y": 1056}], [{"x": 1708, "y": 1175}, {"x": 1718, "y": 1176}, {"x": 1707, "y": 1154}, {"x": 1698, "y": 1175}, {"x": 1706, "y": 1176}], [{"x": 1547, "y": 1272}, {"x": 1552, "y": 1264}, {"x": 1555, "y": 1247}, {"x": 1554, "y": 1252}, {"x": 1534, "y": 1267}], [{"x": 1585, "y": 1475}, {"x": 1563, "y": 1503}, {"x": 1590, "y": 1498}, {"x": 1587, "y": 1476}], [{"x": 1728, "y": 1129}, {"x": 1728, "y": 1150}, {"x": 1746, "y": 1157}, {"x": 1753, "y": 1155}, {"x": 1750, "y": 1136}], [{"x": 1607, "y": 1668}, {"x": 1629, "y": 1670}, {"x": 1626, "y": 1666}, {"x": 1610, "y": 1647}, {"x": 1610, "y": 1666}], [{"x": 1748, "y": 1689}, {"x": 1770, "y": 1695}, {"x": 1771, "y": 1693}, {"x": 1769, "y": 1693}], [{"x": 1677, "y": 1756}, {"x": 1679, "y": 1772}, {"x": 1692, "y": 1777}, {"x": 1696, "y": 1772}, {"x": 1698, "y": 1750}, {"x": 1692, "y": 1752}], [{"x": 1358, "y": 1050}, {"x": 1376, "y": 1054}, {"x": 1376, "y": 1031}, {"x": 1370, "y": 1027}], [{"x": 1655, "y": 1160}, {"x": 1661, "y": 1164}, {"x": 1681, "y": 1166}, {"x": 1681, "y": 1147}, {"x": 1662, "y": 1137}, {"x": 1662, "y": 1163}], [{"x": 1172, "y": 1222}, {"x": 1178, "y": 1210}, {"x": 1171, "y": 1204}, {"x": 1156, "y": 1202}, {"x": 1152, "y": 1204}], [{"x": 1384, "y": 1696}, {"x": 1386, "y": 1699}, {"x": 1398, "y": 1695}], [{"x": 1565, "y": 1707}, {"x": 1566, "y": 1715}, {"x": 1572, "y": 1726}, {"x": 1584, "y": 1708}], [{"x": 1363, "y": 1128}, {"x": 1368, "y": 1129}, {"x": 1385, "y": 1126}], [{"x": 1752, "y": 1321}, {"x": 1762, "y": 1340}, {"x": 1763, "y": 1321}, {"x": 1763, "y": 1316}], [{"x": 1634, "y": 1353}, {"x": 1612, "y": 1357}, {"x": 1611, "y": 1358}, {"x": 1636, "y": 1358}, {"x": 1638, "y": 1360}], [{"x": 994, "y": 1014}, {"x": 1016, "y": 1015}, {"x": 1019, "y": 1013}, {"x": 1014, "y": 989}, {"x": 996, "y": 986}, {"x": 995, "y": 994}], [{"x": 1487, "y": 1490}, {"x": 1504, "y": 1509}, {"x": 1507, "y": 1505}, {"x": 1506, "y": 1503}], [{"x": 1536, "y": 1462}, {"x": 1554, "y": 1443}, {"x": 1559, "y": 1433}, {"x": 1541, "y": 1443}, {"x": 1538, "y": 1453}, {"x": 1534, "y": 1438}], [{"x": 1184, "y": 1078}, {"x": 1191, "y": 1100}, {"x": 1188, "y": 1071}], [{"x": 1199, "y": 1684}, {"x": 1201, "y": 1671}, {"x": 1200, "y": 1672}, {"x": 1200, "y": 1663}, {"x": 1174, "y": 1668}, {"x": 1181, "y": 1673}], [{"x": 1365, "y": 1405}, {"x": 1371, "y": 1407}, {"x": 1394, "y": 1385}, {"x": 1365, "y": 1395}], [{"x": 1052, "y": 1711}, {"x": 1051, "y": 1704}, {"x": 1051, "y": 1712}, {"x": 1076, "y": 1728}, {"x": 1068, "y": 1709}], [{"x": 1246, "y": 1455}, {"x": 1251, "y": 1458}, {"x": 1246, "y": 1454}], [{"x": 1210, "y": 1524}, {"x": 1213, "y": 1547}, {"x": 1215, "y": 1554}, {"x": 1233, "y": 1551}, {"x": 1227, "y": 1528}], [{"x": 1542, "y": 1231}, {"x": 1544, "y": 1226}, {"x": 1538, "y": 1209}, {"x": 1538, "y": 1230}, {"x": 1539, "y": 1227}], [{"x": 1039, "y": 1605}, {"x": 1030, "y": 1608}, {"x": 1032, "y": 1630}, {"x": 1039, "y": 1628}, {"x": 1059, "y": 1621}], [{"x": 1612, "y": 1222}, {"x": 1610, "y": 1224}, {"x": 1611, "y": 1237}, {"x": 1635, "y": 1239}, {"x": 1633, "y": 1217}, {"x": 1632, "y": 1217}], [{"x": 1145, "y": 1341}, {"x": 1145, "y": 1363}, {"x": 1165, "y": 1363}, {"x": 1172, "y": 1361}, {"x": 1151, "y": 1336}, {"x": 1163, "y": 1356}], [{"x": 1676, "y": 1394}, {"x": 1701, "y": 1386}, {"x": 1673, "y": 1388}, {"x": 1679, "y": 1407}, {"x": 1695, "y": 1411}], [{"x": 1590, "y": 1146}, {"x": 1607, "y": 1145}, {"x": 1603, "y": 1138}, {"x": 1603, "y": 1117}, {"x": 1583, "y": 1139}], [{"x": 1438, "y": 1052}, {"x": 1434, "y": 1057}, {"x": 1441, "y": 1061}, {"x": 1444, "y": 1055}, {"x": 1443, "y": 1051}], [{"x": 1483, "y": 1300}, {"x": 1464, "y": 1295}, {"x": 1466, "y": 1321}, {"x": 1483, "y": 1303}, {"x": 1485, "y": 1294}], [{"x": 1390, "y": 1610}, {"x": 1392, "y": 1611}, {"x": 1397, "y": 1587}, {"x": 1394, "y": 1583}], [{"x": 1460, "y": 1174}, {"x": 1472, "y": 1161}, {"x": 1474, "y": 1153}, {"x": 1459, "y": 1154}, {"x": 1456, "y": 1153}], [{"x": 1250, "y": 1066}, {"x": 1234, "y": 1089}, {"x": 1249, "y": 1069}, {"x": 1247, "y": 1088}, {"x": 1256, "y": 1086}], [{"x": 1207, "y": 1220}, {"x": 1208, "y": 1226}, {"x": 1213, "y": 1243}, {"x": 1209, "y": 1220}], [{"x": 1251, "y": 1004}, {"x": 1245, "y": 1024}, {"x": 1251, "y": 1023}], [{"x": 1511, "y": 1317}, {"x": 1531, "y": 1316}, {"x": 1535, "y": 1289}, {"x": 1527, "y": 1291}], [{"x": 1203, "y": 1507}, {"x": 1208, "y": 1510}, {"x": 1207, "y": 1504}, {"x": 1183, "y": 1494}], [{"x": 1149, "y": 1714}, {"x": 1156, "y": 1708}, {"x": 1173, "y": 1705}, {"x": 1167, "y": 1687}, {"x": 1154, "y": 1693}], [{"x": 1073, "y": 1191}, {"x": 1070, "y": 1191}, {"x": 1068, "y": 1206}, {"x": 1055, "y": 1209}, {"x": 1073, "y": 1213}], [{"x": 1256, "y": 1077}, {"x": 1261, "y": 1077}, {"x": 1259, "y": 1076}, {"x": 1259, "y": 1062}, {"x": 1254, "y": 1060}], [{"x": 1748, "y": 1523}, {"x": 1758, "y": 1521}, {"x": 1753, "y": 1519}, {"x": 1753, "y": 1517}, {"x": 1749, "y": 1518}], [{"x": 1329, "y": 1749}, {"x": 1351, "y": 1751}, {"x": 1346, "y": 1743}], [{"x": 1731, "y": 1572}, {"x": 1731, "y": 1577}, {"x": 1740, "y": 1575}, {"x": 1754, "y": 1569}, {"x": 1736, "y": 1547}], [{"x": 1166, "y": 1122}, {"x": 1167, "y": 1142}, {"x": 1168, "y": 1126}, {"x": 1167, "y": 1121}], [{"x": 1446, "y": 1607}, {"x": 1445, "y": 1627}, {"x": 1428, "y": 1626}, {"x": 1454, "y": 1633}, {"x": 1454, "y": 1625}, {"x": 1451, "y": 1609}], [{"x": 1681, "y": 1350}, {"x": 1683, "y": 1360}, {"x": 1709, "y": 1364}, {"x": 1709, "y": 1341}, {"x": 1684, "y": 1343}, {"x": 1682, "y": 1347}], [{"x": 1464, "y": 1769}, {"x": 1477, "y": 1766}, {"x": 1461, "y": 1768}], [{"x": 1483, "y": 1414}, {"x": 1486, "y": 1431}, {"x": 1508, "y": 1426}, {"x": 1504, "y": 1409}], [{"x": 1474, "y": 1347}, {"x": 1495, "y": 1341}, {"x": 1501, "y": 1321}, {"x": 1478, "y": 1323}], [{"x": 1402, "y": 1596}, {"x": 1415, "y": 1597}, {"x": 1392, "y": 1571}], [{"x": 1212, "y": 1366}, {"x": 1219, "y": 1350}, {"x": 1233, "y": 1355}, {"x": 1236, "y": 1353}, {"x": 1234, "y": 1350}, {"x": 1219, "y": 1348}], [{"x": 1176, "y": 1021}, {"x": 1172, "y": 1019}, {"x": 1150, "y": 1023}, {"x": 1153, "y": 1024}, {"x": 1155, "y": 1047}, {"x": 1179, "y": 1047}], [{"x": 1447, "y": 1708}, {"x": 1445, "y": 1729}, {"x": 1470, "y": 1717}, {"x": 1451, "y": 1717}], [{"x": 1276, "y": 1692}, {"x": 1303, "y": 1675}, {"x": 1302, "y": 1667}, {"x": 1274, "y": 1668}, {"x": 1283, "y": 1669}, {"x": 1280, "y": 1675}], [{"x": 1204, "y": 1019}, {"x": 1208, "y": 1020}, {"x": 1226, "y": 1018}], [{"x": 1207, "y": 1647}, {"x": 1214, "y": 1673}, {"x": 1216, "y": 1671}, {"x": 1212, "y": 1665}], [{"x": 1382, "y": 1237}, {"x": 1375, "y": 1239}, {"x": 1382, "y": 1240}, {"x": 1401, "y": 1263}], [{"x": 1166, "y": 1335}, {"x": 1169, "y": 1315}, {"x": 1163, "y": 1336}, {"x": 1193, "y": 1340}, {"x": 1187, "y": 1334}, {"x": 1186, "y": 1336}], [{"x": 1727, "y": 1369}, {"x": 1743, "y": 1375}, {"x": 1744, "y": 1374}, {"x": 1739, "y": 1365}], [{"x": 1031, "y": 1519}, {"x": 1046, "y": 1540}, {"x": 1049, "y": 1520}], [{"x": 1696, "y": 1320}, {"x": 1717, "y": 1300}, {"x": 1702, "y": 1302}], [{"x": 1129, "y": 1753}, {"x": 1134, "y": 1769}, {"x": 1130, "y": 1772}, {"x": 1151, "y": 1757}, {"x": 1147, "y": 1754}], [{"x": 1453, "y": 1498}, {"x": 1466, "y": 1496}, {"x": 1473, "y": 1493}, {"x": 1467, "y": 1476}], [{"x": 1471, "y": 1642}, {"x": 1474, "y": 1638}, {"x": 1452, "y": 1639}, {"x": 1454, "y": 1643}, {"x": 1454, "y": 1640}, {"x": 1471, "y": 1639}], [{"x": 1173, "y": 1529}, {"x": 1179, "y": 1525}, {"x": 1169, "y": 1522}, {"x": 1152, "y": 1526}, {"x": 1150, "y": 1544}], [{"x": 1737, "y": 1079}, {"x": 1737, "y": 1084}, {"x": 1748, "y": 1081}], [{"x": 1014, "y": 1229}, {"x": 993, "y": 1234}, {"x": 1013, "y": 1255}, {"x": 1014, "y": 1246}, {"x": 1016, "y": 1247}], [{"x": 1636, "y": 1481}, {"x": 1619, "y": 1483}, {"x": 1610, "y": 1495}, {"x": 1612, "y": 1499}, {"x": 1634, "y": 1483}, {"x": 1639, "y": 1482}], [{"x": 1003, "y": 1532}, {"x": 1024, "y": 1536}, {"x": 1028, "y": 1532}, {"x": 1028, "y": 1518}, {"x": 1020, "y": 1516}], [{"x": 1187, "y": 1213}, {"x": 1188, "y": 1203}, {"x": 1185, "y": 1189}], [{"x": 1211, "y": 1035}, {"x": 1220, "y": 1035}, {"x": 1197, "y": 1031}, {"x": 1200, "y": 1032}, {"x": 1199, "y": 1051}, {"x": 1212, "y": 1054}], [{"x": 1418, "y": 1442}, {"x": 1418, "y": 1450}, {"x": 1427, "y": 1448}, {"x": 1438, "y": 1423}], [{"x": 1633, "y": 1166}, {"x": 1639, "y": 1167}, {"x": 1655, "y": 1167}, {"x": 1643, "y": 1158}, {"x": 1657, "y": 1145}, {"x": 1640, "y": 1160}], [{"x": 1288, "y": 1485}, {"x": 1282, "y": 1488}, {"x": 1281, "y": 1507}, {"x": 1300, "y": 1507}, {"x": 1305, "y": 1483}, {"x": 1301, "y": 1488}], [{"x": 1732, "y": 1188}, {"x": 1750, "y": 1168}, {"x": 1736, "y": 1163}], [{"x": 1519, "y": 1336}, {"x": 1523, "y": 1360}, {"x": 1524, "y": 1336}, {"x": 1547, "y": 1331}, {"x": 1521, "y": 1332}], [{"x": 1428, "y": 1467}, {"x": 1433, "y": 1470}, {"x": 1432, "y": 1463}], [{"x": 1392, "y": 1181}, {"x": 1394, "y": 1197}, {"x": 1392, "y": 1202}, {"x": 1422, "y": 1182}, {"x": 1401, "y": 1175}, {"x": 1396, "y": 1174}], [{"x": 1526, "y": 1771}, {"x": 1533, "y": 1746}, {"x": 1527, "y": 1753}], [{"x": 1396, "y": 1214}, {"x": 1402, "y": 1208}, {"x": 1373, "y": 1193}, {"x": 1377, "y": 1210}, {"x": 1398, "y": 1207}], [{"x": 1639, "y": 1499}, {"x": 1638, "y": 1507}, {"x": 1658, "y": 1521}, {"x": 1665, "y": 1524}, {"x": 1659, "y": 1520}, {"x": 1647, "y": 1508}], [{"x": 1096, "y": 1532}, {"x": 1111, "y": 1532}, {"x": 1112, "y": 1533}, {"x": 1112, "y": 1511}, {"x": 1108, "y": 1510}, {"x": 1093, "y": 1528}], [{"x": 1446, "y": 1408}, {"x": 1449, "y": 1422}, {"x": 1465, "y": 1424}], [{"x": 1115, "y": 1518}, {"x": 1134, "y": 1515}, {"x": 1140, "y": 1518}, {"x": 1140, "y": 1501}, {"x": 1137, "y": 1499}], [{"x": 1620, "y": 1055}, {"x": 1639, "y": 1052}, {"x": 1615, "y": 1055}], [{"x": 1478, "y": 1584}, {"x": 1471, "y": 1580}, {"x": 1476, "y": 1587}, {"x": 1496, "y": 1604}, {"x": 1497, "y": 1600}, {"x": 1479, "y": 1579}], [{"x": 1241, "y": 1290}, {"x": 1244, "y": 1295}, {"x": 1264, "y": 1287}, {"x": 1248, "y": 1271}, {"x": 1265, "y": 1268}, {"x": 1245, "y": 1271}], [{"x": 1595, "y": 1489}, {"x": 1592, "y": 1504}, {"x": 1611, "y": 1486}, {"x": 1606, "y": 1486}], [{"x": 1195, "y": 1207}, {"x": 1195, "y": 1216}, {"x": 1218, "y": 1215}, {"x": 1217, "y": 1195}, {"x": 1219, "y": 1187}], [{"x": 1508, "y": 1457}, {"x": 1492, "y": 1464}, {"x": 1513, "y": 1465}, {"x": 1514, "y": 1457}], [{"x": 1489, "y": 1551}, {"x": 1492, "y": 1551}, {"x": 1496, "y": 1545}, {"x": 1517, "y": 1532}, {"x": 1494, "y": 1546}, {"x": 1490, "y": 1527}], [{"x": 1171, "y": 1575}, {"x": 1169, "y": 1592}, {"x": 1193, "y": 1598}, {"x": 1188, "y": 1579}], [{"x": 1082, "y": 1254}, {"x": 1105, "y": 1247}, {"x": 1086, "y": 1225}], [{"x": 1383, "y": 1072}, {"x": 1385, "y": 1092}, {"x": 1402, "y": 1068}, {"x": 1397, "y": 1074}], [{"x": 1448, "y": 1568}, {"x": 1449, "y": 1589}, {"x": 1471, "y": 1581}, {"x": 1450, "y": 1566}, {"x": 1452, "y": 1583}], [{"x": 1433, "y": 1004}, {"x": 1439, "y": 1029}, {"x": 1450, "y": 1028}], [{"x": 1046, "y": 1645}, {"x": 1065, "y": 1645}, {"x": 1049, "y": 1642}, {"x": 1043, "y": 1643}, {"x": 1048, "y": 1662}, {"x": 1044, "y": 1644}], [{"x": 1692, "y": 1615}, {"x": 1711, "y": 1614}, {"x": 1713, "y": 1601}, {"x": 1704, "y": 1613}], [{"x": 1051, "y": 1450}, {"x": 1045, "y": 1443}, {"x": 1043, "y": 1446}, {"x": 1046, "y": 1464}, {"x": 1051, "y": 1464}, {"x": 1071, "y": 1450}], [{"x": 1024, "y": 998}, {"x": 1026, "y": 1020}, {"x": 1025, "y": 1005}, {"x": 1050, "y": 1026}, {"x": 1044, "y": 998}, {"x": 1047, "y": 1023}], [{"x": 1571, "y": 1260}, {"x": 1599, "y": 1259}, {"x": 1596, "y": 1244}, {"x": 1595, "y": 1243}, {"x": 1571, "y": 1259}], [{"x": 1233, "y": 1490}, {"x": 1226, "y": 1483}, {"x": 1245, "y": 1503}, {"x": 1250, "y": 1503}], [{"x": 1338, "y": 1380}, {"x": 1339, "y": 1398}, {"x": 1354, "y": 1380}, {"x": 1351, "y": 1378}], [{"x": 1506, "y": 1016}, {"x": 1506, "y": 1017}, {"x": 1515, "y": 995}, {"x": 1510, "y": 991}, {"x": 1508, "y": 1009}], [{"x": 1718, "y": 1094}, {"x": 1714, "y": 1095}, {"x": 1710, "y": 1101}, {"x": 1715, "y": 1098}, {"x": 1716, "y": 1103}, {"x": 1736, "y": 1101}], [{"x": 1541, "y": 1531}, {"x": 1558, "y": 1557}, {"x": 1557, "y": 1553}, {"x": 1560, "y": 1536}], [{"x": 1274, "y": 1761}, {"x": 1284, "y": 1766}, {"x": 1276, "y": 1761}], [{"x": 1002, "y": 1604}, {"x": 1000, "y": 1623}, {"x": 1021, "y": 1605}], [{"x": 1432, "y": 1285}, {"x": 1435, "y": 1311}, {"x": 1461, "y": 1306}, {"x": 1460, "y": 1287}], [{"x": 1117, "y": 1225}, {"x": 1135, "y": 1223}, {"x": 1141, "y": 1220}, {"x": 1123, "y": 1217}], [{"x": 1287, "y": 989}, {"x": 1289, "y": 993}, {"x": 1303, "y": 1012}, {"x": 1306, "y": 1015}, {"x": 1308, "y": 987}], [{"x": 1448, "y": 1547}, {"x": 1476, "y": 1548}, {"x": 1449, "y": 1530}, {"x": 1448, "y": 1546}], [{"x": 1634, "y": 1256}, {"x": 1652, "y": 1273}, {"x": 1651, "y": 1254}, {"x": 1635, "y": 1255}], [{"x": 1539, "y": 1305}, {"x": 1563, "y": 1288}, {"x": 1538, "y": 1289}], [{"x": 1436, "y": 1601}, {"x": 1440, "y": 1576}, {"x": 1417, "y": 1574}, {"x": 1412, "y": 1577}], [{"x": 1061, "y": 1348}, {"x": 1075, "y": 1339}, {"x": 1061, "y": 1329}, {"x": 1060, "y": 1344}]]}
