{"type": "CGSHOP2023_Instance", "name": "cheese528", "n": 528, "outer_boundary": [{"x": 1057, "y": 1566}, {"x": 972, "y": 1495}, {"x": 976, "y": 1207}, {"x": 1001, "y": 1004}, {"x": 1008, "y": 986}, {"x": 1071, "y": 984}, {"x": 1285, "y": 967}, {"x": 1388, "y": 979}, {"x": 1403, "y": 974}, {"x": 1516, "y": 1076}, {"x": 1568, "y": 1209}, {"x": 1564, "y": 1226}, {"x": 1569, "y": 1249}, {"x": 1569, "y": 1535}, {"x": 1560, "y": 1550}, {"x": 1501, "y": 1573}, {"x": 1072, "y": 1575}], "holes": [[{"x": 1509, "y": 1530}, {"x": 1508, "y": 1530}, {"x": 1512, "y": 1535}], [{"x": 1042, "y": 1443}, {"x": 1025, "y": 1447}, {"x": 1025, "y": 1461}, {"x": 1049, "y": 1467}, {"x": 1049, "y": 1466}], [{"x": 1231, "y": 1268}, {"x": 1247, "y": 1293}, {"x": 1252, "y": 1294}, {"x": 1254, "y": 1291}, {"x": 1249, "y": 1277}, {"x": 1248, "y": 1276}], [{"x": 1523, "y": 1482}, {"x": 1510, "y": 1479}, {"x": 1511, "y": 1501}, {"x": 1523, "y": 1500}, {"x": 1532, "y": 1497}, {"x": 1529, "y": 1477}], [{"x": 1108, "y": 1309}, {"x": 1087, "y": 1314}, {"x": 1105, "y": 1328}, {"x": 1111, "y": 1313}], [{"x": 1519, "y": 1166}, {"x": 1519, "y": 1187}, {"x": 1524, "y": 1168}], [{"x": 1037, "y": 1153}, {"x": 1052, "y": 1156}, {"x": 1052, "y": 1180}, {"x": 1054, "y": 1180}, {"x": 1059, "y": 1156}], [{"x": 1068, "y": 1194}, {"x": 1069, "y": 1195}, {"x": 1085, "y": 1216}, {"x": 1090, "y": 1213}, {"x": 1089, "y": 1202}], [{"x": 1066, "y": 1497}, {"x": 1086, "y": 1477}, {"x": 1081, "y": 1475}, {"x": 1060, "y": 1467}, {"x": 1065, "y": 1497}], [{"x": 1085, "y": 1548}, {"x": 1100, "y": 1546}, {"x": 1098, "y": 1545}, {"x": 1099, "y": 1539}], [{"x": 1039, "y": 1523}, {"x": 1037, "y": 1546}, {"x": 1040, "y": 1521}], [{"x": 1086, "y": 1121}, {"x": 1105, "y": 1126}, {"x": 1106, "y": 1102}, {"x": 1095, "y": 1108}], [{"x": 1425, "y": 1535}, {"x": 1426, "y": 1517}, {"x": 1424, "y": 1521}, {"x": 1401, "y": 1519}, {"x": 1405, "y": 1535}, {"x": 1423, "y": 1543}], [{"x": 1407, "y": 1229}, {"x": 1408, "y": 1250}, {"x": 1393, "y": 1259}, {"x": 1412, "y": 1257}, {"x": 1415, "y": 1253}, {"x": 1416, "y": 1250}], [{"x": 1006, "y": 1419}, {"x": 1009, "y": 1440}, {"x": 1022, "y": 1437}, {"x": 1026, "y": 1415}, {"x": 1023, "y": 1415}, {"x": 1005, "y": 1416}], [{"x": 1161, "y": 1156}, {"x": 1157, "y": 1158}, {"x": 1153, "y": 1177}, {"x": 1180, "y": 1156}], [{"x": 1259, "y": 1531}, {"x": 1261, "y": 1536}, {"x": 1278, "y": 1535}], [{"x": 1352, "y": 1180}, {"x": 1356, "y": 1182}, {"x": 1377, "y": 1179}], [{"x": 1079, "y": 1012}, {"x": 1093, "y": 1013}, {"x": 1071, "y": 1008}], [{"x": 1000, "y": 1467}, {"x": 1005, "y": 1488}, {"x": 1019, "y": 1464}, {"x": 1017, "y": 1462}], [{"x": 1299, "y": 1417}, {"x": 1321, "y": 1418}, {"x": 1315, "y": 1393}, {"x": 1293, "y": 1391}], [{"x": 1473, "y": 1388}, {"x": 1471, "y": 1388}, {"x": 1475, "y": 1389}], [{"x": 1124, "y": 1479}, {"x": 1128, "y": 1498}, {"x": 1143, "y": 1501}], [{"x": 1445, "y": 1533}, {"x": 1446, "y": 1549}, {"x": 1465, "y": 1553}, {"x": 1474, "y": 1554}, {"x": 1452, "y": 1549}, {"x": 1453, "y": 1534}], [{"x": 1500, "y": 1398}, {"x": 1498, "y": 1406}, {"x": 1479, "y": 1396}, {"x": 1478, "y": 1419}, {"x": 1501, "y": 1417}, {"x": 1505, "y": 1421}], [{"x": 1197, "y": 1003}, {"x": 1188, "y": 1028}, {"x": 1218, "y": 1023}, {"x": 1217, "y": 1012}], [{"x": 1212, "y": 1033}, {"x": 1191, "y": 1044}, {"x": 1211, "y": 1054}, {"x": 1216, "y": 1049}, {"x": 1217, "y": 1024}, {"x": 1213, "y": 1046}], [{"x": 1315, "y": 1020}, {"x": 1325, "y": 1015}, {"x": 1301, "y": 992}, {"x": 1304, "y": 1017}], [{"x": 1367, "y": 993}, {"x": 1363, "y": 1009}, {"x": 1380, "y": 996}], [{"x": 1296, "y": 1306}, {"x": 1316, "y": 1307}, {"x": 1296, "y": 1301}], [{"x": 1280, "y": 1285}, {"x": 1287, "y": 1290}, {"x": 1300, "y": 1285}], [{"x": 1173, "y": 1519}, {"x": 1199, "y": 1537}, {"x": 1189, "y": 1516}], [{"x": 1409, "y": 1391}, {"x": 1437, "y": 1382}, {"x": 1418, "y": 1366}, {"x": 1410, "y": 1381}], [{"x": 1434, "y": 1182}, {"x": 1445, "y": 1178}, {"x": 1434, "y": 1165}, {"x": 1431, "y": 1158}], [{"x": 1465, "y": 1093}, {"x": 1471, "y": 1110}, {"x": 1489, "y": 1092}, {"x": 1471, "y": 1108}], [{"x": 1200, "y": 1365}, {"x": 1218, "y": 1357}, {"x": 1212, "y": 1344}, {"x": 1215, "y": 1358}, {"x": 1198, "y": 1345}, {"x": 1191, "y": 1340}], [{"x": 1442, "y": 1335}, {"x": 1442, "y": 1337}, {"x": 1465, "y": 1356}, {"x": 1468, "y": 1336}], [{"x": 1315, "y": 1532}, {"x": 1320, "y": 1507}, {"x": 1312, "y": 1510}], [{"x": 1011, "y": 1228}, {"x": 988, "y": 1232}, {"x": 1013, "y": 1235}], [{"x": 1286, "y": 1116}, {"x": 1305, "y": 1114}, {"x": 1292, "y": 1101}], [{"x": 1143, "y": 1407}, {"x": 1144, "y": 1401}, {"x": 1143, "y": 1382}, {"x": 1140, "y": 1402}], [{"x": 1325, "y": 1152}, {"x": 1332, "y": 1128}, {"x": 1311, "y": 1131}], [{"x": 1444, "y": 1285}, {"x": 1448, "y": 1285}, {"x": 1447, "y": 1281}, {"x": 1428, "y": 1265}, {"x": 1430, "y": 1270}], [{"x": 1442, "y": 1097}, {"x": 1443, "y": 1101}, {"x": 1470, "y": 1082}, {"x": 1462, "y": 1085}, {"x": 1463, "y": 1082}, {"x": 1449, "y": 1079}], [{"x": 1040, "y": 1192}, {"x": 1047, "y": 1184}, {"x": 1045, "y": 1166}, {"x": 1025, "y": 1166}, {"x": 1024, "y": 1185}], [{"x": 1010, "y": 1380}, {"x": 1016, "y": 1380}, {"x": 1035, "y": 1367}, {"x": 1029, "y": 1362}, {"x": 1030, "y": 1364}], [{"x": 1336, "y": 1534}, {"x": 1360, "y": 1534}, {"x": 1336, "y": 1523}, {"x": 1335, "y": 1539}, {"x": 1361, "y": 1537}], [{"x": 1221, "y": 1191}, {"x": 1226, "y": 1204}, {"x": 1238, "y": 1205}, {"x": 1246, "y": 1183}, {"x": 1223, "y": 1182}], [{"x": 1194, "y": 1328}, {"x": 1196, "y": 1333}, {"x": 1204, "y": 1330}, {"x": 1204, "y": 1328}, {"x": 1203, "y": 1311}, {"x": 1200, "y": 1308}], [{"x": 1484, "y": 1319}, {"x": 1512, "y": 1319}, {"x": 1509, "y": 1312}, {"x": 1506, "y": 1299}, {"x": 1514, "y": 1298}, {"x": 1490, "y": 1298}], [{"x": 1131, "y": 1406}, {"x": 1110, "y": 1409}, {"x": 1116, "y": 1431}, {"x": 1136, "y": 1405}], [{"x": 1486, "y": 1182}, {"x": 1510, "y": 1173}, {"x": 1505, "y": 1158}, {"x": 1492, "y": 1173}, {"x": 1491, "y": 1152}, {"x": 1484, "y": 1154}], [{"x": 1314, "y": 1065}, {"x": 1320, "y": 1067}, {"x": 1336, "y": 1068}, {"x": 1337, "y": 1062}], [{"x": 1086, "y": 1060}, {"x": 1073, "y": 1052}, {"x": 1065, "y": 1052}, {"x": 1068, "y": 1054}, {"x": 1092, "y": 1078}], [{"x": 1373, "y": 1228}, {"x": 1389, "y": 1233}, {"x": 1390, "y": 1230}, {"x": 1387, "y": 1213}, {"x": 1376, "y": 1214}], [{"x": 1327, "y": 1429}, {"x": 1331, "y": 1441}, {"x": 1352, "y": 1448}, {"x": 1350, "y": 1443}], [{"x": 1086, "y": 1400}, {"x": 1069, "y": 1400}, {"x": 1069, "y": 1398}, {"x": 1067, "y": 1404}, {"x": 1094, "y": 1423}], [{"x": 1344, "y": 1324}, {"x": 1359, "y": 1318}, {"x": 1368, "y": 1307}], [{"x": 1113, "y": 1142}, {"x": 1121, "y": 1142}, {"x": 1138, "y": 1125}, {"x": 1115, "y": 1123}, {"x": 1119, "y": 1132}, {"x": 1120, "y": 1132}], [{"x": 1262, "y": 1460}, {"x": 1261, "y": 1488}, {"x": 1266, "y": 1463}], [{"x": 1127, "y": 1153}, {"x": 1145, "y": 1168}, {"x": 1146, "y": 1169}, {"x": 1152, "y": 1169}, {"x": 1150, "y": 1148}, {"x": 1150, "y": 1154}], [{"x": 1300, "y": 1486}, {"x": 1307, "y": 1489}, {"x": 1328, "y": 1491}, {"x": 1326, "y": 1482}, {"x": 1308, "y": 1465}], [{"x": 1077, "y": 1439}, {"x": 1079, "y": 1432}, {"x": 1077, "y": 1419}, {"x": 1055, "y": 1433}, {"x": 1058, "y": 1440}, {"x": 1057, "y": 1433}], [{"x": 1511, "y": 1291}, {"x": 1513, "y": 1286}, {"x": 1491, "y": 1281}], [{"x": 1530, "y": 1186}, {"x": 1530, "y": 1205}, {"x": 1543, "y": 1207}, {"x": 1548, "y": 1202}, {"x": 1541, "y": 1191}, {"x": 1547, "y": 1182}], [{"x": 1209, "y": 1230}, {"x": 1210, "y": 1249}, {"x": 1213, "y": 1253}, {"x": 1213, "y": 1237}, {"x": 1229, "y": 1234}], [{"x": 1105, "y": 1380}, {"x": 1080, "y": 1399}, {"x": 1108, "y": 1402}, {"x": 1106, "y": 1400}, {"x": 1110, "y": 1398}], [{"x": 1419, "y": 1032}, {"x": 1420, "y": 1046}, {"x": 1418, "y": 1053}, {"x": 1420, "y": 1053}, {"x": 1421, "y": 1047}], [{"x": 1072, "y": 1108}, {"x": 1078, "y": 1109}, {"x": 1052, "y": 1090}, {"x": 1056, "y": 1112}], [{"x": 1362, "y": 1305}, {"x": 1389, "y": 1309}, {"x": 1382, "y": 1280}, {"x": 1383, "y": 1288}, {"x": 1384, "y": 1303}], [{"x": 1150, "y": 1131}, {"x": 1177, "y": 1117}, {"x": 1173, "y": 1117}], [{"x": 1228, "y": 1029}, {"x": 1242, "y": 1046}, {"x": 1246, "y": 1048}, {"x": 1247, "y": 1047}, {"x": 1239, "y": 1040}], [{"x": 1312, "y": 1081}, {"x": 1312, "y": 1100}, {"x": 1314, "y": 1102}, {"x": 1314, "y": 1097}, {"x": 1334, "y": 1078}, {"x": 1319, "y": 1076}], [{"x": 1370, "y": 1413}, {"x": 1384, "y": 1436}, {"x": 1385, "y": 1437}, {"x": 1372, "y": 1416}, {"x": 1387, "y": 1413}, {"x": 1364, "y": 1410}], [{"x": 1016, "y": 1093}, {"x": 1020, "y": 1098}, {"x": 1038, "y": 1082}], [{"x": 1284, "y": 1344}, {"x": 1293, "y": 1350}, {"x": 1304, "y": 1347}, {"x": 1306, "y": 1345}], [{"x": 1278, "y": 1225}, {"x": 1272, "y": 1226}, {"x": 1273, "y": 1243}, {"x": 1278, "y": 1240}], [{"x": 1535, "y": 1536}, {"x": 1543, "y": 1514}, {"x": 1521, "y": 1535}], [{"x": 1164, "y": 1183}, {"x": 1164, "y": 1170}, {"x": 1154, "y": 1186}, {"x": 1176, "y": 1191}, {"x": 1184, "y": 1183}], [{"x": 1105, "y": 1085}, {"x": 1128, "y": 1101}, {"x": 1127, "y": 1096}, {"x": 1122, "y": 1086}, {"x": 1119, "y": 1081}, {"x": 1108, "y": 1081}], [{"x": 1056, "y": 1227}, {"x": 1057, "y": 1229}, {"x": 1051, "y": 1250}, {"x": 1057, "y": 1245}, {"x": 1067, "y": 1233}], [{"x": 1470, "y": 1550}, {"x": 1475, "y": 1548}, {"x": 1472, "y": 1530}, {"x": 1496, "y": 1525}, {"x": 1471, "y": 1529}, {"x": 1469, "y": 1544}], [{"x": 1460, "y": 1395}, {"x": 1461, "y": 1395}, {"x": 1486, "y": 1394}, {"x": 1469, "y": 1393}, {"x": 1461, "y": 1394}], [{"x": 1353, "y": 1374}, {"x": 1373, "y": 1353}, {"x": 1347, "y": 1359}], [{"x": 1483, "y": 1207}, {"x": 1468, "y": 1207}, {"x": 1463, "y": 1234}, {"x": 1492, "y": 1236}], [{"x": 1354, "y": 1130}, {"x": 1369, "y": 1151}, {"x": 1376, "y": 1125}, {"x": 1372, "y": 1128}, {"x": 1354, "y": 1128}], [{"x": 1185, "y": 1102}, {"x": 1201, "y": 1106}, {"x": 1202, "y": 1085}], [{"x": 1477, "y": 1347}, {"x": 1485, "y": 1349}, {"x": 1497, "y": 1367}, {"x": 1507, "y": 1339}, {"x": 1487, "y": 1339}], [{"x": 1252, "y": 1218}, {"x": 1244, "y": 1219}, {"x": 1242, "y": 1238}, {"x": 1242, "y": 1244}, {"x": 1272, "y": 1237}, {"x": 1266, "y": 1221}], [{"x": 1192, "y": 1297}, {"x": 1195, "y": 1296}, {"x": 1165, "y": 1290}, {"x": 1172, "y": 1319}, {"x": 1193, "y": 1313}], [{"x": 1363, "y": 1436}, {"x": 1369, "y": 1414}, {"x": 1343, "y": 1438}, {"x": 1351, "y": 1442}], [{"x": 1228, "y": 1298}, {"x": 1230, "y": 1300}, {"x": 1232, "y": 1298}, {"x": 1236, "y": 1277}, {"x": 1229, "y": 1282}], [{"x": 1134, "y": 1256}, {"x": 1113, "y": 1258}, {"x": 1117, "y": 1269}, {"x": 1110, "y": 1275}, {"x": 1137, "y": 1277}], [{"x": 1272, "y": 1088}, {"x": 1275, "y": 1077}, {"x": 1273, "y": 1071}, {"x": 1255, "y": 1096}, {"x": 1267, "y": 1098}], [{"x": 1093, "y": 1132}, {"x": 1096, "y": 1130}, {"x": 1098, "y": 1126}, {"x": 1072, "y": 1132}, {"x": 1095, "y": 1129}], [{"x": 1064, "y": 1521}, {"x": 1087, "y": 1500}, {"x": 1068, "y": 1509}, {"x": 1060, "y": 1521}, {"x": 1062, "y": 1522}], [{"x": 1421, "y": 1221}, {"x": 1422, "y": 1239}, {"x": 1426, "y": 1235}, {"x": 1427, "y": 1235}], [{"x": 1417, "y": 1095}, {"x": 1415, "y": 1097}, {"x": 1410, "y": 1109}, {"x": 1429, "y": 1115}, {"x": 1431, "y": 1112}], [{"x": 1094, "y": 1274}, {"x": 1099, "y": 1277}, {"x": 1093, "y": 1279}, {"x": 1117, "y": 1281}, {"x": 1116, "y": 1276}], [{"x": 1471, "y": 1164}, {"x": 1473, "y": 1164}, {"x": 1477, "y": 1156}, {"x": 1458, "y": 1144}, {"x": 1470, "y": 1138}, {"x": 1452, "y": 1138}], [{"x": 1536, "y": 1482}, {"x": 1540, "y": 1479}, {"x": 1537, "y": 1480}, {"x": 1531, "y": 1487}, {"x": 1540, "y": 1501}], [{"x": 1241, "y": 1378}, {"x": 1244, "y": 1372}, {"x": 1227, "y": 1372}, {"x": 1224, "y": 1375}, {"x": 1221, "y": 1394}], [{"x": 1095, "y": 1476}, {"x": 1099, "y": 1453}, {"x": 1096, "y": 1454}, {"x": 1083, "y": 1455}, {"x": 1082, "y": 1459}], [{"x": 1514, "y": 1213}, {"x": 1524, "y": 1221}, {"x": 1520, "y": 1240}, {"x": 1543, "y": 1235}, {"x": 1523, "y": 1212}], [{"x": 1531, "y": 1297}, {"x": 1546, "y": 1292}, {"x": 1550, "y": 1270}, {"x": 1549, "y": 1268}, {"x": 1545, "y": 1288}], [{"x": 1450, "y": 1450}, {"x": 1463, "y": 1450}, {"x": 1460, "y": 1446}, {"x": 1440, "y": 1447}, {"x": 1441, "y": 1448}, {"x": 1440, "y": 1466}], [{"x": 1017, "y": 1023}, {"x": 1018, "y": 1024}, {"x": 1019, "y": 1024}, {"x": 1015, "y": 1044}, {"x": 1035, "y": 1047}, {"x": 1036, "y": 1017}], [{"x": 1024, "y": 1006}, {"x": 1048, "y": 1025}, {"x": 1045, "y": 999}, {"x": 1040, "y": 1002}], [{"x": 1398, "y": 1359}, {"x": 1401, "y": 1361}, {"x": 1422, "y": 1358}, {"x": 1417, "y": 1356}, {"x": 1399, "y": 1337}, {"x": 1398, "y": 1356}], [{"x": 994, "y": 1509}, {"x": 1009, "y": 1513}, {"x": 1009, "y": 1509}, {"x": 1007, "y": 1510}, {"x": 997, "y": 1504}], [{"x": 1176, "y": 1261}, {"x": 1179, "y": 1279}, {"x": 1203, "y": 1283}, {"x": 1203, "y": 1278}, {"x": 1206, "y": 1257}, {"x": 1201, "y": 1277}]]}
