{"type": "CGSHOP2023_Instance", "name": "cheese163", "n": 163, "outer_boundary": [{"x": 1043, "y": 1314}, {"x": 1006, "y": 1245}, {"x": 994, "y": 1151}, {"x": 999, "y": 1009}, {"x": 1047, "y": 995}, {"x": 1141, "y": 982}, {"x": 1228, "y": 1002}, {"x": 1318, "y": 1072}, {"x": 1294, "y": 1303}, {"x": 1267, "y": 1308}, {"x": 1164, "y": 1314}], "holes": [[{"x": 1033, "y": 1175}, {"x": 1035, "y": 1175}, {"x": 1010, "y": 1158}, {"x": 1007, "y": 1163}, {"x": 1031, "y": 1174}, {"x": 1009, "y": 1177}], [{"x": 1179, "y": 1089}, {"x": 1199, "y": 1103}, {"x": 1198, "y": 1088}, {"x": 1203, "y": 1088}, {"x": 1180, "y": 1081}, {"x": 1186, "y": 1083}], [{"x": 1145, "y": 1126}, {"x": 1143, "y": 1132}, {"x": 1149, "y": 1152}, {"x": 1164, "y": 1144}, {"x": 1166, "y": 1123}, {"x": 1148, "y": 1125}], [{"x": 1096, "y": 1133}, {"x": 1117, "y": 1137}, {"x": 1117, "y": 1134}, {"x": 1121, "y": 1115}], [{"x": 1073, "y": 1107}, {"x": 1088, "y": 1127}, {"x": 1092, "y": 1106}, {"x": 1096, "y": 1102}], [{"x": 1141, "y": 1269}, {"x": 1143, "y": 1274}, {"x": 1148, "y": 1273}, {"x": 1169, "y": 1254}, {"x": 1161, "y": 1251}], [{"x": 1247, "y": 1130}, {"x": 1248, "y": 1129}, {"x": 1242, "y": 1126}, {"x": 1221, "y": 1130}, {"x": 1225, "y": 1145}], [{"x": 1053, "y": 1057}, {"x": 1076, "y": 1039}, {"x": 1077, "y": 1037}, {"x": 1057, "y": 1040}, {"x": 1049, "y": 1059}], [{"x": 1257, "y": 1290}, {"x": 1280, "y": 1297}, {"x": 1283, "y": 1293}, {"x": 1282, "y": 1276}], [{"x": 1178, "y": 1223}, {"x": 1200, "y": 1233}, {"x": 1201, "y": 1227}, {"x": 1199, "y": 1212}, {"x": 1186, "y": 1203}, {"x": 1183, "y": 1209}], [{"x": 1176, "y": 1300}, {"x": 1186, "y": 1295}, {"x": 1171, "y": 1278}, {"x": 1186, "y": 1274}, {"x": 1170, "y": 1277}, {"x": 1173, "y": 1295}], [{"x": 1012, "y": 1021}, {"x": 1019, "y": 1026}, {"x": 1017, "y": 1022}], [{"x": 1011, "y": 1110}, {"x": 1017, "y": 1105}, {"x": 1019, "y": 1107}, {"x": 1039, "y": 1086}], [{"x": 1267, "y": 1235}, {"x": 1237, "y": 1236}, {"x": 1237, "y": 1264}, {"x": 1241, "y": 1262}, {"x": 1267, "y": 1241}], [{"x": 1057, "y": 1301}, {"x": 1083, "y": 1299}, {"x": 1083, "y": 1279}, {"x": 1064, "y": 1274}, {"x": 1078, "y": 1282}], [{"x": 1207, "y": 1080}, {"x": 1228, "y": 1074}, {"x": 1205, "y": 1075}, {"x": 1205, "y": 1091}, {"x": 1229, "y": 1094}], [{"x": 1265, "y": 1061}, {"x": 1249, "y": 1066}, {"x": 1263, "y": 1081}, {"x": 1253, "y": 1086}, {"x": 1269, "y": 1083}, {"x": 1267, "y": 1070}], [{"x": 1059, "y": 1008}, {"x": 1072, "y": 1025}, {"x": 1076, "y": 1019}, {"x": 1071, "y": 1020}, {"x": 1073, "y": 1023}], [{"x": 1020, "y": 1257}, {"x": 1023, "y": 1259}, {"x": 1048, "y": 1259}, {"x": 1046, "y": 1233}, {"x": 1024, "y": 1232}], [{"x": 1211, "y": 1275}, {"x": 1214, "y": 1280}, {"x": 1216, "y": 1278}], [{"x": 1215, "y": 1110}, {"x": 1241, "y": 1117}, {"x": 1223, "y": 1109}, {"x": 1224, "y": 1112}], [{"x": 1203, "y": 1134}, {"x": 1221, "y": 1121}, {"x": 1217, "y": 1112}, {"x": 1196, "y": 1118}, {"x": 1201, "y": 1139}], [{"x": 1300, "y": 1079}, {"x": 1284, "y": 1083}, {"x": 1305, "y": 1082}], [{"x": 1018, "y": 1230}, {"x": 1020, "y": 1254}, {"x": 1019, "y": 1229}], [{"x": 1155, "y": 993}, {"x": 1143, "y": 1011}, {"x": 1159, "y": 1011}, {"x": 1156, "y": 996}], [{"x": 1106, "y": 1039}, {"x": 1098, "y": 1037}, {"x": 1078, "y": 1051}, {"x": 1098, "y": 1058}, {"x": 1108, "y": 1054}], [{"x": 1119, "y": 1111}, {"x": 1147, "y": 1110}, {"x": 1138, "y": 1095}], [{"x": 1298, "y": 1112}, {"x": 1299, "y": 1092}, {"x": 1280, "y": 1092}, {"x": 1276, "y": 1109}, {"x": 1275, "y": 1116}, {"x": 1296, "y": 1113}], [{"x": 1143, "y": 1246}, {"x": 1154, "y": 1247}, {"x": 1159, "y": 1237}, {"x": 1162, "y": 1223}, {"x": 1157, "y": 1217}, {"x": 1134, "y": 1220}], [{"x": 1072, "y": 1219}, {"x": 1092, "y": 1238}, {"x": 1091, "y": 1235}], [{"x": 1157, "y": 1179}, {"x": 1162, "y": 1174}, {"x": 1162, "y": 1162}, {"x": 1160, "y": 1161}, {"x": 1139, "y": 1173}], [{"x": 1052, "y": 1182}, {"x": 1078, "y": 1158}, {"x": 1055, "y": 1163}], [{"x": 1218, "y": 1034}, {"x": 1216, "y": 1016}, {"x": 1203, "y": 1040}, {"x": 1226, "y": 1034}]]}
