{"type": "CGSHOP2023_Instance", "name": "cheese399", "n": 399, "outer_boundary": [{"x": 1008, "y": 1469}, {"x": 997, "y": 1316}, {"x": 994, "y": 1313}, {"x": 1004, "y": 1188}, {"x": 1025, "y": 1042}, {"x": 1144, "y": 982}, {"x": 1220, "y": 983}, {"x": 1485, "y": 963}, {"x": 1506, "y": 986}, {"x": 1500, "y": 1061}, {"x": 1495, "y": 1285}, {"x": 1482, "y": 1486}, {"x": 1452, "y": 1493}, {"x": 1271, "y": 1496}, {"x": 1064, "y": 1493}], "holes": [[{"x": 1390, "y": 1135}, {"x": 1391, "y": 1115}, {"x": 1368, "y": 1118}, {"x": 1368, "y": 1132}, {"x": 1389, "y": 1138}, {"x": 1393, "y": 1135}], [{"x": 1193, "y": 1305}, {"x": 1176, "y": 1326}, {"x": 1195, "y": 1330}, {"x": 1196, "y": 1311}, {"x": 1193, "y": 1322}], [{"x": 1454, "y": 1378}, {"x": 1448, "y": 1397}, {"x": 1454, "y": 1396}, {"x": 1476, "y": 1377}], [{"x": 1448, "y": 1440}, {"x": 1472, "y": 1435}, {"x": 1444, "y": 1415}, {"x": 1449, "y": 1422}, {"x": 1444, "y": 1438}], [{"x": 1014, "y": 1207}, {"x": 1020, "y": 1227}, {"x": 1018, "y": 1229}, {"x": 1040, "y": 1228}, {"x": 1041, "y": 1207}, {"x": 1039, "y": 1206}], [{"x": 1433, "y": 1164}, {"x": 1434, "y": 1166}, {"x": 1437, "y": 1164}], [{"x": 1281, "y": 1081}, {"x": 1272, "y": 1095}, {"x": 1301, "y": 1103}], [{"x": 1236, "y": 993}, {"x": 1234, "y": 998}, {"x": 1259, "y": 1019}, {"x": 1263, "y": 1013}], [{"x": 1300, "y": 1005}, {"x": 1301, "y": 1023}, {"x": 1305, "y": 1028}, {"x": 1281, "y": 1022}, {"x": 1306, "y": 1029}], [{"x": 1151, "y": 1176}, {"x": 1153, "y": 1178}, {"x": 1146, "y": 1161}, {"x": 1132, "y": 1162}, {"x": 1127, "y": 1185}, {"x": 1154, "y": 1183}], [{"x": 1318, "y": 1335}, {"x": 1320, "y": 1321}, {"x": 1323, "y": 1337}, {"x": 1327, "y": 1316}, {"x": 1300, "y": 1316}, {"x": 1302, "y": 1340}], [{"x": 1030, "y": 1345}, {"x": 1030, "y": 1369}, {"x": 1049, "y": 1366}, {"x": 1033, "y": 1347}, {"x": 1055, "y": 1359}], [{"x": 1356, "y": 1301}, {"x": 1338, "y": 1294}, {"x": 1338, "y": 1295}, {"x": 1364, "y": 1322}, {"x": 1364, "y": 1317}], [{"x": 1143, "y": 1463}, {"x": 1160, "y": 1453}, {"x": 1161, "y": 1450}, {"x": 1154, "y": 1444}, {"x": 1142, "y": 1450}], [{"x": 1480, "y": 1300}, {"x": 1473, "y": 1308}, {"x": 1472, "y": 1325}, {"x": 1480, "y": 1302}], [{"x": 1167, "y": 1056}, {"x": 1179, "y": 1060}, {"x": 1187, "y": 1057}, {"x": 1167, "y": 1033}], [{"x": 1130, "y": 1132}, {"x": 1130, "y": 1140}, {"x": 1140, "y": 1138}, {"x": 1137, "y": 1114}], [{"x": 1443, "y": 1444}, {"x": 1445, "y": 1426}, {"x": 1417, "y": 1447}, {"x": 1424, "y": 1452}, {"x": 1444, "y": 1450}], [{"x": 1037, "y": 1057}, {"x": 1038, "y": 1060}, {"x": 1052, "y": 1085}, {"x": 1055, "y": 1061}], [{"x": 1179, "y": 999}, {"x": 1158, "y": 999}, {"x": 1184, "y": 1022}], [{"x": 1258, "y": 1435}, {"x": 1282, "y": 1431}, {"x": 1282, "y": 1415}, {"x": 1272, "y": 1415}, {"x": 1275, "y": 1405}, {"x": 1254, "y": 1434}], [{"x": 1325, "y": 1365}, {"x": 1330, "y": 1371}, {"x": 1342, "y": 1363}, {"x": 1328, "y": 1349}, {"x": 1325, "y": 1345}, {"x": 1324, "y": 1353}], [{"x": 1293, "y": 1457}, {"x": 1284, "y": 1460}, {"x": 1289, "y": 1479}, {"x": 1283, "y": 1480}, {"x": 1288, "y": 1486}, {"x": 1310, "y": 1462}], [{"x": 1114, "y": 1163}, {"x": 1097, "y": 1163}, {"x": 1095, "y": 1164}, {"x": 1098, "y": 1166}, {"x": 1116, "y": 1182}, {"x": 1117, "y": 1168}], [{"x": 1086, "y": 1350}, {"x": 1090, "y": 1376}, {"x": 1093, "y": 1355}], [{"x": 1092, "y": 1427}, {"x": 1087, "y": 1432}, {"x": 1094, "y": 1427}], [{"x": 1137, "y": 1317}, {"x": 1139, "y": 1320}, {"x": 1152, "y": 1320}, {"x": 1154, "y": 1318}, {"x": 1140, "y": 1336}, {"x": 1156, "y": 1317}], [{"x": 1043, "y": 1144}, {"x": 1065, "y": 1144}, {"x": 1066, "y": 1139}, {"x": 1048, "y": 1140}], [{"x": 1456, "y": 1025}, {"x": 1478, "y": 1045}, {"x": 1461, "y": 1022}], [{"x": 1347, "y": 1417}, {"x": 1374, "y": 1415}, {"x": 1365, "y": 1412}, {"x": 1351, "y": 1415}], [{"x": 1377, "y": 1389}, {"x": 1407, "y": 1407}, {"x": 1383, "y": 1383}], [{"x": 1289, "y": 1356}, {"x": 1308, "y": 1371}, {"x": 1285, "y": 1375}, {"x": 1312, "y": 1376}, {"x": 1315, "y": 1356}, {"x": 1312, "y": 1347}], [{"x": 1417, "y": 1286}, {"x": 1423, "y": 1294}, {"x": 1424, "y": 1293}, {"x": 1426, "y": 1264}], [{"x": 1078, "y": 1261}, {"x": 1056, "y": 1262}, {"x": 1054, "y": 1266}, {"x": 1062, "y": 1290}, {"x": 1081, "y": 1290}, {"x": 1083, "y": 1283}], [{"x": 1286, "y": 1049}, {"x": 1286, "y": 1068}, {"x": 1302, "y": 1074}, {"x": 1311, "y": 1074}], [{"x": 1482, "y": 1053}, {"x": 1470, "y": 1053}, {"x": 1469, "y": 1069}, {"x": 1465, "y": 1054}, {"x": 1470, "y": 1078}, {"x": 1484, "y": 1076}], [{"x": 1440, "y": 1348}, {"x": 1425, "y": 1352}, {"x": 1418, "y": 1373}, {"x": 1447, "y": 1375}], [{"x": 1377, "y": 1313}, {"x": 1379, "y": 1341}, {"x": 1379, "y": 1320}], [{"x": 1466, "y": 1091}, {"x": 1467, "y": 1090}, {"x": 1448, "y": 1072}, {"x": 1447, "y": 1080}], [{"x": 1159, "y": 1183}, {"x": 1152, "y": 1185}, {"x": 1153, "y": 1209}, {"x": 1177, "y": 1202}, {"x": 1176, "y": 1184}], [{"x": 1146, "y": 1392}, {"x": 1172, "y": 1396}, {"x": 1165, "y": 1375}, {"x": 1143, "y": 1388}], [{"x": 1447, "y": 1109}, {"x": 1439, "y": 1110}, {"x": 1457, "y": 1114}], [{"x": 1283, "y": 1245}, {"x": 1310, "y": 1269}, {"x": 1311, "y": 1267}], [{"x": 1393, "y": 1060}, {"x": 1379, "y": 1055}, {"x": 1379, "y": 1056}, {"x": 1398, "y": 1064}], [{"x": 1214, "y": 1462}, {"x": 1218, "y": 1443}, {"x": 1195, "y": 1439}, {"x": 1198, "y": 1469}, {"x": 1212, "y": 1468}, {"x": 1220, "y": 1465}], [{"x": 1382, "y": 1374}, {"x": 1398, "y": 1376}, {"x": 1398, "y": 1375}], [{"x": 1017, "y": 1363}, {"x": 1020, "y": 1390}, {"x": 1022, "y": 1368}], [{"x": 1244, "y": 1258}, {"x": 1266, "y": 1273}, {"x": 1262, "y": 1257}, {"x": 1260, "y": 1252}, {"x": 1246, "y": 1253}, {"x": 1236, "y": 1277}], [{"x": 1192, "y": 1388}, {"x": 1195, "y": 1389}, {"x": 1194, "y": 1375}, {"x": 1197, "y": 1374}, {"x": 1173, "y": 1374}], [{"x": 1211, "y": 1309}, {"x": 1215, "y": 1296}, {"x": 1205, "y": 1289}], [{"x": 1276, "y": 1050}, {"x": 1277, "y": 1053}, {"x": 1300, "y": 1036}, {"x": 1294, "y": 1036}, {"x": 1294, "y": 1031}], [{"x": 1212, "y": 1211}, {"x": 1233, "y": 1221}, {"x": 1224, "y": 1211}, {"x": 1228, "y": 1197}], [{"x": 1247, "y": 1075}, {"x": 1253, "y": 1073}, {"x": 1253, "y": 1074}, {"x": 1267, "y": 1062}, {"x": 1267, "y": 1055}], [{"x": 1333, "y": 1107}, {"x": 1355, "y": 1131}, {"x": 1347, "y": 1112}], [{"x": 1191, "y": 1244}, {"x": 1194, "y": 1256}, {"x": 1199, "y": 1256}, {"x": 1220, "y": 1242}], [{"x": 1115, "y": 1293}, {"x": 1095, "y": 1300}, {"x": 1095, "y": 1314}, {"x": 1119, "y": 1313}], [{"x": 1375, "y": 1457}, {"x": 1392, "y": 1455}, {"x": 1374, "y": 1451}, {"x": 1372, "y": 1475}], [{"x": 1083, "y": 1340}, {"x": 1103, "y": 1359}, {"x": 1108, "y": 1362}, {"x": 1112, "y": 1341}, {"x": 1088, "y": 1337}], [{"x": 1451, "y": 1183}, {"x": 1461, "y": 1213}, {"x": 1459, "y": 1183}], [{"x": 1442, "y": 1453}, {"x": 1470, "y": 1475}, {"x": 1472, "y": 1470}, {"x": 1448, "y": 1454}, {"x": 1447, "y": 1455}], [{"x": 1377, "y": 1034}, {"x": 1382, "y": 1015}, {"x": 1355, "y": 1044}, {"x": 1374, "y": 1039}, {"x": 1380, "y": 1037}], [{"x": 1025, "y": 1449}, {"x": 1052, "y": 1474}, {"x": 1052, "y": 1446}], [{"x": 1011, "y": 1310}, {"x": 1032, "y": 1289}, {"x": 1007, "y": 1289}, {"x": 1007, "y": 1294}], [{"x": 1222, "y": 1073}, {"x": 1224, "y": 1086}, {"x": 1240, "y": 1096}, {"x": 1246, "y": 1066}, {"x": 1224, "y": 1072}], [{"x": 1101, "y": 1126}, {"x": 1105, "y": 1106}, {"x": 1087, "y": 1102}, {"x": 1081, "y": 1099}, {"x": 1083, "y": 1121}, {"x": 1084, "y": 1124}], [{"x": 1226, "y": 1314}, {"x": 1227, "y": 1336}, {"x": 1230, "y": 1337}, {"x": 1233, "y": 1321}], [{"x": 1219, "y": 1427}, {"x": 1235, "y": 1436}, {"x": 1242, "y": 1435}, {"x": 1238, "y": 1433}, {"x": 1234, "y": 1426}], [{"x": 1468, "y": 990}, {"x": 1485, "y": 1006}, {"x": 1468, "y": 987}], [{"x": 1336, "y": 1336}, {"x": 1337, "y": 1350}, {"x": 1344, "y": 1333}], [{"x": 1325, "y": 1253}, {"x": 1328, "y": 1271}, {"x": 1348, "y": 1251}, {"x": 1329, "y": 1250}], [{"x": 1266, "y": 1211}, {"x": 1268, "y": 1186}, {"x": 1258, "y": 1190}], [{"x": 1141, "y": 1230}, {"x": 1141, "y": 1255}, {"x": 1159, "y": 1233}], [{"x": 1299, "y": 1378}, {"x": 1322, "y": 1387}, {"x": 1324, "y": 1379}], [{"x": 1431, "y": 1310}, {"x": 1428, "y": 1331}, {"x": 1454, "y": 1331}], [{"x": 1149, "y": 1280}, {"x": 1144, "y": 1276}, {"x": 1133, "y": 1304}, {"x": 1149, "y": 1300}, {"x": 1153, "y": 1301}], [{"x": 1405, "y": 1409}, {"x": 1405, "y": 1410}, {"x": 1409, "y": 1416}, {"x": 1408, "y": 1408}], [{"x": 1332, "y": 1048}, {"x": 1312, "y": 1041}, {"x": 1307, "y": 1044}, {"x": 1315, "y": 1065}, {"x": 1334, "y": 1066}], [{"x": 1351, "y": 1085}, {"x": 1360, "y": 1089}, {"x": 1352, "y": 1068}, {"x": 1336, "y": 1067}, {"x": 1330, "y": 1066}], [{"x": 1110, "y": 1367}, {"x": 1123, "y": 1394}, {"x": 1124, "y": 1393}, {"x": 1126, "y": 1385}, {"x": 1125, "y": 1386}], [{"x": 1443, "y": 1306}, {"x": 1461, "y": 1308}, {"x": 1441, "y": 1291}, {"x": 1448, "y": 1304}], [{"x": 1046, "y": 1194}, {"x": 1073, "y": 1211}, {"x": 1067, "y": 1192}], [{"x": 1074, "y": 1239}, {"x": 1079, "y": 1242}, {"x": 1077, "y": 1223}], [{"x": 1191, "y": 1243}, {"x": 1193, "y": 1239}, {"x": 1193, "y": 1241}, {"x": 1196, "y": 1223}, {"x": 1194, "y": 1221}, {"x": 1178, "y": 1241}], [{"x": 1392, "y": 1209}, {"x": 1413, "y": 1187}, {"x": 1390, "y": 1207}], [{"x": 1232, "y": 1234}, {"x": 1215, "y": 1241}, {"x": 1240, "y": 1234}], [{"x": 1220, "y": 1262}, {"x": 1220, "y": 1265}, {"x": 1221, "y": 1284}, {"x": 1232, "y": 1268}, {"x": 1221, "y": 1259}], [{"x": 1235, "y": 1370}, {"x": 1255, "y": 1372}, {"x": 1252, "y": 1353}, {"x": 1252, "y": 1345}, {"x": 1250, "y": 1349}, {"x": 1248, "y": 1350}], [{"x": 1146, "y": 1250}, {"x": 1170, "y": 1252}, {"x": 1168, "y": 1250}], [{"x": 1264, "y": 1282}, {"x": 1278, "y": 1286}, {"x": 1283, "y": 1278}, {"x": 1279, "y": 1278}]]}
