{"type": "CGSHOP2023_Instance", "name": "cheese225", "n": 225, "outer_boundary": [{"x": 982, "y": 1361}, {"x": 979, "y": 1330}, {"x": 971, "y": 1110}, {"x": 989, "y": 1050}, {"x": 1022, "y": 1006}, {"x": 1195, "y": 973}, {"x": 1194, "y": 970}, {"x": 1268, "y": 991}, {"x": 1322, "y": 997}, {"x": 1367, "y": 1121}, {"x": 1363, "y": 1287}, {"x": 1365, "y": 1298}, {"x": 1324, "y": 1330}, {"x": 1306, "y": 1366}], "holes": [[{"x": 1224, "y": 1267}, {"x": 1223, "y": 1270}, {"x": 1223, "y": 1290}, {"x": 1247, "y": 1271}, {"x": 1246, "y": 1269}], [{"x": 1169, "y": 1074}, {"x": 1172, "y": 1093}, {"x": 1147, "y": 1092}, {"x": 1155, "y": 1098}, {"x": 1174, "y": 1095}, {"x": 1176, "y": 1077}], [{"x": 1201, "y": 1225}, {"x": 1199, "y": 1251}, {"x": 1215, "y": 1235}], [{"x": 1065, "y": 1237}, {"x": 1051, "y": 1239}, {"x": 1054, "y": 1252}, {"x": 1067, "y": 1237}], [{"x": 1175, "y": 1114}, {"x": 1176, "y": 1114}, {"x": 1160, "y": 1111}, {"x": 1161, "y": 1120}, {"x": 1180, "y": 1132}], [{"x": 1257, "y": 1238}, {"x": 1259, "y": 1249}, {"x": 1257, "y": 1254}, {"x": 1285, "y": 1256}, {"x": 1285, "y": 1232}, {"x": 1282, "y": 1230}], [{"x": 1044, "y": 1121}, {"x": 1062, "y": 1120}, {"x": 1060, "y": 1123}, {"x": 1038, "y": 1121}, {"x": 1061, "y": 1142}, {"x": 1065, "y": 1118}], [{"x": 1153, "y": 1320}, {"x": 1148, "y": 1314}, {"x": 1146, "y": 1323}, {"x": 1168, "y": 1321}, {"x": 1173, "y": 1300}], [{"x": 1276, "y": 1096}, {"x": 1276, "y": 1097}, {"x": 1297, "y": 1092}, {"x": 1294, "y": 1092}], [{"x": 1004, "y": 1146}, {"x": 1013, "y": 1163}, {"x": 1028, "y": 1169}, {"x": 1030, "y": 1167}, {"x": 1013, "y": 1146}], [{"x": 1226, "y": 1211}, {"x": 1232, "y": 1212}, {"x": 1255, "y": 1198}, {"x": 1228, "y": 1191}, {"x": 1225, "y": 1220}, {"x": 1253, "y": 1217}], [{"x": 1315, "y": 1097}, {"x": 1296, "y": 1104}, {"x": 1303, "y": 1103}, {"x": 1323, "y": 1100}], [{"x": 1225, "y": 1078}, {"x": 1217, "y": 1080}, {"x": 1223, "y": 1100}, {"x": 1240, "y": 1078}], [{"x": 992, "y": 1340}, {"x": 992, "y": 1343}, {"x": 996, "y": 1347}, {"x": 1019, "y": 1322}, {"x": 998, "y": 1342}, {"x": 994, "y": 1329}], [{"x": 1290, "y": 1350}, {"x": 1296, "y": 1332}, {"x": 1279, "y": 1346}], [{"x": 1123, "y": 1340}, {"x": 1123, "y": 1347}, {"x": 1138, "y": 1341}, {"x": 1139, "y": 1327}, {"x": 1138, "y": 1323}], [{"x": 1238, "y": 1181}, {"x": 1230, "y": 1191}, {"x": 1251, "y": 1191}, {"x": 1255, "y": 1163}, {"x": 1239, "y": 1185}, {"x": 1253, "y": 1164}], [{"x": 1256, "y": 1003}, {"x": 1259, "y": 1005}, {"x": 1276, "y": 1008}, {"x": 1265, "y": 1021}, {"x": 1281, "y": 1004}, {"x": 1281, "y": 1003}], [{"x": 1191, "y": 1247}, {"x": 1191, "y": 1248}, {"x": 1199, "y": 1272}, {"x": 1195, "y": 1251}], [{"x": 1305, "y": 1177}, {"x": 1333, "y": 1196}, {"x": 1332, "y": 1175}, {"x": 1327, "y": 1173}], [{"x": 1073, "y": 1283}, {"x": 1060, "y": 1299}, {"x": 1057, "y": 1303}, {"x": 1076, "y": 1296}, {"x": 1076, "y": 1285}], [{"x": 1313, "y": 1295}, {"x": 1334, "y": 1318}, {"x": 1339, "y": 1315}], [{"x": 1241, "y": 1000}, {"x": 1215, "y": 1020}, {"x": 1221, "y": 1024}, {"x": 1243, "y": 1027}], [{"x": 1347, "y": 1159}, {"x": 1353, "y": 1157}, {"x": 1355, "y": 1136}, {"x": 1354, "y": 1139}, {"x": 1329, "y": 1160}], [{"x": 1310, "y": 1167}, {"x": 1318, "y": 1172}, {"x": 1311, "y": 1167}], [{"x": 1181, "y": 987}, {"x": 1181, "y": 988}, {"x": 1183, "y": 992}, {"x": 1206, "y": 986}], [{"x": 1277, "y": 1153}, {"x": 1302, "y": 1174}, {"x": 1275, "y": 1148}, {"x": 1276, "y": 1155}, {"x": 1282, "y": 1173}, {"x": 1296, "y": 1173}], [{"x": 1039, "y": 1046}, {"x": 1018, "y": 1046}, {"x": 1022, "y": 1052}, {"x": 1043, "y": 1048}], [{"x": 1315, "y": 1228}, {"x": 1333, "y": 1233}, {"x": 1332, "y": 1225}, {"x": 1330, "y": 1205}, {"x": 1327, "y": 1205}, {"x": 1316, "y": 1206}], [{"x": 1210, "y": 1029}, {"x": 1231, "y": 1053}, {"x": 1234, "y": 1035}, {"x": 1217, "y": 1031}, {"x": 1239, "y": 1033}], [{"x": 1177, "y": 1026}, {"x": 1196, "y": 1050}, {"x": 1198, "y": 1045}, {"x": 1182, "y": 1030}], [{"x": 1230, "y": 1129}, {"x": 1236, "y": 1131}, {"x": 1252, "y": 1114}, {"x": 1232, "y": 1127}, {"x": 1231, "y": 1109}, {"x": 1231, "y": 1108}], [{"x": 1351, "y": 1265}, {"x": 1343, "y": 1267}, {"x": 1331, "y": 1284}, {"x": 1347, "y": 1286}, {"x": 1348, "y": 1285}, {"x": 1352, "y": 1271}], [{"x": 1146, "y": 1017}, {"x": 1145, "y": 1042}, {"x": 1152, "y": 1037}], [{"x": 1006, "y": 1063}, {"x": 1014, "y": 1079}, {"x": 1035, "y": 1077}, {"x": 1026, "y": 1064}], [{"x": 988, "y": 1120}, {"x": 990, "y": 1138}, {"x": 992, "y": 1138}, {"x": 1005, "y": 1140}, {"x": 1011, "y": 1141}, {"x": 1005, "y": 1119}], [{"x": 1304, "y": 1012}, {"x": 1281, "y": 1010}, {"x": 1283, "y": 1026}, {"x": 1285, "y": 1033}, {"x": 1302, "y": 1016}, {"x": 1310, "y": 1014}], [{"x": 1056, "y": 1186}, {"x": 1057, "y": 1200}, {"x": 1037, "y": 1198}, {"x": 1036, "y": 1199}, {"x": 1059, "y": 1205}], [{"x": 1321, "y": 1308}, {"x": 1296, "y": 1326}, {"x": 1315, "y": 1313}, {"x": 1303, "y": 1326}, {"x": 1322, "y": 1324}], [{"x": 1086, "y": 1145}, {"x": 1091, "y": 1155}, {"x": 1091, "y": 1148}, {"x": 1114, "y": 1133}, {"x": 1090, "y": 1128}], [{"x": 1032, "y": 1022}, {"x": 1034, "y": 1044}, {"x": 1053, "y": 1021}], [{"x": 1093, "y": 1035}, {"x": 1107, "y": 1040}, {"x": 1112, "y": 1035}, {"x": 1103, "y": 1014}, {"x": 1091, "y": 1013}], [{"x": 1177, "y": 1236}, {"x": 1196, "y": 1236}, {"x": 1193, "y": 1223}, {"x": 1196, "y": 1222}, {"x": 1187, "y": 1218}, {"x": 1191, "y": 1224}], [{"x": 1222, "y": 1334}, {"x": 1225, "y": 1332}, {"x": 1208, "y": 1310}, {"x": 1203, "y": 1318}, {"x": 1223, "y": 1336}]]}
