{"type": "CGSHOP2023_Instance", "name": "cheese3489", "n": 3489, "outer_boundary": [{"x": 971, "y": 2385}, {"x": 964, "y": 2258}, {"x": 967, "y": 1893}, {"x": 964, "y": 1147}, {"x": 988, "y": 980}, {"x": 1009, "y": 983}, {"x": 1160, "y": 952}, {"x": 1169, "y": 968}, {"x": 2399, "y": 950}, {"x": 2429, "y": 1022}, {"x": 2410, "y": 1079}, {"x": 2479, "y": 1110}, {"x": 2488, "y": 1405}, {"x": 2469, "y": 1688}, {"x": 2466, "y": 2028}, {"x": 2512, "y": 2024}, {"x": 2484, "y": 2334}, {"x": 2463, "y": 2373}, {"x": 2383, "y": 2498}, {"x": 1630, "y": 2460}, {"x": 1059, "y": 2484}], "holes": [[{"x": 1628, "y": 1276}, {"x": 1636, "y": 1273}, {"x": 1632, "y": 1257}], [{"x": 1700, "y": 1479}, {"x": 1719, "y": 1456}, {"x": 1700, "y": 1460}, {"x": 1697, "y": 1475}, {"x": 1711, "y": 1463}], [{"x": 2298, "y": 1597}, {"x": 2299, "y": 1602}, {"x": 2299, "y": 1603}, {"x": 2318, "y": 1614}, {"x": 2324, "y": 1614}], [{"x": 1329, "y": 2027}, {"x": 1348, "y": 2043}, {"x": 1328, "y": 2022}], [{"x": 1830, "y": 1729}, {"x": 1829, "y": 1733}, {"x": 1832, "y": 1748}, {"x": 1853, "y": 1751}, {"x": 1851, "y": 1743}], [{"x": 1184, "y": 2400}, {"x": 1204, "y": 2398}, {"x": 1206, "y": 2379}], [{"x": 1228, "y": 1498}, {"x": 1250, "y": 1495}, {"x": 1250, "y": 1491}, {"x": 1253, "y": 1481}], [{"x": 2066, "y": 1575}, {"x": 2082, "y": 1594}, {"x": 2084, "y": 1596}, {"x": 2064, "y": 1568}], [{"x": 1017, "y": 1730}, {"x": 1029, "y": 1750}, {"x": 1010, "y": 1751}, {"x": 1012, "y": 1753}, {"x": 1031, "y": 1753}], [{"x": 1112, "y": 1680}, {"x": 1114, "y": 1680}, {"x": 1130, "y": 1661}, {"x": 1132, "y": 1655}, {"x": 1113, "y": 1661}], [{"x": 1569, "y": 1582}, {"x": 1565, "y": 1582}, {"x": 1547, "y": 1584}, {"x": 1541, "y": 1588}, {"x": 1541, "y": 1608}, {"x": 1569, "y": 1604}], [{"x": 1691, "y": 1639}, {"x": 1692, "y": 1654}, {"x": 1694, "y": 1660}, {"x": 1715, "y": 1656}, {"x": 1694, "y": 1637}, {"x": 1713, "y": 1655}], [{"x": 1612, "y": 1194}, {"x": 1613, "y": 1219}, {"x": 1619, "y": 1223}, {"x": 1617, "y": 1199}, {"x": 1613, "y": 1194}], [{"x": 1846, "y": 1306}, {"x": 1873, "y": 1310}, {"x": 1867, "y": 1285}, {"x": 1848, "y": 1284}], [{"x": 1247, "y": 1825}, {"x": 1266, "y": 1842}, {"x": 1273, "y": 1823}], [{"x": 2086, "y": 1153}, {"x": 2109, "y": 1175}, {"x": 2111, "y": 1150}, {"x": 2086, "y": 1152}], [{"x": 1952, "y": 1496}, {"x": 1968, "y": 1494}, {"x": 1951, "y": 1490}, {"x": 1949, "y": 1493}, {"x": 1971, "y": 1519}], [{"x": 1031, "y": 2358}, {"x": 1041, "y": 2362}, {"x": 1036, "y": 2342}, {"x": 1031, "y": 2338}, {"x": 1016, "y": 2344}, {"x": 1033, "y": 2362}], [{"x": 1981, "y": 1812}, {"x": 1999, "y": 1817}, {"x": 2003, "y": 1821}, {"x": 2007, "y": 1798}, {"x": 2005, "y": 1797}, {"x": 1986, "y": 1798}], [{"x": 2215, "y": 2367}, {"x": 2201, "y": 2385}, {"x": 2195, "y": 2385}, {"x": 2203, "y": 2391}, {"x": 2218, "y": 2386}, {"x": 2218, "y": 2367}], [{"x": 1193, "y": 2134}, {"x": 1194, "y": 2135}, {"x": 1179, "y": 2116}, {"x": 1181, "y": 2119}, {"x": 1178, "y": 2138}, {"x": 1179, "y": 2138}], [{"x": 1136, "y": 1181}, {"x": 1149, "y": 1196}, {"x": 1152, "y": 1195}, {"x": 1148, "y": 1178}, {"x": 1158, "y": 1175}], [{"x": 2034, "y": 1586}, {"x": 2041, "y": 1585}, {"x": 2032, "y": 1569}, {"x": 2021, "y": 1574}], [{"x": 1644, "y": 1769}, {"x": 1667, "y": 1775}, {"x": 1659, "y": 1767}], [{"x": 1351, "y": 1538}, {"x": 1362, "y": 1511}, {"x": 1344, "y": 1511}, {"x": 1346, "y": 1536}], [{"x": 1846, "y": 1071}, {"x": 1850, "y": 1052}, {"x": 1847, "y": 1054}], [{"x": 1615, "y": 1968}, {"x": 1616, "y": 1980}, {"x": 1633, "y": 1979}], [{"x": 1489, "y": 1176}, {"x": 1473, "y": 1176}, {"x": 1468, "y": 1204}, {"x": 1472, "y": 1199}, {"x": 1492, "y": 1184}, {"x": 1490, "y": 1175}], [{"x": 1451, "y": 1113}, {"x": 1474, "y": 1092}, {"x": 1457, "y": 1096}], [{"x": 1363, "y": 2236}, {"x": 1366, "y": 2219}, {"x": 1351, "y": 2238}, {"x": 1366, "y": 2244}, {"x": 1371, "y": 2224}], [{"x": 2367, "y": 1783}, {"x": 2373, "y": 1780}, {"x": 2385, "y": 1779}, {"x": 2393, "y": 1759}, {"x": 2386, "y": 1755}, {"x": 2365, "y": 1763}], [{"x": 1583, "y": 2087}, {"x": 1571, "y": 2091}, {"x": 1567, "y": 2093}, {"x": 1581, "y": 2106}, {"x": 1566, "y": 2111}, {"x": 1589, "y": 2112}], [{"x": 1438, "y": 1603}, {"x": 1454, "y": 1587}, {"x": 1433, "y": 1583}, {"x": 1430, "y": 1603}], [{"x": 1713, "y": 1834}, {"x": 1738, "y": 1832}, {"x": 1740, "y": 1832}, {"x": 1740, "y": 1811}], [{"x": 1314, "y": 1272}, {"x": 1316, "y": 1272}, {"x": 1333, "y": 1267}, {"x": 1331, "y": 1264}, {"x": 1339, "y": 1246}, {"x": 1313, "y": 1270}], [{"x": 1277, "y": 2374}, {"x": 1261, "y": 2367}, {"x": 1257, "y": 2376}, {"x": 1265, "y": 2377}, {"x": 1276, "y": 2393}, {"x": 1280, "y": 2377}], [{"x": 1957, "y": 2130}, {"x": 1955, "y": 2129}, {"x": 1960, "y": 2135}], [{"x": 1307, "y": 2336}, {"x": 1312, "y": 2366}, {"x": 1323, "y": 2360}, {"x": 1327, "y": 2360}, {"x": 1328, "y": 2339}], [{"x": 1136, "y": 1331}, {"x": 1137, "y": 1337}, {"x": 1144, "y": 1337}, {"x": 1138, "y": 1331}, {"x": 1164, "y": 1340}, {"x": 1137, "y": 1310}], [{"x": 1598, "y": 1573}, {"x": 1602, "y": 1595}, {"x": 1604, "y": 1598}, {"x": 1603, "y": 1590}, {"x": 1602, "y": 1572}, {"x": 1603, "y": 1594}], [{"x": 1935, "y": 1249}, {"x": 1943, "y": 1255}, {"x": 1956, "y": 1255}, {"x": 1963, "y": 1234}, {"x": 1941, "y": 1234}], [{"x": 1049, "y": 1504}, {"x": 1057, "y": 1476}, {"x": 1030, "y": 1504}], [{"x": 1754, "y": 2297}, {"x": 1758, "y": 2298}, {"x": 1777, "y": 2278}, {"x": 1776, "y": 2271}, {"x": 1761, "y": 2276}, {"x": 1755, "y": 2295}], [{"x": 2240, "y": 2310}, {"x": 2266, "y": 2308}, {"x": 2239, "y": 2308}], [{"x": 1338, "y": 2127}, {"x": 1355, "y": 2134}, {"x": 1358, "y": 2132}, {"x": 1355, "y": 2127}, {"x": 1358, "y": 2124}, {"x": 1343, "y": 2110}], [{"x": 2008, "y": 1031}, {"x": 2025, "y": 1042}, {"x": 2007, "y": 1025}, {"x": 2006, "y": 1043}], [{"x": 2286, "y": 1122}, {"x": 2306, "y": 1120}, {"x": 2306, "y": 1096}, {"x": 2291, "y": 1121}], [{"x": 1856, "y": 2393}, {"x": 1861, "y": 2392}, {"x": 1852, "y": 2391}, {"x": 1832, "y": 2388}, {"x": 1854, "y": 2410}, {"x": 1860, "y": 2412}], [{"x": 2251, "y": 2219}, {"x": 2243, "y": 2222}, {"x": 2270, "y": 2239}, {"x": 2265, "y": 2221}, {"x": 2265, "y": 2220}, {"x": 2252, "y": 2221}], [{"x": 1311, "y": 1171}, {"x": 1334, "y": 1173}, {"x": 1313, "y": 1166}, {"x": 1311, "y": 1167}], [{"x": 1442, "y": 1491}, {"x": 1443, "y": 1514}, {"x": 1466, "y": 1511}, {"x": 1468, "y": 1493}, {"x": 1449, "y": 1490}], [{"x": 2201, "y": 2318}, {"x": 2226, "y": 2305}, {"x": 2205, "y": 2307}], [{"x": 2033, "y": 2156}, {"x": 2040, "y": 2161}, {"x": 2037, "y": 2136}], [{"x": 2199, "y": 1620}, {"x": 2184, "y": 1606}, {"x": 2175, "y": 1623}, {"x": 2202, "y": 1624}, {"x": 2203, "y": 1617}], [{"x": 2007, "y": 1701}, {"x": 2011, "y": 1698}, {"x": 2025, "y": 1694}, {"x": 2001, "y": 1699}], [{"x": 1441, "y": 2216}, {"x": 1465, "y": 2212}, {"x": 1467, "y": 2211}, {"x": 1468, "y": 2199}, {"x": 1463, "y": 2196}], [{"x": 1568, "y": 2197}, {"x": 1577, "y": 2199}, {"x": 1576, "y": 2190}, {"x": 1590, "y": 2172}, {"x": 1573, "y": 2169}, {"x": 1572, "y": 2170}], [{"x": 1611, "y": 1354}, {"x": 1610, "y": 1378}, {"x": 1628, "y": 1377}, {"x": 1616, "y": 1372}], [{"x": 1818, "y": 1375}, {"x": 1814, "y": 1392}, {"x": 1821, "y": 1393}, {"x": 1831, "y": 1399}, {"x": 1840, "y": 1371}], [{"x": 1940, "y": 1347}, {"x": 1961, "y": 1332}, {"x": 1935, "y": 1349}, {"x": 1931, "y": 1352}, {"x": 1958, "y": 1351}, {"x": 1960, "y": 1351}], [{"x": 2009, "y": 1072}, {"x": 2033, "y": 1069}, {"x": 2036, "y": 1051}], [{"x": 1900, "y": 2320}, {"x": 1901, "y": 2342}, {"x": 1920, "y": 2334}, {"x": 1920, "y": 2319}, {"x": 1909, "y": 2319}], [{"x": 1165, "y": 2319}, {"x": 1170, "y": 2329}, {"x": 1183, "y": 2319}], [{"x": 1191, "y": 1189}, {"x": 1206, "y": 1189}, {"x": 1189, "y": 1167}, {"x": 1189, "y": 1170}], [{"x": 1430, "y": 1453}, {"x": 1438, "y": 1475}, {"x": 1450, "y": 1482}, {"x": 1457, "y": 1482}, {"x": 1457, "y": 1457}], [{"x": 1491, "y": 2367}, {"x": 1485, "y": 2373}, {"x": 1508, "y": 2388}, {"x": 1512, "y": 2386}, {"x": 1509, "y": 2368}], [{"x": 1802, "y": 1785}, {"x": 1799, "y": 1785}, {"x": 1798, "y": 1786}, {"x": 1797, "y": 1788}, {"x": 1784, "y": 1805}, {"x": 1802, "y": 1791}], [{"x": 2243, "y": 1297}, {"x": 2259, "y": 1312}, {"x": 2264, "y": 1293}], [{"x": 1814, "y": 1618}, {"x": 1799, "y": 1620}, {"x": 1822, "y": 1620}], [{"x": 1201, "y": 1215}, {"x": 1200, "y": 1217}, {"x": 1196, "y": 1216}, {"x": 1195, "y": 1238}, {"x": 1212, "y": 1234}, {"x": 1217, "y": 1231}], [{"x": 1957, "y": 2018}, {"x": 1957, "y": 2017}, {"x": 1940, "y": 2004}, {"x": 1939, "y": 2006}, {"x": 1956, "y": 2022}, {"x": 1959, "y": 2024}], [{"x": 1332, "y": 1297}, {"x": 1312, "y": 1294}, {"x": 1312, "y": 1317}, {"x": 1332, "y": 1316}], [{"x": 1593, "y": 1553}, {"x": 1605, "y": 1533}, {"x": 1591, "y": 1539}], [{"x": 1190, "y": 1741}, {"x": 1192, "y": 1755}, {"x": 1197, "y": 1763}, {"x": 1197, "y": 1760}, {"x": 1192, "y": 1736}, {"x": 1193, "y": 1744}], [{"x": 1409, "y": 1265}, {"x": 1430, "y": 1263}, {"x": 1409, "y": 1280}, {"x": 1429, "y": 1285}, {"x": 1438, "y": 1266}, {"x": 1416, "y": 1257}], [{"x": 1126, "y": 1483}, {"x": 1143, "y": 1460}, {"x": 1140, "y": 1454}, {"x": 1128, "y": 1463}], [{"x": 1998, "y": 1176}, {"x": 1995, "y": 1178}, {"x": 2012, "y": 1183}], [{"x": 1822, "y": 1139}, {"x": 1842, "y": 1158}, {"x": 1844, "y": 1155}, {"x": 1843, "y": 1153}, {"x": 1841, "y": 1133}, {"x": 1839, "y": 1137}], [{"x": 1972, "y": 1665}, {"x": 1974, "y": 1638}, {"x": 1967, "y": 1638}, {"x": 1970, "y": 1662}, {"x": 1949, "y": 1645}], [{"x": 1883, "y": 1384}, {"x": 1857, "y": 1383}, {"x": 1866, "y": 1388}, {"x": 1857, "y": 1389}, {"x": 1858, "y": 1405}, {"x": 1883, "y": 1389}], [{"x": 1234, "y": 2207}, {"x": 1234, "y": 2233}, {"x": 1250, "y": 2207}], [{"x": 1487, "y": 1839}, {"x": 1481, "y": 1839}, {"x": 1482, "y": 1862}, {"x": 1490, "y": 1857}, {"x": 1503, "y": 1857}], [{"x": 1729, "y": 1089}, {"x": 1737, "y": 1086}, {"x": 1729, "y": 1069}, {"x": 1718, "y": 1086}, {"x": 1717, "y": 1065}, {"x": 1718, "y": 1093}], [{"x": 2017, "y": 2367}, {"x": 2002, "y": 2374}, {"x": 2025, "y": 2396}, {"x": 2025, "y": 2367}], [{"x": 1897, "y": 1612}, {"x": 1893, "y": 1609}, {"x": 1895, "y": 1613}, {"x": 1901, "y": 1631}, {"x": 1903, "y": 1627}], [{"x": 2429, "y": 1416}, {"x": 2416, "y": 1415}, {"x": 2417, "y": 1435}, {"x": 2431, "y": 1430}, {"x": 2437, "y": 1418}], [{"x": 2019, "y": 2164}, {"x": 2025, "y": 2184}, {"x": 2026, "y": 2185}, {"x": 2022, "y": 2164}], [{"x": 1439, "y": 1208}, {"x": 1440, "y": 1227}, {"x": 1461, "y": 1227}, {"x": 1461, "y": 1209}, {"x": 1439, "y": 1206}], [{"x": 1211, "y": 2059}, {"x": 1213, "y": 2087}, {"x": 1231, "y": 2084}, {"x": 1234, "y": 2059}], [{"x": 1098, "y": 2249}, {"x": 1115, "y": 2253}, {"x": 1101, "y": 2228}, {"x": 1093, "y": 2249}], [{"x": 2094, "y": 2053}, {"x": 2096, "y": 2032}, {"x": 2091, "y": 2036}, {"x": 2075, "y": 2032}, {"x": 2090, "y": 2057}], [{"x": 1536, "y": 1945}, {"x": 1559, "y": 1945}, {"x": 1560, "y": 1939}, {"x": 1551, "y": 1936}, {"x": 1558, "y": 1926}, {"x": 1553, "y": 1925}], [{"x": 1710, "y": 1359}, {"x": 1733, "y": 1358}, {"x": 1727, "y": 1339}, {"x": 1717, "y": 1333}, {"x": 1729, "y": 1330}, {"x": 1710, "y": 1331}], [{"x": 1100, "y": 1022}, {"x": 1130, "y": 1027}, {"x": 1103, "y": 1022}, {"x": 1126, "y": 1006}, {"x": 1107, "y": 1006}], [{"x": 2138, "y": 1858}, {"x": 2142, "y": 1851}, {"x": 2138, "y": 1857}], [{"x": 2224, "y": 1877}, {"x": 2228, "y": 1860}, {"x": 2207, "y": 1854}], [{"x": 1348, "y": 1214}, {"x": 1342, "y": 1221}, {"x": 1345, "y": 1234}, {"x": 1341, "y": 1234}, {"x": 1368, "y": 1244}], [{"x": 2311, "y": 2266}, {"x": 2292, "y": 2260}, {"x": 2291, "y": 2266}, {"x": 2318, "y": 2287}], [{"x": 1802, "y": 2254}, {"x": 1804, "y": 2246}, {"x": 1781, "y": 2245}, {"x": 1785, "y": 2250}, {"x": 1782, "y": 2251}], [{"x": 1455, "y": 2333}, {"x": 1452, "y": 2351}, {"x": 1472, "y": 2349}, {"x": 1481, "y": 2324}], [{"x": 1701, "y": 2039}, {"x": 1717, "y": 2014}, {"x": 1693, "y": 2015}], [{"x": 1561, "y": 1699}, {"x": 1586, "y": 1696}, {"x": 1584, "y": 1693}, {"x": 1565, "y": 1697}], [{"x": 1650, "y": 1940}, {"x": 1655, "y": 1945}, {"x": 1669, "y": 1962}, {"x": 1676, "y": 1957}, {"x": 1652, "y": 1938}], [{"x": 1370, "y": 2360}, {"x": 1373, "y": 2386}, {"x": 1374, "y": 2384}, {"x": 1395, "y": 2387}, {"x": 1376, "y": 2378}], [{"x": 1256, "y": 1941}, {"x": 1275, "y": 1958}, {"x": 1267, "y": 1935}, {"x": 1249, "y": 1938}, {"x": 1251, "y": 1941}, {"x": 1269, "y": 1954}], [{"x": 2021, "y": 1672}, {"x": 2022, "y": 1656}, {"x": 2017, "y": 1655}], [{"x": 1856, "y": 1519}, {"x": 1833, "y": 1519}, {"x": 1858, "y": 1541}, {"x": 1858, "y": 1535}], [{"x": 1497, "y": 1407}, {"x": 1513, "y": 1388}, {"x": 1516, "y": 1384}, {"x": 1493, "y": 1387}], [{"x": 1076, "y": 2111}, {"x": 1074, "y": 2135}, {"x": 1080, "y": 2130}], [{"x": 1847, "y": 2273}, {"x": 1829, "y": 2293}, {"x": 1847, "y": 2293}, {"x": 1852, "y": 2299}, {"x": 1850, "y": 2282}], [{"x": 1663, "y": 1224}, {"x": 1679, "y": 1219}, {"x": 1682, "y": 1222}, {"x": 1679, "y": 1205}, {"x": 1676, "y": 1207}], [{"x": 2068, "y": 1852}, {"x": 2090, "y": 1846}, {"x": 2069, "y": 1850}], [{"x": 2324, "y": 2066}, {"x": 2325, "y": 2070}, {"x": 2326, "y": 2071}], [{"x": 2030, "y": 2010}, {"x": 2037, "y": 2020}, {"x": 2057, "y": 2030}, {"x": 2054, "y": 2020}], [{"x": 1613, "y": 1483}, {"x": 1612, "y": 1513}, {"x": 1631, "y": 1510}, {"x": 1628, "y": 1486}, {"x": 1625, "y": 1485}, {"x": 1632, "y": 1483}], [{"x": 2125, "y": 1161}, {"x": 2136, "y": 1162}, {"x": 2144, "y": 1157}, {"x": 2135, "y": 1145}, {"x": 2118, "y": 1139}], [{"x": 2069, "y": 1112}, {"x": 2096, "y": 1107}, {"x": 2076, "y": 1087}], [{"x": 1613, "y": 1717}, {"x": 1629, "y": 1699}, {"x": 1609, "y": 1691}, {"x": 1604, "y": 1719}, {"x": 1627, "y": 1721}], [{"x": 2329, "y": 2074}, {"x": 2336, "y": 2069}, {"x": 2334, "y": 2068}], [{"x": 1028, "y": 1984}, {"x": 1023, "y": 1982}, {"x": 1029, "y": 2005}, {"x": 1050, "y": 2000}, {"x": 1051, "y": 2000}], [{"x": 1892, "y": 1536}, {"x": 1897, "y": 1519}, {"x": 1895, "y": 1520}], [{"x": 999, "y": 1299}, {"x": 1004, "y": 1318}, {"x": 999, "y": 1318}, {"x": 1017, "y": 1320}, {"x": 1026, "y": 1295}], [{"x": 2045, "y": 1448}, {"x": 2054, "y": 1451}, {"x": 2032, "y": 1433}], [{"x": 1730, "y": 1704}, {"x": 1731, "y": 1727}, {"x": 1712, "y": 1706}, {"x": 1730, "y": 1729}, {"x": 1735, "y": 1726}], [{"x": 1635, "y": 1055}, {"x": 1641, "y": 1056}, {"x": 1657, "y": 1057}, {"x": 1661, "y": 1036}], [{"x": 1755, "y": 1513}, {"x": 1757, "y": 1506}, {"x": 1758, "y": 1505}, {"x": 1733, "y": 1505}, {"x": 1739, "y": 1526}, {"x": 1755, "y": 1509}], [{"x": 1471, "y": 1747}, {"x": 1474, "y": 1765}, {"x": 1494, "y": 1769}, {"x": 1499, "y": 1768}, {"x": 1498, "y": 1766}, {"x": 1475, "y": 1743}], [{"x": 1764, "y": 2341}, {"x": 1765, "y": 2365}, {"x": 1784, "y": 2368}, {"x": 1788, "y": 2367}, {"x": 1793, "y": 2363}], [{"x": 2049, "y": 1168}, {"x": 2025, "y": 1167}, {"x": 2030, "y": 1191}, {"x": 2053, "y": 1187}], [{"x": 1759, "y": 1675}, {"x": 1740, "y": 1682}, {"x": 1744, "y": 1696}, {"x": 1765, "y": 1692}], [{"x": 1585, "y": 2264}, {"x": 1591, "y": 2287}, {"x": 1608, "y": 2282}, {"x": 1612, "y": 2268}, {"x": 1613, "y": 2260}], [{"x": 2192, "y": 2105}, {"x": 2207, "y": 2107}, {"x": 2214, "y": 2104}, {"x": 2208, "y": 2084}, {"x": 2197, "y": 2080}, {"x": 2195, "y": 2084}], [{"x": 1073, "y": 2106}, {"x": 1094, "y": 2111}, {"x": 1091, "y": 2104}, {"x": 1095, "y": 2102}, {"x": 1075, "y": 2090}, {"x": 1074, "y": 2102}], [{"x": 2153, "y": 2103}, {"x": 2128, "y": 2099}, {"x": 2126, "y": 2102}, {"x": 2127, "y": 2107}, {"x": 2156, "y": 2127}], [{"x": 1254, "y": 1111}, {"x": 1280, "y": 1107}, {"x": 1281, "y": 1105}, {"x": 1256, "y": 1088}, {"x": 1273, "y": 1108}, {"x": 1256, "y": 1093}], [{"x": 1190, "y": 1679}, {"x": 1192, "y": 1680}, {"x": 1202, "y": 1665}, {"x": 1191, "y": 1665}], [{"x": 1014, "y": 1927}, {"x": 1014, "y": 1931}, {"x": 1031, "y": 1945}, {"x": 1008, "y": 1934}, {"x": 1035, "y": 1948}], [{"x": 1734, "y": 2078}, {"x": 1719, "y": 2076}, {"x": 1740, "y": 2082}, {"x": 1736, "y": 2072}], [{"x": 2405, "y": 2194}, {"x": 2421, "y": 2196}, {"x": 2425, "y": 2193}, {"x": 2424, "y": 2174}, {"x": 2407, "y": 2176}, {"x": 2403, "y": 2187}], [{"x": 1880, "y": 1575}, {"x": 1898, "y": 1570}, {"x": 1881, "y": 1558}, {"x": 1876, "y": 1569}], [{"x": 1805, "y": 1891}, {"x": 1784, "y": 1896}, {"x": 1806, "y": 1898}], [{"x": 1226, "y": 1223}, {"x": 1245, "y": 1224}, {"x": 1244, "y": 1228}, {"x": 1246, "y": 1231}, {"x": 1246, "y": 1206}], [{"x": 1127, "y": 2240}, {"x": 1147, "y": 2214}, {"x": 1147, "y": 2213}, {"x": 1142, "y": 2212}, {"x": 1123, "y": 2211}], [{"x": 1791, "y": 1167}, {"x": 1796, "y": 1193}, {"x": 1818, "y": 1174}], [{"x": 1080, "y": 2183}, {"x": 1081, "y": 2189}, {"x": 1087, "y": 2185}, {"x": 1087, "y": 2190}, {"x": 1100, "y": 2162}, {"x": 1079, "y": 2163}], [{"x": 1855, "y": 1546}, {"x": 1871, "y": 1561}, {"x": 1872, "y": 1543}, {"x": 1858, "y": 1547}], [{"x": 2181, "y": 2378}, {"x": 2202, "y": 2378}, {"x": 2199, "y": 2373}], [{"x": 1557, "y": 2277}, {"x": 1560, "y": 2304}, {"x": 1561, "y": 2304}, {"x": 1583, "y": 2279}, {"x": 1560, "y": 2295}], [{"x": 1652, "y": 2374}, {"x": 1631, "y": 2390}, {"x": 1659, "y": 2398}], [{"x": 2324, "y": 2237}, {"x": 2330, "y": 2234}, {"x": 2328, "y": 2234}], [{"x": 1309, "y": 2214}, {"x": 1310, "y": 2207}, {"x": 1312, "y": 2214}, {"x": 1315, "y": 2207}, {"x": 1305, "y": 2187}], [{"x": 2214, "y": 1553}, {"x": 2229, "y": 1547}, {"x": 2236, "y": 1532}, {"x": 2215, "y": 1544}, {"x": 2214, "y": 1525}, {"x": 2211, "y": 1553}], [{"x": 1889, "y": 1363}, {"x": 1891, "y": 1342}, {"x": 1882, "y": 1333}], [{"x": 1495, "y": 2354}, {"x": 1501, "y": 2353}, {"x": 1519, "y": 2332}], [{"x": 2369, "y": 1293}, {"x": 2383, "y": 1288}, {"x": 2367, "y": 1290}], [{"x": 1348, "y": 2290}, {"x": 1351, "y": 2295}, {"x": 1365, "y": 2310}, {"x": 1367, "y": 2312}, {"x": 1352, "y": 2287}], [{"x": 2377, "y": 1650}, {"x": 2371, "y": 1666}, {"x": 2395, "y": 1668}], [{"x": 1408, "y": 2105}, {"x": 1408, "y": 2123}, {"x": 1434, "y": 2126}, {"x": 1428, "y": 2103}], [{"x": 1668, "y": 1466}, {"x": 1676, "y": 1471}, {"x": 1696, "y": 1454}, {"x": 1674, "y": 1454}], [{"x": 2070, "y": 1836}, {"x": 2055, "y": 1833}, {"x": 2071, "y": 1840}, {"x": 2074, "y": 1841}], [{"x": 1667, "y": 2118}, {"x": 1648, "y": 2134}, {"x": 1667, "y": 2138}, {"x": 1669, "y": 2122}], [{"x": 1990, "y": 1231}, {"x": 1998, "y": 1226}, {"x": 2019, "y": 1233}, {"x": 2010, "y": 1214}], [{"x": 2230, "y": 1093}, {"x": 2234, "y": 1114}, {"x": 2238, "y": 1119}, {"x": 2259, "y": 1114}], [{"x": 1349, "y": 2167}, {"x": 1340, "y": 2165}, {"x": 1342, "y": 2193}, {"x": 1341, "y": 2173}, {"x": 1364, "y": 2189}, {"x": 1363, "y": 2172}], [{"x": 1970, "y": 2396}, {"x": 1989, "y": 2371}, {"x": 1968, "y": 2395}, {"x": 1963, "y": 2368}, {"x": 1966, "y": 2396}], [{"x": 2058, "y": 1526}, {"x": 2081, "y": 1497}, {"x": 2059, "y": 1518}], [{"x": 2060, "y": 1984}, {"x": 2068, "y": 1982}, {"x": 2085, "y": 1977}, {"x": 2085, "y": 1963}], [{"x": 1536, "y": 1063}, {"x": 1538, "y": 1067}, {"x": 1553, "y": 1064}, {"x": 1539, "y": 1038}, {"x": 1532, "y": 1043}], [{"x": 2199, "y": 1324}, {"x": 2211, "y": 1328}, {"x": 2198, "y": 1327}, {"x": 2210, "y": 1330}, {"x": 2214, "y": 1325}, {"x": 2199, "y": 1308}], [{"x": 1584, "y": 2342}, {"x": 1586, "y": 2355}, {"x": 1579, "y": 2360}, {"x": 1607, "y": 2365}, {"x": 1605, "y": 2344}, {"x": 1601, "y": 2343}], [{"x": 2227, "y": 1912}, {"x": 2228, "y": 1937}, {"x": 2247, "y": 1908}], [{"x": 1759, "y": 1562}, {"x": 1755, "y": 1565}, {"x": 1778, "y": 1563}], [{"x": 1525, "y": 2225}, {"x": 1543, "y": 2230}, {"x": 1543, "y": 2207}, {"x": 1539, "y": 2206}, {"x": 1538, "y": 2210}], [{"x": 2349, "y": 1322}, {"x": 2369, "y": 1323}, {"x": 2352, "y": 1298}, {"x": 2351, "y": 1303}], [{"x": 1256, "y": 2044}, {"x": 1273, "y": 2030}, {"x": 1274, "y": 2029}, {"x": 1280, "y": 2028}, {"x": 1272, "y": 2023}, {"x": 1258, "y": 2021}], [{"x": 1384, "y": 2037}, {"x": 1406, "y": 2020}, {"x": 1407, "y": 2014}, {"x": 1403, "y": 2012}], [{"x": 1240, "y": 1777}, {"x": 1261, "y": 1782}, {"x": 1260, "y": 1763}, {"x": 1266, "y": 1761}, {"x": 1261, "y": 1756}, {"x": 1237, "y": 1764}], [{"x": 2078, "y": 1411}, {"x": 2074, "y": 1412}, {"x": 2092, "y": 1415}], [{"x": 2350, "y": 1024}, {"x": 2353, "y": 1030}, {"x": 2377, "y": 1012}, {"x": 2354, "y": 1004}, {"x": 2356, "y": 1010}], [{"x": 2258, "y": 1260}, {"x": 2251, "y": 1263}, {"x": 2277, "y": 1262}, {"x": 2281, "y": 1255}, {"x": 2278, "y": 1235}, {"x": 2272, "y": 1234}], [{"x": 1500, "y": 1508}, {"x": 1522, "y": 1507}, {"x": 1498, "y": 1505}], [{"x": 2044, "y": 1478}, {"x": 2069, "y": 1474}, {"x": 2072, "y": 1470}, {"x": 2054, "y": 1471}, {"x": 2066, "y": 1456}, {"x": 2048, "y": 1450}], [{"x": 1540, "y": 1751}, {"x": 1536, "y": 1748}, {"x": 1553, "y": 1767}, {"x": 1534, "y": 1771}, {"x": 1555, "y": 1768}], [{"x": 2186, "y": 2141}, {"x": 2193, "y": 2137}, {"x": 2209, "y": 2118}, {"x": 2210, "y": 2114}, {"x": 2195, "y": 2117}, {"x": 2185, "y": 2132}], [{"x": 1579, "y": 1813}, {"x": 1608, "y": 1816}, {"x": 1609, "y": 1813}, {"x": 1586, "y": 1797}, {"x": 1589, "y": 1810}, {"x": 1580, "y": 1789}], [{"x": 1550, "y": 1239}, {"x": 1550, "y": 1243}, {"x": 1575, "y": 1257}, {"x": 1576, "y": 1234}], [{"x": 2359, "y": 1688}, {"x": 2344, "y": 1702}, {"x": 2362, "y": 1700}], [{"x": 1795, "y": 1380}, {"x": 1798, "y": 1375}, {"x": 1793, "y": 1357}, {"x": 1792, "y": 1354}, {"x": 1775, "y": 1354}], [{"x": 2327, "y": 2393}, {"x": 2344, "y": 2417}, {"x": 2346, "y": 2413}, {"x": 2346, "y": 2414}, {"x": 2347, "y": 2407}, {"x": 2344, "y": 2410}], [{"x": 1723, "y": 2272}, {"x": 1729, "y": 2288}, {"x": 1722, "y": 2265}, {"x": 1723, "y": 2286}, {"x": 1724, "y": 2293}], [{"x": 1291, "y": 1968}, {"x": 1292, "y": 1970}, {"x": 1308, "y": 1969}, {"x": 1312, "y": 1945}, {"x": 1307, "y": 1951}, {"x": 1292, "y": 1944}], [{"x": 1266, "y": 1347}, {"x": 1286, "y": 1338}, {"x": 1290, "y": 1346}, {"x": 1288, "y": 1337}, {"x": 1268, "y": 1344}], [{"x": 2428, "y": 1981}, {"x": 2419, "y": 1982}, {"x": 2420, "y": 1997}, {"x": 2445, "y": 2001}, {"x": 2442, "y": 1977}, {"x": 2443, "y": 1994}], [{"x": 1923, "y": 1803}, {"x": 1947, "y": 1815}, {"x": 1944, "y": 1803}], [{"x": 1494, "y": 2214}, {"x": 1473, "y": 2219}, {"x": 1472, "y": 2233}, {"x": 1472, "y": 2240}, {"x": 1501, "y": 2243}], [{"x": 1672, "y": 1476}, {"x": 1673, "y": 1490}, {"x": 1688, "y": 1499}, {"x": 1687, "y": 1478}, {"x": 1673, "y": 1471}], [{"x": 2018, "y": 2125}, {"x": 2038, "y": 2105}, {"x": 2037, "y": 2098}], [{"x": 1053, "y": 1573}, {"x": 1053, "y": 1600}, {"x": 1070, "y": 1591}], [{"x": 2210, "y": 1734}, {"x": 2209, "y": 1757}, {"x": 2210, "y": 1750}], [{"x": 1108, "y": 1816}, {"x": 1093, "y": 1833}, {"x": 1108, "y": 1835}, {"x": 1107, "y": 1832}, {"x": 1109, "y": 1810}], [{"x": 1674, "y": 1786}, {"x": 1651, "y": 1793}, {"x": 1680, "y": 1788}], [{"x": 1470, "y": 2039}, {"x": 1449, "y": 2066}, {"x": 1453, "y": 2067}, {"x": 1470, "y": 2064}], [{"x": 2275, "y": 1811}, {"x": 2280, "y": 1805}, {"x": 2265, "y": 1805}, {"x": 2260, "y": 1806}, {"x": 2263, "y": 1812}], [{"x": 1064, "y": 1010}, {"x": 1063, "y": 1008}, {"x": 1063, "y": 1009}, {"x": 1058, "y": 1008}, {"x": 1064, "y": 1016}], [{"x": 2238, "y": 1578}, {"x": 2255, "y": 1593}, {"x": 2255, "y": 1595}, {"x": 2257, "y": 1569}, {"x": 2253, "y": 1589}, {"x": 2251, "y": 1589}], [{"x": 2391, "y": 2138}, {"x": 2401, "y": 2155}, {"x": 2407, "y": 2157}, {"x": 2403, "y": 2137}], [{"x": 1665, "y": 2319}, {"x": 1668, "y": 2341}, {"x": 1688, "y": 2337}, {"x": 1669, "y": 2316}], [{"x": 1787, "y": 1862}, {"x": 1789, "y": 1877}, {"x": 1794, "y": 1881}, {"x": 1816, "y": 1887}, {"x": 1807, "y": 1879}, {"x": 1815, "y": 1857}], [{"x": 1852, "y": 1229}, {"x": 1853, "y": 1229}, {"x": 1855, "y": 1218}, {"x": 1854, "y": 1212}, {"x": 1836, "y": 1215}, {"x": 1837, "y": 1234}], [{"x": 1717, "y": 1542}, {"x": 1720, "y": 1522}, {"x": 1714, "y": 1522}, {"x": 1715, "y": 1542}, {"x": 1738, "y": 1544}], [{"x": 2050, "y": 1688}, {"x": 2052, "y": 1689}, {"x": 2059, "y": 1690}, {"x": 2080, "y": 1687}, {"x": 2052, "y": 1683}], [{"x": 1646, "y": 1480}, {"x": 1670, "y": 1479}, {"x": 1671, "y": 1476}, {"x": 1661, "y": 1459}], [{"x": 1670, "y": 2384}, {"x": 1693, "y": 2387}, {"x": 1674, "y": 2367}, {"x": 1668, "y": 2381}], [{"x": 2046, "y": 1535}, {"x": 2049, "y": 1557}, {"x": 2073, "y": 1555}, {"x": 2074, "y": 1552}, {"x": 2054, "y": 1538}, {"x": 2067, "y": 1549}], [{"x": 2086, "y": 1192}, {"x": 2094, "y": 1205}, {"x": 2113, "y": 1186}, {"x": 2111, "y": 1184}, {"x": 2092, "y": 1187}, {"x": 2088, "y": 1188}], [{"x": 1987, "y": 1519}, {"x": 1994, "y": 1528}, {"x": 1987, "y": 1500}], [{"x": 2146, "y": 1770}, {"x": 2146, "y": 1775}, {"x": 2169, "y": 1789}, {"x": 2170, "y": 1775}, {"x": 2169, "y": 1788}], [{"x": 1095, "y": 1925}, {"x": 1097, "y": 1927}, {"x": 1109, "y": 1901}], [{"x": 1982, "y": 1710}, {"x": 1996, "y": 1698}, {"x": 1983, "y": 1695}, {"x": 2000, "y": 1692}, {"x": 1978, "y": 1691}, {"x": 1978, "y": 1697}], [{"x": 1066, "y": 2049}, {"x": 1071, "y": 2046}, {"x": 1067, "y": 2045}, {"x": 1088, "y": 2048}, {"x": 1067, "y": 2030}], [{"x": 1352, "y": 1893}, {"x": 1354, "y": 1888}, {"x": 1358, "y": 1885}, {"x": 1354, "y": 1869}], [{"x": 1774, "y": 1054}, {"x": 1772, "y": 1055}, {"x": 1775, "y": 1078}, {"x": 1779, "y": 1075}, {"x": 1797, "y": 1072}, {"x": 1781, "y": 1053}], [{"x": 2369, "y": 1026}, {"x": 2352, "y": 1039}, {"x": 2373, "y": 1046}, {"x": 2379, "y": 1018}, {"x": 2372, "y": 1017}], [{"x": 1923, "y": 1750}, {"x": 1932, "y": 1746}, {"x": 1923, "y": 1727}, {"x": 1908, "y": 1726}, {"x": 1910, "y": 1749}], [{"x": 1232, "y": 2223}, {"x": 1218, "y": 2227}, {"x": 1210, "y": 2245}, {"x": 1216, "y": 2244}, {"x": 1219, "y": 2249}, {"x": 1233, "y": 2229}], [{"x": 2343, "y": 2384}, {"x": 2363, "y": 2387}, {"x": 2364, "y": 2357}, {"x": 2358, "y": 2358}, {"x": 2341, "y": 2377}], [{"x": 1710, "y": 1177}, {"x": 1715, "y": 1192}, {"x": 1736, "y": 1175}], [{"x": 1806, "y": 1295}, {"x": 1810, "y": 1301}, {"x": 1810, "y": 1297}, {"x": 1808, "y": 1280}, {"x": 1807, "y": 1280}], [{"x": 2270, "y": 2332}, {"x": 2275, "y": 2330}, {"x": 2271, "y": 2312}, {"x": 2249, "y": 2333}, {"x": 2253, "y": 2337}], [{"x": 2329, "y": 1620}, {"x": 2349, "y": 1616}, {"x": 2346, "y": 1590}, {"x": 2344, "y": 1612}, {"x": 2325, "y": 1599}], [{"x": 2006, "y": 2035}, {"x": 2011, "y": 2055}, {"x": 2034, "y": 2037}], [{"x": 1846, "y": 1341}, {"x": 1847, "y": 1359}, {"x": 1839, "y": 1367}, {"x": 1846, "y": 1365}, {"x": 1859, "y": 1365}], [{"x": 2085, "y": 1288}, {"x": 2090, "y": 1292}, {"x": 2107, "y": 1296}], [{"x": 1873, "y": 2226}, {"x": 1876, "y": 2224}, {"x": 1854, "y": 2229}, {"x": 1858, "y": 2245}, {"x": 1860, "y": 2251}, {"x": 1874, "y": 2230}], [{"x": 2078, "y": 1774}, {"x": 2078, "y": 1798}, {"x": 2100, "y": 1781}, {"x": 2080, "y": 1777}, {"x": 2101, "y": 1779}], [{"x": 1960, "y": 2270}, {"x": 1961, "y": 2273}, {"x": 1975, "y": 2251}, {"x": 1977, "y": 2246}, {"x": 1962, "y": 2250}, {"x": 1959, "y": 2254}], [{"x": 1991, "y": 1493}, {"x": 2009, "y": 1506}, {"x": 2011, "y": 1489}, {"x": 2015, "y": 1486}, {"x": 2011, "y": 1483}], [{"x": 1954, "y": 1094}, {"x": 1982, "y": 1091}, {"x": 1961, "y": 1076}, {"x": 1978, "y": 1091}], [{"x": 2183, "y": 2189}, {"x": 2203, "y": 2192}, {"x": 2186, "y": 2212}, {"x": 2207, "y": 2209}, {"x": 2201, "y": 2205}, {"x": 2208, "y": 2189}], [{"x": 2094, "y": 1250}, {"x": 2120, "y": 1248}, {"x": 2120, "y": 1226}, {"x": 2112, "y": 1228}, {"x": 2090, "y": 1230}, {"x": 2090, "y": 1233}], [{"x": 1439, "y": 1810}, {"x": 1454, "y": 1806}, {"x": 1455, "y": 1789}, {"x": 1441, "y": 1807}], [{"x": 1887, "y": 1214}, {"x": 1889, "y": 1227}, {"x": 1910, "y": 1225}, {"x": 1888, "y": 1210}], [{"x": 2301, "y": 1123}, {"x": 2303, "y": 1141}, {"x": 2310, "y": 1119}], [{"x": 1936, "y": 1862}, {"x": 1918, "y": 1847}, {"x": 1926, "y": 1865}, {"x": 1920, "y": 1868}, {"x": 1939, "y": 1865}], [{"x": 2014, "y": 1662}, {"x": 2012, "y": 1661}, {"x": 1995, "y": 1657}, {"x": 1987, "y": 1665}, {"x": 2008, "y": 1682}, {"x": 2016, "y": 1679}], [{"x": 2071, "y": 1051}, {"x": 2072, "y": 1057}, {"x": 2092, "y": 1057}], [{"x": 1403, "y": 1675}, {"x": 1399, "y": 1694}, {"x": 1417, "y": 1694}, {"x": 1421, "y": 1690}], [{"x": 1311, "y": 2304}, {"x": 1293, "y": 2303}, {"x": 1290, "y": 2328}, {"x": 1318, "y": 2310}], [{"x": 2145, "y": 2259}, {"x": 2140, "y": 2267}, {"x": 2162, "y": 2264}, {"x": 2159, "y": 2259}, {"x": 2160, "y": 2239}], [{"x": 2367, "y": 1053}, {"x": 2375, "y": 1052}, {"x": 2389, "y": 1047}], [{"x": 1200, "y": 1770}, {"x": 1218, "y": 1787}, {"x": 1203, "y": 1768}, {"x": 1198, "y": 1766}], [{"x": 1810, "y": 1691}, {"x": 1833, "y": 1688}, {"x": 1813, "y": 1670}], [{"x": 1381, "y": 1176}, {"x": 1400, "y": 1174}, {"x": 1382, "y": 1195}, {"x": 1403, "y": 1195}, {"x": 1404, "y": 1172}, {"x": 1384, "y": 1172}], [{"x": 2239, "y": 1518}, {"x": 2246, "y": 1540}, {"x": 2247, "y": 1542}, {"x": 2246, "y": 1520}, {"x": 2247, "y": 1520}, {"x": 2267, "y": 1524}], [{"x": 1811, "y": 1576}, {"x": 1819, "y": 1562}, {"x": 1812, "y": 1564}], [{"x": 2241, "y": 1207}, {"x": 2258, "y": 1208}, {"x": 2258, "y": 1203}], [{"x": 1254, "y": 1054}, {"x": 1257, "y": 1058}, {"x": 1278, "y": 1062}], [{"x": 1075, "y": 1914}, {"x": 1060, "y": 1931}, {"x": 1077, "y": 1917}], [{"x": 1590, "y": 1465}, {"x": 1591, "y": 1479}, {"x": 1603, "y": 1480}], [{"x": 2291, "y": 1228}, {"x": 2300, "y": 1203}, {"x": 2279, "y": 1204}, {"x": 2276, "y": 1221}, {"x": 2275, "y": 1206}, {"x": 2273, "y": 1223}], [{"x": 1831, "y": 2029}, {"x": 1844, "y": 2050}, {"x": 1846, "y": 2043}], [{"x": 1641, "y": 1555}, {"x": 1665, "y": 1557}, {"x": 1665, "y": 1560}, {"x": 1666, "y": 1534}, {"x": 1661, "y": 1555}], [{"x": 2219, "y": 1306}, {"x": 2227, "y": 1331}, {"x": 2242, "y": 1332}, {"x": 2240, "y": 1322}], [{"x": 1833, "y": 1985}, {"x": 1839, "y": 2007}, {"x": 1855, "y": 2001}, {"x": 1850, "y": 1988}, {"x": 1852, "y": 1986}, {"x": 1859, "y": 1982}], [{"x": 1121, "y": 996}, {"x": 1146, "y": 1014}, {"x": 1142, "y": 988}, {"x": 1118, "y": 991}, {"x": 1124, "y": 992}, {"x": 1137, "y": 994}], [{"x": 2035, "y": 2393}, {"x": 2020, "y": 2400}, {"x": 2044, "y": 2402}], [{"x": 1582, "y": 1041}, {"x": 1587, "y": 1042}, {"x": 1584, "y": 1043}, {"x": 1588, "y": 1046}, {"x": 1609, "y": 1028}, {"x": 1602, "y": 1026}], [{"x": 1951, "y": 1859}, {"x": 1936, "y": 1851}, {"x": 1929, "y": 1852}, {"x": 1952, "y": 1860}], [{"x": 1641, "y": 1680}, {"x": 1644, "y": 1686}, {"x": 1640, "y": 1703}, {"x": 1658, "y": 1683}, {"x": 1640, "y": 1677}], [{"x": 1160, "y": 1891}, {"x": 1141, "y": 1908}, {"x": 1161, "y": 1901}, {"x": 1166, "y": 1889}], [{"x": 2104, "y": 1336}, {"x": 2103, "y": 1340}, {"x": 2105, "y": 1359}, {"x": 2126, "y": 1358}, {"x": 2129, "y": 1337}, {"x": 2109, "y": 1342}], [{"x": 1429, "y": 1362}, {"x": 1430, "y": 1343}, {"x": 1433, "y": 1344}, {"x": 1425, "y": 1340}, {"x": 1407, "y": 1337}, {"x": 1409, "y": 1341}], [{"x": 2318, "y": 1010}, {"x": 2321, "y": 1008}, {"x": 2321, "y": 995}, {"x": 2328, "y": 990}, {"x": 2299, "y": 996}], [{"x": 2375, "y": 1705}, {"x": 2392, "y": 1713}, {"x": 2398, "y": 1703}, {"x": 2392, "y": 1689}, {"x": 2375, "y": 1703}], [{"x": 2264, "y": 2172}, {"x": 2266, "y": 2176}, {"x": 2267, "y": 2170}], [{"x": 1522, "y": 2397}, {"x": 1539, "y": 2393}, {"x": 1543, "y": 2379}, {"x": 1518, "y": 2378}, {"x": 1542, "y": 2379}, {"x": 1519, "y": 2382}], [{"x": 1421, "y": 1567}, {"x": 1427, "y": 1569}, {"x": 1417, "y": 1565}, {"x": 1425, "y": 1571}], [{"x": 1670, "y": 2269}, {"x": 1692, "y": 2271}, {"x": 1697, "y": 2254}, {"x": 1690, "y": 2248}, {"x": 1669, "y": 2254}], [{"x": 1104, "y": 2417}, {"x": 1107, "y": 2398}, {"x": 1088, "y": 2398}, {"x": 1081, "y": 2414}, {"x": 1084, "y": 2421}, {"x": 1084, "y": 2423}], [{"x": 2181, "y": 1087}, {"x": 2184, "y": 1091}, {"x": 2182, "y": 1113}, {"x": 2186, "y": 1114}, {"x": 2206, "y": 1092}, {"x": 2188, "y": 1086}], [{"x": 2370, "y": 1857}, {"x": 2390, "y": 1870}, {"x": 2386, "y": 1852}, {"x": 2389, "y": 1852}, {"x": 2389, "y": 1849}], [{"x": 2351, "y": 1517}, {"x": 2358, "y": 1533}, {"x": 2350, "y": 1522}, {"x": 2358, "y": 1535}, {"x": 2378, "y": 1541}, {"x": 2380, "y": 1537}], [{"x": 2343, "y": 1218}, {"x": 2339, "y": 1241}, {"x": 2343, "y": 1245}], [{"x": 2438, "y": 1726}, {"x": 2423, "y": 1752}, {"x": 2422, "y": 1754}, {"x": 2443, "y": 1753}, {"x": 2444, "y": 1730}], [{"x": 2346, "y": 1804}, {"x": 2347, "y": 1807}, {"x": 2372, "y": 1826}, {"x": 2375, "y": 1823}], [{"x": 2300, "y": 1928}, {"x": 2318, "y": 1942}, {"x": 2325, "y": 1943}, {"x": 2299, "y": 1923}], [{"x": 1936, "y": 1306}, {"x": 1937, "y": 1306}, {"x": 1921, "y": 1287}, {"x": 1915, "y": 1289}, {"x": 1920, "y": 1315}], [{"x": 1168, "y": 1820}, {"x": 1176, "y": 1802}, {"x": 1177, "y": 1798}, {"x": 1171, "y": 1798}, {"x": 1155, "y": 1799}, {"x": 1148, "y": 1818}], [{"x": 1870, "y": 2068}, {"x": 1872, "y": 2062}, {"x": 1864, "y": 2043}, {"x": 1869, "y": 2067}], [{"x": 1013, "y": 2332}, {"x": 1040, "y": 2320}, {"x": 1040, "y": 2318}], [{"x": 1880, "y": 2062}, {"x": 1897, "y": 2065}, {"x": 1891, "y": 2062}], [{"x": 1785, "y": 1278}, {"x": 1804, "y": 1302}, {"x": 1803, "y": 1275}], [{"x": 1680, "y": 1041}, {"x": 1683, "y": 1043}, {"x": 1703, "y": 1040}, {"x": 1701, "y": 1038}, {"x": 1677, "y": 1040}], [{"x": 2151, "y": 1202}, {"x": 2180, "y": 1228}, {"x": 2177, "y": 1209}, {"x": 2179, "y": 1226}, {"x": 2160, "y": 1207}], [{"x": 1018, "y": 1888}, {"x": 1022, "y": 1908}, {"x": 1040, "y": 1912}], [{"x": 2413, "y": 1536}, {"x": 2416, "y": 1551}, {"x": 2417, "y": 1554}, {"x": 2435, "y": 1536}, {"x": 2434, "y": 1532}], [{"x": 1014, "y": 2421}, {"x": 1019, "y": 2421}, {"x": 1023, "y": 2429}, {"x": 1041, "y": 2408}, {"x": 1041, "y": 2403}, {"x": 1036, "y": 2405}], [{"x": 1353, "y": 1644}, {"x": 1352, "y": 1650}, {"x": 1351, "y": 1648}, {"x": 1352, "y": 1672}, {"x": 1371, "y": 1663}], [{"x": 2217, "y": 1990}, {"x": 2236, "y": 1986}, {"x": 2242, "y": 1973}, {"x": 2243, "y": 1972}, {"x": 2240, "y": 1967}], [{"x": 2272, "y": 2053}, {"x": 2286, "y": 2049}, {"x": 2290, "y": 2047}, {"x": 2290, "y": 2028}], [{"x": 1460, "y": 1548}, {"x": 1476, "y": 1543}, {"x": 1482, "y": 1526}, {"x": 1454, "y": 1526}, {"x": 1473, "y": 1527}, {"x": 1462, "y": 1541}], [{"x": 1326, "y": 2033}, {"x": 1322, "y": 2032}, {"x": 1327, "y": 2045}], [{"x": 1207, "y": 1217}, {"x": 1212, "y": 1218}, {"x": 1208, "y": 1193}], [{"x": 2012, "y": 1746}, {"x": 2016, "y": 1753}, {"x": 2020, "y": 1725}], [{"x": 1083, "y": 1958}, {"x": 1085, "y": 1953}, {"x": 1080, "y": 1954}], [{"x": 1595, "y": 2172}, {"x": 1603, "y": 2194}, {"x": 1603, "y": 2186}], [{"x": 1109, "y": 1400}, {"x": 1106, "y": 1426}, {"x": 1113, "y": 1427}, {"x": 1132, "y": 1421}, {"x": 1134, "y": 1424}, {"x": 1133, "y": 1407}], [{"x": 1975, "y": 2167}, {"x": 1985, "y": 2175}, {"x": 1997, "y": 2175}, {"x": 2002, "y": 2155}, {"x": 1981, "y": 2149}], [{"x": 1666, "y": 1337}, {"x": 1692, "y": 1359}, {"x": 1669, "y": 1332}, {"x": 1667, "y": 1333}], [{"x": 2109, "y": 1826}, {"x": 2133, "y": 1845}, {"x": 2129, "y": 1830}], [{"x": 1669, "y": 2197}, {"x": 1670, "y": 2220}, {"x": 1673, "y": 2221}, {"x": 1675, "y": 2193}], [{"x": 988, "y": 1893}, {"x": 987, "y": 1897}, {"x": 986, "y": 1920}, {"x": 1007, "y": 1914}, {"x": 1008, "y": 1899}, {"x": 1015, "y": 1896}], [{"x": 2375, "y": 1443}, {"x": 2376, "y": 1441}, {"x": 2359, "y": 1448}, {"x": 2360, "y": 1467}, {"x": 2379, "y": 1447}, {"x": 2378, "y": 1448}], [{"x": 1190, "y": 1726}, {"x": 1207, "y": 1741}, {"x": 1213, "y": 1743}], [{"x": 1321, "y": 1547}, {"x": 1344, "y": 1553}, {"x": 1344, "y": 1532}, {"x": 1341, "y": 1527}, {"x": 1339, "y": 1533}, {"x": 1322, "y": 1547}], [{"x": 1598, "y": 1379}, {"x": 1603, "y": 1351}, {"x": 1577, "y": 1380}], [{"x": 1077, "y": 1524}, {"x": 1098, "y": 1553}, {"x": 1080, "y": 1528}, {"x": 1098, "y": 1532}, {"x": 1097, "y": 1523}, {"x": 1095, "y": 1526}], [{"x": 1475, "y": 1961}, {"x": 1472, "y": 1960}, {"x": 1447, "y": 1960}, {"x": 1471, "y": 1980}, {"x": 1476, "y": 1984}], [{"x": 2241, "y": 2213}, {"x": 2263, "y": 2220}, {"x": 2266, "y": 2211}], [{"x": 2254, "y": 2376}, {"x": 2274, "y": 2403}, {"x": 2267, "y": 2381}, {"x": 2270, "y": 2383}, {"x": 2271, "y": 2380}, {"x": 2251, "y": 2373}], [{"x": 1918, "y": 1085}, {"x": 1931, "y": 1110}, {"x": 1929, "y": 1103}], [{"x": 1025, "y": 1129}, {"x": 1030, "y": 1122}, {"x": 1011, "y": 1141}, {"x": 1032, "y": 1143}], [{"x": 1872, "y": 2047}, {"x": 1896, "y": 2050}, {"x": 1888, "y": 2030}, {"x": 1876, "y": 2028}, {"x": 1874, "y": 2033}], [{"x": 2002, "y": 2231}, {"x": 2028, "y": 2232}, {"x": 2032, "y": 2232}, {"x": 2025, "y": 2223}, {"x": 2009, "y": 2212}, {"x": 2012, "y": 2227}], [{"x": 1646, "y": 1740}, {"x": 1630, "y": 1741}, {"x": 1642, "y": 1743}, {"x": 1644, "y": 1749}, {"x": 1650, "y": 1725}, {"x": 1647, "y": 1726}], [{"x": 1076, "y": 1250}, {"x": 1078, "y": 1251}, {"x": 1097, "y": 1248}, {"x": 1081, "y": 1224}, {"x": 1084, "y": 1248}, {"x": 1086, "y": 1249}], [{"x": 2292, "y": 1032}, {"x": 2316, "y": 1035}, {"x": 2292, "y": 1016}], [{"x": 2081, "y": 1599}, {"x": 2084, "y": 1617}, {"x": 2082, "y": 1619}, {"x": 2062, "y": 1599}, {"x": 2065, "y": 1626}, {"x": 2085, "y": 1618}], [{"x": 1183, "y": 1372}, {"x": 1208, "y": 1397}, {"x": 1203, "y": 1371}], [{"x": 2269, "y": 1546}, {"x": 2251, "y": 1550}, {"x": 2272, "y": 1573}, {"x": 2278, "y": 1573}], [{"x": 1383, "y": 2175}, {"x": 1388, "y": 2177}, {"x": 1398, "y": 2158}, {"x": 1405, "y": 2173}, {"x": 1402, "y": 2154}, {"x": 1382, "y": 2161}], [{"x": 1259, "y": 1464}, {"x": 1265, "y": 1491}, {"x": 1260, "y": 1463}], [{"x": 1240, "y": 1457}, {"x": 1260, "y": 1457}, {"x": 1245, "y": 1436}, {"x": 1244, "y": 1439}], [{"x": 1306, "y": 1329}, {"x": 1308, "y": 1331}, {"x": 1316, "y": 1332}], [{"x": 1727, "y": 2181}, {"x": 1727, "y": 2184}, {"x": 1730, "y": 2188}, {"x": 1749, "y": 2179}, {"x": 1731, "y": 2162}, {"x": 1729, "y": 2161}], [{"x": 1234, "y": 1412}, {"x": 1256, "y": 1403}, {"x": 1258, "y": 1392}, {"x": 1233, "y": 1410}], [{"x": 1981, "y": 1157}, {"x": 1997, "y": 1154}, {"x": 1978, "y": 1153}, {"x": 1973, "y": 1156}], [{"x": 1083, "y": 1272}, {"x": 1081, "y": 1277}, {"x": 1083, "y": 1277}, {"x": 1099, "y": 1252}, {"x": 1085, "y": 1251}], [{"x": 1225, "y": 2368}, {"x": 1230, "y": 2388}, {"x": 1246, "y": 2372}], [{"x": 2414, "y": 1976}, {"x": 2427, "y": 1980}, {"x": 2431, "y": 1981}, {"x": 2427, "y": 1955}], [{"x": 2344, "y": 1821}, {"x": 2337, "y": 1814}, {"x": 2336, "y": 1815}, {"x": 2343, "y": 1843}, {"x": 2359, "y": 1841}], [{"x": 2115, "y": 1827}, {"x": 2121, "y": 1818}, {"x": 2111, "y": 1803}, {"x": 2101, "y": 1804}, {"x": 2113, "y": 1825}], [{"x": 1425, "y": 1008}, {"x": 1425, "y": 1030}, {"x": 1450, "y": 1029}, {"x": 1450, "y": 1002}, {"x": 1432, "y": 1010}], [{"x": 1633, "y": 1494}, {"x": 1652, "y": 1517}, {"x": 1653, "y": 1514}, {"x": 1655, "y": 1488}], [{"x": 1346, "y": 2108}, {"x": 1353, "y": 2106}, {"x": 1365, "y": 2119}, {"x": 1365, "y": 2120}, {"x": 1369, "y": 2101}, {"x": 1349, "y": 2099}], [{"x": 1950, "y": 1168}, {"x": 1944, "y": 1187}, {"x": 1948, "y": 1188}, {"x": 1969, "y": 1188}, {"x": 1965, "y": 1182}], [{"x": 2379, "y": 2025}, {"x": 2399, "y": 2012}, {"x": 2376, "y": 2013}, {"x": 2374, "y": 2009}, {"x": 2379, "y": 2033}, {"x": 2396, "y": 2028}], [{"x": 1088, "y": 1981}, {"x": 1093, "y": 1976}, {"x": 1065, "y": 2001}, {"x": 1064, "y": 2002}, {"x": 1072, "y": 2001}], [{"x": 1535, "y": 1496}, {"x": 1539, "y": 1494}, {"x": 1561, "y": 1482}, {"x": 1558, "y": 1475}, {"x": 1534, "y": 1474}], [{"x": 2400, "y": 1807}, {"x": 2423, "y": 1799}, {"x": 2400, "y": 1802}], [{"x": 1862, "y": 1268}, {"x": 1880, "y": 1267}, {"x": 1865, "y": 1243}, {"x": 1864, "y": 1242}], [{"x": 1654, "y": 1122}, {"x": 1667, "y": 1128}, {"x": 1651, "y": 1142}, {"x": 1666, "y": 1146}, {"x": 1669, "y": 1143}, {"x": 1676, "y": 1128}], [{"x": 1407, "y": 1927}, {"x": 1434, "y": 1930}, {"x": 1431, "y": 1924}, {"x": 1409, "y": 1920}], [{"x": 2438, "y": 2066}, {"x": 2423, "y": 2065}, {"x": 2424, "y": 2071}, {"x": 2445, "y": 2068}], [{"x": 1155, "y": 1922}, {"x": 1156, "y": 1939}, {"x": 1170, "y": 1936}], [{"x": 2320, "y": 1356}, {"x": 2331, "y": 1370}, {"x": 2337, "y": 1358}, {"x": 2331, "y": 1352}], [{"x": 1830, "y": 1855}, {"x": 1851, "y": 1861}, {"x": 1848, "y": 1854}, {"x": 1851, "y": 1857}, {"x": 1849, "y": 1842}, {"x": 1827, "y": 1842}], [{"x": 1529, "y": 1816}, {"x": 1553, "y": 1790}, {"x": 1534, "y": 1807}], [{"x": 1609, "y": 1638}, {"x": 1608, "y": 1640}, {"x": 1609, "y": 1656}, {"x": 1611, "y": 1655}, {"x": 1612, "y": 1643}], [{"x": 2041, "y": 1865}, {"x": 2037, "y": 1888}, {"x": 2040, "y": 1888}, {"x": 2063, "y": 1873}, {"x": 2043, "y": 1874}], [{"x": 1181, "y": 1918}, {"x": 1202, "y": 1938}, {"x": 1181, "y": 1914}], [{"x": 1274, "y": 1722}, {"x": 1278, "y": 1712}, {"x": 1255, "y": 1711}, {"x": 1275, "y": 1728}], [{"x": 1478, "y": 2266}, {"x": 1482, "y": 2264}, {"x": 1507, "y": 2246}, {"x": 1478, "y": 2244}, {"x": 1488, "y": 2248}], [{"x": 1077, "y": 2287}, {"x": 1102, "y": 2294}, {"x": 1102, "y": 2287}], [{"x": 2145, "y": 1591}, {"x": 2124, "y": 1592}, {"x": 2120, "y": 1592}, {"x": 2146, "y": 1598}], [{"x": 1166, "y": 2048}, {"x": 1161, "y": 2071}, {"x": 1162, "y": 2074}, {"x": 1170, "y": 2076}], [{"x": 2033, "y": 1217}, {"x": 2059, "y": 1215}, {"x": 2059, "y": 1231}, {"x": 2061, "y": 1214}], [{"x": 1711, "y": 1566}, {"x": 1732, "y": 1582}, {"x": 1730, "y": 1568}, {"x": 1712, "y": 1566}, {"x": 1727, "y": 1565}], [{"x": 993, "y": 1654}, {"x": 1015, "y": 1676}, {"x": 1012, "y": 1656}], [{"x": 1969, "y": 1135}, {"x": 1962, "y": 1155}, {"x": 1967, "y": 1165}, {"x": 1970, "y": 1139}], [{"x": 1113, "y": 1508}, {"x": 1116, "y": 1501}, {"x": 1116, "y": 1482}, {"x": 1133, "y": 1487}, {"x": 1114, "y": 1478}, {"x": 1113, "y": 1502}], [{"x": 2023, "y": 1951}, {"x": 2016, "y": 1968}, {"x": 2023, "y": 1969}, {"x": 2038, "y": 1967}], [{"x": 1942, "y": 1148}, {"x": 1947, "y": 1137}, {"x": 1941, "y": 1132}, {"x": 1939, "y": 1148}], [{"x": 2318, "y": 1825}, {"x": 2314, "y": 1831}, {"x": 2314, "y": 1846}, {"x": 2333, "y": 1825}], [{"x": 1595, "y": 1324}, {"x": 1576, "y": 1323}, {"x": 1578, "y": 1344}, {"x": 1600, "y": 1328}], [{"x": 1948, "y": 2414}, {"x": 1940, "y": 2395}, {"x": 1942, "y": 2415}, {"x": 1948, "y": 2416}], [{"x": 1027, "y": 1064}, {"x": 1019, "y": 1087}, {"x": 1026, "y": 1081}, {"x": 1046, "y": 1080}, {"x": 1043, "y": 1061}, {"x": 1041, "y": 1061}], [{"x": 1303, "y": 1061}, {"x": 1312, "y": 1056}, {"x": 1310, "y": 1051}, {"x": 1282, "y": 1071}, {"x": 1284, "y": 1074}], [{"x": 1782, "y": 1925}, {"x": 1789, "y": 1923}, {"x": 1810, "y": 1928}, {"x": 1802, "y": 1906}], [{"x": 1133, "y": 2123}, {"x": 1134, "y": 2123}, {"x": 1130, "y": 2135}, {"x": 1136, "y": 2122}, {"x": 1132, "y": 2118}], [{"x": 1301, "y": 1534}, {"x": 1304, "y": 1518}, {"x": 1301, "y": 1513}], [{"x": 1627, "y": 2054}, {"x": 1630, "y": 2052}, {"x": 1629, "y": 2049}, {"x": 1620, "y": 2051}, {"x": 1625, "y": 2055}], [{"x": 1736, "y": 1975}, {"x": 1738, "y": 1994}, {"x": 1763, "y": 1970}], [{"x": 1922, "y": 1569}, {"x": 1920, "y": 1593}, {"x": 1939, "y": 1595}, {"x": 1940, "y": 1571}], [{"x": 2132, "y": 1392}, {"x": 2133, "y": 1400}, {"x": 2140, "y": 1418}], [{"x": 1668, "y": 1277}, {"x": 1661, "y": 1279}, {"x": 1667, "y": 1299}, {"x": 1678, "y": 1286}, {"x": 1686, "y": 1279}], [{"x": 1443, "y": 2194}, {"x": 1464, "y": 2187}, {"x": 1472, "y": 2188}, {"x": 1469, "y": 2170}, {"x": 1468, "y": 2169}, {"x": 1446, "y": 2192}], [{"x": 2229, "y": 1845}, {"x": 2252, "y": 1866}, {"x": 2254, "y": 1865}, {"x": 2259, "y": 1852}], [{"x": 1165, "y": 1738}, {"x": 1167, "y": 1741}, {"x": 1185, "y": 1739}], [{"x": 2165, "y": 1390}, {"x": 2166, "y": 1415}, {"x": 2188, "y": 1417}, {"x": 2195, "y": 1391}, {"x": 2190, "y": 1390}], [{"x": 1660, "y": 2190}, {"x": 1682, "y": 2182}, {"x": 1664, "y": 2167}, {"x": 1663, "y": 2172}], [{"x": 1324, "y": 2279}, {"x": 1323, "y": 2308}, {"x": 1351, "y": 2304}], [{"x": 1025, "y": 2187}, {"x": 1047, "y": 2207}, {"x": 1044, "y": 2204}, {"x": 1050, "y": 2200}], [{"x": 2408, "y": 1610}, {"x": 2432, "y": 1592}, {"x": 2425, "y": 1589}, {"x": 2413, "y": 1597}, {"x": 2410, "y": 1589}], [{"x": 1249, "y": 1392}, {"x": 1252, "y": 1395}, {"x": 1252, "y": 1394}, {"x": 1251, "y": 1388}], [{"x": 1892, "y": 1073}, {"x": 1873, "y": 1089}, {"x": 1874, "y": 1095}, {"x": 1892, "y": 1075}], [{"x": 1230, "y": 1576}, {"x": 1211, "y": 1573}, {"x": 1214, "y": 1594}, {"x": 1214, "y": 1601}, {"x": 1233, "y": 1582}, {"x": 1234, "y": 1578}], [{"x": 1740, "y": 2348}, {"x": 1762, "y": 2330}, {"x": 1737, "y": 2345}], [{"x": 1547, "y": 2373}, {"x": 1553, "y": 2372}, {"x": 1575, "y": 2367}, {"x": 1554, "y": 2346}, {"x": 1554, "y": 2364}], [{"x": 1723, "y": 2297}, {"x": 1708, "y": 2276}, {"x": 1701, "y": 2302}, {"x": 1702, "y": 2299}, {"x": 1725, "y": 2303}], [{"x": 1017, "y": 1642}, {"x": 1031, "y": 1640}, {"x": 1019, "y": 1616}], [{"x": 2301, "y": 1080}, {"x": 2307, "y": 1078}, {"x": 2326, "y": 1065}], [{"x": 2173, "y": 1812}, {"x": 2170, "y": 1832}, {"x": 2191, "y": 1809}, {"x": 2192, "y": 1804}, {"x": 2191, "y": 1804}], [{"x": 2369, "y": 2129}, {"x": 2391, "y": 2107}, {"x": 2378, "y": 2111}], [{"x": 2369, "y": 2045}, {"x": 2350, "y": 2046}, {"x": 2370, "y": 2047}], [{"x": 2396, "y": 2304}, {"x": 2402, "y": 2308}, {"x": 2400, "y": 2287}], [{"x": 2001, "y": 1517}, {"x": 2020, "y": 1513}, {"x": 2007, "y": 1528}, {"x": 2000, "y": 1532}, {"x": 2029, "y": 1535}, {"x": 2029, "y": 1511}], [{"x": 1319, "y": 1068}, {"x": 1316, "y": 1088}, {"x": 1321, "y": 1090}, {"x": 1340, "y": 1083}, {"x": 1323, "y": 1062}], [{"x": 1410, "y": 1517}, {"x": 1423, "y": 1517}, {"x": 1430, "y": 1526}, {"x": 1430, "y": 1504}], [{"x": 2158, "y": 1957}, {"x": 2160, "y": 1936}, {"x": 2159, "y": 1939}, {"x": 2155, "y": 1932}, {"x": 2157, "y": 1952}, {"x": 2152, "y": 1937}], [{"x": 1561, "y": 1374}, {"x": 1563, "y": 1373}, {"x": 1540, "y": 1373}, {"x": 1553, "y": 1395}, {"x": 1554, "y": 1375}, {"x": 1561, "y": 1379}], [{"x": 1190, "y": 2326}, {"x": 1210, "y": 2325}, {"x": 1210, "y": 2300}], [{"x": 1445, "y": 2301}, {"x": 1447, "y": 2279}, {"x": 1433, "y": 2296}], [{"x": 1794, "y": 1511}, {"x": 1790, "y": 1529}, {"x": 1793, "y": 1528}, {"x": 1809, "y": 1517}, {"x": 1795, "y": 1508}, {"x": 1795, "y": 1507}], [{"x": 2078, "y": 1690}, {"x": 2101, "y": 1711}, {"x": 2099, "y": 1691}, {"x": 2082, "y": 1686}], [{"x": 1467, "y": 1807}, {"x": 1473, "y": 1807}, {"x": 1491, "y": 1787}, {"x": 1490, "y": 1788}], [{"x": 1031, "y": 1008}, {"x": 1031, "y": 1017}, {"x": 1028, "y": 1012}, {"x": 1037, "y": 1038}, {"x": 1056, "y": 1038}], [{"x": 1901, "y": 1523}, {"x": 1919, "y": 1504}, {"x": 1913, "y": 1501}], [{"x": 2351, "y": 1091}, {"x": 2331, "y": 1106}, {"x": 2333, "y": 1113}, {"x": 2334, "y": 1106}, {"x": 2352, "y": 1095}], [{"x": 1825, "y": 1621}, {"x": 1829, "y": 1614}, {"x": 1831, "y": 1598}], [{"x": 2035, "y": 1736}, {"x": 2015, "y": 1764}, {"x": 2020, "y": 1759}, {"x": 2040, "y": 1763}, {"x": 2038, "y": 1735}], [{"x": 1181, "y": 1872}, {"x": 1203, "y": 1862}, {"x": 1204, "y": 1865}, {"x": 1205, "y": 1842}, {"x": 1179, "y": 1867}], [{"x": 1672, "y": 1247}, {"x": 1679, "y": 1246}, {"x": 1700, "y": 1229}, {"x": 1693, "y": 1225}, {"x": 1680, "y": 1241}, {"x": 1677, "y": 1222}], [{"x": 1936, "y": 1331}, {"x": 1951, "y": 1337}, {"x": 1953, "y": 1332}, {"x": 1958, "y": 1313}], [{"x": 1228, "y": 1665}, {"x": 1249, "y": 1668}, {"x": 1253, "y": 1644}], [{"x": 2178, "y": 1917}, {"x": 2155, "y": 1918}, {"x": 2159, "y": 1926}, {"x": 2163, "y": 1946}, {"x": 2179, "y": 1918}], [{"x": 2383, "y": 1614}, {"x": 2407, "y": 1627}, {"x": 2408, "y": 1608}], [{"x": 1029, "y": 1426}, {"x": 1031, "y": 1450}, {"x": 1045, "y": 1426}], [{"x": 1923, "y": 2070}, {"x": 1925, "y": 2075}, {"x": 1947, "y": 2078}, {"x": 1942, "y": 2050}], [{"x": 1366, "y": 1219}, {"x": 1389, "y": 1219}, {"x": 1389, "y": 1198}], [{"x": 1694, "y": 1711}, {"x": 1719, "y": 1693}, {"x": 1716, "y": 1684}], [{"x": 1814, "y": 1499}, {"x": 1833, "y": 1506}, {"x": 1835, "y": 1489}, {"x": 1819, "y": 1482}], [{"x": 1592, "y": 1996}, {"x": 1594, "y": 1991}, {"x": 1574, "y": 1993}, {"x": 1585, "y": 1997}, {"x": 1591, "y": 1999}], [{"x": 2246, "y": 2344}, {"x": 2241, "y": 2346}, {"x": 2269, "y": 2347}, {"x": 2264, "y": 2344}], [{"x": 1392, "y": 1293}, {"x": 1394, "y": 1295}, {"x": 1390, "y": 1310}, {"x": 1411, "y": 1286}, {"x": 1394, "y": 1287}], [{"x": 1763, "y": 1165}, {"x": 1785, "y": 1146}, {"x": 1762, "y": 1139}, {"x": 1760, "y": 1148}], [{"x": 1301, "y": 1394}, {"x": 1299, "y": 1389}, {"x": 1287, "y": 1387}, {"x": 1301, "y": 1395}], [{"x": 2215, "y": 2026}, {"x": 2219, "y": 2006}, {"x": 2200, "y": 2032}], [{"x": 2437, "y": 1349}, {"x": 2418, "y": 1346}, {"x": 2438, "y": 1366}], [{"x": 1238, "y": 1980}, {"x": 1263, "y": 1978}, {"x": 1262, "y": 1960}], [{"x": 2413, "y": 1697}, {"x": 2414, "y": 1691}, {"x": 2426, "y": 1670}, {"x": 2425, "y": 1668}, {"x": 2410, "y": 1676}, {"x": 2411, "y": 1691}], [{"x": 1906, "y": 1985}, {"x": 1932, "y": 1980}, {"x": 1911, "y": 1961}, {"x": 1911, "y": 1965}, {"x": 1905, "y": 1980}, {"x": 1906, "y": 1986}], [{"x": 1914, "y": 1065}, {"x": 1918, "y": 1072}, {"x": 1935, "y": 1049}], [{"x": 2129, "y": 1950}, {"x": 2131, "y": 1947}, {"x": 2126, "y": 1946}], [{"x": 1763, "y": 1626}, {"x": 1742, "y": 1627}, {"x": 1743, "y": 1643}, {"x": 1771, "y": 1647}, {"x": 1763, "y": 1643}], [{"x": 1475, "y": 2021}, {"x": 1472, "y": 2023}, {"x": 1473, "y": 2044}, {"x": 1491, "y": 2018}], [{"x": 2200, "y": 1867}, {"x": 2204, "y": 1859}, {"x": 2197, "y": 1858}, {"x": 2176, "y": 1839}, {"x": 2180, "y": 1866}, {"x": 2178, "y": 1848}], [{"x": 2147, "y": 1631}, {"x": 2176, "y": 1647}, {"x": 2151, "y": 1627}], [{"x": 1392, "y": 1794}, {"x": 1395, "y": 1788}, {"x": 1396, "y": 1768}], [{"x": 1964, "y": 1623}, {"x": 1965, "y": 1629}, {"x": 1987, "y": 1624}, {"x": 1991, "y": 1604}], [{"x": 1456, "y": 2354}, {"x": 1459, "y": 2378}, {"x": 1481, "y": 2382}, {"x": 1484, "y": 2376}], [{"x": 1500, "y": 2141}, {"x": 1528, "y": 2137}, {"x": 1507, "y": 2138}, {"x": 1508, "y": 2121}, {"x": 1527, "y": 2119}, {"x": 1507, "y": 2119}], [{"x": 2370, "y": 1923}, {"x": 2375, "y": 1920}, {"x": 2352, "y": 1916}, {"x": 2347, "y": 1918}, {"x": 2374, "y": 1945}, {"x": 2377, "y": 1940}], [{"x": 2396, "y": 2052}, {"x": 2414, "y": 2070}, {"x": 2395, "y": 2049}, {"x": 2392, "y": 2049}, {"x": 2386, "y": 2044}, {"x": 2410, "y": 2071}], [{"x": 1415, "y": 2256}, {"x": 1435, "y": 2253}, {"x": 1416, "y": 2255}], [{"x": 2224, "y": 2220}, {"x": 2250, "y": 2201}, {"x": 2226, "y": 2197}], [{"x": 1105, "y": 1146}, {"x": 1110, "y": 1122}, {"x": 1090, "y": 1118}], [{"x": 1515, "y": 2194}, {"x": 1516, "y": 2175}, {"x": 1513, "y": 2177}, {"x": 1514, "y": 2194}, {"x": 1519, "y": 2196}, {"x": 1531, "y": 2173}], [{"x": 1338, "y": 1573}, {"x": 1353, "y": 1579}, {"x": 1351, "y": 1577}], [{"x": 2020, "y": 2283}, {"x": 2017, "y": 2287}, {"x": 2016, "y": 2290}, {"x": 2044, "y": 2288}, {"x": 2039, "y": 2267}], [{"x": 1134, "y": 2170}, {"x": 1137, "y": 2195}, {"x": 1156, "y": 2174}], [{"x": 2411, "y": 2370}, {"x": 2412, "y": 2370}, {"x": 2417, "y": 2365}, {"x": 2432, "y": 2345}, {"x": 2412, "y": 2348}], [{"x": 1326, "y": 1896}, {"x": 1327, "y": 1899}, {"x": 1325, "y": 1915}, {"x": 1347, "y": 1919}, {"x": 1344, "y": 1898}], [{"x": 2176, "y": 1968}, {"x": 2192, "y": 1970}, {"x": 2201, "y": 1963}, {"x": 2194, "y": 1962}, {"x": 2192, "y": 1964}, {"x": 2171, "y": 1963}], [{"x": 1502, "y": 1244}, {"x": 1505, "y": 1220}, {"x": 1488, "y": 1221}, {"x": 1499, "y": 1244}, {"x": 1501, "y": 1246}], [{"x": 1035, "y": 1860}, {"x": 1035, "y": 1864}, {"x": 1054, "y": 1867}, {"x": 1052, "y": 1838}, {"x": 1037, "y": 1846}], [{"x": 1074, "y": 1271}, {"x": 1073, "y": 1290}, {"x": 1075, "y": 1291}, {"x": 1078, "y": 1286}, {"x": 1097, "y": 1286}, {"x": 1076, "y": 1275}], [{"x": 1559, "y": 1511}, {"x": 1561, "y": 1515}, {"x": 1584, "y": 1510}, {"x": 1584, "y": 1495}, {"x": 1588, "y": 1491}, {"x": 1562, "y": 1491}], [{"x": 1133, "y": 1558}, {"x": 1136, "y": 1550}, {"x": 1112, "y": 1573}, {"x": 1134, "y": 1575}], [{"x": 1046, "y": 2082}, {"x": 1050, "y": 2102}, {"x": 1065, "y": 2108}], [{"x": 1695, "y": 1267}, {"x": 1693, "y": 1271}, {"x": 1697, "y": 1290}, {"x": 1709, "y": 1274}, {"x": 1717, "y": 1271}, {"x": 1710, "y": 1270}], [{"x": 2194, "y": 2371}, {"x": 2198, "y": 2352}, {"x": 2172, "y": 2352}, {"x": 2179, "y": 2374}], [{"x": 1347, "y": 1310}, {"x": 1348, "y": 1309}, {"x": 1348, "y": 1287}, {"x": 1322, "y": 1285}, {"x": 1338, "y": 1290}, {"x": 1346, "y": 1310}], [{"x": 1935, "y": 1676}, {"x": 1954, "y": 1671}, {"x": 1960, "y": 1674}, {"x": 1959, "y": 1654}], [{"x": 2422, "y": 1168}, {"x": 2424, "y": 1160}, {"x": 2421, "y": 1159}, {"x": 2401, "y": 1178}, {"x": 2407, "y": 1186}, {"x": 2427, "y": 1168}], [{"x": 2384, "y": 1168}, {"x": 2370, "y": 1167}, {"x": 2389, "y": 1182}], [{"x": 2339, "y": 2166}, {"x": 2367, "y": 2139}, {"x": 2345, "y": 2146}, {"x": 2340, "y": 2159}], [{"x": 1750, "y": 2018}, {"x": 1752, "y": 2022}, {"x": 1759, "y": 2021}, {"x": 1775, "y": 2025}], [{"x": 2010, "y": 2332}, {"x": 2004, "y": 2349}, {"x": 2030, "y": 2330}], [{"x": 1262, "y": 1138}, {"x": 1281, "y": 1139}, {"x": 1284, "y": 1130}, {"x": 1287, "y": 1118}], [{"x": 1768, "y": 1472}, {"x": 1773, "y": 1492}, {"x": 1771, "y": 1469}], [{"x": 2098, "y": 2015}, {"x": 2124, "y": 2016}, {"x": 2120, "y": 2011}, {"x": 2106, "y": 1997}, {"x": 2102, "y": 1995}], [{"x": 1256, "y": 1981}, {"x": 1279, "y": 1993}, {"x": 1279, "y": 1972}], [{"x": 2222, "y": 1660}, {"x": 2224, "y": 1679}, {"x": 2204, "y": 1661}, {"x": 2222, "y": 1679}, {"x": 2207, "y": 1684}, {"x": 2226, "y": 1684}], [{"x": 1777, "y": 1411}, {"x": 1802, "y": 1431}, {"x": 1795, "y": 1411}], [{"x": 2397, "y": 1732}, {"x": 2392, "y": 1732}, {"x": 2393, "y": 1747}, {"x": 2418, "y": 1753}, {"x": 2420, "y": 1753}], [{"x": 2032, "y": 2233}, {"x": 2032, "y": 2235}, {"x": 2038, "y": 2236}, {"x": 2060, "y": 2234}, {"x": 2061, "y": 2208}, {"x": 2033, "y": 2234}], [{"x": 1220, "y": 2260}, {"x": 1220, "y": 2265}, {"x": 1240, "y": 2257}], [{"x": 1745, "y": 1933}, {"x": 1728, "y": 1931}, {"x": 1749, "y": 1940}, {"x": 1747, "y": 1934}], [{"x": 2194, "y": 1844}, {"x": 2221, "y": 1837}, {"x": 2194, "y": 1839}], [{"x": 1409, "y": 1849}, {"x": 1416, "y": 1869}, {"x": 1417, "y": 1843}, {"x": 1411, "y": 1846}], [{"x": 2427, "y": 2363}, {"x": 2411, "y": 2383}, {"x": 2412, "y": 2392}, {"x": 2436, "y": 2364}], [{"x": 1583, "y": 1246}, {"x": 1596, "y": 1239}, {"x": 1579, "y": 1242}, {"x": 1583, "y": 1264}], [{"x": 1057, "y": 2150}, {"x": 1077, "y": 2158}, {"x": 1082, "y": 2156}, {"x": 1065, "y": 2135}, {"x": 1061, "y": 2140}], [{"x": 1094, "y": 1093}, {"x": 1073, "y": 1094}, {"x": 1071, "y": 1096}, {"x": 1088, "y": 1112}, {"x": 1091, "y": 1110}, {"x": 1094, "y": 1107}], [{"x": 1687, "y": 1097}, {"x": 1664, "y": 1107}, {"x": 1681, "y": 1102}, {"x": 1689, "y": 1104}], [{"x": 1127, "y": 1155}, {"x": 1106, "y": 1160}, {"x": 1127, "y": 1175}, {"x": 1130, "y": 1184}, {"x": 1134, "y": 1176}], [{"x": 1684, "y": 1406}, {"x": 1672, "y": 1410}, {"x": 1685, "y": 1407}], [{"x": 995, "y": 1812}, {"x": 1016, "y": 1812}, {"x": 1019, "y": 1791}, {"x": 1019, "y": 1786}, {"x": 1012, "y": 1810}], [{"x": 1063, "y": 2225}, {"x": 1087, "y": 2232}, {"x": 1088, "y": 2223}, {"x": 1087, "y": 2210}, {"x": 1069, "y": 2204}, {"x": 1065, "y": 2206}], [{"x": 1749, "y": 2181}, {"x": 1748, "y": 2202}, {"x": 1772, "y": 2197}, {"x": 1767, "y": 2182}], [{"x": 1831, "y": 1769}, {"x": 1830, "y": 1789}, {"x": 1855, "y": 1786}, {"x": 1837, "y": 1767}], [{"x": 1772, "y": 1825}, {"x": 1765, "y": 1818}, {"x": 1765, "y": 1823}, {"x": 1787, "y": 1838}, {"x": 1793, "y": 1848}, {"x": 1794, "y": 1840}], [{"x": 1487, "y": 2418}, {"x": 1506, "y": 2418}, {"x": 1512, "y": 2393}, {"x": 1490, "y": 2398}], [{"x": 2094, "y": 1564}, {"x": 2099, "y": 1541}, {"x": 2097, "y": 1536}, {"x": 2091, "y": 1536}], [{"x": 2338, "y": 2260}, {"x": 2361, "y": 2267}, {"x": 2356, "y": 2247}], [{"x": 2349, "y": 2010}, {"x": 2375, "y": 1981}, {"x": 2353, "y": 1989}, {"x": 2356, "y": 2001}], [{"x": 1097, "y": 2377}, {"x": 1127, "y": 2384}, {"x": 1122, "y": 2362}, {"x": 1102, "y": 2361}], [{"x": 1584, "y": 1967}, {"x": 1583, "y": 1988}, {"x": 1602, "y": 1992}, {"x": 1603, "y": 1964}], [{"x": 1001, "y": 1177}, {"x": 1020, "y": 1171}, {"x": 1019, "y": 1156}, {"x": 994, "y": 1177}, {"x": 1002, "y": 1173}], [{"x": 1887, "y": 2212}, {"x": 1890, "y": 2213}, {"x": 1909, "y": 2215}, {"x": 1882, "y": 2200}], [{"x": 2339, "y": 2064}, {"x": 2337, "y": 2052}, {"x": 2336, "y": 2042}, {"x": 2335, "y": 2064}, {"x": 2357, "y": 2068}], [{"x": 1635, "y": 1329}, {"x": 1638, "y": 1329}, {"x": 1662, "y": 1328}, {"x": 1664, "y": 1327}, {"x": 1642, "y": 1307}, {"x": 1635, "y": 1306}], [{"x": 1660, "y": 2154}, {"x": 1661, "y": 2178}, {"x": 1661, "y": 2153}], [{"x": 2264, "y": 2264}, {"x": 2268, "y": 2265}, {"x": 2266, "y": 2240}], [{"x": 2238, "y": 1050}, {"x": 2251, "y": 1026}, {"x": 2228, "y": 1053}], [{"x": 1909, "y": 1909}, {"x": 1931, "y": 1911}, {"x": 1912, "y": 1909}], [{"x": 2191, "y": 1058}, {"x": 2211, "y": 1040}, {"x": 2215, "y": 1037}, {"x": 2190, "y": 1035}, {"x": 2191, "y": 1053}, {"x": 2197, "y": 1051}], [{"x": 1529, "y": 1840}, {"x": 1532, "y": 1843}, {"x": 1531, "y": 1837}], [{"x": 1691, "y": 2214}, {"x": 1695, "y": 2219}, {"x": 1715, "y": 2215}, {"x": 1720, "y": 2200}, {"x": 1715, "y": 2195}], [{"x": 1657, "y": 2360}, {"x": 1683, "y": 2363}, {"x": 1682, "y": 2344}, {"x": 1674, "y": 2345}, {"x": 1661, "y": 2348}], [{"x": 2139, "y": 2157}, {"x": 2146, "y": 2149}, {"x": 2167, "y": 2129}, {"x": 2160, "y": 2131}, {"x": 2140, "y": 2137}], [{"x": 1681, "y": 1782}, {"x": 1690, "y": 1758}, {"x": 1682, "y": 1763}], [{"x": 1309, "y": 2075}, {"x": 1308, "y": 2059}, {"x": 1290, "y": 2073}, {"x": 1309, "y": 2078}], [{"x": 2071, "y": 1324}, {"x": 2094, "y": 1346}, {"x": 2069, "y": 1319}], [{"x": 1739, "y": 1723}, {"x": 1744, "y": 1702}, {"x": 1743, "y": 1701}, {"x": 1738, "y": 1724}, {"x": 1738, "y": 1726}, {"x": 1744, "y": 1723}], [{"x": 1821, "y": 1270}, {"x": 1818, "y": 1287}, {"x": 1826, "y": 1288}, {"x": 1845, "y": 1264}, {"x": 1828, "y": 1285}], [{"x": 2039, "y": 1413}, {"x": 2017, "y": 1406}, {"x": 2017, "y": 1429}, {"x": 2018, "y": 1432}, {"x": 2038, "y": 1431}, {"x": 2041, "y": 1415}], [{"x": 2205, "y": 1148}, {"x": 2210, "y": 1147}, {"x": 2214, "y": 1130}, {"x": 2213, "y": 1122}, {"x": 2212, "y": 1128}, {"x": 2194, "y": 1121}], [{"x": 1963, "y": 1918}, {"x": 1972, "y": 1918}, {"x": 1970, "y": 1920}, {"x": 1983, "y": 1911}, {"x": 1972, "y": 1914}, {"x": 1969, "y": 1914}], [{"x": 1780, "y": 2160}, {"x": 1781, "y": 2179}, {"x": 1794, "y": 2179}, {"x": 1792, "y": 2163}, {"x": 1795, "y": 2156}], [{"x": 1667, "y": 1384}, {"x": 1665, "y": 1386}, {"x": 1666, "y": 1413}, {"x": 1669, "y": 1412}], [{"x": 1595, "y": 2297}, {"x": 1619, "y": 2294}, {"x": 1618, "y": 2291}, {"x": 1593, "y": 2291}, {"x": 1598, "y": 2308}], [{"x": 1017, "y": 1765}, {"x": 1031, "y": 1763}, {"x": 1012, "y": 1764}, {"x": 1034, "y": 1787}], [{"x": 1915, "y": 2352}, {"x": 1911, "y": 2353}, {"x": 1925, "y": 2374}], [{"x": 2298, "y": 1728}, {"x": 2311, "y": 1730}, {"x": 2315, "y": 1730}], [{"x": 2085, "y": 1052}, {"x": 2106, "y": 1056}, {"x": 2097, "y": 1033}, {"x": 2078, "y": 1037}], [{"x": 1844, "y": 2234}, {"x": 1845, "y": 2221}, {"x": 1826, "y": 2244}, {"x": 1839, "y": 2243}, {"x": 1845, "y": 2236}], [{"x": 1835, "y": 2139}, {"x": 1839, "y": 2156}, {"x": 1858, "y": 2140}, {"x": 1841, "y": 2136}, {"x": 1860, "y": 2139}, {"x": 1840, "y": 2135}], [{"x": 1671, "y": 1698}, {"x": 1655, "y": 1701}, {"x": 1654, "y": 1707}, {"x": 1673, "y": 1726}, {"x": 1673, "y": 1725}], [{"x": 1619, "y": 1582}, {"x": 1605, "y": 1602}, {"x": 1622, "y": 1606}, {"x": 1627, "y": 1586}, {"x": 1623, "y": 1582}], [{"x": 1180, "y": 2216}, {"x": 1180, "y": 2233}, {"x": 1183, "y": 2237}, {"x": 1202, "y": 2236}, {"x": 1199, "y": 2218}], [{"x": 2266, "y": 1841}, {"x": 2269, "y": 1822}, {"x": 2243, "y": 1816}], [{"x": 1444, "y": 2413}, {"x": 1444, "y": 2428}, {"x": 1450, "y": 2434}, {"x": 1463, "y": 2413}], [{"x": 2166, "y": 1179}, {"x": 2192, "y": 1194}, {"x": 2166, "y": 1176}, {"x": 2165, "y": 1174}, {"x": 2168, "y": 1200}], [{"x": 2249, "y": 1622}, {"x": 2255, "y": 1630}, {"x": 2259, "y": 1628}, {"x": 2231, "y": 1609}], [{"x": 2067, "y": 1664}, {"x": 2081, "y": 1677}, {"x": 2068, "y": 1678}, {"x": 2064, "y": 1679}, {"x": 2083, "y": 1684}, {"x": 2084, "y": 1658}], [{"x": 1903, "y": 1021}, {"x": 1924, "y": 1026}, {"x": 1908, "y": 1003}, {"x": 1909, "y": 1020}, {"x": 1906, "y": 1007}], [{"x": 2109, "y": 1072}, {"x": 2117, "y": 1067}, {"x": 2108, "y": 1054}, {"x": 2110, "y": 1064}, {"x": 2114, "y": 1064}], [{"x": 1120, "y": 1927}, {"x": 1120, "y": 1944}, {"x": 1144, "y": 1945}, {"x": 1136, "y": 1946}, {"x": 1145, "y": 1945}, {"x": 1143, "y": 1923}], [{"x": 2124, "y": 1560}, {"x": 2100, "y": 1581}, {"x": 2124, "y": 1581}, {"x": 2127, "y": 1578}], [{"x": 1392, "y": 1445}, {"x": 1412, "y": 1436}, {"x": 1399, "y": 1420}, {"x": 1397, "y": 1424}, {"x": 1397, "y": 1440}, {"x": 1392, "y": 1422}], [{"x": 2284, "y": 2074}, {"x": 2291, "y": 2079}, {"x": 2312, "y": 2058}, {"x": 2303, "y": 2054}], [{"x": 2027, "y": 2368}, {"x": 2049, "y": 2367}, {"x": 2049, "y": 2344}], [{"x": 1475, "y": 1066}, {"x": 1479, "y": 1065}, {"x": 1457, "y": 1052}, {"x": 1451, "y": 1052}, {"x": 1454, "y": 1053}, {"x": 1451, "y": 1066}], [{"x": 1891, "y": 1955}, {"x": 1910, "y": 1958}, {"x": 1910, "y": 1955}, {"x": 1908, "y": 1934}, {"x": 1886, "y": 1959}], [{"x": 1068, "y": 2066}, {"x": 1083, "y": 2078}, {"x": 1089, "y": 2076}, {"x": 1080, "y": 2063}, {"x": 1070, "y": 2060}, {"x": 1064, "y": 2058}], [{"x": 1358, "y": 1304}, {"x": 1344, "y": 1325}, {"x": 1365, "y": 1328}, {"x": 1345, "y": 1325}, {"x": 1365, "y": 1327}, {"x": 1361, "y": 1312}], [{"x": 1699, "y": 1108}, {"x": 1703, "y": 1121}, {"x": 1705, "y": 1119}, {"x": 1707, "y": 1128}, {"x": 1722, "y": 1099}, {"x": 1701, "y": 1107}], [{"x": 1172, "y": 1352}, {"x": 1167, "y": 1374}, {"x": 1173, "y": 1382}, {"x": 1190, "y": 1361}], [{"x": 1389, "y": 1977}, {"x": 1396, "y": 1957}, {"x": 1372, "y": 1951}, {"x": 1371, "y": 1956}], [{"x": 1585, "y": 1927}, {"x": 1587, "y": 1930}, {"x": 1610, "y": 1950}, {"x": 1609, "y": 1930}, {"x": 1612, "y": 1927}, {"x": 1604, "y": 1924}], [{"x": 1879, "y": 1742}, {"x": 1899, "y": 1735}, {"x": 1898, "y": 1735}, {"x": 1877, "y": 1742}, {"x": 1873, "y": 1764}, {"x": 1899, "y": 1756}], [{"x": 1792, "y": 2030}, {"x": 1795, "y": 2050}, {"x": 1791, "y": 2052}, {"x": 1814, "y": 2055}, {"x": 1799, "y": 2034}], [{"x": 2255, "y": 1414}, {"x": 2280, "y": 1412}, {"x": 2257, "y": 1405}], [{"x": 2374, "y": 2291}, {"x": 2394, "y": 2291}, {"x": 2394, "y": 2271}, {"x": 2391, "y": 2271}, {"x": 2368, "y": 2272}], [{"x": 1690, "y": 1137}, {"x": 1704, "y": 1145}, {"x": 1705, "y": 1137}], [{"x": 1636, "y": 1457}, {"x": 1642, "y": 1477}, {"x": 1641, "y": 1472}, {"x": 1645, "y": 1479}, {"x": 1658, "y": 1462}], [{"x": 1728, "y": 2252}, {"x": 1733, "y": 2271}, {"x": 1750, "y": 2256}, {"x": 1728, "y": 2246}, {"x": 1723, "y": 2267}], [{"x": 2324, "y": 2415}, {"x": 2314, "y": 2437}, {"x": 2332, "y": 2412}], [{"x": 2396, "y": 1532}, {"x": 2401, "y": 1511}, {"x": 2395, "y": 1508}], [{"x": 1462, "y": 1290}, {"x": 1484, "y": 1287}, {"x": 1462, "y": 1269}, {"x": 1463, "y": 1285}], [{"x": 1830, "y": 1339}, {"x": 1816, "y": 1361}, {"x": 1839, "y": 1358}, {"x": 1835, "y": 1339}], [{"x": 1209, "y": 1514}, {"x": 1209, "y": 1537}, {"x": 1235, "y": 1539}, {"x": 1212, "y": 1519}, {"x": 1215, "y": 1533}], [{"x": 1042, "y": 1765}, {"x": 1044, "y": 1765}, {"x": 1046, "y": 1751}, {"x": 1047, "y": 1743}], [{"x": 1847, "y": 2116}, {"x": 1848, "y": 2117}, {"x": 1848, "y": 2109}, {"x": 1853, "y": 2111}, {"x": 1864, "y": 2095}, {"x": 1844, "y": 2095}], [{"x": 1534, "y": 1450}, {"x": 1529, "y": 1452}, {"x": 1530, "y": 1457}, {"x": 1555, "y": 1459}], [{"x": 1270, "y": 1451}, {"x": 1273, "y": 1449}, {"x": 1296, "y": 1470}, {"x": 1279, "y": 1444}, {"x": 1272, "y": 1442}], [{"x": 1337, "y": 1756}, {"x": 1322, "y": 1762}, {"x": 1340, "y": 1774}, {"x": 1343, "y": 1757}, {"x": 1345, "y": 1755}], [{"x": 1677, "y": 2140}, {"x": 1664, "y": 2162}, {"x": 1684, "y": 2160}], [{"x": 1527, "y": 1304}, {"x": 1532, "y": 1303}, {"x": 1550, "y": 1306}, {"x": 1550, "y": 1287}, {"x": 1551, "y": 1279}, {"x": 1534, "y": 1279}], [{"x": 1909, "y": 1615}, {"x": 1929, "y": 1618}, {"x": 1926, "y": 1614}, {"x": 1923, "y": 1598}, {"x": 1906, "y": 1598}, {"x": 1908, "y": 1622}], [{"x": 2184, "y": 2236}, {"x": 2174, "y": 2241}, {"x": 2199, "y": 2242}], [{"x": 2220, "y": 1364}, {"x": 2226, "y": 1365}, {"x": 2241, "y": 1366}, {"x": 2223, "y": 1359}], [{"x": 1500, "y": 1034}, {"x": 1506, "y": 1051}, {"x": 1507, "y": 1048}], [{"x": 1104, "y": 1731}, {"x": 1107, "y": 1707}, {"x": 1100, "y": 1723}, {"x": 1099, "y": 1703}, {"x": 1087, "y": 1702}, {"x": 1102, "y": 1730}], [{"x": 1219, "y": 1850}, {"x": 1205, "y": 1873}, {"x": 1227, "y": 1871}, {"x": 1222, "y": 1850}], [{"x": 1152, "y": 1831}, {"x": 1155, "y": 1835}, {"x": 1177, "y": 1834}], [{"x": 1437, "y": 2018}, {"x": 1441, "y": 2017}, {"x": 1422, "y": 1993}], [{"x": 2421, "y": 1942}, {"x": 2438, "y": 1942}, {"x": 2434, "y": 1927}, {"x": 2440, "y": 1946}, {"x": 2442, "y": 1944}, {"x": 2435, "y": 1924}], [{"x": 1000, "y": 1577}, {"x": 1019, "y": 1594}, {"x": 1009, "y": 1577}, {"x": 1019, "y": 1578}, {"x": 1001, "y": 1573}], [{"x": 1158, "y": 1528}, {"x": 1155, "y": 1525}, {"x": 1155, "y": 1548}, {"x": 1161, "y": 1549}, {"x": 1161, "y": 1548}], [{"x": 1302, "y": 1399}, {"x": 1289, "y": 1410}, {"x": 1304, "y": 1400}], [{"x": 1266, "y": 1392}, {"x": 1268, "y": 1388}, {"x": 1268, "y": 1385}], [{"x": 1187, "y": 2314}, {"x": 1170, "y": 2289}, {"x": 1170, "y": 2293}, {"x": 1162, "y": 2298}, {"x": 1187, "y": 2318}], [{"x": 1688, "y": 2352}, {"x": 1691, "y": 2367}, {"x": 1690, "y": 2366}, {"x": 1693, "y": 2375}, {"x": 1705, "y": 2348}], [{"x": 1447, "y": 1172}, {"x": 1444, "y": 1182}, {"x": 1445, "y": 1197}, {"x": 1447, "y": 1199}, {"x": 1461, "y": 1178}], [{"x": 1812, "y": 1960}, {"x": 1812, "y": 1987}, {"x": 1833, "y": 1983}, {"x": 1820, "y": 1965}, {"x": 1819, "y": 1962}], [{"x": 2401, "y": 1884}, {"x": 2381, "y": 1891}, {"x": 2380, "y": 1905}, {"x": 2399, "y": 1907}, {"x": 2406, "y": 1884}], [{"x": 1289, "y": 1052}, {"x": 1309, "y": 1051}, {"x": 1310, "y": 1034}, {"x": 1309, "y": 1031}, {"x": 1305, "y": 1030}, {"x": 1289, "y": 1030}], [{"x": 1189, "y": 2185}, {"x": 1193, "y": 2178}, {"x": 1187, "y": 2180}, {"x": 1165, "y": 2162}, {"x": 1185, "y": 2185}], [{"x": 1523, "y": 1712}, {"x": 1527, "y": 1709}, {"x": 1545, "y": 1712}, {"x": 1549, "y": 1705}, {"x": 1542, "y": 1687}, {"x": 1525, "y": 1702}], [{"x": 1789, "y": 1097}, {"x": 1792, "y": 1094}, {"x": 1788, "y": 1076}], [{"x": 1779, "y": 2304}, {"x": 1798, "y": 2314}, {"x": 1785, "y": 2306}, {"x": 1802, "y": 2290}, {"x": 1782, "y": 2294}], [{"x": 2415, "y": 1502}, {"x": 2414, "y": 1504}, {"x": 2413, "y": 1507}, {"x": 2414, "y": 1529}, {"x": 2436, "y": 1529}, {"x": 2438, "y": 1528}], [{"x": 2101, "y": 1103}, {"x": 2107, "y": 1101}, {"x": 2086, "y": 1081}], [{"x": 2315, "y": 2324}, {"x": 2311, "y": 2343}, {"x": 2315, "y": 2345}, {"x": 2336, "y": 2317}, {"x": 2332, "y": 2317}], [{"x": 1074, "y": 1831}, {"x": 1094, "y": 1823}, {"x": 1095, "y": 1811}, {"x": 1092, "y": 1807}], [{"x": 1321, "y": 1488}, {"x": 1305, "y": 1472}, {"x": 1316, "y": 1492}, {"x": 1322, "y": 1490}, {"x": 1325, "y": 1488}], [{"x": 2338, "y": 1738}, {"x": 2317, "y": 1737}, {"x": 2322, "y": 1743}, {"x": 2344, "y": 1762}, {"x": 2324, "y": 1743}, {"x": 2338, "y": 1742}], [{"x": 1611, "y": 1996}, {"x": 1606, "y": 2008}, {"x": 1603, "y": 2012}, {"x": 1609, "y": 2011}, {"x": 1631, "y": 1989}, {"x": 1613, "y": 1996}], [{"x": 2089, "y": 1965}, {"x": 2089, "y": 1972}, {"x": 2113, "y": 1948}, {"x": 2090, "y": 1946}], [{"x": 1955, "y": 1905}, {"x": 1949, "y": 1906}, {"x": 1948, "y": 1922}, {"x": 1966, "y": 1910}, {"x": 1970, "y": 1907}], [{"x": 1375, "y": 1351}, {"x": 1390, "y": 1351}, {"x": 1369, "y": 1342}, {"x": 1367, "y": 1367}, {"x": 1374, "y": 1369}, {"x": 1391, "y": 1367}], [{"x": 1807, "y": 1214}, {"x": 1800, "y": 1208}, {"x": 1824, "y": 1234}, {"x": 1826, "y": 1236}, {"x": 1825, "y": 1212}, {"x": 1822, "y": 1213}], [{"x": 2409, "y": 1483}, {"x": 2411, "y": 1482}, {"x": 2404, "y": 1480}, {"x": 2404, "y": 1497}, {"x": 2410, "y": 1495}, {"x": 2427, "y": 1476}], [{"x": 1630, "y": 1531}, {"x": 1627, "y": 1549}, {"x": 1635, "y": 1547}, {"x": 1654, "y": 1530}], [{"x": 2399, "y": 1410}, {"x": 2385, "y": 1430}, {"x": 2385, "y": 1439}, {"x": 2402, "y": 1439}, {"x": 2404, "y": 1440}, {"x": 2400, "y": 1420}], [{"x": 2053, "y": 1190}, {"x": 2077, "y": 1193}, {"x": 2056, "y": 1174}], [{"x": 2103, "y": 2039}, {"x": 2104, "y": 2037}, {"x": 2101, "y": 2040}], [{"x": 1796, "y": 2004}, {"x": 1794, "y": 2027}, {"x": 1797, "y": 2028}, {"x": 1800, "y": 2022}, {"x": 1815, "y": 2027}], [{"x": 1929, "y": 2091}, {"x": 1933, "y": 2119}, {"x": 1955, "y": 2115}, {"x": 1953, "y": 2090}], [{"x": 1218, "y": 1109}, {"x": 1216, "y": 1111}, {"x": 1216, "y": 1114}, {"x": 1220, "y": 1113}], [{"x": 1274, "y": 1052}, {"x": 1276, "y": 1049}, {"x": 1278, "y": 1027}, {"x": 1272, "y": 1031}, {"x": 1250, "y": 1034}, {"x": 1270, "y": 1047}], [{"x": 2300, "y": 1707}, {"x": 2324, "y": 1695}, {"x": 2303, "y": 1690}], [{"x": 1404, "y": 2151}, {"x": 1412, "y": 2149}, {"x": 1389, "y": 2124}, {"x": 1389, "y": 2128}, {"x": 1390, "y": 2144}, {"x": 1391, "y": 2131}], [{"x": 1692, "y": 2007}, {"x": 1694, "y": 2006}, {"x": 1705, "y": 1982}, {"x": 1692, "y": 2000}, {"x": 1685, "y": 1984}, {"x": 1690, "y": 2003}], [{"x": 2335, "y": 2440}, {"x": 2358, "y": 2420}, {"x": 2333, "y": 2425}], [{"x": 1716, "y": 2422}, {"x": 1694, "y": 2443}, {"x": 1720, "y": 2423}], [{"x": 1738, "y": 2048}, {"x": 1742, "y": 2044}, {"x": 1740, "y": 2030}, {"x": 1721, "y": 2034}, {"x": 1732, "y": 2044}, {"x": 1713, "y": 2051}], [{"x": 2113, "y": 1952}, {"x": 2110, "y": 1956}, {"x": 2111, "y": 1959}, {"x": 2124, "y": 1954}, {"x": 2130, "y": 1961}, {"x": 2132, "y": 1955}], [{"x": 2378, "y": 1460}, {"x": 2406, "y": 1464}, {"x": 2381, "y": 1436}], [{"x": 1619, "y": 1339}, {"x": 1638, "y": 1355}, {"x": 1645, "y": 1356}, {"x": 1641, "y": 1338}], [{"x": 1027, "y": 2063}, {"x": 1029, "y": 2060}, {"x": 1035, "y": 2044}, {"x": 1013, "y": 2047}, {"x": 1010, "y": 2063}], [{"x": 1108, "y": 1037}, {"x": 1092, "y": 1062}, {"x": 1115, "y": 1060}, {"x": 1116, "y": 1045}, {"x": 1112, "y": 1038}], [{"x": 1638, "y": 1904}, {"x": 1655, "y": 1901}, {"x": 1664, "y": 1878}, {"x": 1664, "y": 1877}, {"x": 1642, "y": 1883}, {"x": 1645, "y": 1885}], [{"x": 1969, "y": 1283}, {"x": 1970, "y": 1302}, {"x": 1975, "y": 1309}, {"x": 1996, "y": 1310}, {"x": 1988, "y": 1305}, {"x": 1976, "y": 1282}], [{"x": 1376, "y": 1149}, {"x": 1357, "y": 1144}, {"x": 1355, "y": 1168}, {"x": 1373, "y": 1164}, {"x": 1377, "y": 1172}], [{"x": 1433, "y": 1628}, {"x": 1458, "y": 1627}, {"x": 1460, "y": 1622}, {"x": 1461, "y": 1618}, {"x": 1439, "y": 1606}], [{"x": 2238, "y": 1425}, {"x": 2253, "y": 1424}, {"x": 2254, "y": 1419}, {"x": 2232, "y": 1403}, {"x": 2233, "y": 1426}, {"x": 2258, "y": 1426}], [{"x": 1412, "y": 1398}, {"x": 1411, "y": 1414}, {"x": 1430, "y": 1395}], [{"x": 2271, "y": 1840}, {"x": 2278, "y": 1839}, {"x": 2298, "y": 1834}, {"x": 2297, "y": 1830}, {"x": 2271, "y": 1838}], [{"x": 1756, "y": 1360}, {"x": 1758, "y": 1359}, {"x": 1758, "y": 1353}, {"x": 1740, "y": 1359}], [{"x": 1707, "y": 1937}, {"x": 1727, "y": 1913}, {"x": 1705, "y": 1915}], [{"x": 1901, "y": 2439}, {"x": 1883, "y": 2417}, {"x": 1878, "y": 2438}, {"x": 1878, "y": 2440}, {"x": 1906, "y": 2441}], [{"x": 1408, "y": 1222}, {"x": 1433, "y": 1207}, {"x": 1417, "y": 1208}], [{"x": 1799, "y": 1545}, {"x": 1797, "y": 1540}, {"x": 1784, "y": 1545}, {"x": 1780, "y": 1543}, {"x": 1776, "y": 1544}, {"x": 1800, "y": 1561}], [{"x": 1205, "y": 1312}, {"x": 1209, "y": 1306}, {"x": 1208, "y": 1292}, {"x": 1203, "y": 1294}, {"x": 1202, "y": 1293}], [{"x": 1830, "y": 1560}, {"x": 1851, "y": 1560}, {"x": 1844, "y": 1542}, {"x": 1822, "y": 1543}], [{"x": 1213, "y": 1696}, {"x": 1215, "y": 1719}, {"x": 1231, "y": 1718}, {"x": 1232, "y": 1702}, {"x": 1217, "y": 1695}], [{"x": 1167, "y": 2101}, {"x": 1169, "y": 2117}, {"x": 1171, "y": 2119}], [{"x": 1757, "y": 1209}, {"x": 1746, "y": 1214}, {"x": 1762, "y": 1233}], [{"x": 1073, "y": 1785}, {"x": 1075, "y": 1786}, {"x": 1095, "y": 1761}], [{"x": 1459, "y": 1379}, {"x": 1459, "y": 1380}, {"x": 1462, "y": 1380}], [{"x": 1902, "y": 1766}, {"x": 1900, "y": 1790}, {"x": 1908, "y": 1792}, {"x": 1925, "y": 1787}, {"x": 1907, "y": 1765}], [{"x": 1744, "y": 2131}, {"x": 1744, "y": 2136}, {"x": 1751, "y": 2137}, {"x": 1772, "y": 2137}, {"x": 1751, "y": 2128}, {"x": 1767, "y": 2110}], [{"x": 2186, "y": 1466}, {"x": 2209, "y": 1488}, {"x": 2213, "y": 1491}, {"x": 2211, "y": 1466}], [{"x": 1365, "y": 1056}, {"x": 1366, "y": 1056}, {"x": 1344, "y": 1050}, {"x": 1342, "y": 1054}, {"x": 1364, "y": 1071}, {"x": 1364, "y": 1058}], [{"x": 2129, "y": 1016}, {"x": 2133, "y": 1029}, {"x": 2150, "y": 1038}, {"x": 2143, "y": 1019}, {"x": 2143, "y": 1016}, {"x": 2133, "y": 1014}], [{"x": 1119, "y": 1312}, {"x": 1120, "y": 1322}, {"x": 1123, "y": 1322}], [{"x": 1228, "y": 1387}, {"x": 1229, "y": 1386}, {"x": 1224, "y": 1384}], [{"x": 1458, "y": 1802}, {"x": 1463, "y": 1810}, {"x": 1478, "y": 1788}, {"x": 1459, "y": 1786}], [{"x": 1644, "y": 1216}, {"x": 1656, "y": 1220}, {"x": 1656, "y": 1195}], [{"x": 1480, "y": 2102}, {"x": 1499, "y": 2084}, {"x": 1493, "y": 2082}, {"x": 1478, "y": 2075}, {"x": 1475, "y": 2081}, {"x": 1495, "y": 2085}], [{"x": 1528, "y": 2148}, {"x": 1553, "y": 2146}, {"x": 1536, "y": 2124}], [{"x": 1528, "y": 1920}, {"x": 1530, "y": 1904}, {"x": 1505, "y": 1900}, {"x": 1521, "y": 1900}, {"x": 1501, "y": 1898}, {"x": 1507, "y": 1920}], [{"x": 1407, "y": 1567}, {"x": 1413, "y": 1565}, {"x": 1411, "y": 1563}, {"x": 1395, "y": 1543}, {"x": 1388, "y": 1551}, {"x": 1395, "y": 1564}], [{"x": 1084, "y": 2056}, {"x": 1112, "y": 2069}, {"x": 1110, "y": 2053}], [{"x": 1227, "y": 1636}, {"x": 1227, "y": 1646}, {"x": 1250, "y": 1639}, {"x": 1241, "y": 1620}, {"x": 1229, "y": 1620}], [{"x": 1272, "y": 1199}, {"x": 1270, "y": 1205}, {"x": 1292, "y": 1204}], [{"x": 1180, "y": 2005}, {"x": 1200, "y": 2021}, {"x": 1179, "y": 2002}, {"x": 1183, "y": 2023}, {"x": 1200, "y": 2022}], [{"x": 1321, "y": 2091}, {"x": 1317, "y": 2091}, {"x": 1318, "y": 2117}, {"x": 1322, "y": 2110}], [{"x": 1220, "y": 1379}, {"x": 1224, "y": 1370}, {"x": 1220, "y": 1354}], [{"x": 1071, "y": 1171}, {"x": 1088, "y": 1171}, {"x": 1090, "y": 1146}, {"x": 1085, "y": 1146}, {"x": 1083, "y": 1151}], [{"x": 1111, "y": 2274}, {"x": 1112, "y": 2292}, {"x": 1116, "y": 2294}, {"x": 1132, "y": 2292}, {"x": 1116, "y": 2267}], [{"x": 2408, "y": 2209}, {"x": 2410, "y": 2234}, {"x": 2405, "y": 2214}, {"x": 2405, "y": 2234}, {"x": 2412, "y": 2236}], [{"x": 1221, "y": 2334}, {"x": 1228, "y": 2340}, {"x": 1243, "y": 2353}, {"x": 1221, "y": 2352}, {"x": 1246, "y": 2356}, {"x": 1250, "y": 2333}], [{"x": 1057, "y": 2275}, {"x": 1058, "y": 2270}, {"x": 1057, "y": 2265}, {"x": 1053, "y": 2255}, {"x": 1041, "y": 2250}, {"x": 1037, "y": 2271}], [{"x": 2248, "y": 2121}, {"x": 2249, "y": 2124}, {"x": 2275, "y": 2141}], [{"x": 1389, "y": 2233}, {"x": 1403, "y": 2233}, {"x": 1406, "y": 2207}], [{"x": 2356, "y": 1541}, {"x": 2356, "y": 1548}, {"x": 2354, "y": 1544}, {"x": 2357, "y": 1566}, {"x": 2358, "y": 1569}], [{"x": 2167, "y": 1490}, {"x": 2151, "y": 1491}, {"x": 2149, "y": 1495}, {"x": 2147, "y": 1500}, {"x": 2176, "y": 1495}], [{"x": 1391, "y": 1991}, {"x": 1412, "y": 1990}, {"x": 1404, "y": 1989}], [{"x": 1678, "y": 1591}, {"x": 1663, "y": 1590}, {"x": 1685, "y": 1594}], [{"x": 2118, "y": 2139}, {"x": 2100, "y": 2133}, {"x": 2119, "y": 2140}, {"x": 2122, "y": 2132}, {"x": 2119, "y": 2115}], [{"x": 1257, "y": 1116}, {"x": 1258, "y": 1114}, {"x": 1260, "y": 1112}, {"x": 1255, "y": 1113}, {"x": 1255, "y": 1118}, {"x": 1259, "y": 1117}], [{"x": 2147, "y": 1313}, {"x": 2142, "y": 1326}, {"x": 2139, "y": 1329}, {"x": 2143, "y": 1328}, {"x": 2167, "y": 1308}], [{"x": 1959, "y": 1411}, {"x": 1975, "y": 1408}, {"x": 1951, "y": 1410}, {"x": 1958, "y": 1411}], [{"x": 1928, "y": 1183}, {"x": 1925, "y": 1188}, {"x": 1946, "y": 1190}], [{"x": 2200, "y": 2164}, {"x": 2201, "y": 2167}, {"x": 2218, "y": 2172}, {"x": 2201, "y": 2164}], [{"x": 1818, "y": 2072}, {"x": 1836, "y": 2072}, {"x": 1832, "y": 2054}, {"x": 1819, "y": 2069}], [{"x": 1572, "y": 1726}, {"x": 1577, "y": 1706}, {"x": 1550, "y": 1713}], [{"x": 1192, "y": 1798}, {"x": 1212, "y": 1796}, {"x": 1195, "y": 1815}, {"x": 1215, "y": 1812}, {"x": 1217, "y": 1797}, {"x": 1217, "y": 1795}], [{"x": 1134, "y": 1869}, {"x": 1160, "y": 1869}, {"x": 1158, "y": 1852}, {"x": 1140, "y": 1858}, {"x": 1136, "y": 1852}], [{"x": 1581, "y": 2068}, {"x": 1599, "y": 2066}, {"x": 1583, "y": 2049}, {"x": 1577, "y": 2045}, {"x": 1576, "y": 2072}], [{"x": 1153, "y": 2332}, {"x": 1158, "y": 2312}, {"x": 1140, "y": 2329}, {"x": 1136, "y": 2315}, {"x": 1139, "y": 2337}, {"x": 1161, "y": 2334}], [{"x": 1407, "y": 1637}, {"x": 1409, "y": 1645}, {"x": 1429, "y": 1660}, {"x": 1433, "y": 1661}], [{"x": 1210, "y": 1933}, {"x": 1212, "y": 1940}, {"x": 1234, "y": 1953}, {"x": 1228, "y": 1932}], [{"x": 1180, "y": 1597}, {"x": 1204, "y": 1614}, {"x": 1200, "y": 1592}, {"x": 1181, "y": 1595}], [{"x": 1993, "y": 1554}, {"x": 1992, "y": 1561}, {"x": 2015, "y": 1574}, {"x": 1997, "y": 1584}, {"x": 2011, "y": 1583}, {"x": 2020, "y": 1574}], [{"x": 1568, "y": 2231}, {"x": 1571, "y": 2252}, {"x": 1574, "y": 2244}], [{"x": 2317, "y": 1179}, {"x": 2317, "y": 1182}, {"x": 2298, "y": 1181}, {"x": 2302, "y": 1197}, {"x": 2324, "y": 1195}, {"x": 2324, "y": 1179}], [{"x": 1418, "y": 1309}, {"x": 1423, "y": 1329}, {"x": 1444, "y": 1307}], [{"x": 1176, "y": 1321}, {"x": 1176, "y": 1324}, {"x": 1179, "y": 1335}, {"x": 1174, "y": 1325}, {"x": 1173, "y": 1338}, {"x": 1180, "y": 1336}], [{"x": 1244, "y": 1297}, {"x": 1253, "y": 1288}, {"x": 1226, "y": 1294}, {"x": 1225, "y": 1310}, {"x": 1245, "y": 1313}], [{"x": 2277, "y": 1051}, {"x": 2274, "y": 1061}, {"x": 2291, "y": 1074}, {"x": 2292, "y": 1061}], [{"x": 1746, "y": 1105}, {"x": 1734, "y": 1124}, {"x": 1752, "y": 1124}, {"x": 1749, "y": 1106}], [{"x": 2095, "y": 2348}, {"x": 2116, "y": 2352}, {"x": 2096, "y": 2353}, {"x": 2104, "y": 2371}, {"x": 2115, "y": 2370}, {"x": 2119, "y": 2352}], [{"x": 1444, "y": 1880}, {"x": 1446, "y": 1861}, {"x": 1445, "y": 1860}], [{"x": 1572, "y": 1024}, {"x": 1592, "y": 1004}, {"x": 1573, "y": 1002}, {"x": 1589, "y": 1004}], [{"x": 1456, "y": 1690}, {"x": 1475, "y": 1667}, {"x": 1456, "y": 1687}], [{"x": 1630, "y": 1449}, {"x": 1653, "y": 1446}, {"x": 1656, "y": 1425}, {"x": 1633, "y": 1441}], [{"x": 1339, "y": 2222}, {"x": 1357, "y": 2222}, {"x": 1340, "y": 2198}], [{"x": 1108, "y": 1349}, {"x": 1105, "y": 1373}, {"x": 1130, "y": 1372}], [{"x": 1364, "y": 1525}, {"x": 1362, "y": 1526}, {"x": 1388, "y": 1529}, {"x": 1391, "y": 1525}, {"x": 1387, "y": 1506}, {"x": 1372, "y": 1501}], [{"x": 1617, "y": 1636}, {"x": 1613, "y": 1663}, {"x": 1618, "y": 1657}, {"x": 1639, "y": 1661}, {"x": 1637, "y": 1639}], [{"x": 1004, "y": 2213}, {"x": 1010, "y": 2214}, {"x": 1003, "y": 2234}, {"x": 1023, "y": 2209}], [{"x": 1523, "y": 1241}, {"x": 1528, "y": 1261}, {"x": 1550, "y": 1266}, {"x": 1542, "y": 1247}], [{"x": 2223, "y": 1289}, {"x": 2197, "y": 1286}, {"x": 2218, "y": 1306}, {"x": 2225, "y": 1305}], [{"x": 1938, "y": 1636}, {"x": 1938, "y": 1646}, {"x": 1961, "y": 1617}, {"x": 1937, "y": 1616}], [{"x": 1587, "y": 2023}, {"x": 1607, "y": 2003}, {"x": 1594, "y": 2008}], [{"x": 1892, "y": 2278}, {"x": 1893, "y": 2284}, {"x": 1897, "y": 2302}, {"x": 1910, "y": 2304}, {"x": 1916, "y": 2285}, {"x": 1899, "y": 2277}], [{"x": 1444, "y": 1840}, {"x": 1453, "y": 1839}, {"x": 1453, "y": 1835}], [{"x": 1058, "y": 1656}, {"x": 1040, "y": 1652}, {"x": 1059, "y": 1660}, {"x": 1040, "y": 1671}, {"x": 1042, "y": 1675}, {"x": 1067, "y": 1653}], [{"x": 1692, "y": 2086}, {"x": 1689, "y": 2112}, {"x": 1703, "y": 2111}, {"x": 1711, "y": 2106}, {"x": 1704, "y": 2090}], [{"x": 2387, "y": 1273}, {"x": 2389, "y": 1278}, {"x": 2392, "y": 1272}], [{"x": 2399, "y": 2133}, {"x": 2412, "y": 2134}, {"x": 2399, "y": 2109}, {"x": 2394, "y": 2105}], [{"x": 1644, "y": 1136}, {"x": 1649, "y": 1143}, {"x": 1649, "y": 1141}, {"x": 1647, "y": 1116}, {"x": 1648, "y": 1133}, {"x": 1648, "y": 1134}], [{"x": 1468, "y": 2110}, {"x": 1445, "y": 2097}, {"x": 1464, "y": 2113}, {"x": 1470, "y": 2111}], [{"x": 1058, "y": 2000}, {"x": 1067, "y": 1990}, {"x": 1047, "y": 1992}], [{"x": 1600, "y": 2106}, {"x": 1607, "y": 2104}, {"x": 1619, "y": 2125}, {"x": 1624, "y": 2123}, {"x": 1619, "y": 2098}, {"x": 1603, "y": 2098}], [{"x": 1222, "y": 1338}, {"x": 1204, "y": 1341}, {"x": 1207, "y": 1343}, {"x": 1211, "y": 1359}, {"x": 1230, "y": 1343}], [{"x": 1054, "y": 1260}, {"x": 1031, "y": 1261}, {"x": 1032, "y": 1280}, {"x": 1035, "y": 1279}, {"x": 1055, "y": 1265}, {"x": 1055, "y": 1262}], [{"x": 1696, "y": 1312}, {"x": 1696, "y": 1297}, {"x": 1691, "y": 1315}, {"x": 1710, "y": 1311}, {"x": 1708, "y": 1299}], [{"x": 2005, "y": 2197}, {"x": 2018, "y": 2195}, {"x": 2024, "y": 2183}, {"x": 2020, "y": 2180}, {"x": 2024, "y": 2181}, {"x": 2001, "y": 2175}], [{"x": 1271, "y": 1756}, {"x": 1272, "y": 1734}, {"x": 1252, "y": 1753}], [{"x": 1987, "y": 2210}, {"x": 1964, "y": 2190}, {"x": 1991, "y": 2214}, {"x": 1989, "y": 2195}], [{"x": 1813, "y": 2395}, {"x": 1820, "y": 2414}, {"x": 1831, "y": 2420}, {"x": 1838, "y": 2419}, {"x": 1837, "y": 2399}, {"x": 1831, "y": 2392}], [{"x": 1170, "y": 2361}, {"x": 1187, "y": 2360}, {"x": 1189, "y": 2358}], [{"x": 2171, "y": 1738}, {"x": 2175, "y": 1761}, {"x": 2178, "y": 1760}], [{"x": 2104, "y": 1202}, {"x": 2107, "y": 1203}, {"x": 2129, "y": 1206}, {"x": 2108, "y": 1200}, {"x": 2101, "y": 1199}], [{"x": 1407, "y": 1870}, {"x": 1408, "y": 1871}, {"x": 1430, "y": 1875}], [{"x": 1696, "y": 2341}, {"x": 1705, "y": 2337}, {"x": 1717, "y": 2344}, {"x": 1720, "y": 2323}, {"x": 1705, "y": 2317}], [{"x": 1025, "y": 1550}, {"x": 1030, "y": 1557}, {"x": 1031, "y": 1554}], [{"x": 1822, "y": 1845}, {"x": 1835, "y": 1822}, {"x": 1822, "y": 1841}], [{"x": 2224, "y": 2264}, {"x": 2247, "y": 2254}, {"x": 2249, "y": 2244}, {"x": 2250, "y": 2241}, {"x": 2246, "y": 2242}, {"x": 2224, "y": 2236}], [{"x": 1666, "y": 1302}, {"x": 1672, "y": 1320}, {"x": 1686, "y": 1312}], [{"x": 2014, "y": 1488}, {"x": 2018, "y": 1493}, {"x": 2037, "y": 1490}], [{"x": 1350, "y": 2392}, {"x": 1364, "y": 2390}, {"x": 1344, "y": 2391}], [{"x": 2278, "y": 1775}, {"x": 2277, "y": 1775}, {"x": 2258, "y": 1779}, {"x": 2280, "y": 1800}, {"x": 2280, "y": 1798}], [{"x": 1072, "y": 1555}, {"x": 1083, "y": 1568}, {"x": 1090, "y": 1571}, {"x": 1090, "y": 1570}, {"x": 1083, "y": 1554}, {"x": 1092, "y": 1553}], [{"x": 1060, "y": 2304}, {"x": 1044, "y": 2332}, {"x": 1062, "y": 2308}, {"x": 1066, "y": 2312}], [{"x": 1142, "y": 1089}, {"x": 1141, "y": 1078}, {"x": 1116, "y": 1093}, {"x": 1144, "y": 1091}], [{"x": 1306, "y": 2148}, {"x": 1312, "y": 2151}, {"x": 1329, "y": 2153}, {"x": 1331, "y": 2132}, {"x": 1309, "y": 2124}, {"x": 1314, "y": 2131}], [{"x": 1126, "y": 2341}, {"x": 1143, "y": 2360}, {"x": 1144, "y": 2354}, {"x": 1145, "y": 2361}, {"x": 1151, "y": 2356}], [{"x": 2163, "y": 2239}, {"x": 2176, "y": 2261}, {"x": 2174, "y": 2247}], [{"x": 1701, "y": 2055}, {"x": 1718, "y": 2061}, {"x": 1697, "y": 2034}], [{"x": 1865, "y": 2339}, {"x": 1867, "y": 2333}, {"x": 1847, "y": 2316}, {"x": 1842, "y": 2314}], [{"x": 1737, "y": 1859}, {"x": 1738, "y": 1841}, {"x": 1714, "y": 1855}], [{"x": 1071, "y": 1616}, {"x": 1068, "y": 1629}, {"x": 1083, "y": 1632}, {"x": 1085, "y": 1630}, {"x": 1073, "y": 1610}], [{"x": 1877, "y": 2374}, {"x": 1894, "y": 2381}, {"x": 1882, "y": 2360}, {"x": 1880, "y": 2354}, {"x": 1877, "y": 2359}], [{"x": 2068, "y": 2360}, {"x": 2056, "y": 2358}, {"x": 2070, "y": 2379}, {"x": 2077, "y": 2365}], [{"x": 2198, "y": 1156}, {"x": 2193, "y": 1181}, {"x": 2198, "y": 1175}, {"x": 2214, "y": 1156}], [{"x": 1308, "y": 1431}, {"x": 1320, "y": 1427}, {"x": 1321, "y": 1428}, {"x": 1322, "y": 1433}, {"x": 1327, "y": 1409}, {"x": 1302, "y": 1414}], [{"x": 1666, "y": 2017}, {"x": 1670, "y": 2010}, {"x": 1672, "y": 2014}, {"x": 1691, "y": 2014}, {"x": 1676, "y": 1997}, {"x": 1666, "y": 1994}], [{"x": 1295, "y": 2211}, {"x": 1292, "y": 2235}, {"x": 1313, "y": 2215}], [{"x": 2216, "y": 1718}, {"x": 2225, "y": 1716}, {"x": 2225, "y": 1715}, {"x": 2217, "y": 1697}], [{"x": 1168, "y": 1410}, {"x": 1164, "y": 1424}, {"x": 1190, "y": 1409}], [{"x": 2337, "y": 1981}, {"x": 2355, "y": 1958}, {"x": 2356, "y": 1952}, {"x": 2351, "y": 1954}], [{"x": 2312, "y": 1413}, {"x": 2311, "y": 1430}, {"x": 2314, "y": 1431}], [{"x": 1965, "y": 2302}, {"x": 1987, "y": 2309}, {"x": 1987, "y": 2302}, {"x": 1985, "y": 2286}], [{"x": 1706, "y": 1146}, {"x": 1693, "y": 1154}, {"x": 1692, "y": 1167}, {"x": 1695, "y": 1173}, {"x": 1714, "y": 1169}], [{"x": 2249, "y": 2279}, {"x": 2230, "y": 2274}, {"x": 2234, "y": 2301}, {"x": 2252, "y": 2299}], [{"x": 2299, "y": 1504}, {"x": 2305, "y": 1511}, {"x": 2299, "y": 1529}, {"x": 2320, "y": 1528}, {"x": 2319, "y": 1508}, {"x": 2326, "y": 1503}], [{"x": 2320, "y": 1581}, {"x": 2325, "y": 1598}, {"x": 2325, "y": 1579}, {"x": 2321, "y": 1575}], [{"x": 1136, "y": 1648}, {"x": 1156, "y": 1671}, {"x": 1161, "y": 1651}]]}
