{"type": "CGSHOP2023_Instance", "name": "cheese617", "n": 617, "outer_boundary": [{"x": 1050, "y": 1614}, {"x": 1000, "y": 1576}, {"x": 957, "y": 1451}, {"x": 983, "y": 1227}, {"x": 1004, "y": 1024}, {"x": 1088, "y": 994}, {"x": 1338, "y": 965}, {"x": 1462, "y": 970}, {"x": 1605, "y": 1048}, {"x": 1631, "y": 1110}, {"x": 1635, "y": 1393}, {"x": 1586, "y": 1567}, {"x": 1484, "y": 1629}, {"x": 1131, "y": 1617}], "holes": [[{"x": 1456, "y": 1411}, {"x": 1483, "y": 1415}, {"x": 1481, "y": 1390}, {"x": 1459, "y": 1397}, {"x": 1457, "y": 1391}, {"x": 1454, "y": 1414}], [{"x": 1493, "y": 1352}, {"x": 1494, "y": 1364}, {"x": 1496, "y": 1366}, {"x": 1499, "y": 1345}], [{"x": 1176, "y": 1310}, {"x": 1176, "y": 1323}, {"x": 1163, "y": 1303}, {"x": 1160, "y": 1302}, {"x": 1162, "y": 1324}, {"x": 1183, "y": 1329}], [{"x": 1483, "y": 1581}, {"x": 1484, "y": 1588}, {"x": 1506, "y": 1602}, {"x": 1507, "y": 1589}, {"x": 1502, "y": 1582}], [{"x": 1016, "y": 1304}, {"x": 1011, "y": 1320}, {"x": 1037, "y": 1309}], [{"x": 1179, "y": 1157}, {"x": 1166, "y": 1159}, {"x": 1180, "y": 1162}, {"x": 1181, "y": 1159}], [{"x": 1093, "y": 1462}, {"x": 1119, "y": 1484}, {"x": 1120, "y": 1455}, {"x": 1116, "y": 1479}], [{"x": 1304, "y": 1449}, {"x": 1306, "y": 1455}, {"x": 1323, "y": 1445}], [{"x": 1011, "y": 1143}, {"x": 1011, "y": 1148}, {"x": 1010, "y": 1163}, {"x": 1003, "y": 1168}, {"x": 1023, "y": 1163}, {"x": 1029, "y": 1142}], [{"x": 1560, "y": 1274}, {"x": 1562, "y": 1274}, {"x": 1576, "y": 1270}, {"x": 1582, "y": 1249}, {"x": 1559, "y": 1247}], [{"x": 1358, "y": 986}, {"x": 1341, "y": 1011}, {"x": 1361, "y": 1012}], [{"x": 1161, "y": 1361}, {"x": 1162, "y": 1361}, {"x": 1190, "y": 1345}, {"x": 1163, "y": 1341}], [{"x": 1135, "y": 1542}, {"x": 1152, "y": 1536}, {"x": 1128, "y": 1544}, {"x": 1132, "y": 1559}, {"x": 1134, "y": 1556}], [{"x": 1459, "y": 1004}, {"x": 1461, "y": 1016}, {"x": 1471, "y": 1019}, {"x": 1471, "y": 1016}, {"x": 1478, "y": 995}], [{"x": 986, "y": 1440}, {"x": 995, "y": 1444}, {"x": 1011, "y": 1424}, {"x": 1016, "y": 1439}, {"x": 1011, "y": 1420}, {"x": 1007, "y": 1424}], [{"x": 1021, "y": 1086}, {"x": 1025, "y": 1114}, {"x": 1036, "y": 1113}, {"x": 1043, "y": 1105}, {"x": 1021, "y": 1085}], [{"x": 1141, "y": 1295}, {"x": 1145, "y": 1301}, {"x": 1166, "y": 1283}, {"x": 1165, "y": 1274}, {"x": 1146, "y": 1274}], [{"x": 1069, "y": 1381}, {"x": 1069, "y": 1401}, {"x": 1070, "y": 1407}, {"x": 1076, "y": 1407}, {"x": 1091, "y": 1405}, {"x": 1072, "y": 1399}], [{"x": 1101, "y": 1370}, {"x": 1103, "y": 1369}, {"x": 1080, "y": 1363}], [{"x": 1549, "y": 1150}, {"x": 1556, "y": 1143}, {"x": 1558, "y": 1124}, {"x": 1557, "y": 1120}, {"x": 1533, "y": 1148}], [{"x": 1474, "y": 1278}, {"x": 1475, "y": 1292}, {"x": 1477, "y": 1272}], [{"x": 1331, "y": 1412}, {"x": 1316, "y": 1406}, {"x": 1341, "y": 1434}], [{"x": 1301, "y": 1061}, {"x": 1312, "y": 1062}, {"x": 1301, "y": 1057}, {"x": 1291, "y": 1077}, {"x": 1300, "y": 1082}, {"x": 1311, "y": 1075}], [{"x": 1375, "y": 1059}, {"x": 1394, "y": 1065}, {"x": 1374, "y": 1039}], [{"x": 1012, "y": 1206}, {"x": 1022, "y": 1183}, {"x": 1014, "y": 1190}, {"x": 997, "y": 1187}, {"x": 995, "y": 1201}, {"x": 1019, "y": 1209}], [{"x": 1510, "y": 1498}, {"x": 1529, "y": 1508}, {"x": 1524, "y": 1496}, {"x": 1509, "y": 1488}, {"x": 1508, "y": 1493}, {"x": 1510, "y": 1516}], [{"x": 1197, "y": 1454}, {"x": 1215, "y": 1455}, {"x": 1215, "y": 1434}, {"x": 1188, "y": 1449}], [{"x": 1083, "y": 1142}, {"x": 1088, "y": 1170}, {"x": 1112, "y": 1168}, {"x": 1102, "y": 1151}, {"x": 1089, "y": 1148}], [{"x": 1303, "y": 1175}, {"x": 1322, "y": 1202}, {"x": 1323, "y": 1198}, {"x": 1324, "y": 1177}, {"x": 1321, "y": 1177}], [{"x": 1425, "y": 1056}, {"x": 1428, "y": 1061}, {"x": 1426, "y": 1044}, {"x": 1424, "y": 1037}, {"x": 1406, "y": 1039}], [{"x": 1405, "y": 1166}, {"x": 1386, "y": 1174}, {"x": 1383, "y": 1185}, {"x": 1407, "y": 1165}], [{"x": 1185, "y": 1284}, {"x": 1181, "y": 1308}, {"x": 1199, "y": 1301}, {"x": 1201, "y": 1303}], [{"x": 1099, "y": 1084}, {"x": 1116, "y": 1082}, {"x": 1100, "y": 1064}], [{"x": 1343, "y": 1195}, {"x": 1332, "y": 1195}, {"x": 1325, "y": 1219}, {"x": 1332, "y": 1223}, {"x": 1349, "y": 1219}], [{"x": 1323, "y": 1265}, {"x": 1308, "y": 1264}, {"x": 1330, "y": 1269}], [{"x": 1566, "y": 1500}, {"x": 1559, "y": 1484}, {"x": 1567, "y": 1507}], [{"x": 1428, "y": 1315}, {"x": 1449, "y": 1319}, {"x": 1451, "y": 1319}, {"x": 1442, "y": 1293}, {"x": 1428, "y": 1309}], [{"x": 1197, "y": 1414}, {"x": 1201, "y": 1420}, {"x": 1216, "y": 1418}, {"x": 1203, "y": 1413}], [{"x": 1354, "y": 1333}, {"x": 1334, "y": 1330}, {"x": 1339, "y": 1350}, {"x": 1358, "y": 1355}], [{"x": 1069, "y": 1007}, {"x": 1068, "y": 1008}, {"x": 1085, "y": 1031}, {"x": 1081, "y": 1017}, {"x": 1089, "y": 1012}, {"x": 1083, "y": 1012}], [{"x": 1119, "y": 1343}, {"x": 1122, "y": 1339}, {"x": 1092, "y": 1324}, {"x": 1096, "y": 1345}, {"x": 1097, "y": 1346}, {"x": 1121, "y": 1343}], [{"x": 1030, "y": 1165}, {"x": 1025, "y": 1173}, {"x": 1043, "y": 1185}, {"x": 1048, "y": 1175}], [{"x": 1482, "y": 1477}, {"x": 1490, "y": 1456}, {"x": 1468, "y": 1459}, {"x": 1486, "y": 1460}], [{"x": 1226, "y": 1540}, {"x": 1249, "y": 1549}, {"x": 1244, "y": 1524}], [{"x": 1538, "y": 1547}, {"x": 1562, "y": 1542}, {"x": 1554, "y": 1524}, {"x": 1543, "y": 1522}], [{"x": 1162, "y": 1041}, {"x": 1188, "y": 1045}, {"x": 1189, "y": 1044}, {"x": 1187, "y": 1020}, {"x": 1185, "y": 1027}, {"x": 1170, "y": 1023}], [{"x": 1034, "y": 1566}, {"x": 1027, "y": 1590}, {"x": 1032, "y": 1592}, {"x": 1035, "y": 1573}, {"x": 1034, "y": 1570}, {"x": 1056, "y": 1575}], [{"x": 1486, "y": 1252}, {"x": 1483, "y": 1246}, {"x": 1487, "y": 1255}, {"x": 1502, "y": 1249}], [{"x": 1077, "y": 1515}, {"x": 1094, "y": 1513}, {"x": 1091, "y": 1511}], [{"x": 1058, "y": 1147}, {"x": 1071, "y": 1151}, {"x": 1050, "y": 1168}, {"x": 1071, "y": 1162}, {"x": 1078, "y": 1151}, {"x": 1070, "y": 1142}], [{"x": 1329, "y": 1057}, {"x": 1349, "y": 1053}, {"x": 1327, "y": 1035}, {"x": 1325, "y": 1036}, {"x": 1328, "y": 1053}, {"x": 1340, "y": 1049}], [{"x": 1391, "y": 1572}, {"x": 1413, "y": 1577}, {"x": 1411, "y": 1574}, {"x": 1392, "y": 1562}], [{"x": 1467, "y": 1097}, {"x": 1483, "y": 1120}, {"x": 1486, "y": 1119}, {"x": 1484, "y": 1100}], [{"x": 1338, "y": 1385}, {"x": 1361, "y": 1372}, {"x": 1346, "y": 1363}], [{"x": 1457, "y": 1423}, {"x": 1460, "y": 1444}, {"x": 1464, "y": 1423}, {"x": 1464, "y": 1418}], [{"x": 1144, "y": 1605}, {"x": 1150, "y": 1576}, {"x": 1125, "y": 1579}, {"x": 1144, "y": 1584}], [{"x": 1213, "y": 1599}, {"x": 1214, "y": 1579}, {"x": 1191, "y": 1576}], [{"x": 1234, "y": 1114}, {"x": 1239, "y": 1096}, {"x": 1233, "y": 1100}, {"x": 1220, "y": 1102}, {"x": 1216, "y": 1112}], [{"x": 1388, "y": 1504}, {"x": 1390, "y": 1506}, {"x": 1391, "y": 1492}, {"x": 1371, "y": 1490}, {"x": 1366, "y": 1509}, {"x": 1368, "y": 1511}], [{"x": 1008, "y": 1278}, {"x": 1016, "y": 1285}, {"x": 1034, "y": 1281}, {"x": 1018, "y": 1261}, {"x": 1009, "y": 1276}], [{"x": 1430, "y": 1452}, {"x": 1414, "y": 1470}, {"x": 1415, "y": 1470}, {"x": 1436, "y": 1472}, {"x": 1436, "y": 1469}], [{"x": 1463, "y": 1100}, {"x": 1462, "y": 1102}, {"x": 1483, "y": 1125}], [{"x": 1530, "y": 1198}, {"x": 1532, "y": 1199}, {"x": 1538, "y": 1201}, {"x": 1516, "y": 1186}], [{"x": 1041, "y": 1123}, {"x": 1065, "y": 1096}, {"x": 1043, "y": 1115}], [{"x": 1544, "y": 1415}, {"x": 1568, "y": 1399}, {"x": 1564, "y": 1396}, {"x": 1567, "y": 1393}, {"x": 1541, "y": 1390}, {"x": 1547, "y": 1395}], [{"x": 1236, "y": 1239}, {"x": 1243, "y": 1244}, {"x": 1243, "y": 1237}], [{"x": 1017, "y": 1334}, {"x": 1014, "y": 1333}, {"x": 1038, "y": 1353}, {"x": 1033, "y": 1336}], [{"x": 1258, "y": 1321}, {"x": 1269, "y": 1326}, {"x": 1249, "y": 1323}, {"x": 1251, "y": 1327}, {"x": 1275, "y": 1329}, {"x": 1272, "y": 1326}], [{"x": 1594, "y": 1060}, {"x": 1577, "y": 1065}, {"x": 1602, "y": 1083}], [{"x": 998, "y": 1238}, {"x": 1014, "y": 1243}, {"x": 1018, "y": 1237}], [{"x": 1442, "y": 1590}, {"x": 1456, "y": 1591}, {"x": 1461, "y": 1589}], [{"x": 1465, "y": 1579}, {"x": 1469, "y": 1579}, {"x": 1474, "y": 1577}, {"x": 1467, "y": 1566}], [{"x": 1124, "y": 1477}, {"x": 1125, "y": 1484}, {"x": 1145, "y": 1484}], [{"x": 1058, "y": 1278}, {"x": 1043, "y": 1275}, {"x": 1042, "y": 1299}, {"x": 1059, "y": 1293}, {"x": 1046, "y": 1302}, {"x": 1061, "y": 1295}], [{"x": 1036, "y": 1385}, {"x": 1063, "y": 1410}, {"x": 1054, "y": 1382}], [{"x": 1466, "y": 1134}, {"x": 1489, "y": 1154}, {"x": 1495, "y": 1158}, {"x": 1493, "y": 1138}], [{"x": 1366, "y": 1196}, {"x": 1368, "y": 1196}, {"x": 1365, "y": 1171}, {"x": 1346, "y": 1172}], [{"x": 1221, "y": 1307}, {"x": 1207, "y": 1323}, {"x": 1225, "y": 1327}, {"x": 1224, "y": 1299}, {"x": 1204, "y": 1307}, {"x": 1222, "y": 1306}], [{"x": 1122, "y": 1237}, {"x": 1141, "y": 1260}, {"x": 1143, "y": 1237}, {"x": 1135, "y": 1236}], [{"x": 1222, "y": 1487}, {"x": 1243, "y": 1484}, {"x": 1244, "y": 1485}, {"x": 1248, "y": 1469}, {"x": 1230, "y": 1479}], [{"x": 1316, "y": 1526}, {"x": 1318, "y": 1528}, {"x": 1319, "y": 1534}, {"x": 1331, "y": 1527}, {"x": 1337, "y": 1504}], [{"x": 1355, "y": 1550}, {"x": 1357, "y": 1572}, {"x": 1358, "y": 1572}, {"x": 1362, "y": 1571}, {"x": 1384, "y": 1564}, {"x": 1381, "y": 1544}], [{"x": 1514, "y": 1573}, {"x": 1531, "y": 1556}, {"x": 1534, "y": 1549}, {"x": 1507, "y": 1551}, {"x": 1507, "y": 1567}, {"x": 1514, "y": 1577}], [{"x": 1356, "y": 1163}, {"x": 1366, "y": 1170}, {"x": 1359, "y": 1163}], [{"x": 1180, "y": 1277}, {"x": 1207, "y": 1276}, {"x": 1184, "y": 1276}], [{"x": 1027, "y": 1476}, {"x": 1044, "y": 1489}, {"x": 1047, "y": 1489}, {"x": 1043, "y": 1474}, {"x": 1030, "y": 1470}, {"x": 1026, "y": 1471}], [{"x": 1463, "y": 1528}, {"x": 1457, "y": 1533}, {"x": 1476, "y": 1554}, {"x": 1479, "y": 1554}, {"x": 1478, "y": 1535}, {"x": 1466, "y": 1531}], [{"x": 1264, "y": 1156}, {"x": 1280, "y": 1169}, {"x": 1283, "y": 1152}, {"x": 1261, "y": 1147}, {"x": 1259, "y": 1154}, {"x": 1258, "y": 1169}], [{"x": 1282, "y": 1259}, {"x": 1300, "y": 1256}, {"x": 1286, "y": 1254}], [{"x": 1157, "y": 1192}, {"x": 1182, "y": 1193}, {"x": 1186, "y": 1192}, {"x": 1181, "y": 1175}, {"x": 1157, "y": 1176}, {"x": 1160, "y": 1190}], [{"x": 1093, "y": 1032}, {"x": 1096, "y": 1058}, {"x": 1120, "y": 1050}], [{"x": 1256, "y": 1145}, {"x": 1255, "y": 1147}, {"x": 1256, "y": 1170}], [{"x": 1289, "y": 1494}, {"x": 1294, "y": 1498}, {"x": 1285, "y": 1512}, {"x": 1313, "y": 1511}, {"x": 1305, "y": 1492}], [{"x": 1401, "y": 1312}, {"x": 1405, "y": 1336}, {"x": 1420, "y": 1336}, {"x": 1425, "y": 1321}, {"x": 1409, "y": 1313}], [{"x": 1506, "y": 1443}, {"x": 1507, "y": 1441}, {"x": 1506, "y": 1427}, {"x": 1481, "y": 1423}, {"x": 1488, "y": 1428}, {"x": 1502, "y": 1443}], [{"x": 1453, "y": 1477}, {"x": 1478, "y": 1484}, {"x": 1482, "y": 1475}, {"x": 1457, "y": 1456}, {"x": 1454, "y": 1458}], [{"x": 1578, "y": 1084}, {"x": 1576, "y": 1076}, {"x": 1572, "y": 1103}, {"x": 1592, "y": 1101}, {"x": 1596, "y": 1101}, {"x": 1595, "y": 1094}], [{"x": 1138, "y": 1129}, {"x": 1153, "y": 1111}, {"x": 1131, "y": 1102}, {"x": 1138, "y": 1122}], [{"x": 1190, "y": 1194}, {"x": 1188, "y": 1191}, {"x": 1197, "y": 1209}, {"x": 1214, "y": 1212}, {"x": 1217, "y": 1209}], [{"x": 1287, "y": 1475}, {"x": 1307, "y": 1476}, {"x": 1307, "y": 1473}, {"x": 1285, "y": 1453}, {"x": 1291, "y": 1474}], [{"x": 1288, "y": 1353}, {"x": 1306, "y": 1338}, {"x": 1304, "y": 1338}, {"x": 1287, "y": 1337}], [{"x": 1421, "y": 1191}, {"x": 1439, "y": 1197}, {"x": 1443, "y": 1198}, {"x": 1446, "y": 1198}, {"x": 1438, "y": 1174}, {"x": 1425, "y": 1174}], [{"x": 1460, "y": 1179}, {"x": 1486, "y": 1178}, {"x": 1458, "y": 1174}], [{"x": 1022, "y": 1042}, {"x": 1022, "y": 1040}, {"x": 1017, "y": 1043}, {"x": 1017, "y": 1047}, {"x": 1043, "y": 1044}, {"x": 1038, "y": 1037}], [{"x": 1561, "y": 1420}, {"x": 1571, "y": 1427}, {"x": 1582, "y": 1403}, {"x": 1566, "y": 1409}], [{"x": 1296, "y": 1152}, {"x": 1291, "y": 1154}, {"x": 1296, "y": 1158}, {"x": 1292, "y": 1177}, {"x": 1294, "y": 1175}, {"x": 1315, "y": 1172}], [{"x": 1233, "y": 1273}, {"x": 1237, "y": 1273}, {"x": 1238, "y": 1271}, {"x": 1232, "y": 1270}, {"x": 1217, "y": 1269}], [{"x": 1441, "y": 1329}, {"x": 1443, "y": 1333}, {"x": 1442, "y": 1358}, {"x": 1446, "y": 1331}], [{"x": 1373, "y": 1470}, {"x": 1394, "y": 1442}, {"x": 1371, "y": 1471}, {"x": 1385, "y": 1465}, {"x": 1391, "y": 1451}], [{"x": 1511, "y": 1464}, {"x": 1507, "y": 1456}, {"x": 1490, "y": 1457}, {"x": 1492, "y": 1477}, {"x": 1494, "y": 1482}, {"x": 1512, "y": 1477}], [{"x": 1350, "y": 1126}, {"x": 1371, "y": 1130}, {"x": 1372, "y": 1123}, {"x": 1369, "y": 1109}], [{"x": 1123, "y": 1036}, {"x": 1143, "y": 1036}, {"x": 1141, "y": 1017}, {"x": 1121, "y": 1008}, {"x": 1117, "y": 1031}], [{"x": 1283, "y": 1389}, {"x": 1261, "y": 1385}, {"x": 1257, "y": 1390}, {"x": 1258, "y": 1392}, {"x": 1281, "y": 1407}, {"x": 1285, "y": 1407}], [{"x": 1271, "y": 1553}, {"x": 1273, "y": 1551}, {"x": 1270, "y": 1548}, {"x": 1264, "y": 1552}, {"x": 1263, "y": 1574}], [{"x": 1222, "y": 1021}, {"x": 1217, "y": 1042}, {"x": 1240, "y": 1045}, {"x": 1240, "y": 1041}, {"x": 1239, "y": 1022}], [{"x": 1077, "y": 1480}, {"x": 1092, "y": 1485}, {"x": 1095, "y": 1484}, {"x": 1098, "y": 1479}, {"x": 1094, "y": 1464}, {"x": 1078, "y": 1478}], [{"x": 1132, "y": 1149}, {"x": 1114, "y": 1152}, {"x": 1134, "y": 1156}, {"x": 1136, "y": 1155}, {"x": 1135, "y": 1153}], [{"x": 1165, "y": 1066}, {"x": 1166, "y": 1084}, {"x": 1194, "y": 1090}, {"x": 1194, "y": 1082}, {"x": 1175, "y": 1070}, {"x": 1193, "y": 1061}], [{"x": 1587, "y": 1442}, {"x": 1604, "y": 1417}, {"x": 1589, "y": 1422}, {"x": 1587, "y": 1423}, {"x": 1585, "y": 1447}, {"x": 1607, "y": 1421}], [{"x": 1557, "y": 1341}, {"x": 1570, "y": 1337}, {"x": 1570, "y": 1321}, {"x": 1551, "y": 1317}], [{"x": 1417, "y": 1228}, {"x": 1420, "y": 1258}, {"x": 1424, "y": 1254}, {"x": 1419, "y": 1229}], [{"x": 1046, "y": 1246}, {"x": 1070, "y": 1247}, {"x": 1043, "y": 1226}, {"x": 1064, "y": 1243}], [{"x": 1180, "y": 1539}, {"x": 1185, "y": 1540}, {"x": 1187, "y": 1518}, {"x": 1177, "y": 1518}, {"x": 1178, "y": 1546}, {"x": 1181, "y": 1542}], [{"x": 1059, "y": 1347}, {"x": 1062, "y": 1349}, {"x": 1056, "y": 1342}, {"x": 1057, "y": 1344}], [{"x": 1211, "y": 1131}, {"x": 1213, "y": 1104}, {"x": 1211, "y": 1128}, {"x": 1209, "y": 1123}], [{"x": 1022, "y": 1513}, {"x": 1020, "y": 1525}, {"x": 1035, "y": 1533}], [{"x": 1564, "y": 1192}, {"x": 1579, "y": 1172}, {"x": 1557, "y": 1163}, {"x": 1561, "y": 1173}, {"x": 1564, "y": 1186}], [{"x": 1405, "y": 1131}, {"x": 1406, "y": 1146}, {"x": 1432, "y": 1149}], [{"x": 1326, "y": 1085}, {"x": 1326, "y": 1093}, {"x": 1351, "y": 1084}, {"x": 1330, "y": 1091}], [{"x": 1362, "y": 1032}, {"x": 1379, "y": 1033}, {"x": 1383, "y": 1038}, {"x": 1385, "y": 1015}, {"x": 1381, "y": 1018}], [{"x": 1588, "y": 1276}, {"x": 1568, "y": 1300}, {"x": 1570, "y": 1306}, {"x": 1584, "y": 1303}, {"x": 1590, "y": 1281}], [{"x": 1221, "y": 1240}, {"x": 1225, "y": 1238}, {"x": 1227, "y": 1218}], [{"x": 1072, "y": 1261}, {"x": 1076, "y": 1264}, {"x": 1098, "y": 1266}]]}
