{"type": "CGSHOP2023_Instance", "name": "cheese271", "n": 271, "outer_boundary": [{"x": 991, "y": 1386}, {"x": 981, "y": 1263}, {"x": 971, "y": 1153}, {"x": 984, "y": 1052}, {"x": 1136, "y": 980}, {"x": 1208, "y": 982}, {"x": 1411, "y": 1043}, {"x": 1410, "y": 1071}, {"x": 1407, "y": 1319}, {"x": 1373, "y": 1340}, {"x": 1313, "y": 1409}, {"x": 1163, "y": 1413}], "holes": [[{"x": 1137, "y": 1117}, {"x": 1136, "y": 1143}, {"x": 1162, "y": 1139}, {"x": 1154, "y": 1120}], [{"x": 1362, "y": 1123}, {"x": 1367, "y": 1127}, {"x": 1384, "y": 1125}, {"x": 1358, "y": 1099}, {"x": 1380, "y": 1123}, {"x": 1366, "y": 1122}], [{"x": 1201, "y": 1016}, {"x": 1218, "y": 998}, {"x": 1202, "y": 999}], [{"x": 1337, "y": 1235}, {"x": 1318, "y": 1218}, {"x": 1338, "y": 1243}, {"x": 1342, "y": 1241}], [{"x": 1248, "y": 1258}, {"x": 1266, "y": 1245}, {"x": 1268, "y": 1237}, {"x": 1244, "y": 1240}, {"x": 1242, "y": 1242}], [{"x": 1030, "y": 1051}, {"x": 1031, "y": 1072}, {"x": 1039, "y": 1067}], [{"x": 1198, "y": 1031}, {"x": 1195, "y": 1040}, {"x": 1203, "y": 1034}], [{"x": 1160, "y": 1108}, {"x": 1142, "y": 1088}, {"x": 1139, "y": 1089}, {"x": 1141, "y": 1107}, {"x": 1165, "y": 1117}], [{"x": 1281, "y": 1050}, {"x": 1296, "y": 1057}, {"x": 1299, "y": 1056}], [{"x": 1339, "y": 1314}, {"x": 1367, "y": 1310}, {"x": 1340, "y": 1311}], [{"x": 1030, "y": 1357}, {"x": 1037, "y": 1367}, {"x": 1052, "y": 1345}, {"x": 1049, "y": 1344}], [{"x": 1139, "y": 1043}, {"x": 1159, "y": 1053}, {"x": 1139, "y": 1042}, {"x": 1136, "y": 1054}, {"x": 1145, "y": 1060}, {"x": 1161, "y": 1056}], [{"x": 1349, "y": 1250}, {"x": 1352, "y": 1267}, {"x": 1354, "y": 1271}, {"x": 1372, "y": 1253}, {"x": 1374, "y": 1248}, {"x": 1372, "y": 1252}], [{"x": 1120, "y": 1245}, {"x": 1121, "y": 1234}, {"x": 1110, "y": 1229}, {"x": 1102, "y": 1252}, {"x": 1120, "y": 1255}], [{"x": 1076, "y": 1167}, {"x": 1075, "y": 1179}, {"x": 1076, "y": 1183}, {"x": 1100, "y": 1187}, {"x": 1094, "y": 1167}], [{"x": 1000, "y": 1062}, {"x": 1024, "y": 1081}, {"x": 1007, "y": 1062}], [{"x": 1098, "y": 1103}, {"x": 1124, "y": 1120}, {"x": 1128, "y": 1107}], [{"x": 1080, "y": 1282}, {"x": 1098, "y": 1268}, {"x": 1081, "y": 1270}, {"x": 1084, "y": 1269}, {"x": 1101, "y": 1263}, {"x": 1081, "y": 1260}], [{"x": 1182, "y": 1078}, {"x": 1204, "y": 1092}, {"x": 1204, "y": 1072}, {"x": 1196, "y": 1074}, {"x": 1179, "y": 1078}], [{"x": 1323, "y": 1369}, {"x": 1324, "y": 1346}, {"x": 1314, "y": 1344}, {"x": 1302, "y": 1349}, {"x": 1296, "y": 1347}, {"x": 1318, "y": 1372}], [{"x": 1080, "y": 1124}, {"x": 1082, "y": 1142}, {"x": 1082, "y": 1146}, {"x": 1086, "y": 1145}, {"x": 1085, "y": 1142}], [{"x": 1216, "y": 1123}, {"x": 1230, "y": 1135}, {"x": 1235, "y": 1119}, {"x": 1233, "y": 1119}, {"x": 1214, "y": 1123}, {"x": 1228, "y": 1122}], [{"x": 1158, "y": 1190}, {"x": 1171, "y": 1187}, {"x": 1173, "y": 1176}], [{"x": 1049, "y": 1114}, {"x": 1052, "y": 1134}, {"x": 1049, "y": 1134}, {"x": 1052, "y": 1136}, {"x": 1076, "y": 1142}, {"x": 1070, "y": 1135}], [{"x": 1157, "y": 1286}, {"x": 1158, "y": 1285}, {"x": 1151, "y": 1288}, {"x": 1155, "y": 1295}, {"x": 1157, "y": 1308}, {"x": 1179, "y": 1305}], [{"x": 988, "y": 1135}, {"x": 1013, "y": 1137}, {"x": 1008, "y": 1109}], [{"x": 1125, "y": 1207}, {"x": 1130, "y": 1202}, {"x": 1108, "y": 1203}, {"x": 1121, "y": 1227}, {"x": 1123, "y": 1223}], [{"x": 1139, "y": 1279}, {"x": 1154, "y": 1286}, {"x": 1152, "y": 1259}, {"x": 1151, "y": 1279}], [{"x": 1324, "y": 1338}, {"x": 1325, "y": 1340}, {"x": 1338, "y": 1342}, {"x": 1348, "y": 1336}, {"x": 1347, "y": 1317}], [{"x": 1245, "y": 1298}, {"x": 1246, "y": 1296}, {"x": 1253, "y": 1277}, {"x": 1232, "y": 1293}], [{"x": 1363, "y": 1181}, {"x": 1382, "y": 1180}, {"x": 1376, "y": 1153}, {"x": 1362, "y": 1156}, {"x": 1359, "y": 1176}, {"x": 1362, "y": 1181}], [{"x": 1115, "y": 1151}, {"x": 1128, "y": 1157}, {"x": 1112, "y": 1149}, {"x": 1108, "y": 1156}], [{"x": 1280, "y": 1073}, {"x": 1294, "y": 1079}, {"x": 1301, "y": 1080}, {"x": 1294, "y": 1077}, {"x": 1278, "y": 1061}], [{"x": 1119, "y": 992}, {"x": 1116, "y": 1017}, {"x": 1142, "y": 1010}], [{"x": 1152, "y": 1323}, {"x": 1156, "y": 1353}, {"x": 1171, "y": 1346}, {"x": 1178, "y": 1347}, {"x": 1156, "y": 1343}, {"x": 1155, "y": 1329}], [{"x": 1359, "y": 1184}, {"x": 1359, "y": 1203}, {"x": 1387, "y": 1207}, {"x": 1377, "y": 1182}], [{"x": 1158, "y": 1220}, {"x": 1164, "y": 1202}, {"x": 1140, "y": 1219}, {"x": 1139, "y": 1227}, {"x": 1161, "y": 1224}], [{"x": 1149, "y": 1394}, {"x": 1165, "y": 1385}, {"x": 1144, "y": 1368}, {"x": 1144, "y": 1388}, {"x": 1145, "y": 1391}, {"x": 1147, "y": 1389}], [{"x": 1045, "y": 1318}, {"x": 1051, "y": 1298}, {"x": 1046, "y": 1303}, {"x": 1041, "y": 1321}, {"x": 1047, "y": 1320}], [{"x": 1062, "y": 1371}, {"x": 1086, "y": 1374}, {"x": 1060, "y": 1352}], [{"x": 1291, "y": 1368}, {"x": 1291, "y": 1373}, {"x": 1271, "y": 1368}, {"x": 1296, "y": 1392}], [{"x": 1134, "y": 1182}, {"x": 1130, "y": 1163}, {"x": 1115, "y": 1163}, {"x": 1108, "y": 1183}, {"x": 1134, "y": 1185}], [{"x": 1002, "y": 1352}, {"x": 1002, "y": 1371}, {"x": 1027, "y": 1367}, {"x": 1026, "y": 1352}, {"x": 1031, "y": 1347}], [{"x": 1095, "y": 1137}, {"x": 1111, "y": 1138}, {"x": 1117, "y": 1137}, {"x": 1110, "y": 1115}, {"x": 1088, "y": 1118}, {"x": 1088, "y": 1134}], [{"x": 1090, "y": 1301}, {"x": 1095, "y": 1281}, {"x": 1093, "y": 1276}], [{"x": 994, "y": 1273}, {"x": 998, "y": 1272}, {"x": 1013, "y": 1268}, {"x": 1017, "y": 1263}, {"x": 1013, "y": 1246}], [{"x": 1369, "y": 1056}, {"x": 1374, "y": 1056}, {"x": 1364, "y": 1060}, {"x": 1364, "y": 1076}, {"x": 1394, "y": 1058}, {"x": 1392, "y": 1053}], [{"x": 1190, "y": 1370}, {"x": 1190, "y": 1378}, {"x": 1210, "y": 1369}, {"x": 1208, "y": 1356}], [{"x": 1268, "y": 1110}, {"x": 1289, "y": 1114}, {"x": 1288, "y": 1111}, {"x": 1272, "y": 1089}, {"x": 1267, "y": 1093}], [{"x": 1178, "y": 1167}, {"x": 1180, "y": 1168}, {"x": 1204, "y": 1171}, {"x": 1208, "y": 1155}, {"x": 1180, "y": 1151}], [{"x": 1274, "y": 1318}, {"x": 1294, "y": 1344}, {"x": 1298, "y": 1322}], [{"x": 1288, "y": 1151}, {"x": 1289, "y": 1173}, {"x": 1304, "y": 1176}, {"x": 1307, "y": 1171}], [{"x": 1369, "y": 1314}, {"x": 1368, "y": 1311}, {"x": 1367, "y": 1330}, {"x": 1385, "y": 1326}, {"x": 1393, "y": 1307}], [{"x": 1331, "y": 1082}, {"x": 1334, "y": 1080}, {"x": 1332, "y": 1063}, {"x": 1331, "y": 1061}, {"x": 1329, "y": 1058}, {"x": 1313, "y": 1061}], [{"x": 1025, "y": 1101}, {"x": 1030, "y": 1097}, {"x": 1013, "y": 1075}, {"x": 1010, "y": 1083}, {"x": 1012, "y": 1094}, {"x": 1014, "y": 1099}], [{"x": 1067, "y": 1343}, {"x": 1083, "y": 1357}, {"x": 1091, "y": 1335}, {"x": 1071, "y": 1339}, {"x": 1068, "y": 1340}]]}
