{"type": "CGSHOP2023_Instance", "name": "cheese302", "n": 302, "outer_boundary": [{"x": 992, "y": 1371}, {"x": 991, "y": 1260}, {"x": 986, "y": 1087}, {"x": 1000, "y": 992}, {"x": 1388, "y": 977}, {"x": 1430, "y": 982}, {"x": 1445, "y": 1147}, {"x": 1439, "y": 1394}, {"x": 1413, "y": 1417}, {"x": 1369, "y": 1436}, {"x": 1226, "y": 1436}, {"x": 1086, "y": 1442}, {"x": 1044, "y": 1438}], "holes": [[{"x": 1385, "y": 1389}, {"x": 1386, "y": 1374}, {"x": 1364, "y": 1365}, {"x": 1363, "y": 1386}], [{"x": 1185, "y": 1008}, {"x": 1186, "y": 1006}, {"x": 1177, "y": 1022}, {"x": 1185, "y": 1019}], [{"x": 1046, "y": 1270}, {"x": 1061, "y": 1278}, {"x": 1057, "y": 1259}, {"x": 1056, "y": 1257}], [{"x": 1304, "y": 1151}, {"x": 1330, "y": 1152}, {"x": 1302, "y": 1147}], [{"x": 1055, "y": 1139}, {"x": 1056, "y": 1141}, {"x": 1038, "y": 1158}, {"x": 1039, "y": 1164}, {"x": 1060, "y": 1144}, {"x": 1057, "y": 1135}], [{"x": 1347, "y": 1267}, {"x": 1328, "y": 1263}, {"x": 1326, "y": 1291}, {"x": 1328, "y": 1289}, {"x": 1341, "y": 1269}, {"x": 1347, "y": 1268}], [{"x": 1116, "y": 1233}, {"x": 1122, "y": 1236}, {"x": 1125, "y": 1215}, {"x": 1120, "y": 1222}], [{"x": 1182, "y": 1051}, {"x": 1188, "y": 1072}, {"x": 1188, "y": 1070}, {"x": 1198, "y": 1063}], [{"x": 1339, "y": 1113}, {"x": 1365, "y": 1129}, {"x": 1358, "y": 1112}, {"x": 1362, "y": 1113}, {"x": 1344, "y": 1107}], [{"x": 1315, "y": 1375}, {"x": 1291, "y": 1375}, {"x": 1317, "y": 1393}], [{"x": 1396, "y": 1354}, {"x": 1401, "y": 1350}, {"x": 1401, "y": 1330}, {"x": 1393, "y": 1331}, {"x": 1372, "y": 1336}], [{"x": 1235, "y": 1256}, {"x": 1238, "y": 1255}, {"x": 1218, "y": 1255}, {"x": 1233, "y": 1256}], [{"x": 1023, "y": 1097}, {"x": 1045, "y": 1097}, {"x": 1046, "y": 1091}, {"x": 1023, "y": 1075}], [{"x": 1133, "y": 1307}, {"x": 1116, "y": 1312}, {"x": 1134, "y": 1310}, {"x": 1143, "y": 1293}], [{"x": 1355, "y": 1032}, {"x": 1353, "y": 1038}, {"x": 1373, "y": 1041}], [{"x": 1233, "y": 1143}, {"x": 1236, "y": 1152}, {"x": 1260, "y": 1153}, {"x": 1242, "y": 1145}], [{"x": 1407, "y": 1127}, {"x": 1425, "y": 1143}, {"x": 1429, "y": 1130}, {"x": 1408, "y": 1122}], [{"x": 1248, "y": 1318}, {"x": 1255, "y": 1322}, {"x": 1257, "y": 1323}, {"x": 1270, "y": 1320}], [{"x": 1300, "y": 1331}, {"x": 1297, "y": 1330}, {"x": 1293, "y": 1331}, {"x": 1296, "y": 1349}, {"x": 1318, "y": 1347}], [{"x": 1159, "y": 1321}, {"x": 1183, "y": 1339}, {"x": 1186, "y": 1335}, {"x": 1182, "y": 1321}], [{"x": 1368, "y": 1021}, {"x": 1348, "y": 1018}, {"x": 1348, "y": 1020}, {"x": 1376, "y": 1034}], [{"x": 1406, "y": 1347}, {"x": 1410, "y": 1349}, {"x": 1405, "y": 1327}], [{"x": 1166, "y": 1241}, {"x": 1183, "y": 1241}, {"x": 1168, "y": 1213}], [{"x": 1125, "y": 1398}, {"x": 1123, "y": 1400}, {"x": 1150, "y": 1417}, {"x": 1153, "y": 1410}], [{"x": 1395, "y": 1381}, {"x": 1395, "y": 1400}, {"x": 1418, "y": 1380}, {"x": 1401, "y": 1380}, {"x": 1394, "y": 1378}], [{"x": 1065, "y": 1032}, {"x": 1068, "y": 1035}, {"x": 1066, "y": 1048}, {"x": 1082, "y": 1048}], [{"x": 1261, "y": 1389}, {"x": 1268, "y": 1361}, {"x": 1267, "y": 1364}, {"x": 1262, "y": 1382}], [{"x": 1121, "y": 1078}, {"x": 1124, "y": 1053}, {"x": 1097, "y": 1055}, {"x": 1120, "y": 1060}, {"x": 1104, "y": 1072}, {"x": 1123, "y": 1060}], [{"x": 1002, "y": 1107}, {"x": 1028, "y": 1127}, {"x": 1029, "y": 1104}], [{"x": 1257, "y": 1194}, {"x": 1285, "y": 1173}, {"x": 1277, "y": 1174}], [{"x": 1064, "y": 1280}, {"x": 1076, "y": 1285}, {"x": 1082, "y": 1268}], [{"x": 1138, "y": 1245}, {"x": 1141, "y": 1254}, {"x": 1153, "y": 1273}, {"x": 1159, "y": 1271}, {"x": 1155, "y": 1246}], [{"x": 1190, "y": 1371}, {"x": 1175, "y": 1371}, {"x": 1198, "y": 1396}], [{"x": 1006, "y": 1281}, {"x": 1020, "y": 1274}, {"x": 1005, "y": 1273}, {"x": 1005, "y": 1281}], [{"x": 1048, "y": 1242}, {"x": 1052, "y": 1249}, {"x": 1052, "y": 1225}], [{"x": 1346, "y": 1082}, {"x": 1350, "y": 1074}, {"x": 1349, "y": 1059}, {"x": 1348, "y": 1061}, {"x": 1345, "y": 1074}, {"x": 1349, "y": 1073}], [{"x": 1096, "y": 1408}, {"x": 1102, "y": 1429}, {"x": 1117, "y": 1428}, {"x": 1102, "y": 1427}, {"x": 1101, "y": 1407}], [{"x": 1143, "y": 1095}, {"x": 1161, "y": 1111}, {"x": 1157, "y": 1093}, {"x": 1156, "y": 1091}, {"x": 1142, "y": 1090}], [{"x": 1035, "y": 1010}, {"x": 1021, "y": 1009}, {"x": 1022, "y": 1027}, {"x": 1037, "y": 1023}], [{"x": 1048, "y": 1301}, {"x": 1043, "y": 1321}, {"x": 1047, "y": 1307}, {"x": 1063, "y": 1303}, {"x": 1063, "y": 1307}, {"x": 1066, "y": 1302}], [{"x": 1190, "y": 1297}, {"x": 1190, "y": 1319}, {"x": 1195, "y": 1317}, {"x": 1196, "y": 1319}, {"x": 1196, "y": 1306}], [{"x": 1086, "y": 1305}, {"x": 1093, "y": 1277}, {"x": 1084, "y": 1279}, {"x": 1084, "y": 1303}, {"x": 1085, "y": 1307}, {"x": 1091, "y": 1303}], [{"x": 1332, "y": 1022}, {"x": 1339, "y": 1029}, {"x": 1322, "y": 1001}, {"x": 1321, "y": 1004}, {"x": 1333, "y": 1029}], [{"x": 1347, "y": 1411}, {"x": 1328, "y": 1407}, {"x": 1330, "y": 1408}, {"x": 1350, "y": 1416}], [{"x": 1315, "y": 1098}, {"x": 1323, "y": 1096}, {"x": 1322, "y": 1096}, {"x": 1317, "y": 1097}, {"x": 1321, "y": 1094}, {"x": 1301, "y": 1082}], [{"x": 1379, "y": 1132}, {"x": 1400, "y": 1137}, {"x": 1382, "y": 1132}], [{"x": 1335, "y": 1300}, {"x": 1348, "y": 1302}, {"x": 1347, "y": 1288}], [{"x": 1392, "y": 1016}, {"x": 1395, "y": 1013}, {"x": 1418, "y": 998}, {"x": 1399, "y": 997}], [{"x": 1112, "y": 1238}, {"x": 1116, "y": 1240}, {"x": 1112, "y": 1237}, {"x": 1095, "y": 1238}, {"x": 1094, "y": 1241}, {"x": 1094, "y": 1243}], [{"x": 1410, "y": 1116}, {"x": 1415, "y": 1093}, {"x": 1396, "y": 1115}], [{"x": 1063, "y": 1085}, {"x": 1066, "y": 1067}, {"x": 1083, "y": 1084}, {"x": 1065, "y": 1063}, {"x": 1061, "y": 1060}, {"x": 1056, "y": 1083}], [{"x": 1337, "y": 1309}, {"x": 1340, "y": 1328}, {"x": 1354, "y": 1335}], [{"x": 1058, "y": 1173}, {"x": 1079, "y": 1179}, {"x": 1083, "y": 1171}, {"x": 1061, "y": 1155}, {"x": 1081, "y": 1172}, {"x": 1075, "y": 1176}], [{"x": 1136, "y": 1237}, {"x": 1150, "y": 1213}, {"x": 1149, "y": 1212}, {"x": 1129, "y": 1233}, {"x": 1126, "y": 1235}, {"x": 1130, "y": 1236}], [{"x": 1123, "y": 1241}, {"x": 1126, "y": 1255}, {"x": 1111, "y": 1255}, {"x": 1104, "y": 1264}, {"x": 1123, "y": 1260}, {"x": 1128, "y": 1260}], [{"x": 1248, "y": 1409}, {"x": 1255, "y": 1401}, {"x": 1236, "y": 1402}, {"x": 1226, "y": 1422}, {"x": 1236, "y": 1426}, {"x": 1247, "y": 1425}], [{"x": 1059, "y": 1404}, {"x": 1059, "y": 1428}, {"x": 1076, "y": 1409}, {"x": 1077, "y": 1407}, {"x": 1060, "y": 1403}], [{"x": 1093, "y": 1233}, {"x": 1095, "y": 1225}, {"x": 1090, "y": 1214}, {"x": 1066, "y": 1207}, {"x": 1073, "y": 1228}], [{"x": 1207, "y": 1088}, {"x": 1208, "y": 1093}, {"x": 1212, "y": 1078}, {"x": 1213, "y": 1072}, {"x": 1211, "y": 1077}], [{"x": 1250, "y": 1246}, {"x": 1268, "y": 1260}, {"x": 1256, "y": 1239}], [{"x": 1223, "y": 1126}, {"x": 1233, "y": 1122}, {"x": 1222, "y": 1109}], [{"x": 1269, "y": 1192}, {"x": 1286, "y": 1207}, {"x": 1288, "y": 1191}], [{"x": 1289, "y": 1259}, {"x": 1307, "y": 1272}, {"x": 1309, "y": 1272}, {"x": 1289, "y": 1252}], [{"x": 1211, "y": 1311}, {"x": 1213, "y": 1332}, {"x": 1218, "y": 1318}], [{"x": 1394, "y": 1073}, {"x": 1421, "y": 1072}, {"x": 1413, "y": 1056}, {"x": 1397, "y": 1062}, {"x": 1393, "y": 1073}], [{"x": 1249, "y": 1014}, {"x": 1263, "y": 1037}, {"x": 1270, "y": 1018}], [{"x": 1009, "y": 1361}, {"x": 1022, "y": 1360}, {"x": 1027, "y": 1349}, {"x": 1027, "y": 1348}, {"x": 1029, "y": 1339}]]}
