{"type": "CGSHOP2023_Instance", "name": "cheese773", "n": 773, "outer_boundary": [{"x": 993, "y": 1647}, {"x": 982, "y": 1597}, {"x": 979, "y": 1508}, {"x": 984, "y": 1131}, {"x": 988, "y": 1049}, {"x": 1049, "y": 1025}, {"x": 1104, "y": 975}, {"x": 1142, "y": 985}, {"x": 1288, "y": 981}, {"x": 1671, "y": 997}, {"x": 1699, "y": 1011}, {"x": 1692, "y": 1653}, {"x": 1658, "y": 1663}, {"x": 1202, "y": 1668}], "holes": [[{"x": 1093, "y": 1250}, {"x": 1091, "y": 1254}, {"x": 1117, "y": 1232}, {"x": 1096, "y": 1247}, {"x": 1113, "y": 1227}, {"x": 1109, "y": 1228}], [{"x": 1289, "y": 1067}, {"x": 1290, "y": 1087}, {"x": 1311, "y": 1087}, {"x": 1308, "y": 1066}, {"x": 1304, "y": 1066}, {"x": 1283, "y": 1067}], [{"x": 1167, "y": 1141}, {"x": 1164, "y": 1145}, {"x": 1190, "y": 1126}, {"x": 1187, "y": 1123}], [{"x": 1308, "y": 1465}, {"x": 1325, "y": 1468}, {"x": 1323, "y": 1453}, {"x": 1310, "y": 1465}], [{"x": 1467, "y": 1512}, {"x": 1454, "y": 1486}, {"x": 1451, "y": 1490}, {"x": 1450, "y": 1495}, {"x": 1450, "y": 1508}, {"x": 1473, "y": 1515}], [{"x": 999, "y": 1483}, {"x": 1019, "y": 1488}, {"x": 1025, "y": 1464}, {"x": 1004, "y": 1465}, {"x": 1018, "y": 1466}, {"x": 1000, "y": 1467}], [{"x": 1114, "y": 1270}, {"x": 1129, "y": 1283}, {"x": 1116, "y": 1269}, {"x": 1115, "y": 1264}, {"x": 1108, "y": 1291}, {"x": 1130, "y": 1285}], [{"x": 1063, "y": 1198}, {"x": 1064, "y": 1173}, {"x": 1063, "y": 1177}, {"x": 1062, "y": 1176}, {"x": 1051, "y": 1179}, {"x": 1051, "y": 1196}], [{"x": 1318, "y": 1386}, {"x": 1340, "y": 1375}, {"x": 1338, "y": 1371}], [{"x": 1258, "y": 1523}, {"x": 1261, "y": 1535}, {"x": 1259, "y": 1520}], [{"x": 1449, "y": 1332}, {"x": 1468, "y": 1341}, {"x": 1465, "y": 1335}, {"x": 1470, "y": 1341}, {"x": 1471, "y": 1318}], [{"x": 1304, "y": 1428}, {"x": 1322, "y": 1401}, {"x": 1319, "y": 1403}, {"x": 1308, "y": 1399}, {"x": 1304, "y": 1419}, {"x": 1301, "y": 1429}], [{"x": 1295, "y": 1106}, {"x": 1271, "y": 1126}, {"x": 1272, "y": 1128}, {"x": 1277, "y": 1128}, {"x": 1293, "y": 1121}, {"x": 1297, "y": 1111}], [{"x": 1211, "y": 1326}, {"x": 1235, "y": 1306}, {"x": 1210, "y": 1311}], [{"x": 1450, "y": 1456}, {"x": 1445, "y": 1455}, {"x": 1452, "y": 1478}], [{"x": 1328, "y": 1494}, {"x": 1331, "y": 1498}, {"x": 1347, "y": 1519}, {"x": 1352, "y": 1523}, {"x": 1347, "y": 1504}, {"x": 1348, "y": 1501}], [{"x": 1327, "y": 1194}, {"x": 1340, "y": 1218}, {"x": 1339, "y": 1216}, {"x": 1342, "y": 1219}, {"x": 1343, "y": 1201}], [{"x": 1068, "y": 1337}, {"x": 1072, "y": 1363}, {"x": 1072, "y": 1362}, {"x": 1075, "y": 1342}, {"x": 1097, "y": 1345}, {"x": 1091, "y": 1340}], [{"x": 1005, "y": 1418}, {"x": 1020, "y": 1415}, {"x": 1001, "y": 1417}, {"x": 1003, "y": 1437}, {"x": 1004, "y": 1437}, {"x": 1021, "y": 1444}], [{"x": 1477, "y": 1045}, {"x": 1485, "y": 1048}, {"x": 1497, "y": 1038}], [{"x": 1079, "y": 1412}, {"x": 1103, "y": 1412}, {"x": 1101, "y": 1399}, {"x": 1087, "y": 1391}], [{"x": 1596, "y": 1318}, {"x": 1603, "y": 1339}, {"x": 1605, "y": 1342}, {"x": 1623, "y": 1321}, {"x": 1602, "y": 1318}], [{"x": 1009, "y": 1312}, {"x": 1020, "y": 1312}, {"x": 1021, "y": 1288}, {"x": 1020, "y": 1292}], [{"x": 1651, "y": 1041}, {"x": 1659, "y": 1024}, {"x": 1653, "y": 1040}, {"x": 1673, "y": 1044}, {"x": 1678, "y": 1044}, {"x": 1659, "y": 1019}], [{"x": 1247, "y": 1140}, {"x": 1262, "y": 1143}, {"x": 1266, "y": 1137}, {"x": 1268, "y": 1138}, {"x": 1261, "y": 1119}], [{"x": 1402, "y": 1019}, {"x": 1384, "y": 1024}, {"x": 1378, "y": 1044}, {"x": 1408, "y": 1022}], [{"x": 1662, "y": 1496}, {"x": 1663, "y": 1505}, {"x": 1663, "y": 1502}], [{"x": 1140, "y": 1510}, {"x": 1148, "y": 1508}, {"x": 1144, "y": 1505}, {"x": 1120, "y": 1488}], [{"x": 1606, "y": 1041}, {"x": 1611, "y": 1058}, {"x": 1629, "y": 1056}], [{"x": 1455, "y": 1559}, {"x": 1437, "y": 1583}, {"x": 1459, "y": 1581}, {"x": 1459, "y": 1566}], [{"x": 1060, "y": 1251}, {"x": 1059, "y": 1252}, {"x": 1041, "y": 1272}, {"x": 1058, "y": 1268}, {"x": 1063, "y": 1252}], [{"x": 1238, "y": 1302}, {"x": 1236, "y": 1330}, {"x": 1257, "y": 1328}, {"x": 1251, "y": 1305}, {"x": 1252, "y": 1324}, {"x": 1238, "y": 1304}], [{"x": 1319, "y": 1605}, {"x": 1322, "y": 1625}, {"x": 1343, "y": 1606}, {"x": 1319, "y": 1604}], [{"x": 1361, "y": 1181}, {"x": 1365, "y": 1178}, {"x": 1388, "y": 1182}, {"x": 1364, "y": 1177}], [{"x": 1212, "y": 1095}, {"x": 1240, "y": 1096}, {"x": 1237, "y": 1078}, {"x": 1220, "y": 1079}, {"x": 1213, "y": 1090}], [{"x": 1304, "y": 1132}, {"x": 1287, "y": 1134}, {"x": 1286, "y": 1132}, {"x": 1288, "y": 1152}, {"x": 1302, "y": 1162}, {"x": 1307, "y": 1138}], [{"x": 1631, "y": 1185}, {"x": 1652, "y": 1180}, {"x": 1657, "y": 1164}, {"x": 1639, "y": 1178}], [{"x": 1448, "y": 1165}, {"x": 1447, "y": 1171}, {"x": 1442, "y": 1172}, {"x": 1448, "y": 1175}, {"x": 1449, "y": 1171}], [{"x": 1036, "y": 1173}, {"x": 1056, "y": 1170}, {"x": 1056, "y": 1169}], [{"x": 1526, "y": 1355}, {"x": 1549, "y": 1352}, {"x": 1547, "y": 1339}, {"x": 1547, "y": 1331}, {"x": 1527, "y": 1338}, {"x": 1546, "y": 1335}], [{"x": 1322, "y": 1645}, {"x": 1324, "y": 1627}, {"x": 1296, "y": 1640}, {"x": 1303, "y": 1641}], [{"x": 1121, "y": 1323}, {"x": 1123, "y": 1320}, {"x": 1107, "y": 1304}, {"x": 1118, "y": 1326}], [{"x": 1506, "y": 1497}, {"x": 1530, "y": 1516}, {"x": 1528, "y": 1493}], [{"x": 1648, "y": 1380}, {"x": 1631, "y": 1382}, {"x": 1653, "y": 1383}], [{"x": 1537, "y": 1475}, {"x": 1531, "y": 1462}, {"x": 1519, "y": 1475}, {"x": 1516, "y": 1456}, {"x": 1516, "y": 1477}, {"x": 1537, "y": 1477}], [{"x": 1017, "y": 1071}, {"x": 1019, "y": 1070}, {"x": 1040, "y": 1069}, {"x": 1021, "y": 1051}, {"x": 1018, "y": 1043}, {"x": 1014, "y": 1063}], [{"x": 1347, "y": 1079}, {"x": 1344, "y": 1099}, {"x": 1366, "y": 1101}, {"x": 1372, "y": 1094}, {"x": 1367, "y": 1095}, {"x": 1369, "y": 1081}], [{"x": 1213, "y": 1483}, {"x": 1216, "y": 1479}, {"x": 1215, "y": 1462}, {"x": 1187, "y": 1467}, {"x": 1191, "y": 1480}, {"x": 1192, "y": 1481}], [{"x": 1261, "y": 1618}, {"x": 1266, "y": 1641}, {"x": 1264, "y": 1620}, {"x": 1277, "y": 1614}], [{"x": 1113, "y": 1458}, {"x": 1123, "y": 1457}, {"x": 1119, "y": 1456}, {"x": 1093, "y": 1454}, {"x": 1096, "y": 1456}, {"x": 1115, "y": 1460}], [{"x": 1223, "y": 1551}, {"x": 1239, "y": 1553}, {"x": 1247, "y": 1551}], [{"x": 1240, "y": 1514}, {"x": 1239, "y": 1530}, {"x": 1225, "y": 1535}, {"x": 1244, "y": 1539}], [{"x": 1039, "y": 1379}, {"x": 1045, "y": 1378}, {"x": 1043, "y": 1354}, {"x": 1041, "y": 1361}], [{"x": 1225, "y": 1112}, {"x": 1225, "y": 1120}, {"x": 1230, "y": 1138}], [{"x": 1156, "y": 1068}, {"x": 1153, "y": 1086}, {"x": 1170, "y": 1073}, {"x": 1174, "y": 1069}, {"x": 1176, "y": 1066}], [{"x": 1123, "y": 1122}, {"x": 1127, "y": 1120}, {"x": 1129, "y": 1099}], [{"x": 1057, "y": 1123}, {"x": 1060, "y": 1145}, {"x": 1078, "y": 1116}], [{"x": 1373, "y": 1468}, {"x": 1395, "y": 1446}, {"x": 1379, "y": 1440}, {"x": 1379, "y": 1442}], [{"x": 1367, "y": 1166}, {"x": 1350, "y": 1143}, {"x": 1346, "y": 1166}, {"x": 1369, "y": 1171}], [{"x": 1525, "y": 1258}, {"x": 1528, "y": 1257}, {"x": 1505, "y": 1241}, {"x": 1503, "y": 1253}], [{"x": 1488, "y": 1341}, {"x": 1511, "y": 1346}, {"x": 1508, "y": 1341}, {"x": 1495, "y": 1327}, {"x": 1494, "y": 1325}], [{"x": 1553, "y": 1401}, {"x": 1555, "y": 1425}, {"x": 1574, "y": 1424}, {"x": 1573, "y": 1423}], [{"x": 1215, "y": 1502}, {"x": 1217, "y": 1530}, {"x": 1229, "y": 1531}, {"x": 1231, "y": 1530}, {"x": 1234, "y": 1528}, {"x": 1239, "y": 1524}], [{"x": 1231, "y": 1466}, {"x": 1239, "y": 1457}, {"x": 1238, "y": 1441}], [{"x": 1270, "y": 1049}, {"x": 1268, "y": 1055}, {"x": 1293, "y": 1053}, {"x": 1290, "y": 1049}], [{"x": 1202, "y": 1034}, {"x": 1209, "y": 1031}, {"x": 1182, "y": 1010}], [{"x": 1372, "y": 1225}, {"x": 1366, "y": 1202}, {"x": 1366, "y": 1230}, {"x": 1375, "y": 1230}, {"x": 1387, "y": 1202}], [{"x": 1520, "y": 1520}, {"x": 1499, "y": 1517}, {"x": 1516, "y": 1537}, {"x": 1524, "y": 1545}], [{"x": 1556, "y": 1550}, {"x": 1556, "y": 1558}, {"x": 1571, "y": 1552}, {"x": 1573, "y": 1536}], [{"x": 1113, "y": 1423}, {"x": 1108, "y": 1403}, {"x": 1107, "y": 1427}, {"x": 1113, "y": 1425}, {"x": 1123, "y": 1430}, {"x": 1126, "y": 1402}], [{"x": 1553, "y": 1539}, {"x": 1561, "y": 1538}, {"x": 1554, "y": 1521}], [{"x": 1134, "y": 1225}, {"x": 1155, "y": 1206}, {"x": 1128, "y": 1227}, {"x": 1135, "y": 1225}, {"x": 1150, "y": 1230}, {"x": 1155, "y": 1208}], [{"x": 1103, "y": 1601}, {"x": 1103, "y": 1620}, {"x": 1107, "y": 1623}], [{"x": 1602, "y": 1490}, {"x": 1623, "y": 1514}, {"x": 1627, "y": 1518}, {"x": 1626, "y": 1510}, {"x": 1621, "y": 1499}, {"x": 1621, "y": 1497}], [{"x": 1497, "y": 1381}, {"x": 1495, "y": 1376}, {"x": 1495, "y": 1400}, {"x": 1515, "y": 1401}], [{"x": 1590, "y": 1083}, {"x": 1608, "y": 1094}, {"x": 1612, "y": 1076}], [{"x": 1573, "y": 1443}, {"x": 1589, "y": 1438}, {"x": 1590, "y": 1418}, {"x": 1572, "y": 1442}], [{"x": 1481, "y": 1369}, {"x": 1496, "y": 1369}, {"x": 1503, "y": 1357}, {"x": 1497, "y": 1354}, {"x": 1483, "y": 1351}], [{"x": 1170, "y": 1591}, {"x": 1186, "y": 1619}, {"x": 1187, "y": 1611}, {"x": 1186, "y": 1597}], [{"x": 1533, "y": 1599}, {"x": 1528, "y": 1601}, {"x": 1533, "y": 1605}, {"x": 1554, "y": 1606}, {"x": 1555, "y": 1601}, {"x": 1553, "y": 1602}], [{"x": 1062, "y": 1574}, {"x": 1037, "y": 1600}, {"x": 1041, "y": 1601}, {"x": 1060, "y": 1598}, {"x": 1065, "y": 1577}], [{"x": 1556, "y": 1643}, {"x": 1559, "y": 1646}, {"x": 1580, "y": 1644}, {"x": 1578, "y": 1619}, {"x": 1573, "y": 1624}, {"x": 1559, "y": 1621}], [{"x": 1014, "y": 1627}, {"x": 1016, "y": 1632}, {"x": 1016, "y": 1626}, {"x": 1040, "y": 1613}, {"x": 1014, "y": 1609}], [{"x": 1283, "y": 1029}, {"x": 1298, "y": 1004}, {"x": 1297, "y": 1000}, {"x": 1283, "y": 1003}, {"x": 1278, "y": 1009}], [{"x": 1068, "y": 1229}, {"x": 1066, "y": 1238}, {"x": 1086, "y": 1252}, {"x": 1089, "y": 1255}, {"x": 1091, "y": 1238}, {"x": 1089, "y": 1232}], [{"x": 1428, "y": 1114}, {"x": 1436, "y": 1123}, {"x": 1456, "y": 1120}, {"x": 1435, "y": 1117}, {"x": 1448, "y": 1101}], [{"x": 1611, "y": 1304}, {"x": 1633, "y": 1305}, {"x": 1630, "y": 1287}], [{"x": 1373, "y": 1257}, {"x": 1372, "y": 1258}, {"x": 1373, "y": 1275}, {"x": 1395, "y": 1274}, {"x": 1374, "y": 1273}], [{"x": 1509, "y": 1418}, {"x": 1514, "y": 1421}, {"x": 1533, "y": 1422}, {"x": 1530, "y": 1404}], [{"x": 1216, "y": 1644}, {"x": 1234, "y": 1642}, {"x": 1212, "y": 1644}], [{"x": 1306, "y": 1313}, {"x": 1310, "y": 1313}, {"x": 1309, "y": 1312}, {"x": 1290, "y": 1316}, {"x": 1303, "y": 1332}], [{"x": 1148, "y": 1316}, {"x": 1155, "y": 1328}, {"x": 1168, "y": 1330}], [{"x": 1057, "y": 1314}, {"x": 1050, "y": 1306}, {"x": 1051, "y": 1311}, {"x": 1051, "y": 1328}, {"x": 1075, "y": 1335}, {"x": 1078, "y": 1329}], [{"x": 1160, "y": 1570}, {"x": 1165, "y": 1596}, {"x": 1164, "y": 1575}], [{"x": 1234, "y": 1246}, {"x": 1240, "y": 1232}, {"x": 1233, "y": 1229}], [{"x": 1604, "y": 1630}, {"x": 1611, "y": 1649}, {"x": 1608, "y": 1650}, {"x": 1605, "y": 1648}, {"x": 1601, "y": 1650}, {"x": 1630, "y": 1653}], [{"x": 1075, "y": 1042}, {"x": 1076, "y": 1044}, {"x": 1077, "y": 1041}, {"x": 1071, "y": 1029}], [{"x": 1624, "y": 1563}, {"x": 1647, "y": 1565}, {"x": 1647, "y": 1564}, {"x": 1633, "y": 1561}, {"x": 1624, "y": 1559}, {"x": 1628, "y": 1560}], [{"x": 1221, "y": 1405}, {"x": 1250, "y": 1398}, {"x": 1241, "y": 1379}, {"x": 1226, "y": 1382}, {"x": 1222, "y": 1400}, {"x": 1222, "y": 1387}], [{"x": 1396, "y": 1065}, {"x": 1376, "y": 1065}, {"x": 1376, "y": 1069}, {"x": 1395, "y": 1090}, {"x": 1398, "y": 1091}], [{"x": 1476, "y": 1329}, {"x": 1477, "y": 1325}, {"x": 1482, "y": 1329}, {"x": 1483, "y": 1332}, {"x": 1483, "y": 1303}, {"x": 1478, "y": 1303}], [{"x": 1390, "y": 1475}, {"x": 1388, "y": 1477}, {"x": 1409, "y": 1495}], [{"x": 1089, "y": 1008}, {"x": 1093, "y": 1027}, {"x": 1090, "y": 1009}], [{"x": 1442, "y": 1018}, {"x": 1444, "y": 1042}, {"x": 1446, "y": 1045}, {"x": 1470, "y": 1025}], [{"x": 1310, "y": 1074}, {"x": 1312, "y": 1098}, {"x": 1328, "y": 1099}, {"x": 1337, "y": 1101}], [{"x": 1351, "y": 1278}, {"x": 1325, "y": 1270}, {"x": 1324, "y": 1297}, {"x": 1353, "y": 1297}], [{"x": 1228, "y": 1048}, {"x": 1238, "y": 1026}, {"x": 1234, "y": 1024}, {"x": 1228, "y": 1026}, {"x": 1209, "y": 1049}], [{"x": 1486, "y": 1141}, {"x": 1470, "y": 1143}, {"x": 1467, "y": 1167}, {"x": 1494, "y": 1143}, {"x": 1489, "y": 1142}], [{"x": 1288, "y": 1204}, {"x": 1267, "y": 1231}, {"x": 1293, "y": 1211}, {"x": 1297, "y": 1203}], [{"x": 1516, "y": 1246}, {"x": 1529, "y": 1253}, {"x": 1538, "y": 1254}, {"x": 1535, "y": 1244}], [{"x": 1132, "y": 1000}, {"x": 1132, "y": 1022}, {"x": 1146, "y": 1020}], [{"x": 1489, "y": 1604}, {"x": 1469, "y": 1610}, {"x": 1489, "y": 1631}, {"x": 1492, "y": 1622}, {"x": 1490, "y": 1626}], [{"x": 1565, "y": 1456}, {"x": 1578, "y": 1461}, {"x": 1585, "y": 1462}, {"x": 1565, "y": 1445}], [{"x": 1347, "y": 1024}, {"x": 1362, "y": 1030}, {"x": 1365, "y": 1029}, {"x": 1372, "y": 1008}, {"x": 1352, "y": 1007}], [{"x": 1148, "y": 1443}, {"x": 1147, "y": 1460}, {"x": 1147, "y": 1464}, {"x": 1140, "y": 1467}, {"x": 1165, "y": 1470}, {"x": 1168, "y": 1467}], [{"x": 1332, "y": 1252}, {"x": 1356, "y": 1224}, {"x": 1340, "y": 1222}, {"x": 1334, "y": 1232}, {"x": 1331, "y": 1243}], [{"x": 1538, "y": 1244}, {"x": 1541, "y": 1262}, {"x": 1559, "y": 1263}, {"x": 1565, "y": 1264}, {"x": 1557, "y": 1249}], [{"x": 1414, "y": 1246}, {"x": 1417, "y": 1267}, {"x": 1420, "y": 1272}, {"x": 1423, "y": 1265}, {"x": 1422, "y": 1249}], [{"x": 1588, "y": 1253}, {"x": 1592, "y": 1228}, {"x": 1586, "y": 1247}], [{"x": 1079, "y": 1448}, {"x": 1092, "y": 1452}, {"x": 1092, "y": 1423}, {"x": 1078, "y": 1429}, {"x": 1075, "y": 1433}], [{"x": 1447, "y": 1279}, {"x": 1432, "y": 1309}, {"x": 1453, "y": 1308}], [{"x": 1469, "y": 1375}, {"x": 1472, "y": 1396}, {"x": 1486, "y": 1399}, {"x": 1487, "y": 1399}, {"x": 1486, "y": 1375}], [{"x": 1358, "y": 1352}, {"x": 1358, "y": 1371}, {"x": 1377, "y": 1371}, {"x": 1382, "y": 1370}, {"x": 1379, "y": 1348}, {"x": 1366, "y": 1349}], [{"x": 1072, "y": 1477}, {"x": 1053, "y": 1481}, {"x": 1050, "y": 1497}, {"x": 1056, "y": 1496}, {"x": 1076, "y": 1480}], [{"x": 1108, "y": 1466}, {"x": 1098, "y": 1467}, {"x": 1098, "y": 1492}, {"x": 1116, "y": 1466}, {"x": 1115, "y": 1467}], [{"x": 1648, "y": 1613}, {"x": 1661, "y": 1614}, {"x": 1647, "y": 1611}, {"x": 1642, "y": 1633}, {"x": 1661, "y": 1633}], [{"x": 1157, "y": 1147}, {"x": 1160, "y": 1147}, {"x": 1158, "y": 1163}, {"x": 1183, "y": 1152}, {"x": 1185, "y": 1144}], [{"x": 1620, "y": 1169}, {"x": 1628, "y": 1165}, {"x": 1649, "y": 1149}, {"x": 1649, "y": 1142}], [{"x": 1008, "y": 1102}, {"x": 1010, "y": 1121}, {"x": 1012, "y": 1125}, {"x": 1030, "y": 1130}, {"x": 1032, "y": 1127}, {"x": 1034, "y": 1120}], [{"x": 1053, "y": 1604}, {"x": 1074, "y": 1619}, {"x": 1075, "y": 1606}, {"x": 1078, "y": 1604}, {"x": 1072, "y": 1599}, {"x": 1071, "y": 1598}], [{"x": 1568, "y": 1053}, {"x": 1572, "y": 1077}, {"x": 1574, "y": 1052}], [{"x": 1155, "y": 1330}, {"x": 1155, "y": 1358}, {"x": 1172, "y": 1358}, {"x": 1174, "y": 1351}, {"x": 1173, "y": 1334}, {"x": 1172, "y": 1331}], [{"x": 1042, "y": 1502}, {"x": 1043, "y": 1515}, {"x": 1023, "y": 1503}, {"x": 1046, "y": 1525}, {"x": 1043, "y": 1502}], [{"x": 1658, "y": 1365}, {"x": 1662, "y": 1343}, {"x": 1641, "y": 1343}, {"x": 1644, "y": 1363}], [{"x": 1244, "y": 1043}, {"x": 1260, "y": 1063}, {"x": 1246, "y": 1041}], [{"x": 1577, "y": 1516}, {"x": 1596, "y": 1541}, {"x": 1599, "y": 1538}], [{"x": 1511, "y": 1033}, {"x": 1507, "y": 1038}, {"x": 1512, "y": 1059}, {"x": 1525, "y": 1054}], [{"x": 1538, "y": 1404}, {"x": 1551, "y": 1403}, {"x": 1557, "y": 1384}, {"x": 1558, "y": 1377}, {"x": 1536, "y": 1385}, {"x": 1537, "y": 1399}], [{"x": 1167, "y": 1496}, {"x": 1164, "y": 1495}, {"x": 1158, "y": 1499}, {"x": 1164, "y": 1498}, {"x": 1181, "y": 1498}], [{"x": 1256, "y": 1086}, {"x": 1261, "y": 1093}, {"x": 1260, "y": 1107}, {"x": 1282, "y": 1107}, {"x": 1279, "y": 1087}], [{"x": 1260, "y": 1019}, {"x": 1265, "y": 998}, {"x": 1257, "y": 1013}, {"x": 1238, "y": 1015}, {"x": 1256, "y": 1023}, {"x": 1263, "y": 1021}], [{"x": 1023, "y": 1180}, {"x": 1045, "y": 1202}, {"x": 1045, "y": 1185}, {"x": 1041, "y": 1182}, {"x": 1043, "y": 1178}], [{"x": 1170, "y": 1419}, {"x": 1175, "y": 1423}, {"x": 1173, "y": 1404}], [{"x": 1477, "y": 1142}, {"x": 1491, "y": 1137}, {"x": 1474, "y": 1115}], [{"x": 1444, "y": 1422}, {"x": 1435, "y": 1422}, {"x": 1441, "y": 1424}, {"x": 1435, "y": 1448}, {"x": 1455, "y": 1447}, {"x": 1460, "y": 1441}], [{"x": 1556, "y": 1597}, {"x": 1570, "y": 1599}, {"x": 1576, "y": 1600}, {"x": 1569, "y": 1581}, {"x": 1552, "y": 1582}, {"x": 1553, "y": 1596}], [{"x": 1608, "y": 1627}, {"x": 1623, "y": 1636}, {"x": 1625, "y": 1627}, {"x": 1626, "y": 1612}, {"x": 1626, "y": 1606}, {"x": 1604, "y": 1607}], [{"x": 1544, "y": 1148}, {"x": 1551, "y": 1147}, {"x": 1571, "y": 1131}, {"x": 1566, "y": 1126}], [{"x": 1644, "y": 1327}, {"x": 1652, "y": 1329}, {"x": 1667, "y": 1308}], [{"x": 1444, "y": 1240}, {"x": 1447, "y": 1258}, {"x": 1449, "y": 1244}, {"x": 1446, "y": 1239}], [{"x": 1504, "y": 1473}, {"x": 1492, "y": 1494}, {"x": 1492, "y": 1496}, {"x": 1504, "y": 1496}], [{"x": 1507, "y": 1446}, {"x": 1510, "y": 1442}, {"x": 1505, "y": 1419}], [{"x": 1297, "y": 1311}, {"x": 1319, "y": 1291}, {"x": 1316, "y": 1289}, {"x": 1296, "y": 1296}, {"x": 1305, "y": 1293}], [{"x": 1407, "y": 1200}, {"x": 1431, "y": 1176}, {"x": 1424, "y": 1180}, {"x": 1403, "y": 1179}, {"x": 1402, "y": 1201}], [{"x": 1358, "y": 1125}, {"x": 1373, "y": 1126}, {"x": 1348, "y": 1124}, {"x": 1368, "y": 1140}], [{"x": 1309, "y": 1024}, {"x": 1337, "y": 1010}, {"x": 1328, "y": 1009}], [{"x": 1368, "y": 1059}, {"x": 1362, "y": 1058}, {"x": 1359, "y": 1060}, {"x": 1361, "y": 1066}, {"x": 1388, "y": 1048}, {"x": 1388, "y": 1044}], [{"x": 1577, "y": 1066}, {"x": 1594, "y": 1081}, {"x": 1594, "y": 1064}], [{"x": 1324, "y": 1573}, {"x": 1323, "y": 1575}, {"x": 1342, "y": 1592}, {"x": 1341, "y": 1571}], [{"x": 1487, "y": 1155}, {"x": 1487, "y": 1158}, {"x": 1506, "y": 1176}, {"x": 1507, "y": 1176}, {"x": 1508, "y": 1161}, {"x": 1503, "y": 1165}], [{"x": 1433, "y": 1544}, {"x": 1416, "y": 1557}, {"x": 1417, "y": 1565}, {"x": 1441, "y": 1565}, {"x": 1434, "y": 1563}, {"x": 1437, "y": 1557}], [{"x": 1628, "y": 1324}, {"x": 1633, "y": 1348}, {"x": 1636, "y": 1348}], [{"x": 1425, "y": 1368}, {"x": 1428, "y": 1372}, {"x": 1433, "y": 1392}, {"x": 1434, "y": 1375}], [{"x": 1318, "y": 1542}, {"x": 1348, "y": 1563}, {"x": 1319, "y": 1540}], [{"x": 1162, "y": 1432}, {"x": 1166, "y": 1426}, {"x": 1147, "y": 1426}, {"x": 1150, "y": 1429}], [{"x": 1239, "y": 1446}, {"x": 1242, "y": 1458}, {"x": 1246, "y": 1461}, {"x": 1264, "y": 1466}, {"x": 1267, "y": 1444}, {"x": 1257, "y": 1441}], [{"x": 1571, "y": 1201}, {"x": 1584, "y": 1221}, {"x": 1572, "y": 1194}, {"x": 1568, "y": 1192}, {"x": 1571, "y": 1213}, {"x": 1573, "y": 1216}]]}
