{"type": "CGSHOP2023_Instance", "name": "maze_2534_250_05_01", "n": 2028, "outer_boundary": [{"x": 177, "y": 184}, {"x": 500, "y": 3}, {"x": 853, "y": 220}, {"x": 816, "y": 500}, {"x": 833, "y": 770}, {"x": 500, "y": 850}, {"x": 25, "y": 907}, {"x": 204, "y": 500}], "holes": [[{"x": 75, "y": 855}, {"x": 85, "y": 855}, {"x": 85, "y": 845}, {"x": 75, "y": 845}], [{"x": 75, "y": 881}, {"x": 85, "y": 877}, {"x": 85, "y": 863}, {"x": 75, "y": 867}], [{"x": 97, "y": 811}, {"x": 107, "y": 811}, {"x": 107, "y": 801}, {"x": 97, "y": 801}], [{"x": 97, "y": 855}, {"x": 107, "y": 855}, {"x": 107, "y": 845}, {"x": 97, "y": 842}], [{"x": 97, "y": 877}, {"x": 107, "y": 877}, {"x": 107, "y": 867}, {"x": 97, "y": 867}], [{"x": 119, "y": 723}, {"x": 129, "y": 723}, {"x": 130, "y": 713}, {"x": 119, "y": 713}], [{"x": 119, "y": 767}, {"x": 129, "y": 767}, {"x": 129, "y": 757}, {"x": 119, "y": 757}], [{"x": 119, "y": 811}, {"x": 129, "y": 811}, {"x": 129, "y": 801}, {"x": 119, "y": 801}], [{"x": 119, "y": 855}, {"x": 129, "y": 855}, {"x": 129, "y": 845}, {"x": 119, "y": 845}], [{"x": 119, "y": 877}, {"x": 129, "y": 877}, {"x": 130, "y": 867}, {"x": 115, "y": 867}], [{"x": 141, "y": 789}, {"x": 151, "y": 789}, {"x": 151, "y": 779}, {"x": 141, "y": 779}], [{"x": 141, "y": 814}, {"x": 151, "y": 811}, {"x": 151, "y": 801}, {"x": 141, "y": 801}], [{"x": 163, "y": 635}, {"x": 173, "y": 635}, {"x": 173, "y": 625}, {"x": 163, "y": 625}], [{"x": 163, "y": 745}, {"x": 176, "y": 745}, {"x": 175, "y": 735}, {"x": 163, "y": 735}], [{"x": 163, "y": 767}, {"x": 173, "y": 767}, {"x": 173, "y": 757}, {"x": 163, "y": 754}], [{"x": 163, "y": 811}, {"x": 173, "y": 811}, {"x": 173, "y": 801}, {"x": 163, "y": 801}], [{"x": 185, "y": 679}, {"x": 195, "y": 679}, {"x": 198, "y": 669}, {"x": 185, "y": 669}], [{"x": 185, "y": 701}, {"x": 195, "y": 701}, {"x": 195, "y": 691}, {"x": 185, "y": 691}], [{"x": 185, "y": 745}, {"x": 195, "y": 745}, {"x": 195, "y": 735}, {"x": 185, "y": 735}], [{"x": 185, "y": 767}, {"x": 195, "y": 767}, {"x": 195, "y": 757}, {"x": 185, "y": 757}], [{"x": 185, "y": 811}, {"x": 195, "y": 811}, {"x": 195, "y": 801}, {"x": 185, "y": 801}], [{"x": 185, "y": 855}, {"x": 195, "y": 855}, {"x": 195, "y": 845}, {"x": 185, "y": 845}], [{"x": 207, "y": 195}, {"x": 217, "y": 195}, {"x": 217, "y": 185}, {"x": 207, "y": 185}], [{"x": 207, "y": 239}, {"x": 217, "y": 239}, {"x": 217, "y": 229}, {"x": 207, "y": 229}], [{"x": 207, "y": 261}, {"x": 217, "y": 262}, {"x": 217, "y": 251}, {"x": 207, "y": 251}], [{"x": 207, "y": 283}, {"x": 217, "y": 285}, {"x": 220, "y": 273}, {"x": 207, "y": 273}], [{"x": 207, "y": 305}, {"x": 217, "y": 305}, {"x": 217, "y": 295}, {"x": 207, "y": 295}], [{"x": 207, "y": 349}, {"x": 217, "y": 350}, {"x": 217, "y": 339}, {"x": 207, "y": 339}], [{"x": 207, "y": 371}, {"x": 217, "y": 371}, {"x": 217, "y": 361}, {"x": 207, "y": 361}], [{"x": 207, "y": 393}, {"x": 217, "y": 393}, {"x": 217, "y": 383}, {"x": 207, "y": 383}], [{"x": 207, "y": 415}, {"x": 217, "y": 415}, {"x": 217, "y": 405}, {"x": 207, "y": 405}], [{"x": 207, "y": 528}, {"x": 217, "y": 525}, {"x": 217, "y": 515}, {"x": 207, "y": 515}], [{"x": 204, "y": 547}, {"x": 217, "y": 547}, {"x": 217, "y": 537}, {"x": 207, "y": 537}], [{"x": 207, "y": 569}, {"x": 221, "y": 569}, {"x": 217, "y": 559}, {"x": 207, "y": 559}], [{"x": 207, "y": 723}, {"x": 217, "y": 723}, {"x": 217, "y": 712}, {"x": 207, "y": 713}], [{"x": 207, "y": 789}, {"x": 217, "y": 791}, {"x": 217, "y": 779}, {"x": 207, "y": 779}], [{"x": 207, "y": 833}, {"x": 217, "y": 833}, {"x": 217, "y": 823}, {"x": 207, "y": 822}], [{"x": 207, "y": 855}, {"x": 217, "y": 855}, {"x": 217, "y": 845}, {"x": 207, "y": 845}], [{"x": 207, "y": 877}, {"x": 217, "y": 877}, {"x": 217, "y": 864}, {"x": 207, "y": 867}], [{"x": 229, "y": 195}, {"x": 239, "y": 195}, {"x": 242, "y": 185}, {"x": 229, "y": 185}], [{"x": 229, "y": 239}, {"x": 239, "y": 239}, {"x": 239, "y": 225}, {"x": 229, "y": 226}], [{"x": 229, "y": 305}, {"x": 239, "y": 305}, {"x": 239, "y": 295}, {"x": 229, "y": 292}], [{"x": 229, "y": 327}, {"x": 239, "y": 327}, {"x": 239, "y": 317}, {"x": 229, "y": 317}], [{"x": 229, "y": 372}, {"x": 239, "y": 371}, {"x": 239, "y": 361}, {"x": 229, "y": 361}], [{"x": 229, "y": 415}, {"x": 239, "y": 415}, {"x": 240, "y": 405}, {"x": 229, "y": 405}], [{"x": 229, "y": 459}, {"x": 239, "y": 462}, {"x": 239, "y": 449}, {"x": 229, "y": 449}], [{"x": 229, "y": 481}, {"x": 241, "y": 481}, {"x": 239, "y": 471}, {"x": 229, "y": 471}], [{"x": 229, "y": 504}, {"x": 239, "y": 503}, {"x": 239, "y": 493}, {"x": 226, "y": 493}], [{"x": 229, "y": 547}, {"x": 239, "y": 547}, {"x": 239, "y": 537}, {"x": 229, "y": 537}], [{"x": 229, "y": 569}, {"x": 239, "y": 569}, {"x": 239, "y": 559}, {"x": 229, "y": 556}], [{"x": 229, "y": 591}, {"x": 240, "y": 591}, {"x": 239, "y": 579}, {"x": 227, "y": 581}], [{"x": 229, "y": 635}, {"x": 239, "y": 635}, {"x": 239, "y": 625}, {"x": 229, "y": 625}], [{"x": 229, "y": 745}, {"x": 239, "y": 745}, {"x": 239, "y": 735}, {"x": 229, "y": 734}], [{"x": 225, "y": 769}, {"x": 243, "y": 767}, {"x": 239, "y": 757}, {"x": 229, "y": 757}], [{"x": 229, "y": 789}, {"x": 239, "y": 789}, {"x": 239, "y": 779}, {"x": 228, "y": 779}], [{"x": 229, "y": 811}, {"x": 239, "y": 814}, {"x": 239, "y": 801}, {"x": 229, "y": 801}], [{"x": 229, "y": 833}, {"x": 239, "y": 833}, {"x": 243, "y": 823}, {"x": 229, "y": 823}], [{"x": 251, "y": 173}, {"x": 261, "y": 173}, {"x": 261, "y": 160}, {"x": 249, "y": 163}], [{"x": 251, "y": 196}, {"x": 261, "y": 195}, {"x": 261, "y": 185}, {"x": 251, "y": 185}], [{"x": 247, "y": 283}, {"x": 261, "y": 283}, {"x": 261, "y": 273}, {"x": 251, "y": 273}], [{"x": 251, "y": 305}, {"x": 261, "y": 305}, {"x": 261, "y": 295}, {"x": 251, "y": 295}], [{"x": 251, "y": 329}, {"x": 261, "y": 329}, {"x": 261, "y": 317}, {"x": 251, "y": 317}], [{"x": 251, "y": 371}, {"x": 261, "y": 371}, {"x": 261, "y": 361}, {"x": 251, "y": 360}], [{"x": 251, "y": 415}, {"x": 261, "y": 415}, {"x": 261, "y": 405}, {"x": 248, "y": 404}], [{"x": 251, "y": 459}, {"x": 261, "y": 459}, {"x": 261, "y": 449}, {"x": 247, "y": 449}], [{"x": 251, "y": 504}, {"x": 261, "y": 503}, {"x": 261, "y": 493}, {"x": 251, "y": 493}], [{"x": 251, "y": 547}, {"x": 261, "y": 547}, {"x": 261, "y": 537}, {"x": 251, "y": 537}], [{"x": 251, "y": 613}, {"x": 261, "y": 613}, {"x": 261, "y": 603}, {"x": 251, "y": 603}], [{"x": 251, "y": 657}, {"x": 261, "y": 657}, {"x": 261, "y": 647}, {"x": 251, "y": 647}], [{"x": 251, "y": 679}, {"x": 261, "y": 679}, {"x": 261, "y": 669}, {"x": 251, "y": 669}], [{"x": 251, "y": 701}, {"x": 261, "y": 701}, {"x": 261, "y": 691}, {"x": 251, "y": 691}], [{"x": 251, "y": 790}, {"x": 261, "y": 790}, {"x": 261, "y": 779}, {"x": 251, "y": 779}], [{"x": 251, "y": 855}, {"x": 261, "y": 855}, {"x": 261, "y": 845}, {"x": 251, "y": 841}], [{"x": 273, "y": 173}, {"x": 283, "y": 173}, {"x": 283, "y": 163}, {"x": 269, "y": 163}], [{"x": 273, "y": 195}, {"x": 283, "y": 198}, {"x": 283, "y": 184}, {"x": 273, "y": 185}], [{"x": 273, "y": 305}, {"x": 283, "y": 305}, {"x": 283, "y": 295}, {"x": 273, "y": 295}], [{"x": 273, "y": 327}, {"x": 284, "y": 327}, {"x": 286, "y": 317}, {"x": 273, "y": 317}], [{"x": 273, "y": 349}, {"x": 283, "y": 349}, {"x": 283, "y": 339}, {"x": 273, "y": 339}], [{"x": 273, "y": 371}, {"x": 283, "y": 371}, {"x": 283, "y": 361}, {"x": 273, "y": 361}], [{"x": 273, "y": 393}, {"x": 283, "y": 393}, {"x": 283, "y": 380}, {"x": 273, "y": 383}], [{"x": 273, "y": 437}, {"x": 287, "y": 437}, {"x": 283, "y": 427}, {"x": 273, "y": 427}], [{"x": 273, "y": 459}, {"x": 283, "y": 459}, {"x": 283, "y": 449}, {"x": 273, "y": 449}], [{"x": 273, "y": 481}, {"x": 283, "y": 481}, {"x": 283, "y": 467}, {"x": 273, "y": 471}], [{"x": 273, "y": 503}, {"x": 283, "y": 503}, {"x": 283, "y": 493}, {"x": 273, "y": 493}], [{"x": 273, "y": 525}, {"x": 283, "y": 525}, {"x": 283, "y": 511}, {"x": 273, "y": 515}], [{"x": 273, "y": 613}, {"x": 283, "y": 613}, {"x": 283, "y": 603}, {"x": 273, "y": 603}], [{"x": 270, "y": 635}, {"x": 283, "y": 635}, {"x": 283, "y": 625}, {"x": 273, "y": 625}], [{"x": 271, "y": 679}, {"x": 283, "y": 679}, {"x": 283, "y": 669}, {"x": 273, "y": 666}], [{"x": 273, "y": 701}, {"x": 283, "y": 701}, {"x": 283, "y": 691}, {"x": 273, "y": 691}], [{"x": 271, "y": 723}, {"x": 283, "y": 723}, {"x": 283, "y": 710}, {"x": 273, "y": 713}], [{"x": 273, "y": 746}, {"x": 283, "y": 745}, {"x": 283, "y": 735}, {"x": 273, "y": 735}], [{"x": 273, "y": 833}, {"x": 283, "y": 833}, {"x": 283, "y": 823}, {"x": 273, "y": 823}], [{"x": 271, "y": 855}, {"x": 283, "y": 855}, {"x": 283, "y": 845}, {"x": 273, "y": 845}], [{"x": 295, "y": 151}, {"x": 305, "y": 151}, {"x": 305, "y": 141}, {"x": 295, "y": 141}], [{"x": 295, "y": 198}, {"x": 305, "y": 198}, {"x": 308, "y": 185}, {"x": 295, "y": 185}], [{"x": 295, "y": 217}, {"x": 305, "y": 217}, {"x": 305, "y": 205}, {"x": 295, "y": 207}], [{"x": 295, "y": 239}, {"x": 308, "y": 239}, {"x": 305, "y": 229}, {"x": 295, "y": 227}], [{"x": 295, "y": 261}, {"x": 305, "y": 261}, {"x": 305, "y": 251}, {"x": 295, "y": 247}], [{"x": 295, "y": 327}, {"x": 305, "y": 327}, {"x": 305, "y": 317}, {"x": 295, "y": 317}], [{"x": 292, "y": 349}, {"x": 305, "y": 351}, {"x": 306, "y": 336}, {"x": 295, "y": 339}], [{"x": 295, "y": 371}, {"x": 305, "y": 374}, {"x": 305, "y": 361}, {"x": 295, "y": 361}], [{"x": 295, "y": 437}, {"x": 306, "y": 437}, {"x": 305, "y": 427}, {"x": 295, "y": 427}], [{"x": 295, "y": 459}, {"x": 305, "y": 459}, {"x": 305, "y": 449}, {"x": 293, "y": 449}], [{"x": 295, "y": 525}, {"x": 305, "y": 525}, {"x": 305, "y": 515}, {"x": 295, "y": 515}], [{"x": 291, "y": 569}, {"x": 305, "y": 569}, {"x": 305, "y": 559}, {"x": 295, "y": 557}], [{"x": 294, "y": 613}, {"x": 305, "y": 613}, {"x": 308, "y": 603}, {"x": 295, "y": 603}], [{"x": 295, "y": 635}, {"x": 305, "y": 635}, {"x": 305, "y": 625}, {"x": 295, "y": 625}], [{"x": 295, "y": 657}, {"x": 305, "y": 657}, {"x": 305, "y": 647}, {"x": 295, "y": 647}], [{"x": 295, "y": 679}, {"x": 305, "y": 679}, {"x": 305, "y": 669}, {"x": 295, "y": 669}], [{"x": 295, "y": 701}, {"x": 306, "y": 701}, {"x": 305, "y": 691}, {"x": 293, "y": 691}], [{"x": 295, "y": 726}, {"x": 305, "y": 723}, {"x": 305, "y": 713}, {"x": 295, "y": 713}], [{"x": 295, "y": 745}, {"x": 305, "y": 745}, {"x": 305, "y": 735}, {"x": 295, "y": 732}], [{"x": 295, "y": 767}, {"x": 305, "y": 767}, {"x": 305, "y": 757}, {"x": 295, "y": 757}], [{"x": 295, "y": 833}, {"x": 305, "y": 833}, {"x": 305, "y": 823}, {"x": 295, "y": 823}], [{"x": 294, "y": 855}, {"x": 305, "y": 855}, {"x": 305, "y": 845}, {"x": 295, "y": 845}], [{"x": 315, "y": 132}, {"x": 327, "y": 129}, {"x": 327, "y": 119}, {"x": 315, "y": 119}], [{"x": 317, "y": 151}, {"x": 327, "y": 151}, {"x": 327, "y": 141}, {"x": 317, "y": 141}], [{"x": 317, "y": 217}, {"x": 327, "y": 217}, {"x": 327, "y": 205}, {"x": 317, "y": 207}], [{"x": 317, "y": 239}, {"x": 327, "y": 239}, {"x": 327, "y": 229}, {"x": 316, "y": 229}], [{"x": 317, "y": 261}, {"x": 327, "y": 261}, {"x": 327, "y": 251}, {"x": 317, "y": 251}], [{"x": 317, "y": 327}, {"x": 327, "y": 328}, {"x": 327, "y": 317}, {"x": 317, "y": 317}], [{"x": 316, "y": 349}, {"x": 327, "y": 349}, {"x": 327, "y": 339}, {"x": 317, "y": 339}], [{"x": 317, "y": 393}, {"x": 327, "y": 393}, {"x": 327, "y": 383}, {"x": 317, "y": 383}], [{"x": 317, "y": 437}, {"x": 327, "y": 437}, {"x": 327, "y": 427}, {"x": 317, "y": 427}], [{"x": 317, "y": 459}, {"x": 327, "y": 459}, {"x": 327, "y": 449}, {"x": 317, "y": 449}], [{"x": 317, "y": 481}, {"x": 327, "y": 481}, {"x": 331, "y": 471}, {"x": 317, "y": 471}], [{"x": 317, "y": 525}, {"x": 327, "y": 525}, {"x": 327, "y": 515}, {"x": 317, "y": 515}], [{"x": 317, "y": 547}, {"x": 327, "y": 547}, {"x": 327, "y": 537}, {"x": 316, "y": 537}], [{"x": 317, "y": 635}, {"x": 330, "y": 635}, {"x": 327, "y": 624}, {"x": 317, "y": 625}], [{"x": 317, "y": 657}, {"x": 327, "y": 657}, {"x": 327, "y": 647}, {"x": 317, "y": 647}], [{"x": 317, "y": 681}, {"x": 331, "y": 679}, {"x": 327, "y": 669}, {"x": 317, "y": 668}], [{"x": 317, "y": 701}, {"x": 327, "y": 701}, {"x": 327, "y": 691}, {"x": 317, "y": 691}], [{"x": 317, "y": 723}, {"x": 327, "y": 723}, {"x": 328, "y": 713}, {"x": 317, "y": 713}], [{"x": 317, "y": 770}, {"x": 327, "y": 767}, {"x": 329, "y": 757}, {"x": 317, "y": 757}], [{"x": 314, "y": 789}, {"x": 327, "y": 792}, {"x": 327, "y": 779}, {"x": 317, "y": 779}], [{"x": 317, "y": 811}, {"x": 329, "y": 811}, {"x": 327, "y": 801}, {"x": 317, "y": 801}], [{"x": 317, "y": 833}, {"x": 327, "y": 833}, {"x": 327, "y": 819}, {"x": 317, "y": 821}], [{"x": 339, "y": 129}, {"x": 349, "y": 129}, {"x": 349, "y": 119}, {"x": 339, "y": 119}], [{"x": 339, "y": 151}, {"x": 349, "y": 151}, {"x": 349, "y": 141}, {"x": 339, "y": 141}], [{"x": 339, "y": 173}, {"x": 349, "y": 173}, {"x": 349, "y": 163}, {"x": 339, "y": 163}], [{"x": 339, "y": 239}, {"x": 353, "y": 239}, {"x": 350, "y": 229}, {"x": 339, "y": 229}], [{"x": 339, "y": 261}, {"x": 349, "y": 261}, {"x": 349, "y": 251}, {"x": 339, "y": 251}], [{"x": 339, "y": 283}, {"x": 349, "y": 283}, {"x": 349, "y": 272}, {"x": 339, "y": 273}], [{"x": 337, "y": 305}, {"x": 349, "y": 305}, {"x": 349, "y": 295}, {"x": 339, "y": 295}], [{"x": 337, "y": 374}, {"x": 349, "y": 371}, {"x": 353, "y": 361}, {"x": 339, "y": 361}], [{"x": 339, "y": 437}, {"x": 349, "y": 437}, {"x": 349, "y": 427}, {"x": 339, "y": 427}], [{"x": 339, "y": 459}, {"x": 349, "y": 459}, {"x": 349, "y": 449}, {"x": 339, "y": 449}], [{"x": 339, "y": 481}, {"x": 349, "y": 481}, {"x": 349, "y": 471}, {"x": 339, "y": 471}], [{"x": 339, "y": 503}, {"x": 349, "y": 503}, {"x": 349, "y": 493}, {"x": 339, "y": 493}], [{"x": 339, "y": 547}, {"x": 349, "y": 548}, {"x": 349, "y": 537}, {"x": 339, "y": 537}], [{"x": 339, "y": 569}, {"x": 349, "y": 569}, {"x": 349, "y": 559}, {"x": 339, "y": 559}], [{"x": 339, "y": 591}, {"x": 349, "y": 591}, {"x": 349, "y": 581}, {"x": 339, "y": 581}], [{"x": 339, "y": 679}, {"x": 349, "y": 679}, {"x": 349, "y": 669}, {"x": 339, "y": 669}], [{"x": 339, "y": 701}, {"x": 349, "y": 701}, {"x": 349, "y": 687}, {"x": 339, "y": 691}], [{"x": 339, "y": 745}, {"x": 349, "y": 745}, {"x": 349, "y": 732}, {"x": 339, "y": 733}], [{"x": 339, "y": 767}, {"x": 349, "y": 767}, {"x": 349, "y": 757}, {"x": 339, "y": 757}], [{"x": 339, "y": 789}, {"x": 349, "y": 789}, {"x": 349, "y": 779}, {"x": 339, "y": 779}], [{"x": 339, "y": 811}, {"x": 349, "y": 812}, {"x": 349, "y": 801}, {"x": 339, "y": 801}], [{"x": 361, "y": 107}, {"x": 371, "y": 107}, {"x": 371, "y": 97}, {"x": 361, "y": 97}], [{"x": 361, "y": 151}, {"x": 371, "y": 151}, {"x": 371, "y": 141}, {"x": 361, "y": 141}], [{"x": 361, "y": 195}, {"x": 371, "y": 195}, {"x": 371, "y": 185}, {"x": 361, "y": 185}], [{"x": 361, "y": 217}, {"x": 371, "y": 218}, {"x": 371, "y": 207}, {"x": 361, "y": 207}], [{"x": 361, "y": 239}, {"x": 371, "y": 239}, {"x": 371, "y": 229}, {"x": 361, "y": 229}], [{"x": 361, "y": 285}, {"x": 371, "y": 283}, {"x": 371, "y": 273}, {"x": 361, "y": 273}], [{"x": 361, "y": 327}, {"x": 371, "y": 327}, {"x": 371, "y": 317}, {"x": 361, "y": 315}], [{"x": 361, "y": 393}, {"x": 371, "y": 393}, {"x": 371, "y": 383}, {"x": 361, "y": 380}], [{"x": 361, "y": 437}, {"x": 371, "y": 437}, {"x": 371, "y": 427}, {"x": 361, "y": 427}], [{"x": 361, "y": 459}, {"x": 371, "y": 459}, {"x": 372, "y": 449}, {"x": 361, "y": 449}], [{"x": 361, "y": 481}, {"x": 371, "y": 481}, {"x": 371, "y": 471}, {"x": 361, "y": 471}], [{"x": 361, "y": 503}, {"x": 371, "y": 503}, {"x": 372, "y": 493}, {"x": 361, "y": 493}], [{"x": 361, "y": 613}, {"x": 371, "y": 613}, {"x": 371, "y": 603}, {"x": 361, "y": 603}], [{"x": 361, "y": 657}, {"x": 375, "y": 657}, {"x": 371, "y": 647}, {"x": 361, "y": 647}], [{"x": 361, "y": 679}, {"x": 371, "y": 679}, {"x": 371, "y": 669}, {"x": 357, "y": 669}], [{"x": 361, "y": 723}, {"x": 371, "y": 723}, {"x": 371, "y": 713}, {"x": 361, "y": 713}], [{"x": 361, "y": 789}, {"x": 371, "y": 789}, {"x": 371, "y": 779}, {"x": 361, "y": 779}], [{"x": 383, "y": 107}, {"x": 393, "y": 107}, {"x": 393, "y": 97}, {"x": 383, "y": 97}], [{"x": 383, "y": 151}, {"x": 393, "y": 151}, {"x": 393, "y": 141}, {"x": 383, "y": 141}], [{"x": 383, "y": 173}, {"x": 393, "y": 177}, {"x": 393, "y": 163}, {"x": 383, "y": 161}], [{"x": 383, "y": 261}, {"x": 393, "y": 261}, {"x": 393, "y": 251}, {"x": 383, "y": 251}], [{"x": 382, "y": 283}, {"x": 393, "y": 283}, {"x": 393, "y": 273}, {"x": 383, "y": 273}], [{"x": 379, "y": 327}, {"x": 393, "y": 327}, {"x": 393, "y": 317}, {"x": 383, "y": 313}], [{"x": 383, "y": 371}, {"x": 393, "y": 371}, {"x": 396, "y": 361}, {"x": 383, "y": 361}], [{"x": 383, "y": 395}, {"x": 393, "y": 393}, {"x": 393, "y": 383}, {"x": 383, "y": 383}], [{"x": 383, "y": 437}, {"x": 393, "y": 437}, {"x": 393, "y": 427}, {"x": 383, "y": 427}], [{"x": 383, "y": 459}, {"x": 393, "y": 459}, {"x": 393, "y": 449}, {"x": 383, "y": 449}], [{"x": 383, "y": 503}, {"x": 393, "y": 503}, {"x": 394, "y": 493}, {"x": 383, "y": 493}], [{"x": 383, "y": 525}, {"x": 393, "y": 525}, {"x": 397, "y": 512}, {"x": 383, "y": 515}], [{"x": 383, "y": 547}, {"x": 393, "y": 547}, {"x": 393, "y": 537}, {"x": 383, "y": 537}], [{"x": 383, "y": 569}, {"x": 393, "y": 569}, {"x": 393, "y": 559}, {"x": 383, "y": 559}], [{"x": 379, "y": 657}, {"x": 393, "y": 657}, {"x": 393, "y": 645}, {"x": 383, "y": 647}], [{"x": 383, "y": 679}, {"x": 393, "y": 682}, {"x": 393, "y": 669}, {"x": 383, "y": 669}], [{"x": 383, "y": 701}, {"x": 393, "y": 701}, {"x": 393, "y": 691}, {"x": 383, "y": 687}], [{"x": 383, "y": 745}, {"x": 393, "y": 745}, {"x": 393, "y": 735}, {"x": 383, "y": 731}], [{"x": 383, "y": 767}, {"x": 393, "y": 767}, {"x": 393, "y": 757}, {"x": 383, "y": 757}], [{"x": 383, "y": 789}, {"x": 393, "y": 792}, {"x": 393, "y": 779}, {"x": 379, "y": 779}], [{"x": 405, "y": 88}, {"x": 415, "y": 89}, {"x": 419, "y": 71}, {"x": 402, "y": 75}], [{"x": 405, "y": 107}, {"x": 415, "y": 107}, {"x": 415, "y": 97}, {"x": 405, "y": 97}], [{"x": 405, "y": 151}, {"x": 415, "y": 151}, {"x": 419, "y": 141}, {"x": 405, "y": 141}], [{"x": 405, "y": 195}, {"x": 415, "y": 195}, {"x": 415, "y": 185}, {"x": 405, "y": 185}], [{"x": 405, "y": 242}, {"x": 415, "y": 243}, {"x": 415, "y": 229}, {"x": 405, "y": 229}], [{"x": 405, "y": 261}, {"x": 415, "y": 261}, {"x": 415, "y": 251}, {"x": 405, "y": 251}], [{"x": 405, "y": 305}, {"x": 415, "y": 305}, {"x": 419, "y": 295}, {"x": 404, "y": 295}], [{"x": 405, "y": 349}, {"x": 415, "y": 352}, {"x": 415, "y": 339}, {"x": 405, "y": 339}], [{"x": 405, "y": 415}, {"x": 415, "y": 415}, {"x": 418, "y": 405}, {"x": 405, "y": 405}], [{"x": 405, "y": 459}, {"x": 417, "y": 459}, {"x": 418, "y": 448}, {"x": 405, "y": 449}], [{"x": 405, "y": 482}, {"x": 415, "y": 481}, {"x": 415, "y": 468}, {"x": 405, "y": 471}], [{"x": 405, "y": 547}, {"x": 415, "y": 547}, {"x": 415, "y": 534}, {"x": 405, "y": 537}], [{"x": 404, "y": 657}, {"x": 415, "y": 657}, {"x": 415, "y": 647}, {"x": 405, "y": 644}], [{"x": 405, "y": 679}, {"x": 418, "y": 679}, {"x": 415, "y": 669}, {"x": 405, "y": 669}], [{"x": 405, "y": 723}, {"x": 415, "y": 727}, {"x": 415, "y": 713}, {"x": 402, "y": 713}], [{"x": 405, "y": 745}, {"x": 416, "y": 745}, {"x": 415, "y": 735}, {"x": 405, "y": 735}], [{"x": 404, "y": 767}, {"x": 415, "y": 767}, {"x": 415, "y": 757}, {"x": 405, "y": 757}], [{"x": 405, "y": 833}, {"x": 415, "y": 833}, {"x": 415, "y": 823}, {"x": 405, "y": 823}], [{"x": 427, "y": 173}, {"x": 437, "y": 173}, {"x": 437, "y": 163}, {"x": 427, "y": 163}], [{"x": 427, "y": 195}, {"x": 437, "y": 195}, {"x": 437, "y": 185}, {"x": 427, "y": 181}], [{"x": 427, "y": 217}, {"x": 437, "y": 217}, {"x": 437, "y": 207}, {"x": 427, "y": 207}], [{"x": 427, "y": 261}, {"x": 437, "y": 261}, {"x": 437, "y": 251}, {"x": 427, "y": 251}], [{"x": 427, "y": 327}, {"x": 437, "y": 327}, {"x": 437, "y": 317}, {"x": 427, "y": 313}], [{"x": 427, "y": 349}, {"x": 437, "y": 349}, {"x": 437, "y": 339}, {"x": 427, "y": 339}], [{"x": 427, "y": 482}, {"x": 437, "y": 481}, {"x": 437, "y": 471}, {"x": 427, "y": 471}], [{"x": 427, "y": 503}, {"x": 437, "y": 503}, {"x": 437, "y": 493}, {"x": 427, "y": 493}], [{"x": 427, "y": 635}, {"x": 437, "y": 635}, {"x": 437, "y": 625}, {"x": 427, "y": 625}], [{"x": 427, "y": 657}, {"x": 437, "y": 657}, {"x": 438, "y": 647}, {"x": 427, "y": 645}], [{"x": 423, "y": 723}, {"x": 437, "y": 723}, {"x": 437, "y": 713}, {"x": 427, "y": 713}], [{"x": 423, "y": 768}, {"x": 437, "y": 767}, {"x": 437, "y": 757}, {"x": 427, "y": 757}], [{"x": 427, "y": 811}, {"x": 437, "y": 811}, {"x": 437, "y": 801}, {"x": 427, "y": 801}], [{"x": 427, "y": 833}, {"x": 437, "y": 833}, {"x": 437, "y": 823}, {"x": 427, "y": 823}], [{"x": 449, "y": 63}, {"x": 459, "y": 63}, {"x": 459, "y": 53}, {"x": 447, "y": 53}], [{"x": 449, "y": 107}, {"x": 459, "y": 107}, {"x": 459, "y": 97}, {"x": 449, "y": 97}], [{"x": 449, "y": 173}, {"x": 463, "y": 173}, {"x": 459, "y": 163}, {"x": 449, "y": 163}], [{"x": 449, "y": 239}, {"x": 459, "y": 239}, {"x": 459, "y": 229}, {"x": 449, "y": 229}], [{"x": 449, "y": 261}, {"x": 459, "y": 261}, {"x": 459, "y": 251}, {"x": 449, "y": 251}], [{"x": 449, "y": 305}, {"x": 459, "y": 305}, {"x": 459, "y": 295}, {"x": 449, "y": 295}], [{"x": 449, "y": 327}, {"x": 459, "y": 327}, {"x": 459, "y": 317}, {"x": 445, "y": 316}], [{"x": 449, "y": 349}, {"x": 459, "y": 352}, {"x": 462, "y": 339}, {"x": 449, "y": 339}], [{"x": 449, "y": 393}, {"x": 459, "y": 393}, {"x": 459, "y": 383}, {"x": 446, "y": 383}], [{"x": 449, "y": 503}, {"x": 459, "y": 503}, {"x": 462, "y": 493}, {"x": 449, "y": 491}], [{"x": 449, "y": 569}, {"x": 459, "y": 569}, {"x": 459, "y": 557}, {"x": 449, "y": 559}], [{"x": 449, "y": 657}, {"x": 459, "y": 657}, {"x": 459, "y": 647}, {"x": 449, "y": 647}], [{"x": 449, "y": 679}, {"x": 459, "y": 679}, {"x": 459, "y": 669}, {"x": 449, "y": 669}], [{"x": 449, "y": 723}, {"x": 462, "y": 723}, {"x": 459, "y": 713}, {"x": 449, "y": 713}], [{"x": 449, "y": 767}, {"x": 459, "y": 767}, {"x": 459, "y": 757}, {"x": 449, "y": 755}], [{"x": 449, "y": 789}, {"x": 459, "y": 789}, {"x": 459, "y": 779}, {"x": 448, "y": 779}], [{"x": 449, "y": 833}, {"x": 459, "y": 833}, {"x": 459, "y": 823}, {"x": 445, "y": 823}], [{"x": 471, "y": 85}, {"x": 481, "y": 85}, {"x": 481, "y": 75}, {"x": 471, "y": 75}], [{"x": 471, "y": 107}, {"x": 481, "y": 107}, {"x": 481, "y": 97}, {"x": 471, "y": 97}], [{"x": 471, "y": 129}, {"x": 481, "y": 129}, {"x": 481, "y": 119}, {"x": 471, "y": 119}], [{"x": 471, "y": 195}, {"x": 481, "y": 195}, {"x": 481, "y": 185}, {"x": 471, "y": 185}], [{"x": 471, "y": 217}, {"x": 481, "y": 217}, {"x": 481, "y": 207}, {"x": 471, "y": 207}], [{"x": 471, "y": 239}, {"x": 481, "y": 239}, {"x": 481, "y": 229}, {"x": 471, "y": 229}], [{"x": 471, "y": 261}, {"x": 483, "y": 261}, {"x": 481, "y": 251}, {"x": 471, "y": 251}], [{"x": 471, "y": 283}, {"x": 481, "y": 283}, {"x": 481, "y": 273}, {"x": 471, "y": 273}], [{"x": 471, "y": 305}, {"x": 481, "y": 305}, {"x": 481, "y": 295}, {"x": 471, "y": 295}], [{"x": 471, "y": 327}, {"x": 481, "y": 327}, {"x": 481, "y": 317}, {"x": 471, "y": 317}], [{"x": 471, "y": 415}, {"x": 481, "y": 415}, {"x": 481, "y": 405}, {"x": 471, "y": 405}], [{"x": 471, "y": 440}, {"x": 481, "y": 437}, {"x": 481, "y": 424}, {"x": 471, "y": 427}], [{"x": 471, "y": 459}, {"x": 481, "y": 459}, {"x": 481, "y": 449}, {"x": 471, "y": 449}], [{"x": 467, "y": 481}, {"x": 481, "y": 481}, {"x": 481, "y": 471}, {"x": 471, "y": 471}], [{"x": 471, "y": 547}, {"x": 481, "y": 547}, {"x": 481, "y": 537}, {"x": 471, "y": 537}], [{"x": 469, "y": 613}, {"x": 481, "y": 616}, {"x": 481, "y": 603}, {"x": 471, "y": 599}], [{"x": 471, "y": 635}, {"x": 481, "y": 635}, {"x": 481, "y": 625}, {"x": 467, "y": 625}], [{"x": 471, "y": 701}, {"x": 481, "y": 701}, {"x": 481, "y": 691}, {"x": 471, "y": 691}], [{"x": 470, "y": 771}, {"x": 481, "y": 767}, {"x": 481, "y": 757}, {"x": 469, "y": 757}], [{"x": 471, "y": 811}, {"x": 481, "y": 815}, {"x": 481, "y": 801}, {"x": 471, "y": 801}], [{"x": 493, "y": 41}, {"x": 503, "y": 41}, {"x": 503, "y": 31}, {"x": 493, "y": 31}], [{"x": 493, "y": 129}, {"x": 503, "y": 132}, {"x": 503, "y": 116}, {"x": 493, "y": 119}], [{"x": 493, "y": 239}, {"x": 503, "y": 241}, {"x": 503, "y": 229}, {"x": 493, "y": 229}], [{"x": 493, "y": 261}, {"x": 503, "y": 261}, {"x": 504, "y": 251}, {"x": 493, "y": 251}], [{"x": 493, "y": 283}, {"x": 503, "y": 283}, {"x": 503, "y": 273}, {"x": 493, "y": 273}], [{"x": 493, "y": 305}, {"x": 503, "y": 305}, {"x": 503, "y": 295}, {"x": 493, "y": 295}], [{"x": 493, "y": 327}, {"x": 503, "y": 327}, {"x": 503, "y": 317}, {"x": 493, "y": 317}], [{"x": 493, "y": 349}, {"x": 503, "y": 349}, {"x": 503, "y": 339}, {"x": 493, "y": 339}], [{"x": 493, "y": 371}, {"x": 503, "y": 371}, {"x": 503, "y": 361}, {"x": 493, "y": 361}], [{"x": 493, "y": 437}, {"x": 503, "y": 437}, {"x": 503, "y": 427}, {"x": 493, "y": 427}], [{"x": 493, "y": 459}, {"x": 503, "y": 462}, {"x": 503, "y": 449}, {"x": 493, "y": 449}], [{"x": 493, "y": 481}, {"x": 503, "y": 481}, {"x": 503, "y": 471}, {"x": 493, "y": 471}], [{"x": 493, "y": 503}, {"x": 503, "y": 503}, {"x": 503, "y": 493}, {"x": 493, "y": 493}], [{"x": 493, "y": 525}, {"x": 503, "y": 525}, {"x": 503, "y": 515}, {"x": 493, "y": 515}], [{"x": 493, "y": 613}, {"x": 503, "y": 613}, {"x": 506, "y": 603}, {"x": 493, "y": 603}], [{"x": 493, "y": 635}, {"x": 503, "y": 635}, {"x": 503, "y": 625}, {"x": 493, "y": 625}], [{"x": 493, "y": 661}, {"x": 503, "y": 657}, {"x": 506, "y": 647}, {"x": 493, "y": 647}], [{"x": 493, "y": 679}, {"x": 503, "y": 679}, {"x": 503, "y": 669}, {"x": 493, "y": 669}], [{"x": 493, "y": 701}, {"x": 503, "y": 701}, {"x": 503, "y": 691}, {"x": 493, "y": 691}], [{"x": 493, "y": 723}, {"x": 503, "y": 724}, {"x": 503, "y": 713}, {"x": 493, "y": 713}], [{"x": 491, "y": 767}, {"x": 503, "y": 767}, {"x": 503, "y": 757}, {"x": 493, "y": 757}], [{"x": 493, "y": 789}, {"x": 503, "y": 789}, {"x": 503, "y": 779}, {"x": 493, "y": 779}], [{"x": 515, "y": 41}, {"x": 525, "y": 43}, {"x": 525, "y": 31}, {"x": 515, "y": 31}], [{"x": 515, "y": 85}, {"x": 525, "y": 85}, {"x": 525, "y": 75}, {"x": 515, "y": 75}], [{"x": 515, "y": 151}, {"x": 525, "y": 154}, {"x": 525, "y": 141}, {"x": 515, "y": 137}], [{"x": 515, "y": 173}, {"x": 525, "y": 173}, {"x": 525, "y": 163}, {"x": 515, "y": 159}], [{"x": 515, "y": 217}, {"x": 525, "y": 217}, {"x": 525, "y": 207}, {"x": 515, "y": 207}], [{"x": 515, "y": 261}, {"x": 525, "y": 261}, {"x": 525, "y": 251}, {"x": 515, "y": 251}], [{"x": 515, "y": 283}, {"x": 525, "y": 283}, {"x": 525, "y": 269}, {"x": 515, "y": 273}], [{"x": 515, "y": 351}, {"x": 525, "y": 349}, {"x": 525, "y": 339}, {"x": 515, "y": 339}], [{"x": 512, "y": 437}, {"x": 527, "y": 437}, {"x": 525, "y": 427}, {"x": 515, "y": 425}], [{"x": 515, "y": 525}, {"x": 525, "y": 525}, {"x": 525, "y": 515}, {"x": 515, "y": 515}], [{"x": 515, "y": 569}, {"x": 525, "y": 569}, {"x": 528, "y": 559}, {"x": 515, "y": 559}], [{"x": 515, "y": 635}, {"x": 529, "y": 635}, {"x": 525, "y": 625}, {"x": 515, "y": 625}], [{"x": 515, "y": 657}, {"x": 525, "y": 657}, {"x": 525, "y": 647}, {"x": 515, "y": 647}], [{"x": 515, "y": 811}, {"x": 525, "y": 811}, {"x": 525, "y": 801}, {"x": 515, "y": 801}], [{"x": 515, "y": 833}, {"x": 527, "y": 833}, {"x": 525, "y": 823}, {"x": 515, "y": 823}], [{"x": 537, "y": 63}, {"x": 547, "y": 67}, {"x": 547, "y": 53}, {"x": 537, "y": 53}], [{"x": 537, "y": 85}, {"x": 550, "y": 85}, {"x": 547, "y": 75}, {"x": 537, "y": 75}], [{"x": 537, "y": 108}, {"x": 547, "y": 107}, {"x": 547, "y": 97}, {"x": 537, "y": 97}], [{"x": 537, "y": 130}, {"x": 547, "y": 129}, {"x": 547, "y": 119}, {"x": 537, "y": 119}], [{"x": 537, "y": 151}, {"x": 547, "y": 151}, {"x": 547, "y": 141}, {"x": 537, "y": 141}], [{"x": 537, "y": 195}, {"x": 547, "y": 195}, {"x": 547, "y": 185}, {"x": 537, "y": 185}], [{"x": 537, "y": 305}, {"x": 547, "y": 305}, {"x": 547, "y": 295}, {"x": 537, "y": 295}], [{"x": 537, "y": 327}, {"x": 547, "y": 331}, {"x": 547, "y": 317}, {"x": 537, "y": 317}], [{"x": 537, "y": 418}, {"x": 547, "y": 415}, {"x": 547, "y": 401}, {"x": 537, "y": 405}], [{"x": 537, "y": 482}, {"x": 547, "y": 481}, {"x": 547, "y": 471}, {"x": 537, "y": 471}], [{"x": 537, "y": 591}, {"x": 547, "y": 591}, {"x": 547, "y": 581}, {"x": 537, "y": 581}], [{"x": 537, "y": 657}, {"x": 547, "y": 657}, {"x": 547, "y": 647}, {"x": 537, "y": 646}], [{"x": 537, "y": 679}, {"x": 547, "y": 679}, {"x": 547, "y": 668}, {"x": 535, "y": 669}], [{"x": 537, "y": 701}, {"x": 547, "y": 701}, {"x": 547, "y": 691}, {"x": 537, "y": 691}], [{"x": 537, "y": 723}, {"x": 548, "y": 723}, {"x": 547, "y": 713}, {"x": 537, "y": 713}], [{"x": 537, "y": 811}, {"x": 547, "y": 811}, {"x": 547, "y": 801}, {"x": 537, "y": 801}], [{"x": 559, "y": 151}, {"x": 569, "y": 151}, {"x": 569, "y": 141}, {"x": 559, "y": 141}], [{"x": 559, "y": 173}, {"x": 569, "y": 173}, {"x": 569, "y": 163}, {"x": 559, "y": 163}], [{"x": 559, "y": 195}, {"x": 569, "y": 195}, {"x": 569, "y": 185}, {"x": 559, "y": 185}], [{"x": 559, "y": 217}, {"x": 569, "y": 217}, {"x": 569, "y": 207}, {"x": 559, "y": 207}], [{"x": 559, "y": 261}, {"x": 569, "y": 261}, {"x": 569, "y": 251}, {"x": 556, "y": 251}], [{"x": 559, "y": 305}, {"x": 569, "y": 305}, {"x": 569, "y": 295}, {"x": 559, "y": 295}], [{"x": 559, "y": 327}, {"x": 569, "y": 327}, {"x": 569, "y": 317}, {"x": 559, "y": 314}], [{"x": 559, "y": 349}, {"x": 569, "y": 349}, {"x": 569, "y": 339}, {"x": 559, "y": 339}], [{"x": 559, "y": 459}, {"x": 569, "y": 459}, {"x": 569, "y": 449}, {"x": 559, "y": 445}], [{"x": 559, "y": 503}, {"x": 569, "y": 503}, {"x": 569, "y": 493}, {"x": 559, "y": 493}], [{"x": 559, "y": 525}, {"x": 569, "y": 525}, {"x": 569, "y": 515}, {"x": 559, "y": 515}], [{"x": 557, "y": 591}, {"x": 569, "y": 591}, {"x": 569, "y": 581}, {"x": 559, "y": 581}], [{"x": 559, "y": 613}, {"x": 569, "y": 613}, {"x": 569, "y": 603}, {"x": 559, "y": 600}], [{"x": 559, "y": 635}, {"x": 569, "y": 635}, {"x": 569, "y": 625}, {"x": 559, "y": 625}], [{"x": 559, "y": 657}, {"x": 569, "y": 657}, {"x": 572, "y": 647}, {"x": 559, "y": 647}], [{"x": 559, "y": 679}, {"x": 569, "y": 679}, {"x": 569, "y": 669}, {"x": 559, "y": 669}], [{"x": 559, "y": 705}, {"x": 569, "y": 701}, {"x": 569, "y": 691}, {"x": 559, "y": 691}], [{"x": 559, "y": 726}, {"x": 569, "y": 723}, {"x": 569, "y": 713}, {"x": 559, "y": 713}], [{"x": 559, "y": 767}, {"x": 571, "y": 767}, {"x": 569, "y": 757}, {"x": 559, "y": 755}], [{"x": 559, "y": 811}, {"x": 569, "y": 811}, {"x": 569, "y": 801}, {"x": 559, "y": 801}], [{"x": 581, "y": 129}, {"x": 591, "y": 129}, {"x": 591, "y": 117}, {"x": 581, "y": 119}], [{"x": 581, "y": 151}, {"x": 591, "y": 151}, {"x": 591, "y": 139}, {"x": 581, "y": 141}], [{"x": 581, "y": 195}, {"x": 591, "y": 195}, {"x": 595, "y": 185}, {"x": 581, "y": 185}], [{"x": 581, "y": 327}, {"x": 591, "y": 329}, {"x": 591, "y": 317}, {"x": 581, "y": 317}], [{"x": 581, "y": 393}, {"x": 591, "y": 393}, {"x": 591, "y": 383}, {"x": 581, "y": 383}], [{"x": 581, "y": 437}, {"x": 591, "y": 437}, {"x": 591, "y": 425}, {"x": 581, "y": 427}], [{"x": 581, "y": 459}, {"x": 591, "y": 459}, {"x": 591, "y": 449}, {"x": 581, "y": 446}], [{"x": 581, "y": 525}, {"x": 591, "y": 525}, {"x": 591, "y": 515}, {"x": 581, "y": 515}], [{"x": 581, "y": 547}, {"x": 591, "y": 547}, {"x": 591, "y": 533}, {"x": 581, "y": 537}], [{"x": 581, "y": 638}, {"x": 591, "y": 635}, {"x": 591, "y": 623}, {"x": 581, "y": 624}], [{"x": 581, "y": 745}, {"x": 591, "y": 745}, {"x": 591, "y": 735}, {"x": 581, "y": 735}], [{"x": 579, "y": 789}, {"x": 591, "y": 789}, {"x": 591, "y": 779}, {"x": 579, "y": 776}], [{"x": 603, "y": 107}, {"x": 613, "y": 111}, {"x": 615, "y": 97}, {"x": 603, "y": 97}], [{"x": 599, "y": 195}, {"x": 613, "y": 195}, {"x": 613, "y": 185}, {"x": 599, "y": 185}], [{"x": 603, "y": 217}, {"x": 613, "y": 217}, {"x": 613, "y": 204}, {"x": 603, "y": 207}], [{"x": 603, "y": 239}, {"x": 613, "y": 239}, {"x": 613, "y": 229}, {"x": 603, "y": 226}], [{"x": 603, "y": 305}, {"x": 614, "y": 305}, {"x": 613, "y": 295}, {"x": 603, "y": 295}], [{"x": 603, "y": 349}, {"x": 617, "y": 349}, {"x": 613, "y": 339}, {"x": 603, "y": 339}], [{"x": 603, "y": 371}, {"x": 613, "y": 371}, {"x": 613, "y": 361}, {"x": 602, "y": 360}], [{"x": 601, "y": 397}, {"x": 613, "y": 394}, {"x": 613, "y": 383}, {"x": 603, "y": 383}], [{"x": 603, "y": 437}, {"x": 613, "y": 437}, {"x": 613, "y": 427}, {"x": 603, "y": 427}], [{"x": 600, "y": 481}, {"x": 613, "y": 481}, {"x": 613, "y": 471}, {"x": 603, "y": 471}], [{"x": 601, "y": 505}, {"x": 613, "y": 503}, {"x": 613, "y": 493}, {"x": 603, "y": 493}], [{"x": 602, "y": 525}, {"x": 613, "y": 525}, {"x": 613, "y": 515}, {"x": 603, "y": 515}], [{"x": 603, "y": 569}, {"x": 613, "y": 569}, {"x": 615, "y": 559}, {"x": 603, "y": 559}], [{"x": 603, "y": 635}, {"x": 613, "y": 635}, {"x": 613, "y": 625}, {"x": 603, "y": 625}], [{"x": 603, "y": 682}, {"x": 613, "y": 679}, {"x": 613, "y": 669}, {"x": 603, "y": 669}], [{"x": 603, "y": 701}, {"x": 613, "y": 701}, {"x": 613, "y": 691}, {"x": 600, "y": 691}], [{"x": 603, "y": 745}, {"x": 613, "y": 745}, {"x": 613, "y": 735}, {"x": 603, "y": 735}], [{"x": 603, "y": 767}, {"x": 613, "y": 767}, {"x": 613, "y": 757}, {"x": 603, "y": 757}], [{"x": 603, "y": 791}, {"x": 615, "y": 789}, {"x": 613, "y": 779}, {"x": 600, "y": 779}], [{"x": 603, "y": 811}, {"x": 613, "y": 811}, {"x": 613, "y": 801}, {"x": 603, "y": 801}], [{"x": 625, "y": 109}, {"x": 635, "y": 108}, {"x": 635, "y": 97}, {"x": 625, "y": 97}], [{"x": 625, "y": 129}, {"x": 635, "y": 129}, {"x": 635, "y": 116}, {"x": 625, "y": 119}], [{"x": 625, "y": 173}, {"x": 635, "y": 173}, {"x": 635, "y": 163}, {"x": 625, "y": 163}], [{"x": 624, "y": 195}, {"x": 635, "y": 195}, {"x": 635, "y": 185}, {"x": 625, "y": 185}], [{"x": 621, "y": 239}, {"x": 635, "y": 239}, {"x": 635, "y": 228}, {"x": 625, "y": 229}], [{"x": 625, "y": 283}, {"x": 635, "y": 283}, {"x": 635, "y": 273}, {"x": 625, "y": 273}], [{"x": 625, "y": 305}, {"x": 635, "y": 305}, {"x": 635, "y": 294}, {"x": 625, "y": 295}], [{"x": 624, "y": 349}, {"x": 637, "y": 351}, {"x": 635, "y": 337}, {"x": 625, "y": 339}], [{"x": 625, "y": 396}, {"x": 635, "y": 393}, {"x": 635, "y": 383}, {"x": 622, "y": 380}], [{"x": 625, "y": 415}, {"x": 638, "y": 418}, {"x": 635, "y": 405}, {"x": 625, "y": 405}], [{"x": 625, "y": 459}, {"x": 635, "y": 459}, {"x": 635, "y": 449}, {"x": 625, "y": 449}], [{"x": 625, "y": 481}, {"x": 635, "y": 481}, {"x": 635, "y": 471}, {"x": 625, "y": 471}], [{"x": 625, "y": 503}, {"x": 635, "y": 503}, {"x": 635, "y": 490}, {"x": 622, "y": 492}], [{"x": 625, "y": 525}, {"x": 635, "y": 525}, {"x": 635, "y": 515}, {"x": 625, "y": 515}], [{"x": 625, "y": 569}, {"x": 638, "y": 569}, {"x": 635, "y": 559}, {"x": 625, "y": 559}], [{"x": 625, "y": 613}, {"x": 635, "y": 613}, {"x": 635, "y": 603}, {"x": 625, "y": 603}], [{"x": 625, "y": 657}, {"x": 635, "y": 657}, {"x": 635, "y": 647}, {"x": 625, "y": 647}], [{"x": 625, "y": 679}, {"x": 635, "y": 682}, {"x": 635, "y": 669}, {"x": 625, "y": 669}], [{"x": 625, "y": 770}, {"x": 635, "y": 767}, {"x": 635, "y": 757}, {"x": 625, "y": 757}], [{"x": 647, "y": 129}, {"x": 657, "y": 129}, {"x": 658, "y": 119}, {"x": 647, "y": 115}], [{"x": 647, "y": 173}, {"x": 657, "y": 173}, {"x": 657, "y": 163}, {"x": 647, "y": 163}], [{"x": 647, "y": 239}, {"x": 657, "y": 239}, {"x": 657, "y": 229}, {"x": 647, "y": 229}], [{"x": 647, "y": 327}, {"x": 657, "y": 327}, {"x": 657, "y": 317}, {"x": 647, "y": 317}], [{"x": 647, "y": 393}, {"x": 657, "y": 393}, {"x": 657, "y": 383}, {"x": 647, "y": 383}], [{"x": 647, "y": 415}, {"x": 657, "y": 415}, {"x": 657, "y": 405}, {"x": 647, "y": 405}], [{"x": 647, "y": 459}, {"x": 657, "y": 459}, {"x": 657, "y": 449}, {"x": 647, "y": 449}], [{"x": 647, "y": 591}, {"x": 657, "y": 591}, {"x": 657, "y": 581}, {"x": 647, "y": 581}], [{"x": 647, "y": 613}, {"x": 657, "y": 616}, {"x": 657, "y": 603}, {"x": 647, "y": 599}], [{"x": 647, "y": 679}, {"x": 658, "y": 679}, {"x": 659, "y": 669}, {"x": 647, "y": 667}], [{"x": 647, "y": 701}, {"x": 657, "y": 701}, {"x": 657, "y": 691}, {"x": 647, "y": 691}], [{"x": 647, "y": 723}, {"x": 657, "y": 723}, {"x": 657, "y": 713}, {"x": 647, "y": 713}], [{"x": 647, "y": 767}, {"x": 660, "y": 767}, {"x": 657, "y": 757}, {"x": 647, "y": 757}], [{"x": 669, "y": 151}, {"x": 682, "y": 151}, {"x": 679, "y": 141}, {"x": 669, "y": 141}], [{"x": 669, "y": 173}, {"x": 679, "y": 173}, {"x": 679, "y": 163}, {"x": 669, "y": 163}], [{"x": 669, "y": 239}, {"x": 679, "y": 239}, {"x": 679, "y": 229}, {"x": 669, "y": 229}], [{"x": 665, "y": 283}, {"x": 679, "y": 283}, {"x": 679, "y": 273}, {"x": 669, "y": 273}], [{"x": 669, "y": 305}, {"x": 679, "y": 305}, {"x": 683, "y": 295}, {"x": 669, "y": 295}], [{"x": 669, "y": 327}, {"x": 679, "y": 327}, {"x": 679, "y": 317}, {"x": 669, "y": 317}], [{"x": 669, "y": 393}, {"x": 679, "y": 396}, {"x": 679, "y": 383}, {"x": 669, "y": 383}], [{"x": 669, "y": 415}, {"x": 679, "y": 415}, {"x": 679, "y": 405}, {"x": 669, "y": 405}], [{"x": 669, "y": 437}, {"x": 679, "y": 437}, {"x": 679, "y": 425}, {"x": 669, "y": 427}], [{"x": 669, "y": 460}, {"x": 679, "y": 459}, {"x": 682, "y": 449}, {"x": 669, "y": 449}], [{"x": 669, "y": 503}, {"x": 679, "y": 503}, {"x": 679, "y": 493}, {"x": 669, "y": 493}], [{"x": 669, "y": 569}, {"x": 679, "y": 570}, {"x": 679, "y": 559}, {"x": 669, "y": 556}], [{"x": 669, "y": 615}, {"x": 679, "y": 613}, {"x": 679, "y": 603}, {"x": 669, "y": 602}], [{"x": 669, "y": 635}, {"x": 679, "y": 635}, {"x": 679, "y": 625}, {"x": 669, "y": 625}], [{"x": 669, "y": 658}, {"x": 679, "y": 657}, {"x": 679, "y": 647}, {"x": 665, "y": 647}], [{"x": 669, "y": 723}, {"x": 679, "y": 723}, {"x": 679, "y": 713}, {"x": 669, "y": 713}], [{"x": 669, "y": 767}, {"x": 679, "y": 767}, {"x": 679, "y": 757}, {"x": 669, "y": 757}], [{"x": 666, "y": 789}, {"x": 679, "y": 789}, {"x": 679, "y": 775}, {"x": 669, "y": 779}], [{"x": 691, "y": 173}, {"x": 701, "y": 173}, {"x": 703, "y": 163}, {"x": 691, "y": 163}], [{"x": 691, "y": 239}, {"x": 701, "y": 239}, {"x": 701, "y": 229}, {"x": 691, "y": 229}], [{"x": 691, "y": 263}, {"x": 701, "y": 265}, {"x": 701, "y": 248}, {"x": 691, "y": 251}], [{"x": 691, "y": 305}, {"x": 701, "y": 305}, {"x": 701, "y": 295}, {"x": 691, "y": 295}], [{"x": 691, "y": 349}, {"x": 701, "y": 349}, {"x": 701, "y": 339}, {"x": 691, "y": 339}], [{"x": 691, "y": 437}, {"x": 701, "y": 437}, {"x": 701, "y": 425}, {"x": 691, "y": 427}], [{"x": 691, "y": 459}, {"x": 705, "y": 459}, {"x": 701, "y": 449}, {"x": 691, "y": 449}], [{"x": 691, "y": 481}, {"x": 701, "y": 481}, {"x": 705, "y": 471}, {"x": 691, "y": 471}], [{"x": 691, "y": 525}, {"x": 701, "y": 525}, {"x": 701, "y": 515}, {"x": 691, "y": 515}], [{"x": 691, "y": 569}, {"x": 701, "y": 569}, {"x": 701, "y": 559}, {"x": 691, "y": 559}], [{"x": 691, "y": 613}, {"x": 701, "y": 613}, {"x": 701, "y": 603}, {"x": 691, "y": 603}], [{"x": 691, "y": 657}, {"x": 701, "y": 657}, {"x": 701, "y": 647}, {"x": 691, "y": 647}], [{"x": 691, "y": 679}, {"x": 701, "y": 679}, {"x": 701, "y": 666}, {"x": 691, "y": 669}], [{"x": 691, "y": 723}, {"x": 701, "y": 723}, {"x": 701, "y": 710}, {"x": 691, "y": 713}], [{"x": 691, "y": 789}, {"x": 701, "y": 789}, {"x": 701, "y": 779}, {"x": 691, "y": 779}], [{"x": 713, "y": 173}, {"x": 723, "y": 173}, {"x": 723, "y": 163}, {"x": 713, "y": 163}], [{"x": 713, "y": 195}, {"x": 723, "y": 195}, {"x": 723, "y": 185}, {"x": 713, "y": 185}], [{"x": 713, "y": 309}, {"x": 723, "y": 305}, {"x": 723, "y": 295}, {"x": 713, "y": 295}], [{"x": 713, "y": 437}, {"x": 723, "y": 437}, {"x": 723, "y": 427}, {"x": 713, "y": 427}], [{"x": 713, "y": 459}, {"x": 723, "y": 459}, {"x": 726, "y": 449}, {"x": 713, "y": 445}], [{"x": 712, "y": 484}, {"x": 723, "y": 481}, {"x": 723, "y": 471}, {"x": 713, "y": 471}], [{"x": 711, "y": 503}, {"x": 723, "y": 505}, {"x": 725, "y": 493}, {"x": 713, "y": 493}], [{"x": 713, "y": 569}, {"x": 723, "y": 569}, {"x": 725, "y": 559}, {"x": 713, "y": 559}], [{"x": 713, "y": 613}, {"x": 723, "y": 613}, {"x": 723, "y": 603}, {"x": 713, "y": 603}], [{"x": 713, "y": 635}, {"x": 723, "y": 635}, {"x": 723, "y": 625}, {"x": 713, "y": 625}], [{"x": 713, "y": 679}, {"x": 723, "y": 679}, {"x": 723, "y": 669}, {"x": 713, "y": 669}], [{"x": 713, "y": 701}, {"x": 723, "y": 701}, {"x": 723, "y": 691}, {"x": 713, "y": 691}], [{"x": 713, "y": 723}, {"x": 723, "y": 723}, {"x": 723, "y": 713}, {"x": 713, "y": 713}], [{"x": 735, "y": 195}, {"x": 745, "y": 195}, {"x": 745, "y": 185}, {"x": 735, "y": 185}], [{"x": 735, "y": 285}, {"x": 749, "y": 283}, {"x": 745, "y": 273}, {"x": 735, "y": 270}], [{"x": 735, "y": 437}, {"x": 745, "y": 437}, {"x": 745, "y": 427}, {"x": 735, "y": 427}], [{"x": 735, "y": 481}, {"x": 745, "y": 481}, {"x": 745, "y": 471}, {"x": 735, "y": 471}], [{"x": 735, "y": 525}, {"x": 745, "y": 525}, {"x": 745, "y": 511}, {"x": 735, "y": 515}], [{"x": 735, "y": 548}, {"x": 745, "y": 547}, {"x": 745, "y": 537}, {"x": 735, "y": 537}], [{"x": 735, "y": 569}, {"x": 745, "y": 569}, {"x": 746, "y": 559}, {"x": 735, "y": 559}], [{"x": 731, "y": 635}, {"x": 745, "y": 635}, {"x": 745, "y": 625}, {"x": 735, "y": 624}], [{"x": 735, "y": 680}, {"x": 745, "y": 679}, {"x": 749, "y": 669}, {"x": 733, "y": 669}], [{"x": 735, "y": 745}, {"x": 745, "y": 745}, {"x": 745, "y": 735}, {"x": 735, "y": 735}], [{"x": 757, "y": 239}, {"x": 767, "y": 239}, {"x": 767, "y": 229}, {"x": 757, "y": 229}], [{"x": 757, "y": 371}, {"x": 767, "y": 371}, {"x": 767, "y": 361}, {"x": 757, "y": 361}], [{"x": 757, "y": 415}, {"x": 767, "y": 415}, {"x": 767, "y": 405}, {"x": 757, "y": 405}], [{"x": 757, "y": 503}, {"x": 767, "y": 503}, {"x": 767, "y": 493}, {"x": 757, "y": 493}], [{"x": 753, "y": 525}, {"x": 767, "y": 525}, {"x": 767, "y": 515}, {"x": 757, "y": 515}], [{"x": 757, "y": 569}, {"x": 767, "y": 569}, {"x": 767, "y": 557}, {"x": 757, "y": 559}], [{"x": 757, "y": 591}, {"x": 767, "y": 591}, {"x": 767, "y": 581}, {"x": 757, "y": 581}], [{"x": 757, "y": 657}, {"x": 767, "y": 657}, {"x": 767, "y": 647}, {"x": 757, "y": 647}], [{"x": 757, "y": 701}, {"x": 767, "y": 701}, {"x": 767, "y": 691}, {"x": 756, "y": 691}], [{"x": 757, "y": 723}, {"x": 767, "y": 723}, {"x": 767, "y": 711}, {"x": 757, "y": 713}], [{"x": 757, "y": 745}, {"x": 767, "y": 745}, {"x": 767, "y": 731}, {"x": 757, "y": 732}], [{"x": 779, "y": 239}, {"x": 789, "y": 239}, {"x": 789, "y": 229}, {"x": 779, "y": 229}], [{"x": 779, "y": 261}, {"x": 789, "y": 261}, {"x": 789, "y": 251}, {"x": 779, "y": 251}], [{"x": 779, "y": 283}, {"x": 789, "y": 283}, {"x": 789, "y": 273}, {"x": 779, "y": 273}], [{"x": 779, "y": 305}, {"x": 789, "y": 305}, {"x": 789, "y": 295}, {"x": 779, "y": 293}], [{"x": 779, "y": 327}, {"x": 789, "y": 327}, {"x": 789, "y": 317}, {"x": 779, "y": 317}], [{"x": 779, "y": 349}, {"x": 789, "y": 349}, {"x": 789, "y": 339}, {"x": 779, "y": 339}], [{"x": 779, "y": 371}, {"x": 789, "y": 371}, {"x": 789, "y": 361}, {"x": 779, "y": 361}], [{"x": 779, "y": 393}, {"x": 789, "y": 393}, {"x": 789, "y": 383}, {"x": 779, "y": 383}], [{"x": 779, "y": 415}, {"x": 789, "y": 415}, {"x": 789, "y": 405}, {"x": 779, "y": 405}], [{"x": 779, "y": 459}, {"x": 789, "y": 459}, {"x": 789, "y": 449}, {"x": 779, "y": 449}], [{"x": 779, "y": 569}, {"x": 789, "y": 569}, {"x": 789, "y": 559}, {"x": 779, "y": 559}], [{"x": 779, "y": 591}, {"x": 789, "y": 591}, {"x": 789, "y": 581}, {"x": 779, "y": 581}], [{"x": 779, "y": 635}, {"x": 789, "y": 635}, {"x": 789, "y": 625}, {"x": 779, "y": 625}], [{"x": 779, "y": 657}, {"x": 789, "y": 657}, {"x": 789, "y": 647}, {"x": 779, "y": 644}], [{"x": 779, "y": 679}, {"x": 789, "y": 679}, {"x": 789, "y": 665}, {"x": 779, "y": 669}], [{"x": 779, "y": 701}, {"x": 789, "y": 701}, {"x": 789, "y": 691}, {"x": 779, "y": 691}], [{"x": 779, "y": 723}, {"x": 789, "y": 723}, {"x": 789, "y": 713}, {"x": 779, "y": 713}], [{"x": 779, "y": 745}, {"x": 789, "y": 745}, {"x": 793, "y": 735}, {"x": 775, "y": 735}], [{"x": 779, "y": 767}, {"x": 789, "y": 767}, {"x": 793, "y": 757}, {"x": 779, "y": 757}], [{"x": 801, "y": 217}, {"x": 811, "y": 217}, {"x": 814, "y": 207}, {"x": 801, "y": 207}], [{"x": 801, "y": 243}, {"x": 811, "y": 239}, {"x": 811, "y": 229}, {"x": 801, "y": 229}], [{"x": 801, "y": 261}, {"x": 811, "y": 261}, {"x": 811, "y": 251}, {"x": 801, "y": 251}], [{"x": 801, "y": 283}, {"x": 811, "y": 283}, {"x": 811, "y": 273}, {"x": 801, "y": 273}], [{"x": 801, "y": 305}, {"x": 811, "y": 305}, {"x": 811, "y": 295}, {"x": 801, "y": 295}], [{"x": 801, "y": 393}, {"x": 811, "y": 393}, {"x": 811, "y": 383}, {"x": 801, "y": 383}], [{"x": 801, "y": 437}, {"x": 811, "y": 438}, {"x": 811, "y": 427}, {"x": 801, "y": 427}], [{"x": 801, "y": 550}, {"x": 811, "y": 550}, {"x": 811, "y": 536}, {"x": 801, "y": 537}], [{"x": 801, "y": 617}, {"x": 811, "y": 617}, {"x": 811, "y": 603}, {"x": 798, "y": 603}], [{"x": 801, "y": 635}, {"x": 811, "y": 635}, {"x": 811, "y": 625}, {"x": 801, "y": 625}], [{"x": 801, "y": 679}, {"x": 811, "y": 680}, {"x": 811, "y": 669}, {"x": 801, "y": 669}], [{"x": 801, "y": 701}, {"x": 811, "y": 705}, {"x": 811, "y": 691}, {"x": 801, "y": 691}], [{"x": 801, "y": 745}, {"x": 811, "y": 745}, {"x": 811, "y": 735}, {"x": 801, "y": 735}], [{"x": 799, "y": 767}, {"x": 811, "y": 767}, {"x": 811, "y": 757}, {"x": 801, "y": 757}], [{"x": 823, "y": 239}, {"x": 833, "y": 239}, {"x": 833, "y": 229}, {"x": 823, "y": 229}], [{"x": 823, "y": 261}, {"x": 833, "y": 261}, {"x": 833, "y": 251}, {"x": 823, "y": 251}], [{"x": 823, "y": 287}, {"x": 833, "y": 283}, {"x": 833, "y": 273}, {"x": 823, "y": 273}], [{"x": 823, "y": 305}, {"x": 837, "y": 305}, {"x": 833, "y": 295}, {"x": 823, "y": 295}]]}