{"type": "CGSHOP2023_Instance", "name": "maze_4169_250_025_00", "n": 3336, "outer_boundary": [{"x": 7, "y": 207}, {"x": 500, "y": 233}, {"x": 956, "y": 113}, {"x": 838, "y": 500}, {"x": 831, "y": 971}, {"x": 500, "y": 895}, {"x": 18, "y": 966}, {"x": 126, "y": 500}], "holes": [[{"x": 35, "y": 239}, {"x": 45, "y": 239}, {"x": 45, "y": 229}, {"x": 35, "y": 229}], [{"x": 35, "y": 943}, {"x": 45, "y": 943}, {"x": 45, "y": 933}, {"x": 35, "y": 933}], [{"x": 57, "y": 261}, {"x": 67, "y": 261}, {"x": 67, "y": 251}, {"x": 57, "y": 251}], [{"x": 57, "y": 283}, {"x": 67, "y": 283}, {"x": 67, "y": 273}, {"x": 57, "y": 273}], [{"x": 57, "y": 305}, {"x": 67, "y": 305}, {"x": 67, "y": 295}, {"x": 57, "y": 295}], [{"x": 57, "y": 855}, {"x": 67, "y": 855}, {"x": 67, "y": 845}, {"x": 57, "y": 845}], [{"x": 57, "y": 877}, {"x": 67, "y": 877}, {"x": 67, "y": 867}, {"x": 57, "y": 867}], [{"x": 57, "y": 899}, {"x": 67, "y": 899}, {"x": 67, "y": 889}, {"x": 57, "y": 889}], [{"x": 57, "y": 921}, {"x": 67, "y": 921}, {"x": 67, "y": 911}, {"x": 57, "y": 911}], [{"x": 57, "y": 943}, {"x": 67, "y": 943}, {"x": 67, "y": 933}, {"x": 57, "y": 933}], [{"x": 79, "y": 239}, {"x": 89, "y": 239}, {"x": 89, "y": 229}, {"x": 79, "y": 229}], [{"x": 79, "y": 283}, {"x": 89, "y": 283}, {"x": 89, "y": 273}, {"x": 79, "y": 273}], [{"x": 79, "y": 327}, {"x": 89, "y": 327}, {"x": 89, "y": 317}, {"x": 79, "y": 317}], [{"x": 79, "y": 349}, {"x": 89, "y": 349}, {"x": 89, "y": 339}, {"x": 79, "y": 339}], [{"x": 79, "y": 745}, {"x": 89, "y": 745}, {"x": 89, "y": 735}, {"x": 79, "y": 735}], [{"x": 79, "y": 767}, {"x": 89, "y": 767}, {"x": 89, "y": 757}, {"x": 79, "y": 757}], [{"x": 79, "y": 789}, {"x": 89, "y": 789}, {"x": 89, "y": 779}, {"x": 79, "y": 779}], [{"x": 79, "y": 811}, {"x": 89, "y": 811}, {"x": 89, "y": 801}, {"x": 79, "y": 801}], [{"x": 79, "y": 833}, {"x": 89, "y": 833}, {"x": 89, "y": 823}, {"x": 79, "y": 823}], [{"x": 79, "y": 899}, {"x": 89, "y": 899}, {"x": 89, "y": 889}, {"x": 79, "y": 889}], [{"x": 79, "y": 921}, {"x": 89, "y": 921}, {"x": 89, "y": 911}, {"x": 79, "y": 911}], [{"x": 79, "y": 943}, {"x": 89, "y": 943}, {"x": 89, "y": 933}, {"x": 79, "y": 933}], [{"x": 101, "y": 239}, {"x": 111, "y": 239}, {"x": 111, "y": 229}, {"x": 101, "y": 229}], [{"x": 101, "y": 261}, {"x": 111, "y": 261}, {"x": 111, "y": 251}, {"x": 101, "y": 251}], [{"x": 101, "y": 283}, {"x": 111, "y": 283}, {"x": 111, "y": 273}, {"x": 101, "y": 273}], [{"x": 101, "y": 305}, {"x": 111, "y": 305}, {"x": 111, "y": 295}, {"x": 101, "y": 295}], [{"x": 101, "y": 327}, {"x": 111, "y": 327}, {"x": 111, "y": 317}, {"x": 101, "y": 317}], [{"x": 101, "y": 393}, {"x": 111, "y": 393}, {"x": 111, "y": 383}, {"x": 101, "y": 383}], [{"x": 101, "y": 679}, {"x": 111, "y": 679}, {"x": 111, "y": 669}, {"x": 101, "y": 669}], [{"x": 101, "y": 723}, {"x": 111, "y": 723}, {"x": 111, "y": 713}, {"x": 101, "y": 713}], [{"x": 101, "y": 767}, {"x": 111, "y": 767}, {"x": 111, "y": 757}, {"x": 101, "y": 757}], [{"x": 101, "y": 789}, {"x": 111, "y": 789}, {"x": 111, "y": 779}, {"x": 101, "y": 779}], [{"x": 101, "y": 811}, {"x": 111, "y": 811}, {"x": 111, "y": 801}, {"x": 101, "y": 801}], [{"x": 101, "y": 833}, {"x": 111, "y": 833}, {"x": 111, "y": 823}, {"x": 101, "y": 823}], [{"x": 101, "y": 877}, {"x": 111, "y": 877}, {"x": 111, "y": 867}, {"x": 101, "y": 867}], [{"x": 101, "y": 899}, {"x": 111, "y": 899}, {"x": 111, "y": 889}, {"x": 101, "y": 889}], [{"x": 101, "y": 921}, {"x": 111, "y": 921}, {"x": 111, "y": 911}, {"x": 101, "y": 911}], [{"x": 123, "y": 239}, {"x": 133, "y": 239}, {"x": 133, "y": 229}, {"x": 123, "y": 229}], [{"x": 123, "y": 261}, {"x": 133, "y": 261}, {"x": 133, "y": 251}, {"x": 123, "y": 251}], [{"x": 123, "y": 305}, {"x": 133, "y": 305}, {"x": 133, "y": 295}, {"x": 123, "y": 295}], [{"x": 123, "y": 327}, {"x": 133, "y": 327}, {"x": 133, "y": 317}, {"x": 123, "y": 317}], [{"x": 123, "y": 371}, {"x": 133, "y": 371}, {"x": 133, "y": 361}, {"x": 123, "y": 361}], [{"x": 123, "y": 393}, {"x": 133, "y": 393}, {"x": 133, "y": 383}, {"x": 123, "y": 383}], [{"x": 123, "y": 415}, {"x": 133, "y": 415}, {"x": 133, "y": 405}, {"x": 123, "y": 405}], [{"x": 123, "y": 437}, {"x": 133, "y": 437}, {"x": 133, "y": 427}, {"x": 123, "y": 427}], [{"x": 123, "y": 459}, {"x": 133, "y": 459}, {"x": 133, "y": 449}, {"x": 123, "y": 449}], [{"x": 123, "y": 569}, {"x": 133, "y": 569}, {"x": 133, "y": 559}, {"x": 123, "y": 559}], [{"x": 123, "y": 591}, {"x": 133, "y": 591}, {"x": 133, "y": 581}, {"x": 123, "y": 581}], [{"x": 123, "y": 635}, {"x": 133, "y": 635}, {"x": 133, "y": 625}, {"x": 123, "y": 625}], [{"x": 123, "y": 723}, {"x": 133, "y": 723}, {"x": 133, "y": 713}, {"x": 123, "y": 713}], [{"x": 123, "y": 745}, {"x": 133, "y": 745}, {"x": 133, "y": 735}, {"x": 123, "y": 735}], [{"x": 123, "y": 767}, {"x": 133, "y": 767}, {"x": 133, "y": 757}, {"x": 123, "y": 757}], [{"x": 123, "y": 789}, {"x": 133, "y": 789}, {"x": 133, "y": 779}, {"x": 123, "y": 779}], [{"x": 123, "y": 811}, {"x": 133, "y": 811}, {"x": 133, "y": 801}, {"x": 123, "y": 801}], [{"x": 123, "y": 833}, {"x": 133, "y": 833}, {"x": 133, "y": 823}, {"x": 123, "y": 823}], [{"x": 123, "y": 855}, {"x": 133, "y": 855}, {"x": 133, "y": 845}, {"x": 123, "y": 845}], [{"x": 123, "y": 877}, {"x": 133, "y": 877}, {"x": 133, "y": 867}, {"x": 123, "y": 867}], [{"x": 145, "y": 239}, {"x": 155, "y": 239}, {"x": 155, "y": 229}, {"x": 145, "y": 229}], [{"x": 145, "y": 283}, {"x": 155, "y": 283}, {"x": 155, "y": 273}, {"x": 145, "y": 273}], [{"x": 145, "y": 327}, {"x": 155, "y": 327}, {"x": 155, "y": 317}, {"x": 145, "y": 317}], [{"x": 145, "y": 349}, {"x": 155, "y": 349}, {"x": 155, "y": 339}, {"x": 145, "y": 339}], [{"x": 145, "y": 371}, {"x": 155, "y": 371}, {"x": 155, "y": 361}, {"x": 145, "y": 361}], [{"x": 145, "y": 393}, {"x": 155, "y": 393}, {"x": 155, "y": 383}, {"x": 145, "y": 383}], [{"x": 145, "y": 415}, {"x": 155, "y": 415}, {"x": 155, "y": 405}, {"x": 145, "y": 405}], [{"x": 145, "y": 459}, {"x": 155, "y": 459}, {"x": 155, "y": 449}, {"x": 145, "y": 449}], [{"x": 145, "y": 503}, {"x": 155, "y": 503}, {"x": 155, "y": 493}, {"x": 145, "y": 493}], [{"x": 145, "y": 525}, {"x": 155, "y": 525}, {"x": 155, "y": 515}, {"x": 145, "y": 515}], [{"x": 145, "y": 547}, {"x": 155, "y": 547}, {"x": 155, "y": 537}, {"x": 145, "y": 537}], [{"x": 145, "y": 569}, {"x": 155, "y": 569}, {"x": 155, "y": 559}, {"x": 145, "y": 559}], [{"x": 145, "y": 591}, {"x": 155, "y": 591}, {"x": 155, "y": 581}, {"x": 145, "y": 581}], [{"x": 145, "y": 613}, {"x": 155, "y": 613}, {"x": 155, "y": 603}, {"x": 145, "y": 603}], [{"x": 145, "y": 635}, {"x": 155, "y": 635}, {"x": 155, "y": 625}, {"x": 145, "y": 625}], [{"x": 145, "y": 657}, {"x": 155, "y": 657}, {"x": 155, "y": 647}, {"x": 145, "y": 647}], [{"x": 145, "y": 679}, {"x": 155, "y": 679}, {"x": 155, "y": 669}, {"x": 145, "y": 669}], [{"x": 145, "y": 701}, {"x": 155, "y": 701}, {"x": 155, "y": 691}, {"x": 145, "y": 691}], [{"x": 145, "y": 745}, {"x": 155, "y": 745}, {"x": 155, "y": 735}, {"x": 145, "y": 735}], [{"x": 145, "y": 767}, {"x": 155, "y": 767}, {"x": 155, "y": 757}, {"x": 145, "y": 757}], [{"x": 145, "y": 789}, {"x": 155, "y": 789}, {"x": 155, "y": 779}, {"x": 145, "y": 779}], [{"x": 145, "y": 811}, {"x": 155, "y": 811}, {"x": 155, "y": 801}, {"x": 145, "y": 801}], [{"x": 145, "y": 833}, {"x": 155, "y": 833}, {"x": 155, "y": 823}, {"x": 145, "y": 823}], [{"x": 145, "y": 855}, {"x": 155, "y": 855}, {"x": 155, "y": 845}, {"x": 145, "y": 845}], [{"x": 145, "y": 899}, {"x": 155, "y": 899}, {"x": 155, "y": 889}, {"x": 145, "y": 889}], [{"x": 145, "y": 921}, {"x": 155, "y": 921}, {"x": 155, "y": 911}, {"x": 145, "y": 911}], [{"x": 167, "y": 239}, {"x": 177, "y": 239}, {"x": 177, "y": 229}, {"x": 167, "y": 229}], [{"x": 167, "y": 283}, {"x": 177, "y": 283}, {"x": 177, "y": 273}, {"x": 167, "y": 273}], [{"x": 167, "y": 305}, {"x": 177, "y": 305}, {"x": 177, "y": 295}, {"x": 167, "y": 295}], [{"x": 167, "y": 327}, {"x": 177, "y": 327}, {"x": 177, "y": 317}, {"x": 167, "y": 317}], [{"x": 167, "y": 349}, {"x": 177, "y": 349}, {"x": 177, "y": 339}, {"x": 167, "y": 339}], [{"x": 167, "y": 371}, {"x": 177, "y": 371}, {"x": 177, "y": 361}, {"x": 167, "y": 361}], [{"x": 167, "y": 393}, {"x": 177, "y": 393}, {"x": 177, "y": 383}, {"x": 167, "y": 383}], [{"x": 167, "y": 415}, {"x": 177, "y": 415}, {"x": 177, "y": 405}, {"x": 167, "y": 405}], [{"x": 167, "y": 437}, {"x": 177, "y": 437}, {"x": 177, "y": 427}, {"x": 167, "y": 427}], [{"x": 167, "y": 459}, {"x": 177, "y": 459}, {"x": 177, "y": 449}, {"x": 167, "y": 449}], [{"x": 167, "y": 481}, {"x": 177, "y": 481}, {"x": 177, "y": 471}, {"x": 167, "y": 471}], [{"x": 167, "y": 503}, {"x": 177, "y": 503}, {"x": 177, "y": 493}, {"x": 167, "y": 493}], [{"x": 167, "y": 525}, {"x": 177, "y": 525}, {"x": 177, "y": 515}, {"x": 167, "y": 515}], [{"x": 167, "y": 547}, {"x": 177, "y": 547}, {"x": 177, "y": 537}, {"x": 167, "y": 537}], [{"x": 167, "y": 569}, {"x": 177, "y": 569}, {"x": 177, "y": 559}, {"x": 167, "y": 559}], [{"x": 167, "y": 591}, {"x": 177, "y": 591}, {"x": 177, "y": 581}, {"x": 167, "y": 581}], [{"x": 167, "y": 613}, {"x": 177, "y": 613}, {"x": 177, "y": 603}, {"x": 167, "y": 603}], [{"x": 167, "y": 679}, {"x": 177, "y": 679}, {"x": 177, "y": 669}, {"x": 167, "y": 669}], [{"x": 167, "y": 723}, {"x": 177, "y": 723}, {"x": 177, "y": 713}, {"x": 167, "y": 713}], [{"x": 167, "y": 745}, {"x": 177, "y": 745}, {"x": 177, "y": 735}, {"x": 167, "y": 735}], [{"x": 167, "y": 767}, {"x": 177, "y": 767}, {"x": 177, "y": 757}, {"x": 167, "y": 757}], [{"x": 167, "y": 789}, {"x": 177, "y": 789}, {"x": 177, "y": 779}, {"x": 167, "y": 779}], [{"x": 167, "y": 811}, {"x": 177, "y": 811}, {"x": 177, "y": 801}, {"x": 167, "y": 801}], [{"x": 167, "y": 833}, {"x": 177, "y": 833}, {"x": 177, "y": 823}, {"x": 167, "y": 823}], [{"x": 167, "y": 855}, {"x": 177, "y": 855}, {"x": 177, "y": 845}, {"x": 167, "y": 845}], [{"x": 167, "y": 877}, {"x": 177, "y": 877}, {"x": 177, "y": 867}, {"x": 167, "y": 867}], [{"x": 167, "y": 899}, {"x": 177, "y": 899}, {"x": 177, "y": 889}, {"x": 167, "y": 889}], [{"x": 167, "y": 921}, {"x": 177, "y": 921}, {"x": 177, "y": 911}, {"x": 167, "y": 911}], [{"x": 189, "y": 261}, {"x": 199, "y": 261}, {"x": 199, "y": 251}, {"x": 189, "y": 251}], [{"x": 189, "y": 283}, {"x": 199, "y": 283}, {"x": 199, "y": 273}, {"x": 189, "y": 273}], [{"x": 189, "y": 305}, {"x": 199, "y": 305}, {"x": 199, "y": 295}, {"x": 189, "y": 295}], [{"x": 189, "y": 327}, {"x": 199, "y": 327}, {"x": 199, "y": 317}, {"x": 189, "y": 317}], [{"x": 189, "y": 371}, {"x": 199, "y": 371}, {"x": 199, "y": 361}, {"x": 189, "y": 361}], [{"x": 189, "y": 415}, {"x": 199, "y": 415}, {"x": 199, "y": 405}, {"x": 189, "y": 405}], [{"x": 189, "y": 437}, {"x": 199, "y": 437}, {"x": 199, "y": 427}, {"x": 189, "y": 427}], [{"x": 189, "y": 459}, {"x": 199, "y": 459}, {"x": 199, "y": 449}, {"x": 189, "y": 449}], [{"x": 189, "y": 481}, {"x": 199, "y": 481}, {"x": 199, "y": 471}, {"x": 189, "y": 471}], [{"x": 189, "y": 503}, {"x": 199, "y": 503}, {"x": 199, "y": 493}, {"x": 189, "y": 493}], [{"x": 189, "y": 525}, {"x": 199, "y": 525}, {"x": 199, "y": 515}, {"x": 189, "y": 515}], [{"x": 189, "y": 569}, {"x": 199, "y": 569}, {"x": 199, "y": 559}, {"x": 189, "y": 559}], [{"x": 189, "y": 591}, {"x": 199, "y": 591}, {"x": 199, "y": 581}, {"x": 189, "y": 581}], [{"x": 189, "y": 613}, {"x": 199, "y": 613}, {"x": 199, "y": 603}, {"x": 189, "y": 603}], [{"x": 189, "y": 635}, {"x": 199, "y": 635}, {"x": 199, "y": 625}, {"x": 189, "y": 625}], [{"x": 189, "y": 657}, {"x": 199, "y": 657}, {"x": 199, "y": 647}, {"x": 189, "y": 647}], [{"x": 189, "y": 701}, {"x": 199, "y": 701}, {"x": 199, "y": 691}, {"x": 189, "y": 691}], [{"x": 189, "y": 745}, {"x": 199, "y": 745}, {"x": 199, "y": 735}, {"x": 189, "y": 735}], [{"x": 189, "y": 767}, {"x": 199, "y": 767}, {"x": 199, "y": 757}, {"x": 189, "y": 757}], [{"x": 189, "y": 789}, {"x": 199, "y": 789}, {"x": 199, "y": 779}, {"x": 189, "y": 779}], [{"x": 189, "y": 811}, {"x": 199, "y": 811}, {"x": 199, "y": 801}, {"x": 189, "y": 801}], [{"x": 189, "y": 833}, {"x": 199, "y": 833}, {"x": 199, "y": 823}, {"x": 189, "y": 823}], [{"x": 189, "y": 855}, {"x": 199, "y": 855}, {"x": 199, "y": 845}, {"x": 189, "y": 845}], [{"x": 189, "y": 877}, {"x": 199, "y": 877}, {"x": 199, "y": 867}, {"x": 189, "y": 867}], [{"x": 189, "y": 899}, {"x": 199, "y": 899}, {"x": 199, "y": 889}, {"x": 189, "y": 889}], [{"x": 189, "y": 921}, {"x": 199, "y": 921}, {"x": 199, "y": 911}, {"x": 189, "y": 911}], [{"x": 211, "y": 239}, {"x": 221, "y": 239}, {"x": 221, "y": 229}, {"x": 211, "y": 229}], [{"x": 211, "y": 261}, {"x": 221, "y": 261}, {"x": 221, "y": 251}, {"x": 211, "y": 251}], [{"x": 211, "y": 283}, {"x": 221, "y": 283}, {"x": 221, "y": 273}, {"x": 211, "y": 273}], [{"x": 211, "y": 327}, {"x": 221, "y": 327}, {"x": 221, "y": 317}, {"x": 211, "y": 317}], [{"x": 211, "y": 349}, {"x": 221, "y": 349}, {"x": 221, "y": 339}, {"x": 211, "y": 339}], [{"x": 211, "y": 371}, {"x": 221, "y": 371}, {"x": 221, "y": 361}, {"x": 211, "y": 361}], [{"x": 211, "y": 393}, {"x": 221, "y": 393}, {"x": 221, "y": 383}, {"x": 211, "y": 383}], [{"x": 211, "y": 415}, {"x": 221, "y": 415}, {"x": 221, "y": 405}, {"x": 211, "y": 405}], [{"x": 211, "y": 459}, {"x": 221, "y": 459}, {"x": 221, "y": 449}, {"x": 211, "y": 449}], [{"x": 211, "y": 481}, {"x": 221, "y": 481}, {"x": 221, "y": 471}, {"x": 211, "y": 471}], [{"x": 211, "y": 503}, {"x": 221, "y": 503}, {"x": 221, "y": 493}, {"x": 211, "y": 493}], [{"x": 211, "y": 547}, {"x": 221, "y": 547}, {"x": 221, "y": 537}, {"x": 211, "y": 537}], [{"x": 211, "y": 569}, {"x": 221, "y": 569}, {"x": 221, "y": 559}, {"x": 211, "y": 559}], [{"x": 211, "y": 591}, {"x": 221, "y": 591}, {"x": 221, "y": 581}, {"x": 211, "y": 581}], [{"x": 211, "y": 613}, {"x": 221, "y": 613}, {"x": 221, "y": 603}, {"x": 211, "y": 603}], [{"x": 211, "y": 635}, {"x": 221, "y": 635}, {"x": 221, "y": 625}, {"x": 211, "y": 625}], [{"x": 211, "y": 657}, {"x": 221, "y": 657}, {"x": 221, "y": 647}, {"x": 211, "y": 647}], [{"x": 211, "y": 679}, {"x": 221, "y": 679}, {"x": 221, "y": 669}, {"x": 211, "y": 669}], [{"x": 211, "y": 745}, {"x": 221, "y": 745}, {"x": 221, "y": 735}, {"x": 211, "y": 735}], [{"x": 211, "y": 767}, {"x": 221, "y": 767}, {"x": 221, "y": 757}, {"x": 211, "y": 757}], [{"x": 211, "y": 789}, {"x": 221, "y": 789}, {"x": 221, "y": 779}, {"x": 211, "y": 779}], [{"x": 211, "y": 811}, {"x": 221, "y": 811}, {"x": 221, "y": 801}, {"x": 211, "y": 801}], [{"x": 211, "y": 833}, {"x": 221, "y": 833}, {"x": 221, "y": 823}, {"x": 211, "y": 823}], [{"x": 211, "y": 877}, {"x": 221, "y": 877}, {"x": 221, "y": 867}, {"x": 211, "y": 867}], [{"x": 211, "y": 899}, {"x": 221, "y": 899}, {"x": 221, "y": 889}, {"x": 211, "y": 889}], [{"x": 211, "y": 921}, {"x": 221, "y": 921}, {"x": 221, "y": 911}, {"x": 211, "y": 911}], [{"x": 233, "y": 239}, {"x": 243, "y": 239}, {"x": 243, "y": 229}, {"x": 233, "y": 229}], [{"x": 233, "y": 261}, {"x": 243, "y": 261}, {"x": 243, "y": 251}, {"x": 233, "y": 251}], [{"x": 233, "y": 283}, {"x": 243, "y": 283}, {"x": 243, "y": 273}, {"x": 233, "y": 273}], [{"x": 233, "y": 305}, {"x": 243, "y": 305}, {"x": 243, "y": 295}, {"x": 233, "y": 295}], [{"x": 233, "y": 327}, {"x": 243, "y": 327}, {"x": 243, "y": 317}, {"x": 233, "y": 317}], [{"x": 233, "y": 371}, {"x": 243, "y": 371}, {"x": 243, "y": 361}, {"x": 233, "y": 361}], [{"x": 233, "y": 393}, {"x": 243, "y": 393}, {"x": 243, "y": 383}, {"x": 233, "y": 383}], [{"x": 233, "y": 415}, {"x": 243, "y": 415}, {"x": 243, "y": 405}, {"x": 233, "y": 405}], [{"x": 233, "y": 437}, {"x": 243, "y": 437}, {"x": 243, "y": 427}, {"x": 233, "y": 427}], [{"x": 233, "y": 481}, {"x": 243, "y": 481}, {"x": 243, "y": 471}, {"x": 233, "y": 471}], [{"x": 233, "y": 503}, {"x": 243, "y": 503}, {"x": 243, "y": 493}, {"x": 233, "y": 493}], [{"x": 233, "y": 525}, {"x": 243, "y": 525}, {"x": 243, "y": 515}, {"x": 233, "y": 515}], [{"x": 233, "y": 591}, {"x": 243, "y": 591}, {"x": 243, "y": 581}, {"x": 233, "y": 581}], [{"x": 233, "y": 613}, {"x": 243, "y": 613}, {"x": 243, "y": 603}, {"x": 233, "y": 603}], [{"x": 233, "y": 657}, {"x": 243, "y": 657}, {"x": 243, "y": 647}, {"x": 233, "y": 647}], [{"x": 233, "y": 679}, {"x": 243, "y": 679}, {"x": 243, "y": 669}, {"x": 233, "y": 669}], [{"x": 233, "y": 701}, {"x": 243, "y": 701}, {"x": 243, "y": 691}, {"x": 233, "y": 691}], [{"x": 233, "y": 745}, {"x": 243, "y": 745}, {"x": 243, "y": 735}, {"x": 233, "y": 735}], [{"x": 233, "y": 789}, {"x": 243, "y": 789}, {"x": 243, "y": 779}, {"x": 233, "y": 779}], [{"x": 233, "y": 811}, {"x": 243, "y": 811}, {"x": 243, "y": 801}, {"x": 233, "y": 801}], [{"x": 233, "y": 855}, {"x": 243, "y": 855}, {"x": 243, "y": 845}, {"x": 233, "y": 845}], [{"x": 233, "y": 877}, {"x": 243, "y": 877}, {"x": 243, "y": 867}, {"x": 233, "y": 867}], [{"x": 233, "y": 899}, {"x": 243, "y": 899}, {"x": 243, "y": 889}, {"x": 233, "y": 889}], [{"x": 233, "y": 921}, {"x": 243, "y": 921}, {"x": 243, "y": 911}, {"x": 233, "y": 911}], [{"x": 255, "y": 239}, {"x": 265, "y": 239}, {"x": 265, "y": 229}, {"x": 255, "y": 229}], [{"x": 255, "y": 283}, {"x": 265, "y": 283}, {"x": 265, "y": 273}, {"x": 255, "y": 273}], [{"x": 255, "y": 305}, {"x": 265, "y": 305}, {"x": 265, "y": 295}, {"x": 255, "y": 295}], [{"x": 255, "y": 327}, {"x": 265, "y": 327}, {"x": 265, "y": 317}, {"x": 255, "y": 317}], [{"x": 255, "y": 349}, {"x": 265, "y": 349}, {"x": 265, "y": 339}, {"x": 255, "y": 339}], [{"x": 255, "y": 371}, {"x": 265, "y": 371}, {"x": 265, "y": 361}, {"x": 255, "y": 361}], [{"x": 255, "y": 415}, {"x": 265, "y": 415}, {"x": 265, "y": 405}, {"x": 255, "y": 405}], [{"x": 255, "y": 459}, {"x": 265, "y": 459}, {"x": 265, "y": 449}, {"x": 255, "y": 449}], [{"x": 255, "y": 481}, {"x": 265, "y": 481}, {"x": 265, "y": 471}, {"x": 255, "y": 471}], [{"x": 255, "y": 503}, {"x": 265, "y": 503}, {"x": 265, "y": 493}, {"x": 255, "y": 493}], [{"x": 255, "y": 547}, {"x": 265, "y": 547}, {"x": 265, "y": 537}, {"x": 255, "y": 537}], [{"x": 255, "y": 569}, {"x": 265, "y": 569}, {"x": 265, "y": 559}, {"x": 255, "y": 559}], [{"x": 255, "y": 613}, {"x": 265, "y": 613}, {"x": 265, "y": 603}, {"x": 255, "y": 603}], [{"x": 255, "y": 635}, {"x": 265, "y": 635}, {"x": 265, "y": 625}, {"x": 255, "y": 625}], [{"x": 255, "y": 657}, {"x": 265, "y": 657}, {"x": 265, "y": 647}, {"x": 255, "y": 647}], [{"x": 255, "y": 679}, {"x": 265, "y": 679}, {"x": 265, "y": 669}, {"x": 255, "y": 669}], [{"x": 255, "y": 701}, {"x": 265, "y": 701}, {"x": 265, "y": 691}, {"x": 255, "y": 691}], [{"x": 255, "y": 723}, {"x": 265, "y": 723}, {"x": 265, "y": 713}, {"x": 255, "y": 713}], [{"x": 255, "y": 767}, {"x": 265, "y": 767}, {"x": 265, "y": 757}, {"x": 255, "y": 757}], [{"x": 255, "y": 789}, {"x": 265, "y": 789}, {"x": 265, "y": 779}, {"x": 255, "y": 779}], [{"x": 255, "y": 811}, {"x": 265, "y": 811}, {"x": 265, "y": 801}, {"x": 255, "y": 801}], [{"x": 255, "y": 833}, {"x": 265, "y": 833}, {"x": 265, "y": 823}, {"x": 255, "y": 823}], [{"x": 255, "y": 855}, {"x": 265, "y": 855}, {"x": 265, "y": 845}, {"x": 255, "y": 845}], [{"x": 255, "y": 877}, {"x": 265, "y": 877}, {"x": 265, "y": 867}, {"x": 255, "y": 867}], [{"x": 255, "y": 899}, {"x": 265, "y": 899}, {"x": 265, "y": 889}, {"x": 255, "y": 889}], [{"x": 277, "y": 239}, {"x": 287, "y": 239}, {"x": 287, "y": 229}, {"x": 277, "y": 229}], [{"x": 277, "y": 283}, {"x": 287, "y": 283}, {"x": 287, "y": 273}, {"x": 277, "y": 273}], [{"x": 277, "y": 305}, {"x": 287, "y": 305}, {"x": 287, "y": 295}, {"x": 277, "y": 295}], [{"x": 277, "y": 327}, {"x": 287, "y": 327}, {"x": 287, "y": 317}, {"x": 277, "y": 317}], [{"x": 277, "y": 349}, {"x": 287, "y": 349}, {"x": 287, "y": 339}, {"x": 277, "y": 339}], [{"x": 277, "y": 371}, {"x": 287, "y": 371}, {"x": 287, "y": 361}, {"x": 277, "y": 361}], [{"x": 277, "y": 415}, {"x": 287, "y": 415}, {"x": 287, "y": 405}, {"x": 277, "y": 405}], [{"x": 277, "y": 437}, {"x": 287, "y": 437}, {"x": 287, "y": 427}, {"x": 277, "y": 427}], [{"x": 277, "y": 481}, {"x": 287, "y": 481}, {"x": 287, "y": 471}, {"x": 277, "y": 471}], [{"x": 277, "y": 503}, {"x": 287, "y": 503}, {"x": 287, "y": 493}, {"x": 277, "y": 493}], [{"x": 277, "y": 525}, {"x": 287, "y": 525}, {"x": 287, "y": 515}, {"x": 277, "y": 515}], [{"x": 277, "y": 547}, {"x": 287, "y": 547}, {"x": 287, "y": 537}, {"x": 277, "y": 537}], [{"x": 277, "y": 569}, {"x": 287, "y": 569}, {"x": 287, "y": 559}, {"x": 277, "y": 559}], [{"x": 277, "y": 591}, {"x": 287, "y": 591}, {"x": 287, "y": 581}, {"x": 277, "y": 581}], [{"x": 277, "y": 613}, {"x": 287, "y": 613}, {"x": 287, "y": 603}, {"x": 277, "y": 603}], [{"x": 277, "y": 657}, {"x": 287, "y": 657}, {"x": 287, "y": 647}, {"x": 277, "y": 647}], [{"x": 277, "y": 723}, {"x": 287, "y": 723}, {"x": 287, "y": 713}, {"x": 277, "y": 713}], [{"x": 277, "y": 767}, {"x": 287, "y": 767}, {"x": 287, "y": 757}, {"x": 277, "y": 757}], [{"x": 277, "y": 789}, {"x": 287, "y": 789}, {"x": 287, "y": 779}, {"x": 277, "y": 779}], [{"x": 277, "y": 811}, {"x": 287, "y": 811}, {"x": 287, "y": 801}, {"x": 277, "y": 801}], [{"x": 277, "y": 855}, {"x": 287, "y": 855}, {"x": 287, "y": 845}, {"x": 277, "y": 845}], [{"x": 277, "y": 877}, {"x": 287, "y": 877}, {"x": 287, "y": 867}, {"x": 277, "y": 867}], [{"x": 277, "y": 899}, {"x": 287, "y": 899}, {"x": 287, "y": 889}, {"x": 277, "y": 889}], [{"x": 299, "y": 261}, {"x": 309, "y": 261}, {"x": 309, "y": 251}, {"x": 299, "y": 251}], [{"x": 299, "y": 283}, {"x": 309, "y": 283}, {"x": 309, "y": 273}, {"x": 299, "y": 273}], [{"x": 299, "y": 305}, {"x": 309, "y": 305}, {"x": 309, "y": 295}, {"x": 299, "y": 295}], [{"x": 299, "y": 327}, {"x": 309, "y": 327}, {"x": 309, "y": 317}, {"x": 299, "y": 317}], [{"x": 299, "y": 349}, {"x": 309, "y": 349}, {"x": 309, "y": 339}, {"x": 299, "y": 339}], [{"x": 299, "y": 415}, {"x": 309, "y": 415}, {"x": 309, "y": 405}, {"x": 299, "y": 405}], [{"x": 299, "y": 459}, {"x": 309, "y": 459}, {"x": 309, "y": 449}, {"x": 299, "y": 449}], [{"x": 299, "y": 481}, {"x": 309, "y": 481}, {"x": 309, "y": 471}, {"x": 299, "y": 471}], [{"x": 299, "y": 503}, {"x": 309, "y": 503}, {"x": 309, "y": 493}, {"x": 299, "y": 493}], [{"x": 299, "y": 525}, {"x": 309, "y": 525}, {"x": 309, "y": 515}, {"x": 299, "y": 515}], [{"x": 299, "y": 547}, {"x": 309, "y": 547}, {"x": 309, "y": 537}, {"x": 299, "y": 537}], [{"x": 299, "y": 591}, {"x": 309, "y": 591}, {"x": 309, "y": 581}, {"x": 299, "y": 581}], [{"x": 299, "y": 635}, {"x": 309, "y": 635}, {"x": 309, "y": 625}, {"x": 299, "y": 625}], [{"x": 299, "y": 657}, {"x": 309, "y": 657}, {"x": 309, "y": 647}, {"x": 299, "y": 647}], [{"x": 299, "y": 679}, {"x": 309, "y": 679}, {"x": 309, "y": 669}, {"x": 299, "y": 669}], [{"x": 299, "y": 701}, {"x": 309, "y": 701}, {"x": 309, "y": 691}, {"x": 299, "y": 691}], [{"x": 299, "y": 723}, {"x": 309, "y": 723}, {"x": 309, "y": 713}, {"x": 299, "y": 713}], [{"x": 299, "y": 767}, {"x": 309, "y": 767}, {"x": 309, "y": 757}, {"x": 299, "y": 757}], [{"x": 299, "y": 789}, {"x": 309, "y": 789}, {"x": 309, "y": 779}, {"x": 299, "y": 779}], [{"x": 299, "y": 811}, {"x": 309, "y": 811}, {"x": 309, "y": 801}, {"x": 299, "y": 801}], [{"x": 299, "y": 833}, {"x": 309, "y": 833}, {"x": 309, "y": 823}, {"x": 299, "y": 823}], [{"x": 299, "y": 877}, {"x": 309, "y": 877}, {"x": 309, "y": 867}, {"x": 299, "y": 867}], [{"x": 299, "y": 899}, {"x": 309, "y": 899}, {"x": 309, "y": 889}, {"x": 299, "y": 889}], [{"x": 321, "y": 283}, {"x": 331, "y": 283}, {"x": 331, "y": 273}, {"x": 321, "y": 273}], [{"x": 321, "y": 305}, {"x": 331, "y": 305}, {"x": 331, "y": 295}, {"x": 321, "y": 295}], [{"x": 321, "y": 327}, {"x": 331, "y": 327}, {"x": 331, "y": 317}, {"x": 321, "y": 317}], [{"x": 321, "y": 371}, {"x": 331, "y": 371}, {"x": 331, "y": 361}, {"x": 321, "y": 361}], [{"x": 321, "y": 393}, {"x": 331, "y": 393}, {"x": 331, "y": 383}, {"x": 321, "y": 383}], [{"x": 321, "y": 415}, {"x": 331, "y": 415}, {"x": 331, "y": 405}, {"x": 321, "y": 405}], [{"x": 321, "y": 437}, {"x": 331, "y": 437}, {"x": 331, "y": 427}, {"x": 321, "y": 427}], [{"x": 321, "y": 459}, {"x": 331, "y": 459}, {"x": 331, "y": 449}, {"x": 321, "y": 449}], [{"x": 321, "y": 481}, {"x": 331, "y": 481}, {"x": 331, "y": 471}, {"x": 321, "y": 471}], [{"x": 321, "y": 503}, {"x": 331, "y": 503}, {"x": 331, "y": 493}, {"x": 321, "y": 493}], [{"x": 321, "y": 525}, {"x": 331, "y": 525}, {"x": 331, "y": 515}, {"x": 321, "y": 515}], [{"x": 321, "y": 547}, {"x": 331, "y": 547}, {"x": 331, "y": 537}, {"x": 321, "y": 537}], [{"x": 321, "y": 569}, {"x": 331, "y": 569}, {"x": 331, "y": 559}, {"x": 321, "y": 559}], [{"x": 321, "y": 591}, {"x": 331, "y": 591}, {"x": 331, "y": 581}, {"x": 321, "y": 581}], [{"x": 321, "y": 613}, {"x": 331, "y": 613}, {"x": 331, "y": 603}, {"x": 321, "y": 603}], [{"x": 321, "y": 657}, {"x": 331, "y": 657}, {"x": 331, "y": 647}, {"x": 321, "y": 647}], [{"x": 321, "y": 679}, {"x": 331, "y": 679}, {"x": 331, "y": 669}, {"x": 321, "y": 669}], [{"x": 321, "y": 723}, {"x": 331, "y": 723}, {"x": 331, "y": 713}, {"x": 321, "y": 713}], [{"x": 321, "y": 745}, {"x": 331, "y": 745}, {"x": 331, "y": 735}, {"x": 321, "y": 735}], [{"x": 321, "y": 767}, {"x": 331, "y": 767}, {"x": 331, "y": 757}, {"x": 321, "y": 757}], [{"x": 321, "y": 789}, {"x": 331, "y": 789}, {"x": 331, "y": 779}, {"x": 321, "y": 779}], [{"x": 321, "y": 811}, {"x": 331, "y": 811}, {"x": 331, "y": 801}, {"x": 321, "y": 801}], [{"x": 321, "y": 899}, {"x": 331, "y": 899}, {"x": 331, "y": 889}, {"x": 321, "y": 889}], [{"x": 343, "y": 261}, {"x": 353, "y": 261}, {"x": 353, "y": 251}, {"x": 343, "y": 251}], [{"x": 343, "y": 283}, {"x": 353, "y": 283}, {"x": 353, "y": 273}, {"x": 343, "y": 273}], [{"x": 343, "y": 305}, {"x": 353, "y": 305}, {"x": 353, "y": 295}, {"x": 343, "y": 295}], [{"x": 343, "y": 327}, {"x": 353, "y": 327}, {"x": 353, "y": 317}, {"x": 343, "y": 317}], [{"x": 343, "y": 349}, {"x": 353, "y": 349}, {"x": 353, "y": 339}, {"x": 343, "y": 339}], [{"x": 343, "y": 371}, {"x": 353, "y": 371}, {"x": 353, "y": 361}, {"x": 343, "y": 361}], [{"x": 343, "y": 393}, {"x": 353, "y": 393}, {"x": 353, "y": 383}, {"x": 343, "y": 383}], [{"x": 343, "y": 415}, {"x": 353, "y": 415}, {"x": 353, "y": 405}, {"x": 343, "y": 405}], [{"x": 343, "y": 459}, {"x": 353, "y": 459}, {"x": 353, "y": 449}, {"x": 343, "y": 449}], [{"x": 343, "y": 481}, {"x": 353, "y": 481}, {"x": 353, "y": 471}, {"x": 343, "y": 471}], [{"x": 343, "y": 503}, {"x": 353, "y": 503}, {"x": 353, "y": 493}, {"x": 343, "y": 493}], [{"x": 343, "y": 525}, {"x": 353, "y": 525}, {"x": 353, "y": 515}, {"x": 343, "y": 515}], [{"x": 343, "y": 547}, {"x": 353, "y": 547}, {"x": 353, "y": 537}, {"x": 343, "y": 537}], [{"x": 343, "y": 569}, {"x": 353, "y": 569}, {"x": 353, "y": 559}, {"x": 343, "y": 559}], [{"x": 343, "y": 591}, {"x": 353, "y": 591}, {"x": 353, "y": 581}, {"x": 343, "y": 581}], [{"x": 343, "y": 635}, {"x": 353, "y": 635}, {"x": 353, "y": 625}, {"x": 343, "y": 625}], [{"x": 343, "y": 657}, {"x": 353, "y": 657}, {"x": 353, "y": 647}, {"x": 343, "y": 647}], [{"x": 343, "y": 679}, {"x": 353, "y": 679}, {"x": 353, "y": 669}, {"x": 343, "y": 669}], [{"x": 343, "y": 701}, {"x": 353, "y": 701}, {"x": 353, "y": 691}, {"x": 343, "y": 691}], [{"x": 343, "y": 767}, {"x": 353, "y": 767}, {"x": 353, "y": 757}, {"x": 343, "y": 757}], [{"x": 343, "y": 789}, {"x": 353, "y": 789}, {"x": 353, "y": 779}, {"x": 343, "y": 779}], [{"x": 343, "y": 811}, {"x": 353, "y": 811}, {"x": 353, "y": 801}, {"x": 343, "y": 801}], [{"x": 343, "y": 833}, {"x": 353, "y": 833}, {"x": 353, "y": 823}, {"x": 343, "y": 823}], [{"x": 343, "y": 855}, {"x": 353, "y": 855}, {"x": 353, "y": 845}, {"x": 343, "y": 845}], [{"x": 343, "y": 877}, {"x": 353, "y": 877}, {"x": 353, "y": 867}, {"x": 343, "y": 867}], [{"x": 343, "y": 899}, {"x": 353, "y": 899}, {"x": 353, "y": 889}, {"x": 343, "y": 889}], [{"x": 365, "y": 261}, {"x": 375, "y": 261}, {"x": 375, "y": 251}, {"x": 365, "y": 251}], [{"x": 365, "y": 283}, {"x": 375, "y": 283}, {"x": 375, "y": 273}, {"x": 365, "y": 273}], [{"x": 365, "y": 305}, {"x": 375, "y": 305}, {"x": 375, "y": 295}, {"x": 365, "y": 295}], [{"x": 365, "y": 327}, {"x": 375, "y": 327}, {"x": 375, "y": 317}, {"x": 365, "y": 317}], [{"x": 365, "y": 349}, {"x": 375, "y": 349}, {"x": 375, "y": 339}, {"x": 365, "y": 339}], [{"x": 365, "y": 371}, {"x": 375, "y": 371}, {"x": 375, "y": 361}, {"x": 365, "y": 361}], [{"x": 365, "y": 393}, {"x": 375, "y": 393}, {"x": 375, "y": 383}, {"x": 365, "y": 383}], [{"x": 365, "y": 415}, {"x": 375, "y": 415}, {"x": 375, "y": 405}, {"x": 365, "y": 405}], [{"x": 365, "y": 437}, {"x": 375, "y": 437}, {"x": 375, "y": 427}, {"x": 365, "y": 427}], [{"x": 365, "y": 459}, {"x": 375, "y": 459}, {"x": 375, "y": 449}, {"x": 365, "y": 449}], [{"x": 365, "y": 481}, {"x": 375, "y": 481}, {"x": 375, "y": 471}, {"x": 365, "y": 471}], [{"x": 365, "y": 503}, {"x": 375, "y": 503}, {"x": 375, "y": 493}, {"x": 365, "y": 493}], [{"x": 365, "y": 525}, {"x": 375, "y": 525}, {"x": 375, "y": 515}, {"x": 365, "y": 515}], [{"x": 365, "y": 547}, {"x": 375, "y": 547}, {"x": 375, "y": 537}, {"x": 365, "y": 537}], [{"x": 365, "y": 569}, {"x": 375, "y": 569}, {"x": 375, "y": 559}, {"x": 365, "y": 559}], [{"x": 365, "y": 591}, {"x": 375, "y": 591}, {"x": 375, "y": 581}, {"x": 365, "y": 581}], [{"x": 365, "y": 613}, {"x": 375, "y": 613}, {"x": 375, "y": 603}, {"x": 365, "y": 603}], [{"x": 365, "y": 635}, {"x": 375, "y": 635}, {"x": 375, "y": 625}, {"x": 365, "y": 625}], [{"x": 365, "y": 657}, {"x": 375, "y": 657}, {"x": 375, "y": 647}, {"x": 365, "y": 647}], [{"x": 365, "y": 679}, {"x": 375, "y": 679}, {"x": 375, "y": 669}, {"x": 365, "y": 669}], [{"x": 365, "y": 723}, {"x": 375, "y": 723}, {"x": 375, "y": 713}, {"x": 365, "y": 713}], [{"x": 365, "y": 745}, {"x": 375, "y": 745}, {"x": 375, "y": 735}, {"x": 365, "y": 735}], [{"x": 365, "y": 767}, {"x": 375, "y": 767}, {"x": 375, "y": 757}, {"x": 365, "y": 757}], [{"x": 365, "y": 789}, {"x": 375, "y": 789}, {"x": 375, "y": 779}, {"x": 365, "y": 779}], [{"x": 365, "y": 811}, {"x": 375, "y": 811}, {"x": 375, "y": 801}, {"x": 365, "y": 801}], [{"x": 365, "y": 833}, {"x": 375, "y": 833}, {"x": 375, "y": 823}, {"x": 365, "y": 823}], [{"x": 365, "y": 855}, {"x": 375, "y": 855}, {"x": 375, "y": 845}, {"x": 365, "y": 845}], [{"x": 365, "y": 877}, {"x": 375, "y": 877}, {"x": 375, "y": 867}, {"x": 365, "y": 867}], [{"x": 365, "y": 899}, {"x": 375, "y": 899}, {"x": 375, "y": 889}, {"x": 365, "y": 889}], [{"x": 387, "y": 261}, {"x": 397, "y": 261}, {"x": 397, "y": 251}, {"x": 387, "y": 251}], [{"x": 387, "y": 349}, {"x": 397, "y": 349}, {"x": 397, "y": 339}, {"x": 387, "y": 339}], [{"x": 387, "y": 393}, {"x": 397, "y": 393}, {"x": 397, "y": 383}, {"x": 387, "y": 383}], [{"x": 387, "y": 415}, {"x": 397, "y": 415}, {"x": 397, "y": 405}, {"x": 387, "y": 405}], [{"x": 387, "y": 437}, {"x": 397, "y": 437}, {"x": 397, "y": 427}, {"x": 387, "y": 427}], [{"x": 387, "y": 459}, {"x": 397, "y": 459}, {"x": 397, "y": 449}, {"x": 387, "y": 449}], [{"x": 387, "y": 481}, {"x": 397, "y": 481}, {"x": 397, "y": 471}, {"x": 387, "y": 471}], [{"x": 387, "y": 503}, {"x": 397, "y": 503}, {"x": 397, "y": 493}, {"x": 387, "y": 493}], [{"x": 387, "y": 525}, {"x": 397, "y": 525}, {"x": 397, "y": 515}, {"x": 387, "y": 515}], [{"x": 387, "y": 547}, {"x": 397, "y": 547}, {"x": 397, "y": 537}, {"x": 387, "y": 537}], [{"x": 387, "y": 569}, {"x": 397, "y": 569}, {"x": 397, "y": 559}, {"x": 387, "y": 559}], [{"x": 387, "y": 591}, {"x": 397, "y": 591}, {"x": 397, "y": 581}, {"x": 387, "y": 581}], [{"x": 387, "y": 613}, {"x": 397, "y": 613}, {"x": 397, "y": 603}, {"x": 387, "y": 603}], [{"x": 387, "y": 635}, {"x": 397, "y": 635}, {"x": 397, "y": 625}, {"x": 387, "y": 625}], [{"x": 387, "y": 657}, {"x": 397, "y": 657}, {"x": 397, "y": 647}, {"x": 387, "y": 647}], [{"x": 387, "y": 679}, {"x": 397, "y": 679}, {"x": 397, "y": 669}, {"x": 387, "y": 669}], [{"x": 387, "y": 701}, {"x": 397, "y": 701}, {"x": 397, "y": 691}, {"x": 387, "y": 691}], [{"x": 387, "y": 723}, {"x": 397, "y": 723}, {"x": 397, "y": 713}, {"x": 387, "y": 713}], [{"x": 387, "y": 767}, {"x": 397, "y": 767}, {"x": 397, "y": 757}, {"x": 387, "y": 757}], [{"x": 387, "y": 789}, {"x": 397, "y": 789}, {"x": 397, "y": 779}, {"x": 387, "y": 779}], [{"x": 387, "y": 811}, {"x": 397, "y": 811}, {"x": 397, "y": 801}, {"x": 387, "y": 801}], [{"x": 387, "y": 833}, {"x": 397, "y": 833}, {"x": 397, "y": 823}, {"x": 387, "y": 823}], [{"x": 387, "y": 899}, {"x": 397, "y": 899}, {"x": 397, "y": 889}, {"x": 387, "y": 889}], [{"x": 409, "y": 261}, {"x": 419, "y": 261}, {"x": 419, "y": 251}, {"x": 409, "y": 251}], [{"x": 409, "y": 283}, {"x": 419, "y": 283}, {"x": 419, "y": 273}, {"x": 409, "y": 273}], [{"x": 409, "y": 327}, {"x": 419, "y": 327}, {"x": 419, "y": 317}, {"x": 409, "y": 317}], [{"x": 409, "y": 349}, {"x": 419, "y": 349}, {"x": 419, "y": 339}, {"x": 409, "y": 339}], [{"x": 409, "y": 371}, {"x": 419, "y": 371}, {"x": 419, "y": 361}, {"x": 409, "y": 361}], [{"x": 409, "y": 393}, {"x": 419, "y": 393}, {"x": 419, "y": 383}, {"x": 409, "y": 383}], [{"x": 409, "y": 437}, {"x": 419, "y": 437}, {"x": 419, "y": 427}, {"x": 409, "y": 427}], [{"x": 409, "y": 459}, {"x": 419, "y": 459}, {"x": 419, "y": 449}, {"x": 409, "y": 449}], [{"x": 409, "y": 481}, {"x": 419, "y": 481}, {"x": 419, "y": 471}, {"x": 409, "y": 471}], [{"x": 409, "y": 503}, {"x": 419, "y": 503}, {"x": 419, "y": 493}, {"x": 409, "y": 493}], [{"x": 409, "y": 525}, {"x": 419, "y": 525}, {"x": 419, "y": 515}, {"x": 409, "y": 515}], [{"x": 409, "y": 547}, {"x": 419, "y": 547}, {"x": 419, "y": 537}, {"x": 409, "y": 537}], [{"x": 409, "y": 591}, {"x": 419, "y": 591}, {"x": 419, "y": 581}, {"x": 409, "y": 581}], [{"x": 409, "y": 613}, {"x": 419, "y": 613}, {"x": 419, "y": 603}, {"x": 409, "y": 603}], [{"x": 409, "y": 635}, {"x": 419, "y": 635}, {"x": 419, "y": 625}, {"x": 409, "y": 625}], [{"x": 409, "y": 657}, {"x": 419, "y": 657}, {"x": 419, "y": 647}, {"x": 409, "y": 647}], [{"x": 409, "y": 701}, {"x": 419, "y": 701}, {"x": 419, "y": 691}, {"x": 409, "y": 691}], [{"x": 409, "y": 723}, {"x": 419, "y": 723}, {"x": 419, "y": 713}, {"x": 409, "y": 713}], [{"x": 409, "y": 745}, {"x": 419, "y": 745}, {"x": 419, "y": 735}, {"x": 409, "y": 735}], [{"x": 409, "y": 767}, {"x": 419, "y": 767}, {"x": 419, "y": 757}, {"x": 409, "y": 757}], [{"x": 409, "y": 833}, {"x": 419, "y": 833}, {"x": 419, "y": 823}, {"x": 409, "y": 823}], [{"x": 409, "y": 855}, {"x": 419, "y": 855}, {"x": 419, "y": 845}, {"x": 409, "y": 845}], [{"x": 409, "y": 877}, {"x": 419, "y": 877}, {"x": 419, "y": 867}, {"x": 409, "y": 867}], [{"x": 409, "y": 899}, {"x": 419, "y": 899}, {"x": 419, "y": 889}, {"x": 409, "y": 889}], [{"x": 431, "y": 261}, {"x": 441, "y": 261}, {"x": 441, "y": 251}, {"x": 431, "y": 251}], [{"x": 431, "y": 283}, {"x": 441, "y": 283}, {"x": 441, "y": 273}, {"x": 431, "y": 273}], [{"x": 431, "y": 305}, {"x": 441, "y": 305}, {"x": 441, "y": 295}, {"x": 431, "y": 295}], [{"x": 431, "y": 327}, {"x": 441, "y": 327}, {"x": 441, "y": 317}, {"x": 431, "y": 317}], [{"x": 431, "y": 349}, {"x": 441, "y": 349}, {"x": 441, "y": 339}, {"x": 431, "y": 339}], [{"x": 431, "y": 371}, {"x": 441, "y": 371}, {"x": 441, "y": 361}, {"x": 431, "y": 361}], [{"x": 431, "y": 393}, {"x": 441, "y": 393}, {"x": 441, "y": 383}, {"x": 431, "y": 383}], [{"x": 431, "y": 415}, {"x": 441, "y": 415}, {"x": 441, "y": 405}, {"x": 431, "y": 405}], [{"x": 431, "y": 459}, {"x": 441, "y": 459}, {"x": 441, "y": 449}, {"x": 431, "y": 449}], [{"x": 431, "y": 481}, {"x": 441, "y": 481}, {"x": 441, "y": 471}, {"x": 431, "y": 471}], [{"x": 431, "y": 503}, {"x": 441, "y": 503}, {"x": 441, "y": 493}, {"x": 431, "y": 493}], [{"x": 431, "y": 525}, {"x": 441, "y": 525}, {"x": 441, "y": 515}, {"x": 431, "y": 515}], [{"x": 431, "y": 547}, {"x": 441, "y": 547}, {"x": 441, "y": 537}, {"x": 431, "y": 537}], [{"x": 431, "y": 569}, {"x": 441, "y": 569}, {"x": 441, "y": 559}, {"x": 431, "y": 559}], [{"x": 431, "y": 613}, {"x": 441, "y": 613}, {"x": 441, "y": 603}, {"x": 431, "y": 603}], [{"x": 431, "y": 635}, {"x": 441, "y": 635}, {"x": 441, "y": 625}, {"x": 431, "y": 625}], [{"x": 431, "y": 657}, {"x": 441, "y": 657}, {"x": 441, "y": 647}, {"x": 431, "y": 647}], [{"x": 431, "y": 679}, {"x": 441, "y": 679}, {"x": 441, "y": 669}, {"x": 431, "y": 669}], [{"x": 431, "y": 701}, {"x": 441, "y": 701}, {"x": 441, "y": 691}, {"x": 431, "y": 691}], [{"x": 431, "y": 723}, {"x": 441, "y": 723}, {"x": 441, "y": 713}, {"x": 431, "y": 713}], [{"x": 431, "y": 745}, {"x": 441, "y": 745}, {"x": 441, "y": 735}, {"x": 431, "y": 735}], [{"x": 431, "y": 855}, {"x": 441, "y": 855}, {"x": 441, "y": 845}, {"x": 431, "y": 845}], [{"x": 431, "y": 877}, {"x": 441, "y": 877}, {"x": 441, "y": 867}, {"x": 431, "y": 867}], [{"x": 453, "y": 283}, {"x": 463, "y": 283}, {"x": 463, "y": 273}, {"x": 453, "y": 273}], [{"x": 453, "y": 305}, {"x": 463, "y": 305}, {"x": 463, "y": 295}, {"x": 453, "y": 295}], [{"x": 453, "y": 393}, {"x": 463, "y": 393}, {"x": 463, "y": 383}, {"x": 453, "y": 383}], [{"x": 453, "y": 481}, {"x": 463, "y": 481}, {"x": 463, "y": 471}, {"x": 453, "y": 471}], [{"x": 453, "y": 503}, {"x": 463, "y": 503}, {"x": 463, "y": 493}, {"x": 453, "y": 493}], [{"x": 453, "y": 525}, {"x": 463, "y": 525}, {"x": 463, "y": 515}, {"x": 453, "y": 515}], [{"x": 453, "y": 547}, {"x": 463, "y": 547}, {"x": 463, "y": 537}, {"x": 453, "y": 537}], [{"x": 453, "y": 569}, {"x": 463, "y": 569}, {"x": 463, "y": 559}, {"x": 453, "y": 559}], [{"x": 453, "y": 613}, {"x": 463, "y": 613}, {"x": 463, "y": 603}, {"x": 453, "y": 603}], [{"x": 453, "y": 657}, {"x": 463, "y": 657}, {"x": 463, "y": 647}, {"x": 453, "y": 647}], [{"x": 453, "y": 679}, {"x": 463, "y": 679}, {"x": 463, "y": 669}, {"x": 453, "y": 669}], [{"x": 453, "y": 723}, {"x": 463, "y": 723}, {"x": 463, "y": 713}, {"x": 453, "y": 713}], [{"x": 453, "y": 767}, {"x": 463, "y": 767}, {"x": 463, "y": 757}, {"x": 453, "y": 757}], [{"x": 453, "y": 789}, {"x": 463, "y": 789}, {"x": 463, "y": 779}, {"x": 453, "y": 779}], [{"x": 453, "y": 877}, {"x": 463, "y": 877}, {"x": 463, "y": 867}, {"x": 453, "y": 867}], [{"x": 475, "y": 261}, {"x": 485, "y": 261}, {"x": 485, "y": 251}, {"x": 475, "y": 251}], [{"x": 475, "y": 305}, {"x": 485, "y": 305}, {"x": 485, "y": 295}, {"x": 475, "y": 295}], [{"x": 475, "y": 327}, {"x": 485, "y": 327}, {"x": 485, "y": 317}, {"x": 475, "y": 317}], [{"x": 475, "y": 349}, {"x": 485, "y": 349}, {"x": 485, "y": 339}, {"x": 475, "y": 339}], [{"x": 475, "y": 371}, {"x": 485, "y": 371}, {"x": 485, "y": 361}, {"x": 475, "y": 361}], [{"x": 475, "y": 393}, {"x": 485, "y": 393}, {"x": 485, "y": 383}, {"x": 475, "y": 383}], [{"x": 475, "y": 437}, {"x": 485, "y": 437}, {"x": 485, "y": 427}, {"x": 475, "y": 427}], [{"x": 475, "y": 459}, {"x": 485, "y": 459}, {"x": 485, "y": 449}, {"x": 475, "y": 449}], [{"x": 475, "y": 481}, {"x": 485, "y": 481}, {"x": 485, "y": 471}, {"x": 475, "y": 471}], [{"x": 475, "y": 503}, {"x": 485, "y": 503}, {"x": 485, "y": 493}, {"x": 475, "y": 493}], [{"x": 475, "y": 525}, {"x": 485, "y": 525}, {"x": 485, "y": 515}, {"x": 475, "y": 515}], [{"x": 475, "y": 547}, {"x": 485, "y": 547}, {"x": 485, "y": 537}, {"x": 475, "y": 537}], [{"x": 475, "y": 569}, {"x": 485, "y": 569}, {"x": 485, "y": 559}, {"x": 475, "y": 559}], [{"x": 475, "y": 613}, {"x": 485, "y": 613}, {"x": 485, "y": 603}, {"x": 475, "y": 603}], [{"x": 475, "y": 635}, {"x": 485, "y": 635}, {"x": 485, "y": 625}, {"x": 475, "y": 625}], [{"x": 475, "y": 657}, {"x": 485, "y": 657}, {"x": 485, "y": 647}, {"x": 475, "y": 647}], [{"x": 475, "y": 679}, {"x": 485, "y": 679}, {"x": 485, "y": 669}, {"x": 475, "y": 669}], [{"x": 475, "y": 745}, {"x": 485, "y": 745}, {"x": 485, "y": 735}, {"x": 475, "y": 735}], [{"x": 475, "y": 767}, {"x": 485, "y": 767}, {"x": 485, "y": 757}, {"x": 475, "y": 757}], [{"x": 475, "y": 789}, {"x": 485, "y": 789}, {"x": 485, "y": 779}, {"x": 475, "y": 779}], [{"x": 475, "y": 811}, {"x": 485, "y": 811}, {"x": 485, "y": 801}, {"x": 475, "y": 801}], [{"x": 475, "y": 855}, {"x": 485, "y": 855}, {"x": 485, "y": 845}, {"x": 475, "y": 845}], [{"x": 475, "y": 877}, {"x": 485, "y": 877}, {"x": 485, "y": 867}, {"x": 475, "y": 867}], [{"x": 497, "y": 305}, {"x": 507, "y": 305}, {"x": 507, "y": 295}, {"x": 497, "y": 295}], [{"x": 497, "y": 327}, {"x": 507, "y": 327}, {"x": 507, "y": 317}, {"x": 497, "y": 317}], [{"x": 497, "y": 371}, {"x": 507, "y": 371}, {"x": 507, "y": 361}, {"x": 497, "y": 361}], [{"x": 497, "y": 393}, {"x": 507, "y": 393}, {"x": 507, "y": 383}, {"x": 497, "y": 383}], [{"x": 497, "y": 415}, {"x": 507, "y": 415}, {"x": 507, "y": 405}, {"x": 497, "y": 405}], [{"x": 497, "y": 437}, {"x": 507, "y": 437}, {"x": 507, "y": 427}, {"x": 497, "y": 427}], [{"x": 497, "y": 459}, {"x": 507, "y": 459}, {"x": 507, "y": 449}, {"x": 497, "y": 449}], [{"x": 497, "y": 481}, {"x": 507, "y": 481}, {"x": 507, "y": 471}, {"x": 497, "y": 471}], [{"x": 497, "y": 503}, {"x": 507, "y": 503}, {"x": 507, "y": 493}, {"x": 497, "y": 493}], [{"x": 497, "y": 525}, {"x": 507, "y": 525}, {"x": 507, "y": 515}, {"x": 497, "y": 515}], [{"x": 497, "y": 591}, {"x": 507, "y": 591}, {"x": 507, "y": 581}, {"x": 497, "y": 581}], [{"x": 497, "y": 613}, {"x": 507, "y": 613}, {"x": 507, "y": 603}, {"x": 497, "y": 603}], [{"x": 497, "y": 635}, {"x": 507, "y": 635}, {"x": 507, "y": 625}, {"x": 497, "y": 625}], [{"x": 497, "y": 657}, {"x": 507, "y": 657}, {"x": 507, "y": 647}, {"x": 497, "y": 647}], [{"x": 497, "y": 701}, {"x": 507, "y": 701}, {"x": 507, "y": 691}, {"x": 497, "y": 691}], [{"x": 497, "y": 745}, {"x": 507, "y": 745}, {"x": 507, "y": 735}, {"x": 497, "y": 735}], [{"x": 497, "y": 767}, {"x": 507, "y": 767}, {"x": 507, "y": 757}, {"x": 497, "y": 757}], [{"x": 497, "y": 789}, {"x": 507, "y": 789}, {"x": 507, "y": 779}, {"x": 497, "y": 779}], [{"x": 497, "y": 811}, {"x": 507, "y": 811}, {"x": 507, "y": 801}, {"x": 497, "y": 801}], [{"x": 497, "y": 855}, {"x": 507, "y": 855}, {"x": 507, "y": 845}, {"x": 497, "y": 845}], [{"x": 519, "y": 261}, {"x": 529, "y": 261}, {"x": 529, "y": 251}, {"x": 519, "y": 251}], [{"x": 519, "y": 283}, {"x": 529, "y": 283}, {"x": 529, "y": 273}, {"x": 519, "y": 273}], [{"x": 519, "y": 327}, {"x": 529, "y": 327}, {"x": 529, "y": 317}, {"x": 519, "y": 317}], [{"x": 519, "y": 349}, {"x": 529, "y": 349}, {"x": 529, "y": 339}, {"x": 519, "y": 339}], [{"x": 519, "y": 371}, {"x": 529, "y": 371}, {"x": 529, "y": 361}, {"x": 519, "y": 361}], [{"x": 519, "y": 393}, {"x": 529, "y": 393}, {"x": 529, "y": 383}, {"x": 519, "y": 383}], [{"x": 519, "y": 437}, {"x": 529, "y": 437}, {"x": 529, "y": 427}, {"x": 519, "y": 427}], [{"x": 519, "y": 459}, {"x": 529, "y": 459}, {"x": 529, "y": 449}, {"x": 519, "y": 449}], [{"x": 519, "y": 503}, {"x": 529, "y": 503}, {"x": 529, "y": 493}, {"x": 519, "y": 493}], [{"x": 519, "y": 525}, {"x": 529, "y": 525}, {"x": 529, "y": 515}, {"x": 519, "y": 515}], [{"x": 519, "y": 569}, {"x": 529, "y": 569}, {"x": 529, "y": 559}, {"x": 519, "y": 559}], [{"x": 519, "y": 591}, {"x": 529, "y": 591}, {"x": 529, "y": 581}, {"x": 519, "y": 581}], [{"x": 519, "y": 613}, {"x": 529, "y": 613}, {"x": 529, "y": 603}, {"x": 519, "y": 603}], [{"x": 519, "y": 635}, {"x": 529, "y": 635}, {"x": 529, "y": 625}, {"x": 519, "y": 625}], [{"x": 519, "y": 657}, {"x": 529, "y": 657}, {"x": 529, "y": 647}, {"x": 519, "y": 647}], [{"x": 519, "y": 679}, {"x": 529, "y": 679}, {"x": 529, "y": 669}, {"x": 519, "y": 669}], [{"x": 519, "y": 723}, {"x": 529, "y": 723}, {"x": 529, "y": 713}, {"x": 519, "y": 713}], [{"x": 519, "y": 767}, {"x": 529, "y": 767}, {"x": 529, "y": 757}, {"x": 519, "y": 757}], [{"x": 519, "y": 811}, {"x": 529, "y": 811}, {"x": 529, "y": 801}, {"x": 519, "y": 801}], [{"x": 519, "y": 833}, {"x": 529, "y": 833}, {"x": 529, "y": 823}, {"x": 519, "y": 823}], [{"x": 519, "y": 855}, {"x": 529, "y": 855}, {"x": 529, "y": 845}, {"x": 519, "y": 845}], [{"x": 519, "y": 877}, {"x": 529, "y": 877}, {"x": 529, "y": 867}, {"x": 519, "y": 867}], [{"x": 541, "y": 283}, {"x": 551, "y": 283}, {"x": 551, "y": 273}, {"x": 541, "y": 273}], [{"x": 541, "y": 327}, {"x": 551, "y": 327}, {"x": 551, "y": 317}, {"x": 541, "y": 317}], [{"x": 541, "y": 371}, {"x": 551, "y": 371}, {"x": 551, "y": 361}, {"x": 541, "y": 361}], [{"x": 541, "y": 393}, {"x": 551, "y": 393}, {"x": 551, "y": 383}, {"x": 541, "y": 383}], [{"x": 541, "y": 415}, {"x": 551, "y": 415}, {"x": 551, "y": 405}, {"x": 541, "y": 405}], [{"x": 541, "y": 437}, {"x": 551, "y": 437}, {"x": 551, "y": 427}, {"x": 541, "y": 427}], [{"x": 541, "y": 459}, {"x": 551, "y": 459}, {"x": 551, "y": 449}, {"x": 541, "y": 449}], [{"x": 541, "y": 481}, {"x": 551, "y": 481}, {"x": 551, "y": 471}, {"x": 541, "y": 471}], [{"x": 541, "y": 503}, {"x": 551, "y": 503}, {"x": 551, "y": 493}, {"x": 541, "y": 493}], [{"x": 541, "y": 525}, {"x": 551, "y": 525}, {"x": 551, "y": 515}, {"x": 541, "y": 515}], [{"x": 541, "y": 569}, {"x": 551, "y": 569}, {"x": 551, "y": 559}, {"x": 541, "y": 559}], [{"x": 541, "y": 591}, {"x": 551, "y": 591}, {"x": 551, "y": 581}, {"x": 541, "y": 581}], [{"x": 541, "y": 613}, {"x": 551, "y": 613}, {"x": 551, "y": 603}, {"x": 541, "y": 603}], [{"x": 541, "y": 635}, {"x": 551, "y": 635}, {"x": 551, "y": 625}, {"x": 541, "y": 625}], [{"x": 541, "y": 657}, {"x": 551, "y": 657}, {"x": 551, "y": 647}, {"x": 541, "y": 647}], [{"x": 541, "y": 679}, {"x": 551, "y": 679}, {"x": 551, "y": 669}, {"x": 541, "y": 669}], [{"x": 541, "y": 701}, {"x": 551, "y": 701}, {"x": 551, "y": 691}, {"x": 541, "y": 691}], [{"x": 541, "y": 723}, {"x": 551, "y": 723}, {"x": 551, "y": 713}, {"x": 541, "y": 713}], [{"x": 541, "y": 767}, {"x": 551, "y": 767}, {"x": 551, "y": 757}, {"x": 541, "y": 757}], [{"x": 541, "y": 789}, {"x": 551, "y": 789}, {"x": 551, "y": 779}, {"x": 541, "y": 779}], [{"x": 541, "y": 833}, {"x": 551, "y": 833}, {"x": 551, "y": 823}, {"x": 541, "y": 823}], [{"x": 541, "y": 855}, {"x": 551, "y": 855}, {"x": 551, "y": 845}, {"x": 541, "y": 845}], [{"x": 541, "y": 877}, {"x": 551, "y": 877}, {"x": 551, "y": 867}, {"x": 541, "y": 867}], [{"x": 563, "y": 239}, {"x": 573, "y": 239}, {"x": 573, "y": 229}, {"x": 563, "y": 229}], [{"x": 563, "y": 283}, {"x": 573, "y": 283}, {"x": 573, "y": 273}, {"x": 563, "y": 273}], [{"x": 563, "y": 305}, {"x": 573, "y": 305}, {"x": 573, "y": 295}, {"x": 563, "y": 295}], [{"x": 563, "y": 327}, {"x": 573, "y": 327}, {"x": 573, "y": 317}, {"x": 563, "y": 317}], [{"x": 563, "y": 349}, {"x": 573, "y": 349}, {"x": 573, "y": 339}, {"x": 563, "y": 339}], [{"x": 563, "y": 371}, {"x": 573, "y": 371}, {"x": 573, "y": 361}, {"x": 563, "y": 361}], [{"x": 563, "y": 393}, {"x": 573, "y": 393}, {"x": 573, "y": 383}, {"x": 563, "y": 383}], [{"x": 563, "y": 437}, {"x": 573, "y": 437}, {"x": 573, "y": 427}, {"x": 563, "y": 427}], [{"x": 563, "y": 459}, {"x": 573, "y": 459}, {"x": 573, "y": 449}, {"x": 563, "y": 449}], [{"x": 563, "y": 481}, {"x": 573, "y": 481}, {"x": 573, "y": 471}, {"x": 563, "y": 471}], [{"x": 563, "y": 503}, {"x": 573, "y": 503}, {"x": 573, "y": 493}, {"x": 563, "y": 493}], [{"x": 563, "y": 525}, {"x": 573, "y": 525}, {"x": 573, "y": 515}, {"x": 563, "y": 515}], [{"x": 563, "y": 547}, {"x": 573, "y": 547}, {"x": 573, "y": 537}, {"x": 563, "y": 537}], [{"x": 563, "y": 569}, {"x": 573, "y": 569}, {"x": 573, "y": 559}, {"x": 563, "y": 559}], [{"x": 563, "y": 613}, {"x": 573, "y": 613}, {"x": 573, "y": 603}, {"x": 563, "y": 603}], [{"x": 563, "y": 635}, {"x": 573, "y": 635}, {"x": 573, "y": 625}, {"x": 563, "y": 625}], [{"x": 563, "y": 679}, {"x": 573, "y": 679}, {"x": 573, "y": 669}, {"x": 563, "y": 669}], [{"x": 563, "y": 745}, {"x": 573, "y": 745}, {"x": 573, "y": 735}, {"x": 563, "y": 735}], [{"x": 563, "y": 767}, {"x": 573, "y": 767}, {"x": 573, "y": 757}, {"x": 563, "y": 757}], [{"x": 563, "y": 789}, {"x": 573, "y": 789}, {"x": 573, "y": 779}, {"x": 563, "y": 779}], [{"x": 563, "y": 833}, {"x": 573, "y": 833}, {"x": 573, "y": 823}, {"x": 563, "y": 823}], [{"x": 563, "y": 877}, {"x": 573, "y": 877}, {"x": 573, "y": 867}, {"x": 563, "y": 867}], [{"x": 585, "y": 239}, {"x": 595, "y": 239}, {"x": 595, "y": 229}, {"x": 585, "y": 229}], [{"x": 585, "y": 261}, {"x": 595, "y": 261}, {"x": 595, "y": 251}, {"x": 585, "y": 251}], [{"x": 585, "y": 349}, {"x": 595, "y": 349}, {"x": 595, "y": 339}, {"x": 585, "y": 339}], [{"x": 585, "y": 371}, {"x": 595, "y": 371}, {"x": 595, "y": 361}, {"x": 585, "y": 361}], [{"x": 585, "y": 393}, {"x": 595, "y": 393}, {"x": 595, "y": 383}, {"x": 585, "y": 383}], [{"x": 585, "y": 415}, {"x": 595, "y": 415}, {"x": 595, "y": 405}, {"x": 585, "y": 405}], [{"x": 585, "y": 459}, {"x": 595, "y": 459}, {"x": 595, "y": 449}, {"x": 585, "y": 449}], [{"x": 585, "y": 481}, {"x": 595, "y": 481}, {"x": 595, "y": 471}, {"x": 585, "y": 471}], [{"x": 585, "y": 503}, {"x": 595, "y": 503}, {"x": 595, "y": 493}, {"x": 585, "y": 493}], [{"x": 585, "y": 525}, {"x": 595, "y": 525}, {"x": 595, "y": 515}, {"x": 585, "y": 515}], [{"x": 585, "y": 547}, {"x": 595, "y": 547}, {"x": 595, "y": 537}, {"x": 585, "y": 537}], [{"x": 585, "y": 635}, {"x": 595, "y": 635}, {"x": 595, "y": 625}, {"x": 585, "y": 625}], [{"x": 585, "y": 657}, {"x": 595, "y": 657}, {"x": 595, "y": 647}, {"x": 585, "y": 647}], [{"x": 585, "y": 679}, {"x": 595, "y": 679}, {"x": 595, "y": 669}, {"x": 585, "y": 669}], [{"x": 585, "y": 701}, {"x": 595, "y": 701}, {"x": 595, "y": 691}, {"x": 585, "y": 691}], [{"x": 585, "y": 723}, {"x": 595, "y": 723}, {"x": 595, "y": 713}, {"x": 585, "y": 713}], [{"x": 585, "y": 745}, {"x": 595, "y": 745}, {"x": 595, "y": 735}, {"x": 585, "y": 735}], [{"x": 585, "y": 767}, {"x": 595, "y": 767}, {"x": 595, "y": 757}, {"x": 585, "y": 757}], [{"x": 585, "y": 811}, {"x": 595, "y": 811}, {"x": 595, "y": 801}, {"x": 585, "y": 801}], [{"x": 585, "y": 833}, {"x": 595, "y": 833}, {"x": 595, "y": 823}, {"x": 585, "y": 823}], [{"x": 585, "y": 855}, {"x": 595, "y": 855}, {"x": 595, "y": 845}, {"x": 585, "y": 845}], [{"x": 585, "y": 877}, {"x": 595, "y": 877}, {"x": 595, "y": 867}, {"x": 585, "y": 867}], [{"x": 585, "y": 899}, {"x": 595, "y": 899}, {"x": 595, "y": 889}, {"x": 585, "y": 889}], [{"x": 607, "y": 239}, {"x": 617, "y": 239}, {"x": 617, "y": 229}, {"x": 607, "y": 229}], [{"x": 607, "y": 261}, {"x": 617, "y": 261}, {"x": 617, "y": 251}, {"x": 607, "y": 251}], [{"x": 607, "y": 283}, {"x": 617, "y": 283}, {"x": 617, "y": 273}, {"x": 607, "y": 273}], [{"x": 607, "y": 305}, {"x": 617, "y": 305}, {"x": 617, "y": 295}, {"x": 607, "y": 295}], [{"x": 607, "y": 327}, {"x": 617, "y": 327}, {"x": 617, "y": 317}, {"x": 607, "y": 317}], [{"x": 607, "y": 371}, {"x": 617, "y": 371}, {"x": 617, "y": 361}, {"x": 607, "y": 361}], [{"x": 607, "y": 415}, {"x": 617, "y": 415}, {"x": 617, "y": 405}, {"x": 607, "y": 405}], [{"x": 607, "y": 437}, {"x": 617, "y": 437}, {"x": 617, "y": 427}, {"x": 607, "y": 427}], [{"x": 607, "y": 459}, {"x": 617, "y": 459}, {"x": 617, "y": 449}, {"x": 607, "y": 449}], [{"x": 607, "y": 525}, {"x": 617, "y": 525}, {"x": 617, "y": 515}, {"x": 607, "y": 515}], [{"x": 607, "y": 547}, {"x": 617, "y": 547}, {"x": 617, "y": 537}, {"x": 607, "y": 537}], [{"x": 607, "y": 569}, {"x": 617, "y": 569}, {"x": 617, "y": 559}, {"x": 607, "y": 559}], [{"x": 607, "y": 591}, {"x": 617, "y": 591}, {"x": 617, "y": 581}, {"x": 607, "y": 581}], [{"x": 607, "y": 613}, {"x": 617, "y": 613}, {"x": 617, "y": 603}, {"x": 607, "y": 603}], [{"x": 607, "y": 723}, {"x": 617, "y": 723}, {"x": 617, "y": 713}, {"x": 607, "y": 713}], [{"x": 607, "y": 745}, {"x": 617, "y": 745}, {"x": 617, "y": 735}, {"x": 607, "y": 735}], [{"x": 607, "y": 767}, {"x": 617, "y": 767}, {"x": 617, "y": 757}, {"x": 607, "y": 757}], [{"x": 607, "y": 789}, {"x": 617, "y": 789}, {"x": 617, "y": 779}, {"x": 607, "y": 779}], [{"x": 607, "y": 811}, {"x": 617, "y": 811}, {"x": 617, "y": 801}, {"x": 607, "y": 801}], [{"x": 607, "y": 877}, {"x": 617, "y": 877}, {"x": 617, "y": 867}, {"x": 607, "y": 867}], [{"x": 629, "y": 239}, {"x": 639, "y": 239}, {"x": 639, "y": 229}, {"x": 629, "y": 229}], [{"x": 629, "y": 261}, {"x": 639, "y": 261}, {"x": 639, "y": 251}, {"x": 629, "y": 251}], [{"x": 629, "y": 283}, {"x": 639, "y": 283}, {"x": 639, "y": 273}, {"x": 629, "y": 273}], [{"x": 629, "y": 305}, {"x": 639, "y": 305}, {"x": 639, "y": 295}, {"x": 629, "y": 295}], [{"x": 629, "y": 327}, {"x": 639, "y": 327}, {"x": 639, "y": 317}, {"x": 629, "y": 317}], [{"x": 629, "y": 349}, {"x": 639, "y": 349}, {"x": 639, "y": 339}, {"x": 629, "y": 339}], [{"x": 629, "y": 371}, {"x": 639, "y": 371}, {"x": 639, "y": 361}, {"x": 629, "y": 361}], [{"x": 629, "y": 415}, {"x": 639, "y": 415}, {"x": 639, "y": 405}, {"x": 629, "y": 405}], [{"x": 629, "y": 437}, {"x": 639, "y": 437}, {"x": 639, "y": 427}, {"x": 629, "y": 427}], [{"x": 629, "y": 459}, {"x": 639, "y": 459}, {"x": 639, "y": 449}, {"x": 629, "y": 449}], [{"x": 629, "y": 503}, {"x": 639, "y": 503}, {"x": 639, "y": 493}, {"x": 629, "y": 493}], [{"x": 629, "y": 525}, {"x": 639, "y": 525}, {"x": 639, "y": 515}, {"x": 629, "y": 515}], [{"x": 629, "y": 547}, {"x": 639, "y": 547}, {"x": 639, "y": 537}, {"x": 629, "y": 537}], [{"x": 629, "y": 591}, {"x": 639, "y": 591}, {"x": 639, "y": 581}, {"x": 629, "y": 581}], [{"x": 629, "y": 613}, {"x": 639, "y": 613}, {"x": 639, "y": 603}, {"x": 629, "y": 603}], [{"x": 629, "y": 635}, {"x": 639, "y": 635}, {"x": 639, "y": 625}, {"x": 629, "y": 625}], [{"x": 629, "y": 657}, {"x": 639, "y": 657}, {"x": 639, "y": 647}, {"x": 629, "y": 647}], [{"x": 629, "y": 701}, {"x": 639, "y": 701}, {"x": 639, "y": 691}, {"x": 629, "y": 691}], [{"x": 629, "y": 723}, {"x": 639, "y": 723}, {"x": 639, "y": 713}, {"x": 629, "y": 713}], [{"x": 629, "y": 745}, {"x": 639, "y": 745}, {"x": 639, "y": 735}, {"x": 629, "y": 735}], [{"x": 629, "y": 767}, {"x": 639, "y": 767}, {"x": 639, "y": 757}, {"x": 629, "y": 757}], [{"x": 629, "y": 789}, {"x": 639, "y": 789}, {"x": 639, "y": 779}, {"x": 629, "y": 779}], [{"x": 629, "y": 811}, {"x": 639, "y": 811}, {"x": 639, "y": 801}, {"x": 629, "y": 801}], [{"x": 629, "y": 833}, {"x": 639, "y": 833}, {"x": 639, "y": 823}, {"x": 629, "y": 823}], [{"x": 629, "y": 855}, {"x": 639, "y": 855}, {"x": 639, "y": 845}, {"x": 629, "y": 845}], [{"x": 629, "y": 877}, {"x": 639, "y": 877}, {"x": 639, "y": 867}, {"x": 629, "y": 867}], [{"x": 629, "y": 899}, {"x": 639, "y": 899}, {"x": 639, "y": 889}, {"x": 629, "y": 889}], [{"x": 651, "y": 283}, {"x": 661, "y": 283}, {"x": 661, "y": 273}, {"x": 651, "y": 273}], [{"x": 651, "y": 327}, {"x": 661, "y": 327}, {"x": 661, "y": 317}, {"x": 651, "y": 317}], [{"x": 651, "y": 349}, {"x": 661, "y": 349}, {"x": 661, "y": 339}, {"x": 651, "y": 339}], [{"x": 651, "y": 371}, {"x": 661, "y": 371}, {"x": 661, "y": 361}, {"x": 651, "y": 361}], [{"x": 651, "y": 393}, {"x": 661, "y": 393}, {"x": 661, "y": 383}, {"x": 651, "y": 383}], [{"x": 651, "y": 415}, {"x": 661, "y": 415}, {"x": 661, "y": 405}, {"x": 651, "y": 405}], [{"x": 651, "y": 437}, {"x": 661, "y": 437}, {"x": 661, "y": 427}, {"x": 651, "y": 427}], [{"x": 651, "y": 459}, {"x": 661, "y": 459}, {"x": 661, "y": 449}, {"x": 651, "y": 449}], [{"x": 651, "y": 481}, {"x": 661, "y": 481}, {"x": 661, "y": 471}, {"x": 651, "y": 471}], [{"x": 651, "y": 569}, {"x": 661, "y": 569}, {"x": 661, "y": 559}, {"x": 651, "y": 559}], [{"x": 651, "y": 635}, {"x": 661, "y": 635}, {"x": 661, "y": 625}, {"x": 651, "y": 625}], [{"x": 651, "y": 657}, {"x": 661, "y": 657}, {"x": 661, "y": 647}, {"x": 651, "y": 647}], [{"x": 651, "y": 767}, {"x": 661, "y": 767}, {"x": 661, "y": 757}, {"x": 651, "y": 757}], [{"x": 651, "y": 789}, {"x": 661, "y": 789}, {"x": 661, "y": 779}, {"x": 651, "y": 779}], [{"x": 651, "y": 833}, {"x": 661, "y": 833}, {"x": 661, "y": 823}, {"x": 651, "y": 823}], [{"x": 651, "y": 855}, {"x": 661, "y": 855}, {"x": 661, "y": 845}, {"x": 651, "y": 845}], [{"x": 651, "y": 877}, {"x": 661, "y": 877}, {"x": 661, "y": 867}, {"x": 651, "y": 867}], [{"x": 673, "y": 217}, {"x": 683, "y": 217}, {"x": 683, "y": 207}, {"x": 673, "y": 207}], [{"x": 673, "y": 239}, {"x": 683, "y": 239}, {"x": 683, "y": 229}, {"x": 673, "y": 229}], [{"x": 673, "y": 261}, {"x": 683, "y": 261}, {"x": 683, "y": 251}, {"x": 673, "y": 251}], [{"x": 673, "y": 349}, {"x": 683, "y": 349}, {"x": 683, "y": 339}, {"x": 673, "y": 339}], [{"x": 673, "y": 371}, {"x": 683, "y": 371}, {"x": 683, "y": 361}, {"x": 673, "y": 361}], [{"x": 673, "y": 393}, {"x": 683, "y": 393}, {"x": 683, "y": 383}, {"x": 673, "y": 383}], [{"x": 673, "y": 415}, {"x": 683, "y": 415}, {"x": 683, "y": 405}, {"x": 673, "y": 405}], [{"x": 673, "y": 437}, {"x": 683, "y": 437}, {"x": 683, "y": 427}, {"x": 673, "y": 427}], [{"x": 673, "y": 459}, {"x": 683, "y": 459}, {"x": 683, "y": 449}, {"x": 673, "y": 449}], [{"x": 673, "y": 481}, {"x": 683, "y": 481}, {"x": 683, "y": 471}, {"x": 673, "y": 471}], [{"x": 673, "y": 503}, {"x": 683, "y": 503}, {"x": 683, "y": 493}, {"x": 673, "y": 493}], [{"x": 673, "y": 525}, {"x": 683, "y": 525}, {"x": 683, "y": 515}, {"x": 673, "y": 515}], [{"x": 673, "y": 547}, {"x": 683, "y": 547}, {"x": 683, "y": 537}, {"x": 673, "y": 537}], [{"x": 673, "y": 569}, {"x": 683, "y": 569}, {"x": 683, "y": 559}, {"x": 673, "y": 559}], [{"x": 673, "y": 591}, {"x": 683, "y": 591}, {"x": 683, "y": 581}, {"x": 673, "y": 581}], [{"x": 673, "y": 635}, {"x": 683, "y": 635}, {"x": 683, "y": 625}, {"x": 673, "y": 625}], [{"x": 673, "y": 679}, {"x": 683, "y": 679}, {"x": 683, "y": 669}, {"x": 673, "y": 669}], [{"x": 673, "y": 701}, {"x": 683, "y": 701}, {"x": 683, "y": 691}, {"x": 673, "y": 691}], [{"x": 673, "y": 723}, {"x": 683, "y": 723}, {"x": 683, "y": 713}, {"x": 673, "y": 713}], [{"x": 673, "y": 745}, {"x": 683, "y": 745}, {"x": 683, "y": 735}, {"x": 673, "y": 735}], [{"x": 673, "y": 767}, {"x": 683, "y": 767}, {"x": 683, "y": 757}, {"x": 673, "y": 757}], [{"x": 673, "y": 789}, {"x": 683, "y": 789}, {"x": 683, "y": 779}, {"x": 673, "y": 779}], [{"x": 673, "y": 833}, {"x": 683, "y": 833}, {"x": 683, "y": 823}, {"x": 673, "y": 823}], [{"x": 673, "y": 899}, {"x": 683, "y": 899}, {"x": 683, "y": 889}, {"x": 673, "y": 889}], [{"x": 673, "y": 921}, {"x": 683, "y": 921}, {"x": 683, "y": 911}, {"x": 673, "y": 911}], [{"x": 695, "y": 217}, {"x": 705, "y": 217}, {"x": 705, "y": 207}, {"x": 695, "y": 207}], [{"x": 695, "y": 261}, {"x": 705, "y": 261}, {"x": 705, "y": 251}, {"x": 695, "y": 251}], [{"x": 695, "y": 283}, {"x": 705, "y": 283}, {"x": 705, "y": 273}, {"x": 695, "y": 273}], [{"x": 695, "y": 305}, {"x": 705, "y": 305}, {"x": 705, "y": 295}, {"x": 695, "y": 295}], [{"x": 695, "y": 327}, {"x": 705, "y": 327}, {"x": 705, "y": 317}, {"x": 695, "y": 317}], [{"x": 695, "y": 371}, {"x": 705, "y": 371}, {"x": 705, "y": 361}, {"x": 695, "y": 361}], [{"x": 695, "y": 393}, {"x": 705, "y": 393}, {"x": 705, "y": 383}, {"x": 695, "y": 383}], [{"x": 695, "y": 415}, {"x": 705, "y": 415}, {"x": 705, "y": 405}, {"x": 695, "y": 405}], [{"x": 695, "y": 437}, {"x": 705, "y": 437}, {"x": 705, "y": 427}, {"x": 695, "y": 427}], [{"x": 695, "y": 481}, {"x": 705, "y": 481}, {"x": 705, "y": 471}, {"x": 695, "y": 471}], [{"x": 695, "y": 503}, {"x": 705, "y": 503}, {"x": 705, "y": 493}, {"x": 695, "y": 493}], [{"x": 695, "y": 547}, {"x": 705, "y": 547}, {"x": 705, "y": 537}, {"x": 695, "y": 537}], [{"x": 695, "y": 569}, {"x": 705, "y": 569}, {"x": 705, "y": 559}, {"x": 695, "y": 559}], [{"x": 695, "y": 591}, {"x": 705, "y": 591}, {"x": 705, "y": 581}, {"x": 695, "y": 581}], [{"x": 695, "y": 613}, {"x": 705, "y": 613}, {"x": 705, "y": 603}, {"x": 695, "y": 603}], [{"x": 695, "y": 657}, {"x": 705, "y": 657}, {"x": 705, "y": 647}, {"x": 695, "y": 647}], [{"x": 695, "y": 679}, {"x": 705, "y": 679}, {"x": 705, "y": 669}, {"x": 695, "y": 669}], [{"x": 695, "y": 701}, {"x": 705, "y": 701}, {"x": 705, "y": 691}, {"x": 695, "y": 691}], [{"x": 695, "y": 723}, {"x": 705, "y": 723}, {"x": 705, "y": 713}, {"x": 695, "y": 713}], [{"x": 695, "y": 745}, {"x": 705, "y": 745}, {"x": 705, "y": 735}, {"x": 695, "y": 735}], [{"x": 695, "y": 767}, {"x": 705, "y": 767}, {"x": 705, "y": 757}, {"x": 695, "y": 757}], [{"x": 695, "y": 789}, {"x": 705, "y": 789}, {"x": 705, "y": 779}, {"x": 695, "y": 779}], [{"x": 695, "y": 833}, {"x": 705, "y": 833}, {"x": 705, "y": 823}, {"x": 695, "y": 823}], [{"x": 695, "y": 855}, {"x": 705, "y": 855}, {"x": 705, "y": 845}, {"x": 695, "y": 845}], [{"x": 695, "y": 921}, {"x": 705, "y": 921}, {"x": 705, "y": 911}, {"x": 695, "y": 911}], [{"x": 717, "y": 195}, {"x": 727, "y": 195}, {"x": 727, "y": 185}, {"x": 717, "y": 185}], [{"x": 717, "y": 239}, {"x": 727, "y": 239}, {"x": 727, "y": 229}, {"x": 717, "y": 229}], [{"x": 717, "y": 283}, {"x": 727, "y": 283}, {"x": 727, "y": 273}, {"x": 717, "y": 273}], [{"x": 717, "y": 327}, {"x": 727, "y": 327}, {"x": 727, "y": 317}, {"x": 717, "y": 317}], [{"x": 717, "y": 349}, {"x": 727, "y": 349}, {"x": 727, "y": 339}, {"x": 717, "y": 339}], [{"x": 717, "y": 371}, {"x": 727, "y": 371}, {"x": 727, "y": 361}, {"x": 717, "y": 361}], [{"x": 717, "y": 393}, {"x": 727, "y": 393}, {"x": 727, "y": 383}, {"x": 717, "y": 383}], [{"x": 717, "y": 415}, {"x": 727, "y": 415}, {"x": 727, "y": 405}, {"x": 717, "y": 405}], [{"x": 717, "y": 437}, {"x": 727, "y": 437}, {"x": 727, "y": 427}, {"x": 717, "y": 427}], [{"x": 717, "y": 459}, {"x": 727, "y": 459}, {"x": 727, "y": 449}, {"x": 717, "y": 449}], [{"x": 717, "y": 481}, {"x": 727, "y": 481}, {"x": 727, "y": 471}, {"x": 717, "y": 471}], [{"x": 717, "y": 503}, {"x": 727, "y": 503}, {"x": 727, "y": 493}, {"x": 717, "y": 493}], [{"x": 717, "y": 547}, {"x": 727, "y": 547}, {"x": 727, "y": 537}, {"x": 717, "y": 537}], [{"x": 717, "y": 569}, {"x": 727, "y": 569}, {"x": 727, "y": 559}, {"x": 717, "y": 559}], [{"x": 717, "y": 613}, {"x": 727, "y": 613}, {"x": 727, "y": 603}, {"x": 717, "y": 603}], [{"x": 717, "y": 635}, {"x": 727, "y": 635}, {"x": 727, "y": 625}, {"x": 717, "y": 625}], [{"x": 717, "y": 701}, {"x": 727, "y": 701}, {"x": 727, "y": 691}, {"x": 717, "y": 691}], [{"x": 717, "y": 723}, {"x": 727, "y": 723}, {"x": 727, "y": 713}, {"x": 717, "y": 713}], [{"x": 717, "y": 767}, {"x": 727, "y": 767}, {"x": 727, "y": 757}, {"x": 717, "y": 757}], [{"x": 717, "y": 789}, {"x": 727, "y": 789}, {"x": 727, "y": 779}, {"x": 717, "y": 779}], [{"x": 717, "y": 811}, {"x": 727, "y": 811}, {"x": 727, "y": 801}, {"x": 717, "y": 801}], [{"x": 717, "y": 855}, {"x": 727, "y": 855}, {"x": 727, "y": 845}, {"x": 717, "y": 845}], [{"x": 717, "y": 899}, {"x": 727, "y": 899}, {"x": 727, "y": 889}, {"x": 717, "y": 889}], [{"x": 739, "y": 195}, {"x": 749, "y": 195}, {"x": 749, "y": 185}, {"x": 739, "y": 185}], [{"x": 739, "y": 239}, {"x": 749, "y": 239}, {"x": 749, "y": 229}, {"x": 739, "y": 229}], [{"x": 739, "y": 261}, {"x": 749, "y": 261}, {"x": 749, "y": 251}, {"x": 739, "y": 251}], [{"x": 739, "y": 283}, {"x": 749, "y": 283}, {"x": 749, "y": 273}, {"x": 739, "y": 273}], [{"x": 739, "y": 305}, {"x": 749, "y": 305}, {"x": 749, "y": 295}, {"x": 739, "y": 295}], [{"x": 739, "y": 371}, {"x": 749, "y": 371}, {"x": 749, "y": 361}, {"x": 739, "y": 361}], [{"x": 739, "y": 393}, {"x": 749, "y": 393}, {"x": 749, "y": 383}, {"x": 739, "y": 383}], [{"x": 739, "y": 415}, {"x": 749, "y": 415}, {"x": 749, "y": 405}, {"x": 739, "y": 405}], [{"x": 739, "y": 437}, {"x": 749, "y": 437}, {"x": 749, "y": 427}, {"x": 739, "y": 427}], [{"x": 739, "y": 481}, {"x": 749, "y": 481}, {"x": 749, "y": 471}, {"x": 739, "y": 471}], [{"x": 739, "y": 503}, {"x": 749, "y": 503}, {"x": 749, "y": 493}, {"x": 739, "y": 493}], [{"x": 739, "y": 525}, {"x": 749, "y": 525}, {"x": 749, "y": 515}, {"x": 739, "y": 515}], [{"x": 739, "y": 547}, {"x": 749, "y": 547}, {"x": 749, "y": 537}, {"x": 739, "y": 537}], [{"x": 739, "y": 569}, {"x": 749, "y": 569}, {"x": 749, "y": 559}, {"x": 739, "y": 559}], [{"x": 739, "y": 591}, {"x": 749, "y": 591}, {"x": 749, "y": 581}, {"x": 739, "y": 581}], [{"x": 739, "y": 613}, {"x": 749, "y": 613}, {"x": 749, "y": 603}, {"x": 739, "y": 603}], [{"x": 739, "y": 635}, {"x": 749, "y": 635}, {"x": 749, "y": 625}, {"x": 739, "y": 625}], [{"x": 739, "y": 657}, {"x": 749, "y": 657}, {"x": 749, "y": 647}, {"x": 739, "y": 647}], [{"x": 739, "y": 679}, {"x": 749, "y": 679}, {"x": 749, "y": 669}, {"x": 739, "y": 669}], [{"x": 739, "y": 723}, {"x": 749, "y": 723}, {"x": 749, "y": 713}, {"x": 739, "y": 713}], [{"x": 739, "y": 745}, {"x": 749, "y": 745}, {"x": 749, "y": 735}, {"x": 739, "y": 735}], [{"x": 739, "y": 811}, {"x": 749, "y": 811}, {"x": 749, "y": 801}, {"x": 739, "y": 801}], [{"x": 739, "y": 833}, {"x": 749, "y": 833}, {"x": 749, "y": 823}, {"x": 739, "y": 823}], [{"x": 739, "y": 855}, {"x": 749, "y": 855}, {"x": 749, "y": 845}, {"x": 739, "y": 845}], [{"x": 739, "y": 899}, {"x": 749, "y": 899}, {"x": 749, "y": 889}, {"x": 739, "y": 889}], [{"x": 739, "y": 921}, {"x": 749, "y": 921}, {"x": 749, "y": 911}, {"x": 739, "y": 911}], [{"x": 761, "y": 217}, {"x": 771, "y": 217}, {"x": 771, "y": 207}, {"x": 761, "y": 207}], [{"x": 761, "y": 239}, {"x": 771, "y": 239}, {"x": 771, "y": 229}, {"x": 761, "y": 229}], [{"x": 761, "y": 261}, {"x": 771, "y": 261}, {"x": 771, "y": 251}, {"x": 761, "y": 251}], [{"x": 761, "y": 283}, {"x": 771, "y": 283}, {"x": 771, "y": 273}, {"x": 761, "y": 273}], [{"x": 761, "y": 327}, {"x": 771, "y": 327}, {"x": 771, "y": 317}, {"x": 761, "y": 317}], [{"x": 761, "y": 349}, {"x": 771, "y": 349}, {"x": 771, "y": 339}, {"x": 761, "y": 339}], [{"x": 761, "y": 371}, {"x": 771, "y": 371}, {"x": 771, "y": 361}, {"x": 761, "y": 361}], [{"x": 761, "y": 415}, {"x": 771, "y": 415}, {"x": 771, "y": 405}, {"x": 761, "y": 405}], [{"x": 761, "y": 437}, {"x": 771, "y": 437}, {"x": 771, "y": 427}, {"x": 761, "y": 427}], [{"x": 761, "y": 459}, {"x": 771, "y": 459}, {"x": 771, "y": 449}, {"x": 761, "y": 449}], [{"x": 761, "y": 503}, {"x": 771, "y": 503}, {"x": 771, "y": 493}, {"x": 761, "y": 493}], [{"x": 761, "y": 525}, {"x": 771, "y": 525}, {"x": 771, "y": 515}, {"x": 761, "y": 515}], [{"x": 761, "y": 547}, {"x": 771, "y": 547}, {"x": 771, "y": 537}, {"x": 761, "y": 537}], [{"x": 761, "y": 613}, {"x": 771, "y": 613}, {"x": 771, "y": 603}, {"x": 761, "y": 603}], [{"x": 761, "y": 635}, {"x": 771, "y": 635}, {"x": 771, "y": 625}, {"x": 761, "y": 625}], [{"x": 761, "y": 657}, {"x": 771, "y": 657}, {"x": 771, "y": 647}, {"x": 761, "y": 647}], [{"x": 761, "y": 679}, {"x": 771, "y": 679}, {"x": 771, "y": 669}, {"x": 761, "y": 669}], [{"x": 761, "y": 701}, {"x": 771, "y": 701}, {"x": 771, "y": 691}, {"x": 761, "y": 691}], [{"x": 761, "y": 723}, {"x": 771, "y": 723}, {"x": 771, "y": 713}, {"x": 761, "y": 713}], [{"x": 761, "y": 745}, {"x": 771, "y": 745}, {"x": 771, "y": 735}, {"x": 761, "y": 735}], [{"x": 761, "y": 767}, {"x": 771, "y": 767}, {"x": 771, "y": 757}, {"x": 761, "y": 757}], [{"x": 761, "y": 833}, {"x": 771, "y": 833}, {"x": 771, "y": 823}, {"x": 761, "y": 823}], [{"x": 761, "y": 855}, {"x": 771, "y": 855}, {"x": 771, "y": 845}, {"x": 761, "y": 845}], [{"x": 761, "y": 877}, {"x": 771, "y": 877}, {"x": 771, "y": 867}, {"x": 761, "y": 867}], [{"x": 761, "y": 899}, {"x": 771, "y": 899}, {"x": 771, "y": 889}, {"x": 761, "y": 889}], [{"x": 761, "y": 921}, {"x": 771, "y": 921}, {"x": 771, "y": 911}, {"x": 761, "y": 911}], [{"x": 761, "y": 943}, {"x": 771, "y": 943}, {"x": 771, "y": 933}, {"x": 761, "y": 933}], [{"x": 783, "y": 195}, {"x": 793, "y": 195}, {"x": 793, "y": 185}, {"x": 783, "y": 185}], [{"x": 783, "y": 217}, {"x": 793, "y": 217}, {"x": 793, "y": 207}, {"x": 783, "y": 207}], [{"x": 783, "y": 239}, {"x": 793, "y": 239}, {"x": 793, "y": 229}, {"x": 783, "y": 229}], [{"x": 783, "y": 261}, {"x": 793, "y": 261}, {"x": 793, "y": 251}, {"x": 783, "y": 251}], [{"x": 783, "y": 305}, {"x": 793, "y": 305}, {"x": 793, "y": 295}, {"x": 783, "y": 295}], [{"x": 783, "y": 327}, {"x": 793, "y": 327}, {"x": 793, "y": 317}, {"x": 783, "y": 317}], [{"x": 783, "y": 349}, {"x": 793, "y": 349}, {"x": 793, "y": 339}, {"x": 783, "y": 339}], [{"x": 783, "y": 371}, {"x": 793, "y": 371}, {"x": 793, "y": 361}, {"x": 783, "y": 361}], [{"x": 783, "y": 393}, {"x": 793, "y": 393}, {"x": 793, "y": 383}, {"x": 783, "y": 383}], [{"x": 783, "y": 415}, {"x": 793, "y": 415}, {"x": 793, "y": 405}, {"x": 783, "y": 405}], [{"x": 783, "y": 437}, {"x": 793, "y": 437}, {"x": 793, "y": 427}, {"x": 783, "y": 427}], [{"x": 783, "y": 459}, {"x": 793, "y": 459}, {"x": 793, "y": 449}, {"x": 783, "y": 449}], [{"x": 783, "y": 481}, {"x": 793, "y": 481}, {"x": 793, "y": 471}, {"x": 783, "y": 471}], [{"x": 783, "y": 503}, {"x": 793, "y": 503}, {"x": 793, "y": 493}, {"x": 783, "y": 493}], [{"x": 783, "y": 525}, {"x": 793, "y": 525}, {"x": 793, "y": 515}, {"x": 783, "y": 515}], [{"x": 783, "y": 547}, {"x": 793, "y": 547}, {"x": 793, "y": 537}, {"x": 783, "y": 537}], [{"x": 783, "y": 569}, {"x": 793, "y": 569}, {"x": 793, "y": 559}, {"x": 783, "y": 559}], [{"x": 783, "y": 591}, {"x": 793, "y": 591}, {"x": 793, "y": 581}, {"x": 783, "y": 581}], [{"x": 783, "y": 613}, {"x": 793, "y": 613}, {"x": 793, "y": 603}, {"x": 783, "y": 603}], [{"x": 783, "y": 635}, {"x": 793, "y": 635}, {"x": 793, "y": 625}, {"x": 783, "y": 625}], [{"x": 783, "y": 657}, {"x": 793, "y": 657}, {"x": 793, "y": 647}, {"x": 783, "y": 647}], [{"x": 783, "y": 679}, {"x": 793, "y": 679}, {"x": 793, "y": 669}, {"x": 783, "y": 669}], [{"x": 783, "y": 701}, {"x": 793, "y": 701}, {"x": 793, "y": 691}, {"x": 783, "y": 691}], [{"x": 783, "y": 745}, {"x": 793, "y": 745}, {"x": 793, "y": 735}, {"x": 783, "y": 735}], [{"x": 783, "y": 767}, {"x": 793, "y": 767}, {"x": 793, "y": 757}, {"x": 783, "y": 757}], [{"x": 783, "y": 789}, {"x": 793, "y": 789}, {"x": 793, "y": 779}, {"x": 783, "y": 779}], [{"x": 783, "y": 811}, {"x": 793, "y": 811}, {"x": 793, "y": 801}, {"x": 783, "y": 801}], [{"x": 783, "y": 855}, {"x": 793, "y": 855}, {"x": 793, "y": 845}, {"x": 783, "y": 845}], [{"x": 783, "y": 877}, {"x": 793, "y": 877}, {"x": 793, "y": 867}, {"x": 783, "y": 867}], [{"x": 783, "y": 899}, {"x": 793, "y": 899}, {"x": 793, "y": 889}, {"x": 783, "y": 889}], [{"x": 783, "y": 921}, {"x": 793, "y": 921}, {"x": 793, "y": 911}, {"x": 783, "y": 911}], [{"x": 805, "y": 195}, {"x": 815, "y": 195}, {"x": 815, "y": 185}, {"x": 805, "y": 185}], [{"x": 805, "y": 261}, {"x": 815, "y": 261}, {"x": 815, "y": 251}, {"x": 805, "y": 251}], [{"x": 805, "y": 283}, {"x": 815, "y": 283}, {"x": 815, "y": 273}, {"x": 805, "y": 273}], [{"x": 805, "y": 305}, {"x": 815, "y": 305}, {"x": 815, "y": 295}, {"x": 805, "y": 295}], [{"x": 805, "y": 327}, {"x": 815, "y": 327}, {"x": 815, "y": 317}, {"x": 805, "y": 317}], [{"x": 805, "y": 393}, {"x": 815, "y": 393}, {"x": 815, "y": 383}, {"x": 805, "y": 383}], [{"x": 805, "y": 415}, {"x": 815, "y": 415}, {"x": 815, "y": 405}, {"x": 805, "y": 405}], [{"x": 805, "y": 437}, {"x": 815, "y": 437}, {"x": 815, "y": 427}, {"x": 805, "y": 427}], [{"x": 805, "y": 503}, {"x": 815, "y": 503}, {"x": 815, "y": 493}, {"x": 805, "y": 493}], [{"x": 805, "y": 525}, {"x": 815, "y": 525}, {"x": 815, "y": 515}, {"x": 805, "y": 515}], [{"x": 805, "y": 569}, {"x": 815, "y": 569}, {"x": 815, "y": 559}, {"x": 805, "y": 559}], [{"x": 805, "y": 591}, {"x": 815, "y": 591}, {"x": 815, "y": 581}, {"x": 805, "y": 581}], [{"x": 805, "y": 613}, {"x": 815, "y": 613}, {"x": 815, "y": 603}, {"x": 805, "y": 603}], [{"x": 805, "y": 679}, {"x": 815, "y": 679}, {"x": 815, "y": 669}, {"x": 805, "y": 669}], [{"x": 805, "y": 701}, {"x": 815, "y": 701}, {"x": 815, "y": 691}, {"x": 805, "y": 691}], [{"x": 805, "y": 723}, {"x": 815, "y": 723}, {"x": 815, "y": 713}, {"x": 805, "y": 713}], [{"x": 805, "y": 745}, {"x": 815, "y": 745}, {"x": 815, "y": 735}, {"x": 805, "y": 735}], [{"x": 805, "y": 767}, {"x": 815, "y": 767}, {"x": 815, "y": 757}, {"x": 805, "y": 757}], [{"x": 805, "y": 811}, {"x": 815, "y": 811}, {"x": 815, "y": 801}, {"x": 805, "y": 801}], [{"x": 805, "y": 855}, {"x": 815, "y": 855}, {"x": 815, "y": 845}, {"x": 805, "y": 845}], [{"x": 805, "y": 877}, {"x": 815, "y": 877}, {"x": 815, "y": 867}, {"x": 805, "y": 867}], [{"x": 805, "y": 899}, {"x": 815, "y": 899}, {"x": 815, "y": 889}, {"x": 805, "y": 889}], [{"x": 805, "y": 921}, {"x": 815, "y": 921}, {"x": 815, "y": 911}, {"x": 805, "y": 911}], [{"x": 805, "y": 943}, {"x": 815, "y": 943}, {"x": 815, "y": 933}, {"x": 805, "y": 933}], [{"x": 827, "y": 173}, {"x": 837, "y": 173}, {"x": 837, "y": 163}, {"x": 827, "y": 163}], [{"x": 827, "y": 195}, {"x": 837, "y": 195}, {"x": 837, "y": 185}, {"x": 827, "y": 185}], [{"x": 827, "y": 239}, {"x": 837, "y": 239}, {"x": 837, "y": 229}, {"x": 827, "y": 229}], [{"x": 827, "y": 261}, {"x": 837, "y": 261}, {"x": 837, "y": 251}, {"x": 827, "y": 251}], [{"x": 827, "y": 305}, {"x": 837, "y": 305}, {"x": 837, "y": 295}, {"x": 827, "y": 295}], [{"x": 827, "y": 349}, {"x": 837, "y": 349}, {"x": 837, "y": 339}, {"x": 827, "y": 339}], [{"x": 827, "y": 371}, {"x": 837, "y": 371}, {"x": 837, "y": 361}, {"x": 827, "y": 361}], [{"x": 827, "y": 393}, {"x": 837, "y": 393}, {"x": 837, "y": 383}, {"x": 827, "y": 383}], [{"x": 827, "y": 415}, {"x": 837, "y": 415}, {"x": 837, "y": 405}, {"x": 827, "y": 405}], [{"x": 827, "y": 437}, {"x": 837, "y": 437}, {"x": 837, "y": 427}, {"x": 827, "y": 427}], [{"x": 827, "y": 459}, {"x": 837, "y": 459}, {"x": 837, "y": 449}, {"x": 827, "y": 449}], [{"x": 849, "y": 173}, {"x": 859, "y": 173}, {"x": 859, "y": 163}, {"x": 849, "y": 163}], [{"x": 849, "y": 195}, {"x": 859, "y": 195}, {"x": 859, "y": 185}, {"x": 849, "y": 185}], [{"x": 849, "y": 217}, {"x": 859, "y": 217}, {"x": 859, "y": 207}, {"x": 849, "y": 207}], [{"x": 849, "y": 239}, {"x": 859, "y": 239}, {"x": 859, "y": 229}, {"x": 849, "y": 229}], [{"x": 849, "y": 261}, {"x": 859, "y": 261}, {"x": 859, "y": 251}, {"x": 849, "y": 251}], [{"x": 849, "y": 283}, {"x": 859, "y": 283}, {"x": 859, "y": 273}, {"x": 849, "y": 273}], [{"x": 849, "y": 327}, {"x": 859, "y": 327}, {"x": 859, "y": 317}, {"x": 849, "y": 317}], [{"x": 849, "y": 349}, {"x": 859, "y": 349}, {"x": 859, "y": 339}, {"x": 849, "y": 339}], [{"x": 849, "y": 371}, {"x": 859, "y": 371}, {"x": 859, "y": 361}, {"x": 849, "y": 361}], [{"x": 849, "y": 393}, {"x": 859, "y": 393}, {"x": 859, "y": 383}, {"x": 849, "y": 383}], [{"x": 871, "y": 173}, {"x": 881, "y": 173}, {"x": 881, "y": 163}, {"x": 871, "y": 163}], [{"x": 871, "y": 195}, {"x": 881, "y": 195}, {"x": 881, "y": 185}, {"x": 871, "y": 185}], [{"x": 871, "y": 239}, {"x": 881, "y": 239}, {"x": 881, "y": 229}, {"x": 871, "y": 229}], [{"x": 871, "y": 261}, {"x": 881, "y": 261}, {"x": 881, "y": 251}, {"x": 871, "y": 251}], [{"x": 871, "y": 305}, {"x": 881, "y": 305}, {"x": 881, "y": 295}, {"x": 871, "y": 295}], [{"x": 871, "y": 327}, {"x": 881, "y": 327}, {"x": 881, "y": 317}, {"x": 871, "y": 317}], [{"x": 893, "y": 151}, {"x": 903, "y": 151}, {"x": 903, "y": 141}, {"x": 893, "y": 141}], [{"x": 893, "y": 195}, {"x": 903, "y": 195}, {"x": 903, "y": 185}, {"x": 893, "y": 185}], [{"x": 893, "y": 217}, {"x": 903, "y": 217}, {"x": 903, "y": 207}, {"x": 893, "y": 207}], [{"x": 893, "y": 239}, {"x": 903, "y": 239}, {"x": 903, "y": 229}, {"x": 893, "y": 229}], [{"x": 893, "y": 261}, {"x": 903, "y": 261}, {"x": 903, "y": 251}, {"x": 893, "y": 251}], [{"x": 915, "y": 151}, {"x": 925, "y": 151}, {"x": 925, "y": 141}, {"x": 915, "y": 141}]]}