{"type": "CGSHOP2023_Instance", "name": "maze_3564_250_025_005", "n": 2852, "outer_boundary": [{"x": 71, "y": 95}, {"x": 500, "y": 57}, {"x": 854, "y": 239}, {"x": 784, "y": 500}, {"x": 857, "y": 803}, {"x": 500, "y": 826}, {"x": 143, "y": 927}, {"x": 216, "y": 500}], "holes": [[{"x": 99, "y": 117}, {"x": 113, "y": 117}, {"x": 109, "y": 107}, {"x": 99, "y": 107}], [{"x": 121, "y": 117}, {"x": 131, "y": 117}, {"x": 131, "y": 107}, {"x": 121, "y": 107}], [{"x": 121, "y": 161}, {"x": 131, "y": 161}, {"x": 131, "y": 151}, {"x": 121, "y": 151}], [{"x": 121, "y": 183}, {"x": 131, "y": 183}, {"x": 131, "y": 173}, {"x": 121, "y": 173}], [{"x": 121, "y": 205}, {"x": 132, "y": 205}, {"x": 131, "y": 195}, {"x": 121, "y": 195}], [{"x": 143, "y": 117}, {"x": 153, "y": 117}, {"x": 153, "y": 107}, {"x": 143, "y": 107}], [{"x": 143, "y": 139}, {"x": 153, "y": 139}, {"x": 153, "y": 129}, {"x": 143, "y": 129}], [{"x": 143, "y": 161}, {"x": 153, "y": 161}, {"x": 153, "y": 151}, {"x": 143, "y": 151}], [{"x": 143, "y": 205}, {"x": 153, "y": 207}, {"x": 153, "y": 195}, {"x": 143, "y": 195}], [{"x": 142, "y": 249}, {"x": 153, "y": 249}, {"x": 153, "y": 239}, {"x": 143, "y": 239}], [{"x": 143, "y": 271}, {"x": 153, "y": 271}, {"x": 153, "y": 261}, {"x": 143, "y": 261}], [{"x": 165, "y": 117}, {"x": 175, "y": 117}, {"x": 175, "y": 107}, {"x": 165, "y": 107}], [{"x": 165, "y": 139}, {"x": 177, "y": 139}, {"x": 175, "y": 129}, {"x": 165, "y": 129}], [{"x": 165, "y": 161}, {"x": 175, "y": 161}, {"x": 175, "y": 150}, {"x": 165, "y": 151}], [{"x": 165, "y": 183}, {"x": 175, "y": 183}, {"x": 175, "y": 173}, {"x": 165, "y": 173}], [{"x": 165, "y": 205}, {"x": 175, "y": 205}, {"x": 175, "y": 195}, {"x": 165, "y": 195}], [{"x": 165, "y": 293}, {"x": 175, "y": 293}, {"x": 175, "y": 283}, {"x": 165, "y": 283}], [{"x": 165, "y": 315}, {"x": 175, "y": 315}, {"x": 175, "y": 305}, {"x": 165, "y": 305}], [{"x": 165, "y": 865}, {"x": 175, "y": 865}, {"x": 175, "y": 855}, {"x": 165, "y": 855}], [{"x": 165, "y": 909}, {"x": 175, "y": 909}, {"x": 175, "y": 899}, {"x": 165, "y": 899}], [{"x": 187, "y": 139}, {"x": 197, "y": 139}, {"x": 197, "y": 129}, {"x": 187, "y": 129}], [{"x": 187, "y": 161}, {"x": 197, "y": 161}, {"x": 197, "y": 151}, {"x": 187, "y": 151}], [{"x": 187, "y": 183}, {"x": 197, "y": 183}, {"x": 197, "y": 173}, {"x": 183, "y": 173}], [{"x": 187, "y": 205}, {"x": 197, "y": 205}, {"x": 197, "y": 195}, {"x": 187, "y": 195}], [{"x": 187, "y": 227}, {"x": 197, "y": 227}, {"x": 197, "y": 217}, {"x": 187, "y": 217}], [{"x": 187, "y": 249}, {"x": 197, "y": 249}, {"x": 197, "y": 239}, {"x": 187, "y": 239}], [{"x": 187, "y": 293}, {"x": 199, "y": 293}, {"x": 197, "y": 283}, {"x": 187, "y": 283}], [{"x": 187, "y": 733}, {"x": 197, "y": 733}, {"x": 197, "y": 723}, {"x": 187, "y": 723}], [{"x": 187, "y": 755}, {"x": 197, "y": 755}, {"x": 197, "y": 745}, {"x": 187, "y": 745}], [{"x": 187, "y": 777}, {"x": 197, "y": 777}, {"x": 197, "y": 767}, {"x": 187, "y": 767}], [{"x": 187, "y": 799}, {"x": 197, "y": 799}, {"x": 200, "y": 789}, {"x": 187, "y": 789}], [{"x": 187, "y": 847}, {"x": 200, "y": 843}, {"x": 197, "y": 833}, {"x": 187, "y": 833}], [{"x": 187, "y": 865}, {"x": 197, "y": 865}, {"x": 197, "y": 855}, {"x": 187, "y": 855}], [{"x": 187, "y": 887}, {"x": 201, "y": 890}, {"x": 197, "y": 877}, {"x": 187, "y": 877}], [{"x": 207, "y": 117}, {"x": 219, "y": 117}, {"x": 219, "y": 107}, {"x": 209, "y": 107}], [{"x": 209, "y": 139}, {"x": 219, "y": 139}, {"x": 219, "y": 129}, {"x": 209, "y": 129}], [{"x": 209, "y": 183}, {"x": 219, "y": 183}, {"x": 219, "y": 173}, {"x": 209, "y": 173}], [{"x": 209, "y": 205}, {"x": 219, "y": 205}, {"x": 219, "y": 195}, {"x": 209, "y": 195}], [{"x": 209, "y": 227}, {"x": 219, "y": 227}, {"x": 219, "y": 217}, {"x": 209, "y": 217}], [{"x": 209, "y": 271}, {"x": 219, "y": 271}, {"x": 219, "y": 261}, {"x": 209, "y": 261}], [{"x": 209, "y": 315}, {"x": 219, "y": 315}, {"x": 219, "y": 303}, {"x": 209, "y": 305}], [{"x": 209, "y": 359}, {"x": 219, "y": 359}, {"x": 219, "y": 349}, {"x": 209, "y": 349}], [{"x": 209, "y": 381}, {"x": 219, "y": 381}, {"x": 219, "y": 371}, {"x": 209, "y": 371}], [{"x": 209, "y": 403}, {"x": 219, "y": 403}, {"x": 219, "y": 393}, {"x": 209, "y": 393}], [{"x": 209, "y": 601}, {"x": 219, "y": 601}, {"x": 219, "y": 591}, {"x": 209, "y": 591}], [{"x": 209, "y": 623}, {"x": 219, "y": 623}, {"x": 219, "y": 613}, {"x": 209, "y": 613}], [{"x": 209, "y": 645}, {"x": 219, "y": 645}, {"x": 219, "y": 635}, {"x": 209, "y": 635}], [{"x": 209, "y": 667}, {"x": 219, "y": 667}, {"x": 219, "y": 657}, {"x": 209, "y": 657}], [{"x": 209, "y": 733}, {"x": 219, "y": 733}, {"x": 219, "y": 723}, {"x": 209, "y": 723}], [{"x": 209, "y": 755}, {"x": 219, "y": 755}, {"x": 219, "y": 745}, {"x": 209, "y": 745}], [{"x": 209, "y": 799}, {"x": 219, "y": 799}, {"x": 219, "y": 789}, {"x": 209, "y": 789}], [{"x": 209, "y": 821}, {"x": 219, "y": 821}, {"x": 219, "y": 807}, {"x": 209, "y": 811}], [{"x": 209, "y": 843}, {"x": 219, "y": 843}, {"x": 219, "y": 833}, {"x": 209, "y": 833}], [{"x": 209, "y": 865}, {"x": 219, "y": 865}, {"x": 219, "y": 852}, {"x": 209, "y": 855}], [{"x": 209, "y": 887}, {"x": 219, "y": 887}, {"x": 219, "y": 877}, {"x": 209, "y": 877}], [{"x": 231, "y": 117}, {"x": 241, "y": 117}, {"x": 241, "y": 107}, {"x": 231, "y": 107}], [{"x": 231, "y": 162}, {"x": 241, "y": 161}, {"x": 241, "y": 151}, {"x": 231, "y": 151}], [{"x": 231, "y": 227}, {"x": 241, "y": 231}, {"x": 241, "y": 217}, {"x": 231, "y": 217}], [{"x": 231, "y": 251}, {"x": 241, "y": 249}, {"x": 241, "y": 239}, {"x": 231, "y": 239}], [{"x": 231, "y": 271}, {"x": 245, "y": 271}, {"x": 241, "y": 261}, {"x": 231, "y": 261}], [{"x": 231, "y": 337}, {"x": 241, "y": 337}, {"x": 241, "y": 327}, {"x": 231, "y": 327}], [{"x": 231, "y": 359}, {"x": 241, "y": 359}, {"x": 241, "y": 349}, {"x": 231, "y": 349}], [{"x": 231, "y": 381}, {"x": 241, "y": 381}, {"x": 241, "y": 371}, {"x": 231, "y": 371}], [{"x": 231, "y": 403}, {"x": 241, "y": 403}, {"x": 241, "y": 393}, {"x": 231, "y": 393}], [{"x": 231, "y": 425}, {"x": 241, "y": 425}, {"x": 241, "y": 415}, {"x": 231, "y": 415}], [{"x": 231, "y": 447}, {"x": 241, "y": 447}, {"x": 241, "y": 437}, {"x": 231, "y": 437}], [{"x": 231, "y": 469}, {"x": 241, "y": 469}, {"x": 241, "y": 459}, {"x": 231, "y": 459}], [{"x": 231, "y": 491}, {"x": 241, "y": 491}, {"x": 241, "y": 481}, {"x": 231, "y": 481}], [{"x": 231, "y": 538}, {"x": 241, "y": 535}, {"x": 241, "y": 525}, {"x": 231, "y": 525}], [{"x": 231, "y": 579}, {"x": 241, "y": 579}, {"x": 241, "y": 569}, {"x": 231, "y": 569}], [{"x": 231, "y": 601}, {"x": 241, "y": 601}, {"x": 241, "y": 590}, {"x": 231, "y": 591}], [{"x": 231, "y": 623}, {"x": 241, "y": 623}, {"x": 241, "y": 613}, {"x": 231, "y": 613}], [{"x": 231, "y": 645}, {"x": 241, "y": 645}, {"x": 241, "y": 635}, {"x": 231, "y": 635}], [{"x": 231, "y": 667}, {"x": 241, "y": 667}, {"x": 241, "y": 657}, {"x": 231, "y": 657}], [{"x": 231, "y": 733}, {"x": 241, "y": 733}, {"x": 241, "y": 723}, {"x": 231, "y": 723}], [{"x": 231, "y": 778}, {"x": 241, "y": 777}, {"x": 241, "y": 767}, {"x": 231, "y": 767}], [{"x": 231, "y": 799}, {"x": 243, "y": 799}, {"x": 244, "y": 789}, {"x": 231, "y": 789}], [{"x": 231, "y": 821}, {"x": 241, "y": 821}, {"x": 241, "y": 811}, {"x": 231, "y": 811}], [{"x": 231, "y": 866}, {"x": 241, "y": 865}, {"x": 241, "y": 855}, {"x": 231, "y": 855}], [{"x": 231, "y": 887}, {"x": 241, "y": 887}, {"x": 241, "y": 877}, {"x": 231, "y": 877}], [{"x": 253, "y": 117}, {"x": 263, "y": 117}, {"x": 263, "y": 107}, {"x": 253, "y": 107}], [{"x": 253, "y": 139}, {"x": 265, "y": 139}, {"x": 263, "y": 129}, {"x": 253, "y": 129}], [{"x": 253, "y": 161}, {"x": 263, "y": 161}, {"x": 263, "y": 151}, {"x": 253, "y": 150}], [{"x": 253, "y": 205}, {"x": 263, "y": 205}, {"x": 263, "y": 195}, {"x": 253, "y": 195}], [{"x": 253, "y": 227}, {"x": 263, "y": 227}, {"x": 263, "y": 217}, {"x": 253, "y": 217}], [{"x": 253, "y": 249}, {"x": 263, "y": 249}, {"x": 263, "y": 239}, {"x": 253, "y": 239}], [{"x": 253, "y": 293}, {"x": 263, "y": 293}, {"x": 263, "y": 283}, {"x": 253, "y": 283}], [{"x": 253, "y": 315}, {"x": 263, "y": 315}, {"x": 263, "y": 305}, {"x": 253, "y": 301}], [{"x": 253, "y": 337}, {"x": 263, "y": 337}, {"x": 263, "y": 327}, {"x": 253, "y": 327}], [{"x": 253, "y": 360}, {"x": 263, "y": 359}, {"x": 263, "y": 349}, {"x": 253, "y": 349}], [{"x": 253, "y": 403}, {"x": 263, "y": 403}, {"x": 263, "y": 391}, {"x": 253, "y": 393}], [{"x": 253, "y": 425}, {"x": 263, "y": 425}, {"x": 263, "y": 415}, {"x": 253, "y": 415}], [{"x": 253, "y": 469}, {"x": 263, "y": 469}, {"x": 263, "y": 459}, {"x": 253, "y": 459}], [{"x": 253, "y": 491}, {"x": 263, "y": 491}, {"x": 267, "y": 481}, {"x": 253, "y": 481}], [{"x": 253, "y": 557}, {"x": 263, "y": 557}, {"x": 263, "y": 547}, {"x": 253, "y": 547}], [{"x": 253, "y": 579}, {"x": 263, "y": 579}, {"x": 263, "y": 569}, {"x": 253, "y": 569}], [{"x": 250, "y": 601}, {"x": 263, "y": 601}, {"x": 263, "y": 591}, {"x": 253, "y": 591}], [{"x": 253, "y": 623}, {"x": 263, "y": 623}, {"x": 263, "y": 613}, {"x": 253, "y": 613}], [{"x": 253, "y": 645}, {"x": 263, "y": 645}, {"x": 263, "y": 635}, {"x": 253, "y": 635}], [{"x": 253, "y": 689}, {"x": 263, "y": 689}, {"x": 263, "y": 679}, {"x": 253, "y": 679}], [{"x": 253, "y": 733}, {"x": 263, "y": 733}, {"x": 263, "y": 723}, {"x": 253, "y": 723}], [{"x": 253, "y": 755}, {"x": 264, "y": 755}, {"x": 263, "y": 745}, {"x": 253, "y": 745}], [{"x": 253, "y": 799}, {"x": 263, "y": 799}, {"x": 263, "y": 789}, {"x": 253, "y": 789}], [{"x": 253, "y": 821}, {"x": 263, "y": 821}, {"x": 263, "y": 811}, {"x": 253, "y": 811}], [{"x": 253, "y": 843}, {"x": 263, "y": 843}, {"x": 263, "y": 833}, {"x": 253, "y": 833}], [{"x": 253, "y": 865}, {"x": 263, "y": 865}, {"x": 263, "y": 855}, {"x": 253, "y": 855}], [{"x": 275, "y": 95}, {"x": 285, "y": 95}, {"x": 285, "y": 85}, {"x": 275, "y": 85}], [{"x": 274, "y": 117}, {"x": 285, "y": 117}, {"x": 285, "y": 107}, {"x": 275, "y": 107}], [{"x": 275, "y": 139}, {"x": 285, "y": 139}, {"x": 285, "y": 129}, {"x": 275, "y": 129}], [{"x": 275, "y": 161}, {"x": 285, "y": 161}, {"x": 285, "y": 151}, {"x": 275, "y": 151}], [{"x": 275, "y": 183}, {"x": 285, "y": 183}, {"x": 285, "y": 173}, {"x": 275, "y": 173}], [{"x": 275, "y": 205}, {"x": 285, "y": 205}, {"x": 285, "y": 195}, {"x": 275, "y": 195}], [{"x": 275, "y": 249}, {"x": 285, "y": 249}, {"x": 285, "y": 239}, {"x": 275, "y": 239}], [{"x": 275, "y": 271}, {"x": 285, "y": 271}, {"x": 285, "y": 261}, {"x": 275, "y": 261}], [{"x": 275, "y": 293}, {"x": 285, "y": 296}, {"x": 285, "y": 283}, {"x": 275, "y": 283}], [{"x": 275, "y": 315}, {"x": 285, "y": 315}, {"x": 285, "y": 305}, {"x": 275, "y": 305}], [{"x": 275, "y": 337}, {"x": 285, "y": 337}, {"x": 285, "y": 327}, {"x": 275, "y": 327}], [{"x": 275, "y": 359}, {"x": 285, "y": 359}, {"x": 285, "y": 349}, {"x": 274, "y": 349}], [{"x": 275, "y": 381}, {"x": 285, "y": 381}, {"x": 286, "y": 371}, {"x": 275, "y": 371}], [{"x": 275, "y": 425}, {"x": 285, "y": 425}, {"x": 285, "y": 415}, {"x": 275, "y": 415}], [{"x": 275, "y": 447}, {"x": 285, "y": 447}, {"x": 285, "y": 436}, {"x": 275, "y": 437}], [{"x": 275, "y": 469}, {"x": 285, "y": 469}, {"x": 289, "y": 459}, {"x": 275, "y": 459}], [{"x": 275, "y": 491}, {"x": 285, "y": 491}, {"x": 285, "y": 481}, {"x": 275, "y": 481}], [{"x": 275, "y": 513}, {"x": 285, "y": 513}, {"x": 285, "y": 499}, {"x": 275, "y": 503}], [{"x": 275, "y": 535}, {"x": 285, "y": 535}, {"x": 285, "y": 525}, {"x": 275, "y": 525}], [{"x": 275, "y": 557}, {"x": 285, "y": 557}, {"x": 285, "y": 547}, {"x": 275, "y": 547}], [{"x": 275, "y": 601}, {"x": 285, "y": 601}, {"x": 285, "y": 591}, {"x": 275, "y": 591}], [{"x": 275, "y": 645}, {"x": 285, "y": 645}, {"x": 285, "y": 635}, {"x": 272, "y": 635}], [{"x": 275, "y": 667}, {"x": 285, "y": 667}, {"x": 285, "y": 657}, {"x": 275, "y": 657}], [{"x": 275, "y": 689}, {"x": 285, "y": 689}, {"x": 285, "y": 679}, {"x": 275, "y": 679}], [{"x": 275, "y": 711}, {"x": 285, "y": 711}, {"x": 285, "y": 701}, {"x": 275, "y": 701}], [{"x": 275, "y": 733}, {"x": 285, "y": 733}, {"x": 285, "y": 723}, {"x": 275, "y": 723}], [{"x": 275, "y": 755}, {"x": 285, "y": 755}, {"x": 285, "y": 745}, {"x": 275, "y": 745}], [{"x": 275, "y": 777}, {"x": 285, "y": 777}, {"x": 285, "y": 767}, {"x": 275, "y": 767}], [{"x": 275, "y": 799}, {"x": 285, "y": 799}, {"x": 285, "y": 789}, {"x": 275, "y": 789}], [{"x": 275, "y": 821}, {"x": 285, "y": 821}, {"x": 285, "y": 811}, {"x": 275, "y": 811}], [{"x": 275, "y": 843}, {"x": 285, "y": 843}, {"x": 285, "y": 833}, {"x": 275, "y": 833}], [{"x": 294, "y": 95}, {"x": 307, "y": 97}, {"x": 307, "y": 85}, {"x": 297, "y": 85}], [{"x": 297, "y": 117}, {"x": 307, "y": 117}, {"x": 307, "y": 107}, {"x": 297, "y": 107}], [{"x": 297, "y": 139}, {"x": 307, "y": 139}, {"x": 307, "y": 129}, {"x": 297, "y": 129}], [{"x": 297, "y": 183}, {"x": 307, "y": 183}, {"x": 307, "y": 173}, {"x": 297, "y": 173}], [{"x": 297, "y": 227}, {"x": 307, "y": 227}, {"x": 307, "y": 217}, {"x": 297, "y": 217}], [{"x": 297, "y": 249}, {"x": 307, "y": 249}, {"x": 307, "y": 239}, {"x": 297, "y": 239}], [{"x": 297, "y": 271}, {"x": 311, "y": 271}, {"x": 307, "y": 261}, {"x": 297, "y": 261}], [{"x": 297, "y": 293}, {"x": 307, "y": 293}, {"x": 307, "y": 283}, {"x": 297, "y": 283}], [{"x": 297, "y": 381}, {"x": 307, "y": 381}, {"x": 307, "y": 371}, {"x": 297, "y": 371}], [{"x": 297, "y": 425}, {"x": 307, "y": 425}, {"x": 307, "y": 415}, {"x": 297, "y": 415}], [{"x": 297, "y": 447}, {"x": 307, "y": 447}, {"x": 307, "y": 437}, {"x": 297, "y": 437}], [{"x": 297, "y": 513}, {"x": 307, "y": 513}, {"x": 307, "y": 503}, {"x": 297, "y": 503}], [{"x": 297, "y": 535}, {"x": 307, "y": 535}, {"x": 307, "y": 525}, {"x": 297, "y": 525}], [{"x": 297, "y": 579}, {"x": 307, "y": 579}, {"x": 307, "y": 569}, {"x": 297, "y": 569}], [{"x": 297, "y": 601}, {"x": 307, "y": 601}, {"x": 307, "y": 591}, {"x": 297, "y": 591}], [{"x": 297, "y": 623}, {"x": 307, "y": 623}, {"x": 307, "y": 613}, {"x": 297, "y": 613}], [{"x": 297, "y": 645}, {"x": 307, "y": 645}, {"x": 307, "y": 635}, {"x": 297, "y": 635}], [{"x": 297, "y": 689}, {"x": 307, "y": 689}, {"x": 307, "y": 679}, {"x": 297, "y": 679}], [{"x": 297, "y": 711}, {"x": 307, "y": 711}, {"x": 307, "y": 701}, {"x": 296, "y": 701}], [{"x": 294, "y": 733}, {"x": 307, "y": 733}, {"x": 310, "y": 723}, {"x": 297, "y": 723}], [{"x": 297, "y": 755}, {"x": 307, "y": 755}, {"x": 307, "y": 745}, {"x": 297, "y": 745}], [{"x": 293, "y": 777}, {"x": 307, "y": 777}, {"x": 307, "y": 767}, {"x": 297, "y": 767}], [{"x": 297, "y": 799}, {"x": 307, "y": 799}, {"x": 307, "y": 789}, {"x": 297, "y": 789}], [{"x": 297, "y": 821}, {"x": 307, "y": 821}, {"x": 307, "y": 811}, {"x": 297, "y": 811}], [{"x": 297, "y": 865}, {"x": 309, "y": 865}, {"x": 307, "y": 855}, {"x": 297, "y": 855}], [{"x": 319, "y": 95}, {"x": 329, "y": 95}, {"x": 329, "y": 85}, {"x": 319, "y": 85}], [{"x": 319, "y": 117}, {"x": 329, "y": 117}, {"x": 329, "y": 107}, {"x": 319, "y": 107}], [{"x": 319, "y": 139}, {"x": 329, "y": 139}, {"x": 329, "y": 129}, {"x": 319, "y": 129}], [{"x": 319, "y": 183}, {"x": 329, "y": 183}, {"x": 329, "y": 173}, {"x": 319, "y": 173}], [{"x": 319, "y": 205}, {"x": 329, "y": 205}, {"x": 329, "y": 195}, {"x": 319, "y": 195}], [{"x": 319, "y": 227}, {"x": 329, "y": 227}, {"x": 329, "y": 217}, {"x": 319, "y": 217}], [{"x": 319, "y": 296}, {"x": 329, "y": 293}, {"x": 329, "y": 283}, {"x": 319, "y": 283}], [{"x": 319, "y": 315}, {"x": 329, "y": 315}, {"x": 329, "y": 305}, {"x": 319, "y": 305}], [{"x": 315, "y": 337}, {"x": 329, "y": 337}, {"x": 329, "y": 327}, {"x": 319, "y": 327}], [{"x": 319, "y": 359}, {"x": 332, "y": 359}, {"x": 329, "y": 347}, {"x": 319, "y": 349}], [{"x": 319, "y": 381}, {"x": 329, "y": 381}, {"x": 329, "y": 371}, {"x": 319, "y": 371}], [{"x": 319, "y": 425}, {"x": 329, "y": 425}, {"x": 329, "y": 415}, {"x": 319, "y": 415}], [{"x": 319, "y": 447}, {"x": 329, "y": 447}, {"x": 329, "y": 437}, {"x": 319, "y": 437}], [{"x": 319, "y": 469}, {"x": 329, "y": 469}, {"x": 329, "y": 459}, {"x": 319, "y": 459}], [{"x": 319, "y": 491}, {"x": 329, "y": 491}, {"x": 329, "y": 481}, {"x": 319, "y": 481}], [{"x": 319, "y": 513}, {"x": 329, "y": 513}, {"x": 329, "y": 503}, {"x": 319, "y": 503}], [{"x": 319, "y": 535}, {"x": 329, "y": 535}, {"x": 329, "y": 525}, {"x": 319, "y": 525}], [{"x": 319, "y": 557}, {"x": 329, "y": 557}, {"x": 329, "y": 547}, {"x": 319, "y": 547}], [{"x": 319, "y": 579}, {"x": 329, "y": 579}, {"x": 329, "y": 569}, {"x": 319, "y": 569}], [{"x": 319, "y": 601}, {"x": 331, "y": 601}, {"x": 329, "y": 591}, {"x": 319, "y": 591}], [{"x": 319, "y": 645}, {"x": 329, "y": 645}, {"x": 329, "y": 635}, {"x": 319, "y": 635}], [{"x": 319, "y": 667}, {"x": 329, "y": 667}, {"x": 331, "y": 657}, {"x": 319, "y": 657}], [{"x": 319, "y": 755}, {"x": 329, "y": 755}, {"x": 329, "y": 745}, {"x": 319, "y": 745}], [{"x": 319, "y": 777}, {"x": 329, "y": 777}, {"x": 329, "y": 767}, {"x": 319, "y": 767}], [{"x": 319, "y": 799}, {"x": 329, "y": 799}, {"x": 329, "y": 789}, {"x": 316, "y": 789}], [{"x": 319, "y": 844}, {"x": 329, "y": 843}, {"x": 329, "y": 833}, {"x": 319, "y": 833}], [{"x": 341, "y": 95}, {"x": 351, "y": 95}, {"x": 351, "y": 85}, {"x": 341, "y": 85}], [{"x": 341, "y": 117}, {"x": 351, "y": 117}, {"x": 353, "y": 107}, {"x": 341, "y": 107}], [{"x": 341, "y": 139}, {"x": 352, "y": 139}, {"x": 351, "y": 129}, {"x": 341, "y": 129}], [{"x": 341, "y": 161}, {"x": 351, "y": 161}, {"x": 351, "y": 151}, {"x": 341, "y": 151}], [{"x": 341, "y": 183}, {"x": 351, "y": 183}, {"x": 351, "y": 173}, {"x": 341, "y": 173}], [{"x": 341, "y": 205}, {"x": 351, "y": 205}, {"x": 351, "y": 195}, {"x": 341, "y": 195}], [{"x": 341, "y": 227}, {"x": 351, "y": 227}, {"x": 351, "y": 214}, {"x": 341, "y": 217}], [{"x": 341, "y": 249}, {"x": 351, "y": 249}, {"x": 351, "y": 239}, {"x": 341, "y": 239}], [{"x": 341, "y": 293}, {"x": 351, "y": 293}, {"x": 351, "y": 283}, {"x": 341, "y": 283}], [{"x": 341, "y": 337}, {"x": 351, "y": 337}, {"x": 351, "y": 327}, {"x": 341, "y": 327}], [{"x": 341, "y": 381}, {"x": 351, "y": 381}, {"x": 351, "y": 371}, {"x": 341, "y": 371}], [{"x": 341, "y": 425}, {"x": 351, "y": 425}, {"x": 351, "y": 415}, {"x": 339, "y": 415}], [{"x": 341, "y": 447}, {"x": 351, "y": 447}, {"x": 351, "y": 437}, {"x": 341, "y": 437}], [{"x": 341, "y": 513}, {"x": 351, "y": 513}, {"x": 351, "y": 503}, {"x": 341, "y": 503}], [{"x": 341, "y": 535}, {"x": 351, "y": 535}, {"x": 351, "y": 525}, {"x": 341, "y": 525}], [{"x": 341, "y": 557}, {"x": 351, "y": 557}, {"x": 351, "y": 547}, {"x": 341, "y": 547}], [{"x": 341, "y": 579}, {"x": 351, "y": 579}, {"x": 351, "y": 569}, {"x": 341, "y": 569}], [{"x": 341, "y": 601}, {"x": 351, "y": 601}, {"x": 351, "y": 591}, {"x": 341, "y": 591}], [{"x": 341, "y": 623}, {"x": 351, "y": 623}, {"x": 351, "y": 613}, {"x": 341, "y": 613}], [{"x": 341, "y": 667}, {"x": 351, "y": 667}, {"x": 351, "y": 657}, {"x": 341, "y": 657}], [{"x": 341, "y": 689}, {"x": 351, "y": 689}, {"x": 351, "y": 679}, {"x": 341, "y": 679}], [{"x": 341, "y": 733}, {"x": 351, "y": 733}, {"x": 351, "y": 723}, {"x": 341, "y": 719}], [{"x": 341, "y": 755}, {"x": 351, "y": 755}, {"x": 351, "y": 745}, {"x": 341, "y": 745}], [{"x": 341, "y": 799}, {"x": 351, "y": 799}, {"x": 351, "y": 789}, {"x": 341, "y": 789}], [{"x": 341, "y": 821}, {"x": 351, "y": 821}, {"x": 351, "y": 811}, {"x": 341, "y": 811}], [{"x": 341, "y": 843}, {"x": 351, "y": 843}, {"x": 351, "y": 833}, {"x": 341, "y": 833}], [{"x": 363, "y": 95}, {"x": 373, "y": 95}, {"x": 373, "y": 85}, {"x": 363, "y": 85}], [{"x": 359, "y": 139}, {"x": 373, "y": 139}, {"x": 373, "y": 129}, {"x": 363, "y": 129}], [{"x": 363, "y": 161}, {"x": 373, "y": 163}, {"x": 375, "y": 151}, {"x": 363, "y": 151}], [{"x": 363, "y": 183}, {"x": 373, "y": 183}, {"x": 373, "y": 173}, {"x": 363, "y": 173}], [{"x": 363, "y": 205}, {"x": 373, "y": 208}, {"x": 373, "y": 195}, {"x": 363, "y": 195}], [{"x": 363, "y": 227}, {"x": 373, "y": 227}, {"x": 373, "y": 217}, {"x": 363, "y": 217}], [{"x": 363, "y": 249}, {"x": 373, "y": 249}, {"x": 373, "y": 239}, {"x": 363, "y": 239}], [{"x": 363, "y": 271}, {"x": 373, "y": 272}, {"x": 373, "y": 261}, {"x": 363, "y": 261}], [{"x": 363, "y": 315}, {"x": 373, "y": 315}, {"x": 373, "y": 305}, {"x": 363, "y": 305}], [{"x": 363, "y": 337}, {"x": 373, "y": 340}, {"x": 373, "y": 327}, {"x": 363, "y": 327}], [{"x": 363, "y": 362}, {"x": 373, "y": 359}, {"x": 373, "y": 349}, {"x": 363, "y": 349}], [{"x": 363, "y": 381}, {"x": 373, "y": 381}, {"x": 373, "y": 371}, {"x": 363, "y": 371}], [{"x": 359, "y": 403}, {"x": 376, "y": 403}, {"x": 373, "y": 393}, {"x": 363, "y": 393}], [{"x": 363, "y": 447}, {"x": 373, "y": 448}, {"x": 373, "y": 437}, {"x": 363, "y": 437}], [{"x": 359, "y": 469}, {"x": 373, "y": 469}, {"x": 373, "y": 459}, {"x": 363, "y": 459}], [{"x": 363, "y": 491}, {"x": 373, "y": 491}, {"x": 373, "y": 481}, {"x": 363, "y": 481}], [{"x": 363, "y": 513}, {"x": 373, "y": 513}, {"x": 373, "y": 503}, {"x": 361, "y": 503}], [{"x": 363, "y": 579}, {"x": 373, "y": 579}, {"x": 373, "y": 569}, {"x": 363, "y": 569}], [{"x": 363, "y": 601}, {"x": 373, "y": 601}, {"x": 373, "y": 591}, {"x": 363, "y": 591}], [{"x": 363, "y": 627}, {"x": 373, "y": 623}, {"x": 373, "y": 613}, {"x": 363, "y": 613}], [{"x": 363, "y": 645}, {"x": 373, "y": 645}, {"x": 373, "y": 635}, {"x": 363, "y": 635}], [{"x": 363, "y": 689}, {"x": 373, "y": 689}, {"x": 373, "y": 679}, {"x": 363, "y": 679}], [{"x": 363, "y": 733}, {"x": 373, "y": 733}, {"x": 373, "y": 723}, {"x": 363, "y": 723}], [{"x": 363, "y": 777}, {"x": 373, "y": 777}, {"x": 373, "y": 767}, {"x": 363, "y": 767}], [{"x": 363, "y": 799}, {"x": 373, "y": 799}, {"x": 373, "y": 789}, {"x": 363, "y": 789}], [{"x": 363, "y": 821}, {"x": 373, "y": 821}, {"x": 373, "y": 810}, {"x": 363, "y": 811}], [{"x": 363, "y": 847}, {"x": 373, "y": 843}, {"x": 373, "y": 833}, {"x": 363, "y": 833}], [{"x": 385, "y": 117}, {"x": 395, "y": 117}, {"x": 395, "y": 107}, {"x": 385, "y": 105}], [{"x": 385, "y": 161}, {"x": 395, "y": 161}, {"x": 395, "y": 151}, {"x": 385, "y": 151}], [{"x": 385, "y": 183}, {"x": 395, "y": 183}, {"x": 395, "y": 170}, {"x": 385, "y": 173}], [{"x": 385, "y": 205}, {"x": 395, "y": 205}, {"x": 395, "y": 195}, {"x": 385, "y": 195}], [{"x": 385, "y": 271}, {"x": 395, "y": 273}, {"x": 395, "y": 261}, {"x": 385, "y": 261}], [{"x": 385, "y": 293}, {"x": 395, "y": 293}, {"x": 395, "y": 283}, {"x": 385, "y": 283}], [{"x": 385, "y": 359}, {"x": 395, "y": 359}, {"x": 395, "y": 349}, {"x": 385, "y": 349}], [{"x": 385, "y": 403}, {"x": 395, "y": 403}, {"x": 395, "y": 393}, {"x": 385, "y": 393}], [{"x": 385, "y": 447}, {"x": 395, "y": 447}, {"x": 395, "y": 437}, {"x": 385, "y": 437}], [{"x": 385, "y": 469}, {"x": 395, "y": 469}, {"x": 395, "y": 459}, {"x": 385, "y": 459}], [{"x": 385, "y": 491}, {"x": 395, "y": 491}, {"x": 395, "y": 481}, {"x": 385, "y": 481}], [{"x": 385, "y": 513}, {"x": 395, "y": 513}, {"x": 395, "y": 503}, {"x": 385, "y": 503}], [{"x": 385, "y": 535}, {"x": 395, "y": 535}, {"x": 395, "y": 525}, {"x": 385, "y": 525}], [{"x": 385, "y": 557}, {"x": 395, "y": 557}, {"x": 395, "y": 547}, {"x": 385, "y": 547}], [{"x": 385, "y": 579}, {"x": 395, "y": 579}, {"x": 395, "y": 569}, {"x": 385, "y": 569}], [{"x": 381, "y": 623}, {"x": 395, "y": 623}, {"x": 395, "y": 613}, {"x": 385, "y": 613}], [{"x": 385, "y": 645}, {"x": 395, "y": 645}, {"x": 395, "y": 635}, {"x": 385, "y": 635}], [{"x": 385, "y": 667}, {"x": 395, "y": 667}, {"x": 395, "y": 657}, {"x": 385, "y": 657}], [{"x": 385, "y": 689}, {"x": 395, "y": 689}, {"x": 395, "y": 679}, {"x": 385, "y": 679}], [{"x": 385, "y": 711}, {"x": 395, "y": 711}, {"x": 397, "y": 701}, {"x": 385, "y": 701}], [{"x": 385, "y": 733}, {"x": 395, "y": 733}, {"x": 395, "y": 723}, {"x": 385, "y": 723}], [{"x": 385, "y": 755}, {"x": 395, "y": 755}, {"x": 395, "y": 745}, {"x": 385, "y": 745}], [{"x": 385, "y": 777}, {"x": 395, "y": 777}, {"x": 395, "y": 767}, {"x": 385, "y": 767}], [{"x": 385, "y": 799}, {"x": 395, "y": 799}, {"x": 395, "y": 789}, {"x": 385, "y": 789}], [{"x": 385, "y": 821}, {"x": 395, "y": 821}, {"x": 395, "y": 811}, {"x": 385, "y": 811}], [{"x": 405, "y": 95}, {"x": 417, "y": 95}, {"x": 417, "y": 85}, {"x": 407, "y": 85}], [{"x": 407, "y": 117}, {"x": 417, "y": 117}, {"x": 417, "y": 107}, {"x": 407, "y": 107}], [{"x": 407, "y": 139}, {"x": 417, "y": 139}, {"x": 417, "y": 129}, {"x": 407, "y": 129}], [{"x": 407, "y": 165}, {"x": 417, "y": 161}, {"x": 417, "y": 151}, {"x": 407, "y": 151}], [{"x": 407, "y": 183}, {"x": 417, "y": 183}, {"x": 417, "y": 173}, {"x": 407, "y": 173}], [{"x": 405, "y": 205}, {"x": 417, "y": 205}, {"x": 417, "y": 195}, {"x": 407, "y": 195}], [{"x": 407, "y": 249}, {"x": 417, "y": 249}, {"x": 417, "y": 239}, {"x": 407, "y": 239}], [{"x": 407, "y": 271}, {"x": 417, "y": 271}, {"x": 417, "y": 261}, {"x": 407, "y": 261}], [{"x": 407, "y": 293}, {"x": 417, "y": 296}, {"x": 417, "y": 283}, {"x": 407, "y": 283}], [{"x": 407, "y": 315}, {"x": 417, "y": 315}, {"x": 417, "y": 305}, {"x": 407, "y": 302}], [{"x": 407, "y": 337}, {"x": 417, "y": 337}, {"x": 421, "y": 327}, {"x": 407, "y": 327}], [{"x": 407, "y": 359}, {"x": 417, "y": 359}, {"x": 417, "y": 349}, {"x": 407, "y": 349}], [{"x": 407, "y": 425}, {"x": 417, "y": 425}, {"x": 417, "y": 415}, {"x": 407, "y": 415}], [{"x": 407, "y": 447}, {"x": 419, "y": 447}, {"x": 417, "y": 437}, {"x": 407, "y": 437}], [{"x": 406, "y": 469}, {"x": 417, "y": 469}, {"x": 417, "y": 459}, {"x": 407, "y": 459}], [{"x": 407, "y": 491}, {"x": 417, "y": 491}, {"x": 417, "y": 480}, {"x": 407, "y": 481}], [{"x": 403, "y": 535}, {"x": 417, "y": 535}, {"x": 417, "y": 525}, {"x": 406, "y": 525}], [{"x": 407, "y": 579}, {"x": 417, "y": 579}, {"x": 417, "y": 569}, {"x": 407, "y": 569}], [{"x": 407, "y": 601}, {"x": 417, "y": 601}, {"x": 417, "y": 591}, {"x": 407, "y": 591}], [{"x": 407, "y": 625}, {"x": 417, "y": 623}, {"x": 417, "y": 613}, {"x": 407, "y": 613}], [{"x": 407, "y": 645}, {"x": 417, "y": 645}, {"x": 417, "y": 635}, {"x": 406, "y": 635}], [{"x": 407, "y": 667}, {"x": 417, "y": 667}, {"x": 417, "y": 657}, {"x": 407, "y": 657}], [{"x": 407, "y": 689}, {"x": 420, "y": 689}, {"x": 417, "y": 677}, {"x": 407, "y": 679}], [{"x": 407, "y": 711}, {"x": 417, "y": 711}, {"x": 417, "y": 701}, {"x": 407, "y": 701}], [{"x": 407, "y": 755}, {"x": 417, "y": 755}, {"x": 417, "y": 745}, {"x": 403, "y": 745}], [{"x": 407, "y": 777}, {"x": 420, "y": 777}, {"x": 417, "y": 767}, {"x": 407, "y": 767}], [{"x": 407, "y": 799}, {"x": 417, "y": 799}, {"x": 417, "y": 789}, {"x": 407, "y": 789}], [{"x": 429, "y": 95}, {"x": 439, "y": 95}, {"x": 439, "y": 85}, {"x": 429, "y": 85}], [{"x": 429, "y": 117}, {"x": 439, "y": 117}, {"x": 439, "y": 107}, {"x": 429, "y": 107}], [{"x": 429, "y": 139}, {"x": 439, "y": 139}, {"x": 439, "y": 129}, {"x": 429, "y": 129}], [{"x": 426, "y": 183}, {"x": 439, "y": 183}, {"x": 439, "y": 173}, {"x": 429, "y": 173}], [{"x": 429, "y": 227}, {"x": 439, "y": 227}, {"x": 439, "y": 217}, {"x": 425, "y": 217}], [{"x": 429, "y": 271}, {"x": 439, "y": 271}, {"x": 439, "y": 261}, {"x": 429, "y": 261}], [{"x": 429, "y": 293}, {"x": 439, "y": 293}, {"x": 439, "y": 283}, {"x": 429, "y": 283}], [{"x": 429, "y": 315}, {"x": 439, "y": 315}, {"x": 439, "y": 305}, {"x": 429, "y": 305}], [{"x": 429, "y": 340}, {"x": 439, "y": 337}, {"x": 439, "y": 327}, {"x": 429, "y": 327}], [{"x": 429, "y": 359}, {"x": 439, "y": 359}, {"x": 439, "y": 349}, {"x": 429, "y": 349}], [{"x": 429, "y": 381}, {"x": 439, "y": 381}, {"x": 439, "y": 371}, {"x": 429, "y": 371}], [{"x": 429, "y": 407}, {"x": 439, "y": 403}, {"x": 439, "y": 393}, {"x": 429, "y": 393}], [{"x": 429, "y": 469}, {"x": 439, "y": 469}, {"x": 439, "y": 459}, {"x": 429, "y": 459}], [{"x": 429, "y": 491}, {"x": 441, "y": 491}, {"x": 439, "y": 481}, {"x": 429, "y": 481}], [{"x": 429, "y": 513}, {"x": 439, "y": 515}, {"x": 439, "y": 503}, {"x": 429, "y": 503}], [{"x": 429, "y": 535}, {"x": 439, "y": 535}, {"x": 439, "y": 525}, {"x": 429, "y": 525}], [{"x": 429, "y": 557}, {"x": 439, "y": 557}, {"x": 439, "y": 547}, {"x": 429, "y": 547}], [{"x": 429, "y": 579}, {"x": 439, "y": 579}, {"x": 439, "y": 566}, {"x": 429, "y": 569}], [{"x": 429, "y": 604}, {"x": 439, "y": 601}, {"x": 439, "y": 591}, {"x": 429, "y": 591}], [{"x": 429, "y": 623}, {"x": 439, "y": 623}, {"x": 439, "y": 613}, {"x": 429, "y": 609}], [{"x": 429, "y": 667}, {"x": 439, "y": 667}, {"x": 439, "y": 657}, {"x": 429, "y": 657}], [{"x": 429, "y": 689}, {"x": 439, "y": 689}, {"x": 439, "y": 679}, {"x": 429, "y": 679}], [{"x": 429, "y": 711}, {"x": 439, "y": 711}, {"x": 439, "y": 701}, {"x": 429, "y": 701}], [{"x": 429, "y": 733}, {"x": 439, "y": 734}, {"x": 439, "y": 723}, {"x": 429, "y": 723}], [{"x": 429, "y": 755}, {"x": 439, "y": 756}, {"x": 439, "y": 745}, {"x": 429, "y": 745}], [{"x": 429, "y": 780}, {"x": 439, "y": 777}, {"x": 439, "y": 767}, {"x": 429, "y": 767}], [{"x": 428, "y": 799}, {"x": 439, "y": 799}, {"x": 439, "y": 789}, {"x": 429, "y": 789}], [{"x": 429, "y": 821}, {"x": 439, "y": 825}, {"x": 439, "y": 811}, {"x": 429, "y": 811}], [{"x": 451, "y": 95}, {"x": 461, "y": 95}, {"x": 465, "y": 85}, {"x": 451, "y": 85}], [{"x": 451, "y": 117}, {"x": 461, "y": 118}, {"x": 461, "y": 107}, {"x": 451, "y": 107}], [{"x": 451, "y": 139}, {"x": 461, "y": 139}, {"x": 463, "y": 129}, {"x": 451, "y": 129}], [{"x": 451, "y": 161}, {"x": 461, "y": 161}, {"x": 461, "y": 151}, {"x": 451, "y": 151}], [{"x": 451, "y": 183}, {"x": 461, "y": 183}, {"x": 461, "y": 173}, {"x": 451, "y": 173}], [{"x": 451, "y": 205}, {"x": 461, "y": 205}, {"x": 461, "y": 195}, {"x": 451, "y": 195}], [{"x": 451, "y": 230}, {"x": 461, "y": 227}, {"x": 461, "y": 217}, {"x": 451, "y": 217}], [{"x": 451, "y": 249}, {"x": 461, "y": 249}, {"x": 461, "y": 239}, {"x": 451, "y": 239}], [{"x": 451, "y": 271}, {"x": 461, "y": 271}, {"x": 464, "y": 261}, {"x": 451, "y": 261}], [{"x": 451, "y": 293}, {"x": 461, "y": 293}, {"x": 461, "y": 283}, {"x": 451, "y": 282}], [{"x": 451, "y": 337}, {"x": 461, "y": 337}, {"x": 461, "y": 327}, {"x": 451, "y": 327}], [{"x": 451, "y": 360}, {"x": 461, "y": 359}, {"x": 461, "y": 349}, {"x": 451, "y": 349}], [{"x": 451, "y": 381}, {"x": 461, "y": 381}, {"x": 461, "y": 371}, {"x": 451, "y": 371}], [{"x": 450, "y": 403}, {"x": 461, "y": 403}, {"x": 461, "y": 393}, {"x": 451, "y": 393}], [{"x": 451, "y": 425}, {"x": 461, "y": 425}, {"x": 461, "y": 415}, {"x": 451, "y": 415}], [{"x": 451, "y": 447}, {"x": 461, "y": 448}, {"x": 461, "y": 437}, {"x": 451, "y": 437}], [{"x": 451, "y": 491}, {"x": 461, "y": 491}, {"x": 461, "y": 481}, {"x": 451, "y": 481}], [{"x": 451, "y": 513}, {"x": 461, "y": 513}, {"x": 461, "y": 503}, {"x": 451, "y": 503}], [{"x": 451, "y": 535}, {"x": 461, "y": 535}, {"x": 461, "y": 525}, {"x": 451, "y": 522}], [{"x": 451, "y": 557}, {"x": 461, "y": 557}, {"x": 461, "y": 547}, {"x": 451, "y": 547}], [{"x": 451, "y": 601}, {"x": 461, "y": 601}, {"x": 461, "y": 591}, {"x": 451, "y": 591}], [{"x": 451, "y": 623}, {"x": 461, "y": 623}, {"x": 461, "y": 613}, {"x": 451, "y": 613}], [{"x": 451, "y": 667}, {"x": 461, "y": 667}, {"x": 461, "y": 657}, {"x": 451, "y": 657}], [{"x": 451, "y": 689}, {"x": 461, "y": 691}, {"x": 461, "y": 679}, {"x": 451, "y": 679}], [{"x": 451, "y": 755}, {"x": 461, "y": 755}, {"x": 461, "y": 745}, {"x": 451, "y": 745}], [{"x": 451, "y": 777}, {"x": 461, "y": 777}, {"x": 461, "y": 767}, {"x": 451, "y": 767}], [{"x": 451, "y": 799}, {"x": 461, "y": 802}, {"x": 461, "y": 789}, {"x": 451, "y": 789}], [{"x": 473, "y": 95}, {"x": 483, "y": 95}, {"x": 483, "y": 85}, {"x": 473, "y": 85}], [{"x": 473, "y": 117}, {"x": 483, "y": 117}, {"x": 483, "y": 103}, {"x": 473, "y": 107}], [{"x": 470, "y": 183}, {"x": 483, "y": 183}, {"x": 483, "y": 173}, {"x": 473, "y": 173}], [{"x": 473, "y": 205}, {"x": 483, "y": 205}, {"x": 487, "y": 195}, {"x": 469, "y": 195}], [{"x": 473, "y": 249}, {"x": 483, "y": 249}, {"x": 483, "y": 239}, {"x": 473, "y": 239}], [{"x": 469, "y": 271}, {"x": 483, "y": 271}, {"x": 483, "y": 261}, {"x": 473, "y": 261}], [{"x": 473, "y": 293}, {"x": 483, "y": 293}, {"x": 483, "y": 283}, {"x": 473, "y": 283}], [{"x": 473, "y": 315}, {"x": 483, "y": 315}, {"x": 483, "y": 305}, {"x": 473, "y": 305}], [{"x": 473, "y": 337}, {"x": 483, "y": 337}, {"x": 483, "y": 327}, {"x": 473, "y": 327}], [{"x": 473, "y": 359}, {"x": 483, "y": 361}, {"x": 487, "y": 349}, {"x": 473, "y": 349}], [{"x": 473, "y": 381}, {"x": 483, "y": 381}, {"x": 483, "y": 371}, {"x": 473, "y": 371}], [{"x": 473, "y": 403}, {"x": 483, "y": 403}, {"x": 483, "y": 393}, {"x": 473, "y": 393}], [{"x": 473, "y": 425}, {"x": 483, "y": 425}, {"x": 483, "y": 415}, {"x": 473, "y": 415}], [{"x": 473, "y": 469}, {"x": 483, "y": 469}, {"x": 483, "y": 459}, {"x": 473, "y": 459}], [{"x": 473, "y": 491}, {"x": 483, "y": 491}, {"x": 483, "y": 481}, {"x": 473, "y": 481}], [{"x": 473, "y": 513}, {"x": 484, "y": 513}, {"x": 483, "y": 499}, {"x": 473, "y": 503}], [{"x": 473, "y": 557}, {"x": 483, "y": 557}, {"x": 483, "y": 547}, {"x": 473, "y": 547}], [{"x": 473, "y": 579}, {"x": 483, "y": 579}, {"x": 485, "y": 569}, {"x": 473, "y": 569}], [{"x": 473, "y": 601}, {"x": 484, "y": 601}, {"x": 483, "y": 591}, {"x": 470, "y": 591}], [{"x": 473, "y": 623}, {"x": 483, "y": 623}, {"x": 483, "y": 613}, {"x": 473, "y": 613}], [{"x": 473, "y": 645}, {"x": 483, "y": 645}, {"x": 483, "y": 635}, {"x": 473, "y": 635}], [{"x": 473, "y": 667}, {"x": 483, "y": 667}, {"x": 483, "y": 657}, {"x": 473, "y": 657}], [{"x": 473, "y": 689}, {"x": 483, "y": 689}, {"x": 483, "y": 675}, {"x": 473, "y": 679}], [{"x": 473, "y": 755}, {"x": 483, "y": 755}, {"x": 483, "y": 745}, {"x": 473, "y": 745}], [{"x": 473, "y": 799}, {"x": 483, "y": 799}, {"x": 483, "y": 789}, {"x": 473, "y": 789}], [{"x": 473, "y": 821}, {"x": 483, "y": 821}, {"x": 483, "y": 811}, {"x": 473, "y": 811}], [{"x": 495, "y": 95}, {"x": 505, "y": 95}, {"x": 505, "y": 85}, {"x": 495, "y": 85}], [{"x": 495, "y": 139}, {"x": 505, "y": 142}, {"x": 505, "y": 129}, {"x": 495, "y": 129}], [{"x": 495, "y": 161}, {"x": 505, "y": 162}, {"x": 506, "y": 151}, {"x": 495, "y": 151}], [{"x": 495, "y": 183}, {"x": 505, "y": 183}, {"x": 505, "y": 173}, {"x": 494, "y": 173}], [{"x": 495, "y": 227}, {"x": 506, "y": 227}, {"x": 505, "y": 217}, {"x": 495, "y": 217}], [{"x": 495, "y": 249}, {"x": 505, "y": 249}, {"x": 505, "y": 239}, {"x": 495, "y": 239}], [{"x": 495, "y": 271}, {"x": 505, "y": 271}, {"x": 505, "y": 257}, {"x": 495, "y": 261}], [{"x": 495, "y": 293}, {"x": 505, "y": 293}, {"x": 505, "y": 283}, {"x": 495, "y": 283}], [{"x": 495, "y": 315}, {"x": 505, "y": 315}, {"x": 505, "y": 305}, {"x": 495, "y": 302}], [{"x": 495, "y": 359}, {"x": 505, "y": 359}, {"x": 505, "y": 349}, {"x": 493, "y": 349}], [{"x": 495, "y": 381}, {"x": 505, "y": 381}, {"x": 505, "y": 370}, {"x": 495, "y": 371}], [{"x": 495, "y": 403}, {"x": 505, "y": 403}, {"x": 505, "y": 393}, {"x": 495, "y": 393}], [{"x": 495, "y": 425}, {"x": 505, "y": 425}, {"x": 505, "y": 415}, {"x": 495, "y": 415}], [{"x": 495, "y": 447}, {"x": 505, "y": 447}, {"x": 505, "y": 435}, {"x": 495, "y": 437}], [{"x": 495, "y": 469}, {"x": 505, "y": 469}, {"x": 505, "y": 459}, {"x": 495, "y": 459}], [{"x": 495, "y": 491}, {"x": 505, "y": 491}, {"x": 505, "y": 481}, {"x": 495, "y": 481}], [{"x": 495, "y": 513}, {"x": 505, "y": 513}, {"x": 505, "y": 503}, {"x": 495, "y": 500}], [{"x": 495, "y": 535}, {"x": 505, "y": 535}, {"x": 505, "y": 525}, {"x": 495, "y": 525}], [{"x": 495, "y": 557}, {"x": 508, "y": 557}, {"x": 505, "y": 547}, {"x": 495, "y": 547}], [{"x": 495, "y": 579}, {"x": 505, "y": 579}, {"x": 505, "y": 569}, {"x": 495, "y": 569}], [{"x": 495, "y": 601}, {"x": 505, "y": 601}, {"x": 505, "y": 591}, {"x": 495, "y": 591}], [{"x": 495, "y": 623}, {"x": 505, "y": 623}, {"x": 505, "y": 613}, {"x": 495, "y": 613}], [{"x": 495, "y": 645}, {"x": 505, "y": 645}, {"x": 505, "y": 635}, {"x": 495, "y": 635}], [{"x": 491, "y": 667}, {"x": 505, "y": 667}, {"x": 505, "y": 657}, {"x": 493, "y": 657}], [{"x": 495, "y": 689}, {"x": 505, "y": 689}, {"x": 505, "y": 679}, {"x": 495, "y": 679}], [{"x": 492, "y": 733}, {"x": 505, "y": 733}, {"x": 509, "y": 720}, {"x": 495, "y": 723}], [{"x": 495, "y": 755}, {"x": 505, "y": 755}, {"x": 506, "y": 745}, {"x": 495, "y": 745}], [{"x": 495, "y": 799}, {"x": 505, "y": 803}, {"x": 505, "y": 789}, {"x": 494, "y": 789}], [{"x": 517, "y": 95}, {"x": 527, "y": 97}, {"x": 527, "y": 85}, {"x": 517, "y": 85}], [{"x": 517, "y": 139}, {"x": 527, "y": 139}, {"x": 527, "y": 129}, {"x": 517, "y": 129}], [{"x": 517, "y": 253}, {"x": 527, "y": 249}, {"x": 527, "y": 239}, {"x": 517, "y": 239}], [{"x": 517, "y": 271}, {"x": 527, "y": 271}, {"x": 527, "y": 261}, {"x": 517, "y": 261}], [{"x": 517, "y": 293}, {"x": 527, "y": 293}, {"x": 527, "y": 283}, {"x": 514, "y": 283}], [{"x": 517, "y": 315}, {"x": 527, "y": 315}, {"x": 527, "y": 305}, {"x": 517, "y": 305}], [{"x": 517, "y": 337}, {"x": 527, "y": 337}, {"x": 527, "y": 327}, {"x": 517, "y": 327}], [{"x": 514, "y": 359}, {"x": 527, "y": 359}, {"x": 527, "y": 349}, {"x": 516, "y": 346}], [{"x": 517, "y": 381}, {"x": 527, "y": 381}, {"x": 527, "y": 371}, {"x": 517, "y": 371}], [{"x": 517, "y": 425}, {"x": 527, "y": 425}, {"x": 527, "y": 415}, {"x": 517, "y": 415}], [{"x": 517, "y": 447}, {"x": 527, "y": 447}, {"x": 527, "y": 437}, {"x": 517, "y": 437}], [{"x": 517, "y": 469}, {"x": 527, "y": 469}, {"x": 527, "y": 459}, {"x": 517, "y": 459}], [{"x": 517, "y": 491}, {"x": 527, "y": 491}, {"x": 527, "y": 481}, {"x": 517, "y": 481}], [{"x": 517, "y": 513}, {"x": 527, "y": 513}, {"x": 527, "y": 503}, {"x": 517, "y": 503}], [{"x": 517, "y": 557}, {"x": 527, "y": 557}, {"x": 527, "y": 547}, {"x": 517, "y": 547}], [{"x": 517, "y": 579}, {"x": 530, "y": 579}, {"x": 527, "y": 569}, {"x": 517, "y": 569}], [{"x": 517, "y": 601}, {"x": 527, "y": 601}, {"x": 527, "y": 591}, {"x": 517, "y": 591}], [{"x": 517, "y": 623}, {"x": 527, "y": 626}, {"x": 527, "y": 613}, {"x": 517, "y": 613}], [{"x": 517, "y": 645}, {"x": 527, "y": 645}, {"x": 527, "y": 633}, {"x": 514, "y": 635}], [{"x": 517, "y": 667}, {"x": 527, "y": 667}, {"x": 527, "y": 657}, {"x": 516, "y": 657}], [{"x": 517, "y": 711}, {"x": 527, "y": 714}, {"x": 527, "y": 701}, {"x": 517, "y": 701}], [{"x": 517, "y": 755}, {"x": 527, "y": 755}, {"x": 527, "y": 745}, {"x": 514, "y": 745}], [{"x": 517, "y": 799}, {"x": 527, "y": 799}, {"x": 527, "y": 789}, {"x": 517, "y": 789}], [{"x": 539, "y": 117}, {"x": 549, "y": 117}, {"x": 549, "y": 107}, {"x": 539, "y": 107}], [{"x": 539, "y": 139}, {"x": 549, "y": 139}, {"x": 549, "y": 129}, {"x": 539, "y": 129}], [{"x": 539, "y": 161}, {"x": 549, "y": 165}, {"x": 549, "y": 151}, {"x": 539, "y": 151}], [{"x": 539, "y": 183}, {"x": 549, "y": 183}, {"x": 551, "y": 173}, {"x": 539, "y": 173}], [{"x": 539, "y": 205}, {"x": 549, "y": 205}, {"x": 549, "y": 195}, {"x": 539, "y": 193}], [{"x": 539, "y": 249}, {"x": 551, "y": 249}, {"x": 549, "y": 239}, {"x": 539, "y": 239}], [{"x": 539, "y": 271}, {"x": 549, "y": 271}, {"x": 549, "y": 261}, {"x": 539, "y": 261}], [{"x": 539, "y": 293}, {"x": 549, "y": 293}, {"x": 549, "y": 283}, {"x": 539, "y": 283}], [{"x": 539, "y": 315}, {"x": 549, "y": 315}, {"x": 549, "y": 305}, {"x": 539, "y": 305}], [{"x": 539, "y": 359}, {"x": 549, "y": 360}, {"x": 549, "y": 349}, {"x": 539, "y": 349}], [{"x": 539, "y": 403}, {"x": 549, "y": 403}, {"x": 549, "y": 393}, {"x": 539, "y": 393}], [{"x": 539, "y": 425}, {"x": 549, "y": 425}, {"x": 549, "y": 415}, {"x": 539, "y": 415}], [{"x": 539, "y": 447}, {"x": 549, "y": 447}, {"x": 549, "y": 437}, {"x": 539, "y": 437}], [{"x": 539, "y": 469}, {"x": 549, "y": 469}, {"x": 549, "y": 459}, {"x": 539, "y": 459}], [{"x": 539, "y": 493}, {"x": 549, "y": 491}, {"x": 553, "y": 481}, {"x": 539, "y": 481}], [{"x": 539, "y": 535}, {"x": 549, "y": 535}, {"x": 549, "y": 525}, {"x": 539, "y": 525}], [{"x": 539, "y": 579}, {"x": 549, "y": 579}, {"x": 549, "y": 569}, {"x": 539, "y": 569}], [{"x": 539, "y": 601}, {"x": 549, "y": 601}, {"x": 549, "y": 588}, {"x": 539, "y": 591}], [{"x": 539, "y": 623}, {"x": 549, "y": 623}, {"x": 549, "y": 613}, {"x": 539, "y": 613}], [{"x": 539, "y": 645}, {"x": 549, "y": 645}, {"x": 549, "y": 635}, {"x": 539, "y": 635}], [{"x": 539, "y": 667}, {"x": 550, "y": 667}, {"x": 549, "y": 653}, {"x": 539, "y": 654}], [{"x": 539, "y": 689}, {"x": 549, "y": 689}, {"x": 549, "y": 679}, {"x": 539, "y": 679}], [{"x": 539, "y": 733}, {"x": 549, "y": 733}, {"x": 549, "y": 723}, {"x": 539, "y": 723}], [{"x": 539, "y": 755}, {"x": 549, "y": 755}, {"x": 549, "y": 745}, {"x": 539, "y": 745}], [{"x": 539, "y": 777}, {"x": 549, "y": 777}, {"x": 549, "y": 767}, {"x": 539, "y": 767}], [{"x": 561, "y": 117}, {"x": 571, "y": 117}, {"x": 571, "y": 107}, {"x": 561, "y": 107}], [{"x": 561, "y": 139}, {"x": 571, "y": 139}, {"x": 574, "y": 126}, {"x": 561, "y": 129}], [{"x": 561, "y": 161}, {"x": 571, "y": 161}, {"x": 571, "y": 151}, {"x": 561, "y": 151}], [{"x": 561, "y": 183}, {"x": 571, "y": 183}, {"x": 571, "y": 173}, {"x": 561, "y": 173}], [{"x": 561, "y": 227}, {"x": 571, "y": 227}, {"x": 571, "y": 217}, {"x": 561, "y": 217}], [{"x": 561, "y": 249}, {"x": 571, "y": 249}, {"x": 571, "y": 239}, {"x": 561, "y": 239}], [{"x": 561, "y": 271}, {"x": 571, "y": 271}, {"x": 571, "y": 261}, {"x": 561, "y": 261}], [{"x": 561, "y": 293}, {"x": 571, "y": 293}, {"x": 571, "y": 283}, {"x": 561, "y": 283}], [{"x": 561, "y": 315}, {"x": 571, "y": 315}, {"x": 571, "y": 305}, {"x": 561, "y": 305}], [{"x": 561, "y": 337}, {"x": 571, "y": 337}, {"x": 571, "y": 327}, {"x": 561, "y": 327}], [{"x": 561, "y": 359}, {"x": 571, "y": 359}, {"x": 571, "y": 349}, {"x": 561, "y": 349}], [{"x": 561, "y": 381}, {"x": 571, "y": 381}, {"x": 571, "y": 371}, {"x": 561, "y": 371}], [{"x": 561, "y": 403}, {"x": 571, "y": 403}, {"x": 571, "y": 393}, {"x": 561, "y": 393}], [{"x": 561, "y": 425}, {"x": 571, "y": 428}, {"x": 571, "y": 415}, {"x": 561, "y": 415}], [{"x": 561, "y": 447}, {"x": 571, "y": 447}, {"x": 571, "y": 437}, {"x": 561, "y": 437}], [{"x": 561, "y": 469}, {"x": 571, "y": 469}, {"x": 571, "y": 459}, {"x": 557, "y": 459}], [{"x": 561, "y": 513}, {"x": 571, "y": 513}, {"x": 571, "y": 503}, {"x": 561, "y": 503}], [{"x": 561, "y": 535}, {"x": 571, "y": 535}, {"x": 571, "y": 523}, {"x": 561, "y": 525}], [{"x": 561, "y": 559}, {"x": 571, "y": 557}, {"x": 571, "y": 544}, {"x": 561, "y": 547}], [{"x": 561, "y": 579}, {"x": 571, "y": 579}, {"x": 571, "y": 569}, {"x": 561, "y": 569}], [{"x": 561, "y": 601}, {"x": 572, "y": 601}, {"x": 571, "y": 591}, {"x": 561, "y": 591}], [{"x": 561, "y": 645}, {"x": 571, "y": 645}, {"x": 571, "y": 632}, {"x": 561, "y": 635}], [{"x": 561, "y": 667}, {"x": 571, "y": 667}, {"x": 571, "y": 657}, {"x": 561, "y": 657}], [{"x": 561, "y": 689}, {"x": 571, "y": 689}, {"x": 571, "y": 679}, {"x": 561, "y": 679}], [{"x": 561, "y": 711}, {"x": 571, "y": 711}, {"x": 571, "y": 701}, {"x": 561, "y": 697}], [{"x": 561, "y": 733}, {"x": 571, "y": 733}, {"x": 571, "y": 723}, {"x": 561, "y": 723}], [{"x": 561, "y": 755}, {"x": 571, "y": 755}, {"x": 574, "y": 745}, {"x": 561, "y": 745}], [{"x": 561, "y": 777}, {"x": 571, "y": 777}, {"x": 571, "y": 767}, {"x": 561, "y": 767}], [{"x": 561, "y": 799}, {"x": 571, "y": 799}, {"x": 571, "y": 789}, {"x": 557, "y": 789}], [{"x": 583, "y": 142}, {"x": 593, "y": 139}, {"x": 593, "y": 129}, {"x": 583, "y": 129}], [{"x": 583, "y": 161}, {"x": 593, "y": 161}, {"x": 593, "y": 151}, {"x": 583, "y": 151}], [{"x": 583, "y": 205}, {"x": 593, "y": 205}, {"x": 593, "y": 195}, {"x": 583, "y": 195}], [{"x": 583, "y": 227}, {"x": 593, "y": 227}, {"x": 593, "y": 217}, {"x": 583, "y": 217}], [{"x": 583, "y": 271}, {"x": 593, "y": 271}, {"x": 593, "y": 261}, {"x": 583, "y": 261}], [{"x": 583, "y": 315}, {"x": 593, "y": 315}, {"x": 593, "y": 305}, {"x": 583, "y": 305}], [{"x": 583, "y": 359}, {"x": 593, "y": 359}, {"x": 597, "y": 349}, {"x": 583, "y": 349}], [{"x": 583, "y": 381}, {"x": 593, "y": 381}, {"x": 593, "y": 371}, {"x": 583, "y": 371}], [{"x": 583, "y": 403}, {"x": 593, "y": 403}, {"x": 593, "y": 393}, {"x": 583, "y": 393}], [{"x": 583, "y": 425}, {"x": 593, "y": 425}, {"x": 593, "y": 415}, {"x": 583, "y": 412}], [{"x": 583, "y": 491}, {"x": 593, "y": 491}, {"x": 593, "y": 481}, {"x": 583, "y": 481}], [{"x": 583, "y": 513}, {"x": 593, "y": 513}, {"x": 593, "y": 503}, {"x": 583, "y": 503}], [{"x": 583, "y": 535}, {"x": 593, "y": 535}, {"x": 593, "y": 525}, {"x": 583, "y": 525}], [{"x": 583, "y": 579}, {"x": 593, "y": 579}, {"x": 593, "y": 569}, {"x": 583, "y": 569}], [{"x": 583, "y": 601}, {"x": 593, "y": 605}, {"x": 593, "y": 587}, {"x": 583, "y": 591}], [{"x": 583, "y": 667}, {"x": 593, "y": 667}, {"x": 593, "y": 657}, {"x": 583, "y": 657}], [{"x": 583, "y": 689}, {"x": 593, "y": 689}, {"x": 593, "y": 679}, {"x": 583, "y": 677}], [{"x": 583, "y": 713}, {"x": 593, "y": 711}, {"x": 593, "y": 701}, {"x": 583, "y": 701}], [{"x": 583, "y": 756}, {"x": 593, "y": 755}, {"x": 593, "y": 745}, {"x": 583, "y": 745}], [{"x": 583, "y": 777}, {"x": 593, "y": 777}, {"x": 593, "y": 767}, {"x": 583, "y": 767}], [{"x": 583, "y": 799}, {"x": 593, "y": 799}, {"x": 593, "y": 788}, {"x": 583, "y": 789}], [{"x": 605, "y": 161}, {"x": 615, "y": 161}, {"x": 617, "y": 151}, {"x": 605, "y": 151}], [{"x": 605, "y": 183}, {"x": 615, "y": 183}, {"x": 615, "y": 173}, {"x": 605, "y": 173}], [{"x": 605, "y": 205}, {"x": 615, "y": 205}, {"x": 615, "y": 195}, {"x": 605, "y": 195}], [{"x": 605, "y": 271}, {"x": 615, "y": 271}, {"x": 615, "y": 261}, {"x": 605, "y": 261}], [{"x": 605, "y": 293}, {"x": 615, "y": 293}, {"x": 615, "y": 283}, {"x": 605, "y": 283}], [{"x": 605, "y": 315}, {"x": 615, "y": 315}, {"x": 615, "y": 305}, {"x": 605, "y": 305}], [{"x": 605, "y": 337}, {"x": 615, "y": 337}, {"x": 615, "y": 327}, {"x": 605, "y": 327}], [{"x": 605, "y": 359}, {"x": 615, "y": 362}, {"x": 615, "y": 349}, {"x": 605, "y": 349}], [{"x": 605, "y": 383}, {"x": 615, "y": 381}, {"x": 619, "y": 371}, {"x": 605, "y": 371}], [{"x": 605, "y": 403}, {"x": 615, "y": 403}, {"x": 615, "y": 393}, {"x": 605, "y": 393}], [{"x": 605, "y": 425}, {"x": 619, "y": 425}, {"x": 615, "y": 415}, {"x": 605, "y": 415}], [{"x": 605, "y": 447}, {"x": 615, "y": 447}, {"x": 615, "y": 437}, {"x": 605, "y": 437}], [{"x": 605, "y": 469}, {"x": 615, "y": 469}, {"x": 615, "y": 459}, {"x": 605, "y": 459}], [{"x": 605, "y": 491}, {"x": 615, "y": 491}, {"x": 615, "y": 481}, {"x": 605, "y": 481}], [{"x": 605, "y": 513}, {"x": 615, "y": 513}, {"x": 615, "y": 503}, {"x": 605, "y": 503}], [{"x": 603, "y": 535}, {"x": 615, "y": 535}, {"x": 615, "y": 525}, {"x": 605, "y": 525}], [{"x": 605, "y": 557}, {"x": 615, "y": 557}, {"x": 615, "y": 547}, {"x": 603, "y": 547}], [{"x": 601, "y": 579}, {"x": 615, "y": 579}, {"x": 615, "y": 569}, {"x": 605, "y": 569}], [{"x": 605, "y": 601}, {"x": 615, "y": 601}, {"x": 615, "y": 591}, {"x": 601, "y": 591}], [{"x": 605, "y": 623}, {"x": 615, "y": 623}, {"x": 615, "y": 613}, {"x": 605, "y": 613}], [{"x": 605, "y": 667}, {"x": 615, "y": 667}, {"x": 615, "y": 657}, {"x": 605, "y": 657}], [{"x": 605, "y": 689}, {"x": 616, "y": 689}, {"x": 615, "y": 679}, {"x": 605, "y": 679}], [{"x": 605, "y": 711}, {"x": 616, "y": 711}, {"x": 615, "y": 701}, {"x": 605, "y": 701}], [{"x": 605, "y": 733}, {"x": 615, "y": 733}, {"x": 615, "y": 723}, {"x": 605, "y": 723}], [{"x": 605, "y": 755}, {"x": 615, "y": 755}, {"x": 615, "y": 745}, {"x": 605, "y": 745}], [{"x": 605, "y": 777}, {"x": 615, "y": 777}, {"x": 615, "y": 767}, {"x": 605, "y": 763}], [{"x": 605, "y": 799}, {"x": 615, "y": 799}, {"x": 615, "y": 789}, {"x": 605, "y": 789}], [{"x": 627, "y": 161}, {"x": 637, "y": 161}, {"x": 638, "y": 151}, {"x": 627, "y": 151}], [{"x": 627, "y": 205}, {"x": 637, "y": 205}, {"x": 637, "y": 195}, {"x": 627, "y": 195}], [{"x": 627, "y": 227}, {"x": 637, "y": 227}, {"x": 637, "y": 217}, {"x": 627, "y": 217}], [{"x": 627, "y": 249}, {"x": 637, "y": 249}, {"x": 637, "y": 239}, {"x": 627, "y": 239}], [{"x": 627, "y": 271}, {"x": 637, "y": 271}, {"x": 637, "y": 261}, {"x": 627, "y": 261}], [{"x": 627, "y": 293}, {"x": 637, "y": 293}, {"x": 637, "y": 283}, {"x": 627, "y": 283}], [{"x": 627, "y": 315}, {"x": 637, "y": 315}, {"x": 637, "y": 305}, {"x": 627, "y": 305}], [{"x": 627, "y": 337}, {"x": 637, "y": 337}, {"x": 637, "y": 327}, {"x": 627, "y": 327}], [{"x": 627, "y": 359}, {"x": 637, "y": 360}, {"x": 637, "y": 349}, {"x": 627, "y": 349}], [{"x": 627, "y": 381}, {"x": 637, "y": 381}, {"x": 637, "y": 371}, {"x": 627, "y": 371}], [{"x": 627, "y": 403}, {"x": 637, "y": 403}, {"x": 637, "y": 393}, {"x": 627, "y": 393}], [{"x": 627, "y": 425}, {"x": 641, "y": 425}, {"x": 637, "y": 415}, {"x": 627, "y": 415}], [{"x": 627, "y": 447}, {"x": 637, "y": 447}, {"x": 638, "y": 437}, {"x": 627, "y": 437}], [{"x": 627, "y": 469}, {"x": 637, "y": 469}, {"x": 640, "y": 459}, {"x": 627, "y": 459}], [{"x": 627, "y": 493}, {"x": 637, "y": 491}, {"x": 637, "y": 481}, {"x": 627, "y": 481}], [{"x": 627, "y": 513}, {"x": 637, "y": 513}, {"x": 637, "y": 503}, {"x": 627, "y": 503}], [{"x": 627, "y": 537}, {"x": 637, "y": 535}, {"x": 637, "y": 525}, {"x": 627, "y": 525}], [{"x": 627, "y": 579}, {"x": 637, "y": 581}, {"x": 637, "y": 569}, {"x": 625, "y": 569}], [{"x": 627, "y": 601}, {"x": 637, "y": 601}, {"x": 637, "y": 591}, {"x": 627, "y": 591}], [{"x": 623, "y": 623}, {"x": 637, "y": 623}, {"x": 637, "y": 613}, {"x": 627, "y": 613}], [{"x": 627, "y": 645}, {"x": 637, "y": 645}, {"x": 637, "y": 635}, {"x": 627, "y": 635}], [{"x": 627, "y": 667}, {"x": 637, "y": 667}, {"x": 637, "y": 657}, {"x": 627, "y": 657}], [{"x": 624, "y": 689}, {"x": 637, "y": 689}, {"x": 637, "y": 679}, {"x": 627, "y": 679}], [{"x": 627, "y": 711}, {"x": 637, "y": 711}, {"x": 637, "y": 701}, {"x": 627, "y": 701}], [{"x": 627, "y": 755}, {"x": 637, "y": 755}, {"x": 637, "y": 745}, {"x": 627, "y": 745}], [{"x": 627, "y": 799}, {"x": 637, "y": 799}, {"x": 637, "y": 789}, {"x": 627, "y": 789}], [{"x": 649, "y": 161}, {"x": 659, "y": 161}, {"x": 659, "y": 151}, {"x": 649, "y": 151}], [{"x": 649, "y": 183}, {"x": 659, "y": 183}, {"x": 659, "y": 173}, {"x": 649, "y": 173}], [{"x": 649, "y": 205}, {"x": 659, "y": 205}, {"x": 659, "y": 195}, {"x": 649, "y": 195}], [{"x": 649, "y": 227}, {"x": 659, "y": 227}, {"x": 659, "y": 217}, {"x": 649, "y": 217}], [{"x": 649, "y": 271}, {"x": 659, "y": 271}, {"x": 659, "y": 261}, {"x": 649, "y": 261}], [{"x": 649, "y": 293}, {"x": 659, "y": 293}, {"x": 659, "y": 283}, {"x": 649, "y": 283}], [{"x": 649, "y": 315}, {"x": 659, "y": 315}, {"x": 659, "y": 305}, {"x": 649, "y": 305}], [{"x": 649, "y": 337}, {"x": 659, "y": 337}, {"x": 659, "y": 327}, {"x": 649, "y": 327}], [{"x": 649, "y": 359}, {"x": 659, "y": 359}, {"x": 659, "y": 349}, {"x": 649, "y": 349}], [{"x": 649, "y": 381}, {"x": 659, "y": 381}, {"x": 659, "y": 371}, {"x": 649, "y": 371}], [{"x": 649, "y": 403}, {"x": 659, "y": 403}, {"x": 659, "y": 393}, {"x": 649, "y": 393}], [{"x": 649, "y": 425}, {"x": 659, "y": 427}, {"x": 659, "y": 415}, {"x": 649, "y": 415}], [{"x": 649, "y": 447}, {"x": 659, "y": 447}, {"x": 659, "y": 437}, {"x": 649, "y": 437}], [{"x": 649, "y": 491}, {"x": 659, "y": 491}, {"x": 659, "y": 481}, {"x": 649, "y": 481}], [{"x": 649, "y": 513}, {"x": 663, "y": 513}, {"x": 659, "y": 503}, {"x": 649, "y": 503}], [{"x": 649, "y": 535}, {"x": 659, "y": 535}, {"x": 659, "y": 525}, {"x": 649, "y": 525}], [{"x": 645, "y": 557}, {"x": 659, "y": 557}, {"x": 659, "y": 547}, {"x": 649, "y": 547}], [{"x": 649, "y": 601}, {"x": 659, "y": 603}, {"x": 659, "y": 591}, {"x": 649, "y": 591}], [{"x": 649, "y": 623}, {"x": 659, "y": 624}, {"x": 659, "y": 613}, {"x": 649, "y": 613}], [{"x": 649, "y": 645}, {"x": 663, "y": 645}, {"x": 659, "y": 635}, {"x": 649, "y": 635}], [{"x": 649, "y": 667}, {"x": 659, "y": 667}, {"x": 659, "y": 657}, {"x": 649, "y": 657}], [{"x": 649, "y": 689}, {"x": 659, "y": 689}, {"x": 659, "y": 679}, {"x": 649, "y": 679}], [{"x": 649, "y": 755}, {"x": 659, "y": 755}, {"x": 659, "y": 745}, {"x": 649, "y": 745}], [{"x": 649, "y": 777}, {"x": 659, "y": 777}, {"x": 659, "y": 767}, {"x": 649, "y": 767}], [{"x": 649, "y": 799}, {"x": 659, "y": 799}, {"x": 659, "y": 786}, {"x": 649, "y": 789}], [{"x": 671, "y": 183}, {"x": 681, "y": 183}, {"x": 681, "y": 173}, {"x": 671, "y": 173}], [{"x": 671, "y": 205}, {"x": 681, "y": 205}, {"x": 681, "y": 195}, {"x": 671, "y": 195}], [{"x": 671, "y": 227}, {"x": 681, "y": 227}, {"x": 681, "y": 217}, {"x": 671, "y": 215}], [{"x": 671, "y": 249}, {"x": 683, "y": 249}, {"x": 681, "y": 238}, {"x": 671, "y": 239}], [{"x": 671, "y": 293}, {"x": 681, "y": 293}, {"x": 681, "y": 283}, {"x": 671, "y": 283}], [{"x": 671, "y": 315}, {"x": 681, "y": 315}, {"x": 681, "y": 302}, {"x": 671, "y": 305}], [{"x": 671, "y": 359}, {"x": 681, "y": 359}, {"x": 681, "y": 349}, {"x": 671, "y": 349}], [{"x": 671, "y": 381}, {"x": 681, "y": 381}, {"x": 681, "y": 371}, {"x": 671, "y": 371}], [{"x": 671, "y": 403}, {"x": 681, "y": 403}, {"x": 681, "y": 393}, {"x": 671, "y": 393}], [{"x": 671, "y": 425}, {"x": 681, "y": 425}, {"x": 681, "y": 415}, {"x": 671, "y": 415}], [{"x": 671, "y": 449}, {"x": 681, "y": 447}, {"x": 681, "y": 437}, {"x": 671, "y": 437}], [{"x": 671, "y": 472}, {"x": 681, "y": 469}, {"x": 681, "y": 458}, {"x": 671, "y": 459}], [{"x": 667, "y": 491}, {"x": 681, "y": 491}, {"x": 681, "y": 481}, {"x": 671, "y": 481}], [{"x": 671, "y": 513}, {"x": 681, "y": 513}, {"x": 681, "y": 503}, {"x": 671, "y": 503}], [{"x": 668, "y": 535}, {"x": 681, "y": 535}, {"x": 681, "y": 525}, {"x": 671, "y": 525}], [{"x": 671, "y": 579}, {"x": 682, "y": 579}, {"x": 681, "y": 569}, {"x": 669, "y": 569}], [{"x": 671, "y": 601}, {"x": 681, "y": 601}, {"x": 681, "y": 591}, {"x": 671, "y": 591}], [{"x": 671, "y": 623}, {"x": 681, "y": 623}, {"x": 681, "y": 610}, {"x": 671, "y": 613}], [{"x": 671, "y": 670}, {"x": 681, "y": 667}, {"x": 681, "y": 657}, {"x": 671, "y": 657}], [{"x": 671, "y": 693}, {"x": 681, "y": 689}, {"x": 681, "y": 679}, {"x": 671, "y": 679}], [{"x": 671, "y": 711}, {"x": 685, "y": 711}, {"x": 681, "y": 701}, {"x": 671, "y": 701}], [{"x": 671, "y": 755}, {"x": 681, "y": 755}, {"x": 681, "y": 745}, {"x": 671, "y": 745}], [{"x": 671, "y": 799}, {"x": 681, "y": 799}, {"x": 681, "y": 789}, {"x": 671, "y": 789}], [{"x": 693, "y": 205}, {"x": 703, "y": 208}, {"x": 703, "y": 195}, {"x": 693, "y": 195}], [{"x": 693, "y": 227}, {"x": 703, "y": 227}, {"x": 703, "y": 217}, {"x": 693, "y": 217}], [{"x": 693, "y": 249}, {"x": 703, "y": 249}, {"x": 703, "y": 239}, {"x": 693, "y": 239}], [{"x": 693, "y": 271}, {"x": 703, "y": 271}, {"x": 703, "y": 261}, {"x": 693, "y": 261}], [{"x": 693, "y": 293}, {"x": 703, "y": 293}, {"x": 703, "y": 283}, {"x": 693, "y": 283}], [{"x": 693, "y": 337}, {"x": 703, "y": 337}, {"x": 703, "y": 327}, {"x": 693, "y": 327}], [{"x": 693, "y": 359}, {"x": 703, "y": 359}, {"x": 703, "y": 349}, {"x": 693, "y": 349}], [{"x": 693, "y": 381}, {"x": 703, "y": 381}, {"x": 703, "y": 371}, {"x": 691, "y": 371}], [{"x": 693, "y": 403}, {"x": 703, "y": 403}, {"x": 703, "y": 393}, {"x": 693, "y": 393}], [{"x": 693, "y": 425}, {"x": 703, "y": 425}, {"x": 703, "y": 415}, {"x": 693, "y": 415}], [{"x": 693, "y": 491}, {"x": 703, "y": 491}, {"x": 703, "y": 481}, {"x": 693, "y": 481}], [{"x": 693, "y": 579}, {"x": 703, "y": 579}, {"x": 703, "y": 569}, {"x": 693, "y": 569}], [{"x": 693, "y": 601}, {"x": 703, "y": 601}, {"x": 703, "y": 591}, {"x": 693, "y": 591}], [{"x": 693, "y": 623}, {"x": 703, "y": 623}, {"x": 703, "y": 613}, {"x": 693, "y": 613}], [{"x": 693, "y": 667}, {"x": 703, "y": 667}, {"x": 703, "y": 657}, {"x": 693, "y": 657}], [{"x": 693, "y": 689}, {"x": 703, "y": 692}, {"x": 703, "y": 679}, {"x": 693, "y": 679}], [{"x": 693, "y": 711}, {"x": 703, "y": 711}, {"x": 705, "y": 701}, {"x": 693, "y": 701}], [{"x": 693, "y": 733}, {"x": 703, "y": 735}, {"x": 703, "y": 723}, {"x": 693, "y": 723}], [{"x": 693, "y": 755}, {"x": 703, "y": 755}, {"x": 703, "y": 745}, {"x": 693, "y": 745}], [{"x": 693, "y": 777}, {"x": 703, "y": 779}, {"x": 703, "y": 767}, {"x": 693, "y": 767}], [{"x": 689, "y": 799}, {"x": 703, "y": 799}, {"x": 703, "y": 789}, {"x": 693, "y": 789}], [{"x": 715, "y": 205}, {"x": 725, "y": 205}, {"x": 725, "y": 195}, {"x": 715, "y": 193}], [{"x": 715, "y": 249}, {"x": 725, "y": 249}, {"x": 725, "y": 239}, {"x": 715, "y": 239}], [{"x": 715, "y": 317}, {"x": 725, "y": 315}, {"x": 725, "y": 305}, {"x": 714, "y": 305}], [{"x": 715, "y": 337}, {"x": 725, "y": 337}, {"x": 726, "y": 327}, {"x": 713, "y": 327}], [{"x": 715, "y": 403}, {"x": 725, "y": 403}, {"x": 725, "y": 393}, {"x": 715, "y": 393}], [{"x": 715, "y": 425}, {"x": 725, "y": 425}, {"x": 725, "y": 415}, {"x": 715, "y": 415}], [{"x": 715, "y": 447}, {"x": 725, "y": 447}, {"x": 725, "y": 437}, {"x": 715, "y": 437}], [{"x": 715, "y": 469}, {"x": 725, "y": 469}, {"x": 725, "y": 459}, {"x": 715, "y": 459}], [{"x": 715, "y": 491}, {"x": 725, "y": 491}, {"x": 725, "y": 481}, {"x": 715, "y": 481}], [{"x": 715, "y": 535}, {"x": 725, "y": 535}, {"x": 725, "y": 525}, {"x": 715, "y": 525}], [{"x": 715, "y": 557}, {"x": 725, "y": 557}, {"x": 725, "y": 547}, {"x": 715, "y": 547}], [{"x": 715, "y": 601}, {"x": 725, "y": 601}, {"x": 725, "y": 591}, {"x": 715, "y": 591}], [{"x": 715, "y": 667}, {"x": 725, "y": 667}, {"x": 726, "y": 657}, {"x": 715, "y": 657}], [{"x": 715, "y": 712}, {"x": 725, "y": 711}, {"x": 725, "y": 701}, {"x": 715, "y": 701}], [{"x": 715, "y": 733}, {"x": 725, "y": 733}, {"x": 725, "y": 723}, {"x": 715, "y": 723}], [{"x": 715, "y": 755}, {"x": 725, "y": 755}, {"x": 725, "y": 745}, {"x": 715, "y": 745}], [{"x": 715, "y": 777}, {"x": 725, "y": 777}, {"x": 725, "y": 767}, {"x": 715, "y": 767}], [{"x": 715, "y": 799}, {"x": 725, "y": 799}, {"x": 725, "y": 789}, {"x": 715, "y": 789}], [{"x": 737, "y": 249}, {"x": 747, "y": 249}, {"x": 747, "y": 239}, {"x": 737, "y": 239}], [{"x": 737, "y": 271}, {"x": 747, "y": 271}, {"x": 749, "y": 261}, {"x": 737, "y": 261}], [{"x": 737, "y": 293}, {"x": 747, "y": 293}, {"x": 747, "y": 283}, {"x": 737, "y": 280}], [{"x": 737, "y": 315}, {"x": 747, "y": 315}, {"x": 747, "y": 305}, {"x": 737, "y": 305}], [{"x": 737, "y": 359}, {"x": 747, "y": 359}, {"x": 749, "y": 349}, {"x": 737, "y": 349}], [{"x": 737, "y": 381}, {"x": 747, "y": 381}, {"x": 747, "y": 371}, {"x": 737, "y": 371}], [{"x": 737, "y": 403}, {"x": 747, "y": 403}, {"x": 747, "y": 393}, {"x": 737, "y": 393}], [{"x": 737, "y": 425}, {"x": 747, "y": 425}, {"x": 747, "y": 415}, {"x": 737, "y": 415}], [{"x": 737, "y": 447}, {"x": 747, "y": 447}, {"x": 747, "y": 437}, {"x": 737, "y": 437}], [{"x": 737, "y": 491}, {"x": 747, "y": 491}, {"x": 747, "y": 481}, {"x": 737, "y": 481}], [{"x": 737, "y": 535}, {"x": 747, "y": 535}, {"x": 747, "y": 525}, {"x": 737, "y": 525}], [{"x": 737, "y": 579}, {"x": 747, "y": 579}, {"x": 747, "y": 569}, {"x": 737, "y": 569}], [{"x": 737, "y": 601}, {"x": 747, "y": 603}, {"x": 747, "y": 591}, {"x": 737, "y": 591}], [{"x": 737, "y": 645}, {"x": 747, "y": 645}, {"x": 747, "y": 635}, {"x": 737, "y": 635}], [{"x": 737, "y": 667}, {"x": 747, "y": 667}, {"x": 747, "y": 657}, {"x": 737, "y": 655}], [{"x": 737, "y": 733}, {"x": 747, "y": 733}, {"x": 747, "y": 723}, {"x": 737, "y": 723}], [{"x": 737, "y": 755}, {"x": 747, "y": 755}, {"x": 747, "y": 745}, {"x": 737, "y": 745}], [{"x": 737, "y": 777}, {"x": 747, "y": 777}, {"x": 747, "y": 767}, {"x": 737, "y": 767}], [{"x": 737, "y": 799}, {"x": 747, "y": 799}, {"x": 747, "y": 789}, {"x": 737, "y": 789}], [{"x": 759, "y": 227}, {"x": 769, "y": 228}, {"x": 769, "y": 217}, {"x": 759, "y": 217}], [{"x": 759, "y": 249}, {"x": 769, "y": 249}, {"x": 769, "y": 239}, {"x": 759, "y": 239}], [{"x": 759, "y": 271}, {"x": 769, "y": 271}, {"x": 769, "y": 261}, {"x": 759, "y": 261}], [{"x": 759, "y": 293}, {"x": 769, "y": 294}, {"x": 769, "y": 283}, {"x": 759, "y": 283}], [{"x": 759, "y": 315}, {"x": 769, "y": 315}, {"x": 769, "y": 305}, {"x": 759, "y": 305}], [{"x": 759, "y": 359}, {"x": 769, "y": 359}, {"x": 769, "y": 349}, {"x": 759, "y": 349}], [{"x": 759, "y": 381}, {"x": 769, "y": 381}, {"x": 769, "y": 370}, {"x": 759, "y": 371}], [{"x": 759, "y": 403}, {"x": 769, "y": 403}, {"x": 769, "y": 393}, {"x": 759, "y": 393}], [{"x": 759, "y": 425}, {"x": 769, "y": 425}, {"x": 769, "y": 415}, {"x": 759, "y": 415}], [{"x": 759, "y": 447}, {"x": 769, "y": 447}, {"x": 769, "y": 437}, {"x": 759, "y": 437}], [{"x": 759, "y": 469}, {"x": 769, "y": 469}, {"x": 769, "y": 459}, {"x": 759, "y": 459}], [{"x": 759, "y": 491}, {"x": 769, "y": 491}, {"x": 769, "y": 481}, {"x": 759, "y": 481}], [{"x": 759, "y": 513}, {"x": 769, "y": 513}, {"x": 769, "y": 503}, {"x": 759, "y": 502}], [{"x": 759, "y": 557}, {"x": 769, "y": 557}, {"x": 769, "y": 544}, {"x": 759, "y": 547}], [{"x": 759, "y": 579}, {"x": 769, "y": 579}, {"x": 769, "y": 569}, {"x": 757, "y": 569}], [{"x": 759, "y": 601}, {"x": 769, "y": 601}, {"x": 769, "y": 591}, {"x": 759, "y": 591}], [{"x": 759, "y": 645}, {"x": 769, "y": 645}, {"x": 769, "y": 635}, {"x": 759, "y": 635}], [{"x": 759, "y": 733}, {"x": 769, "y": 733}, {"x": 769, "y": 723}, {"x": 759, "y": 723}], [{"x": 759, "y": 755}, {"x": 769, "y": 755}, {"x": 772, "y": 745}, {"x": 759, "y": 745}], [{"x": 759, "y": 799}, {"x": 769, "y": 799}, {"x": 769, "y": 789}, {"x": 759, "y": 789}], [{"x": 781, "y": 227}, {"x": 791, "y": 227}, {"x": 791, "y": 217}, {"x": 781, "y": 215}], [{"x": 781, "y": 249}, {"x": 791, "y": 249}, {"x": 791, "y": 239}, {"x": 781, "y": 239}], [{"x": 781, "y": 271}, {"x": 791, "y": 271}, {"x": 791, "y": 261}, {"x": 781, "y": 261}], [{"x": 781, "y": 293}, {"x": 791, "y": 293}, {"x": 791, "y": 283}, {"x": 781, "y": 283}], [{"x": 781, "y": 315}, {"x": 791, "y": 315}, {"x": 791, "y": 305}, {"x": 781, "y": 305}], [{"x": 781, "y": 337}, {"x": 791, "y": 337}, {"x": 791, "y": 327}, {"x": 781, "y": 327}], [{"x": 781, "y": 385}, {"x": 791, "y": 381}, {"x": 791, "y": 368}, {"x": 780, "y": 371}], [{"x": 781, "y": 579}, {"x": 791, "y": 579}, {"x": 791, "y": 569}, {"x": 781, "y": 569}], [{"x": 781, "y": 601}, {"x": 791, "y": 601}, {"x": 791, "y": 591}, {"x": 781, "y": 591}], [{"x": 781, "y": 623}, {"x": 791, "y": 623}, {"x": 791, "y": 613}, {"x": 781, "y": 613}], [{"x": 781, "y": 645}, {"x": 791, "y": 646}, {"x": 791, "y": 635}, {"x": 781, "y": 635}], [{"x": 781, "y": 667}, {"x": 791, "y": 667}, {"x": 791, "y": 657}, {"x": 781, "y": 654}], [{"x": 781, "y": 689}, {"x": 791, "y": 689}, {"x": 791, "y": 679}, {"x": 781, "y": 679}], [{"x": 781, "y": 711}, {"x": 791, "y": 711}, {"x": 791, "y": 701}, {"x": 781, "y": 701}], [{"x": 781, "y": 733}, {"x": 791, "y": 733}, {"x": 791, "y": 719}, {"x": 781, "y": 723}], [{"x": 781, "y": 755}, {"x": 791, "y": 755}, {"x": 791, "y": 745}, {"x": 781, "y": 745}], [{"x": 781, "y": 777}, {"x": 791, "y": 777}, {"x": 791, "y": 767}, {"x": 781, "y": 767}], [{"x": 803, "y": 249}, {"x": 813, "y": 249}, {"x": 813, "y": 236}, {"x": 803, "y": 239}], [{"x": 803, "y": 273}, {"x": 813, "y": 272}, {"x": 813, "y": 261}, {"x": 803, "y": 261}], [{"x": 803, "y": 293}, {"x": 813, "y": 295}, {"x": 813, "y": 283}, {"x": 803, "y": 283}], [{"x": 803, "y": 315}, {"x": 813, "y": 318}, {"x": 813, "y": 305}, {"x": 803, "y": 305}], [{"x": 803, "y": 337}, {"x": 813, "y": 337}, {"x": 813, "y": 327}, {"x": 803, "y": 327}], [{"x": 803, "y": 667}, {"x": 813, "y": 667}, {"x": 813, "y": 657}, {"x": 803, "y": 657}], [{"x": 803, "y": 689}, {"x": 816, "y": 689}, {"x": 813, "y": 679}, {"x": 803, "y": 679}], [{"x": 803, "y": 733}, {"x": 813, "y": 733}, {"x": 813, "y": 723}, {"x": 803, "y": 723}], [{"x": 803, "y": 755}, {"x": 813, "y": 755}, {"x": 813, "y": 745}, {"x": 803, "y": 745}], [{"x": 803, "y": 777}, {"x": 813, "y": 777}, {"x": 813, "y": 767}, {"x": 803, "y": 767}], [{"x": 803, "y": 799}, {"x": 813, "y": 799}, {"x": 813, "y": 789}, {"x": 803, "y": 789}], [{"x": 825, "y": 249}, {"x": 835, "y": 249}, {"x": 835, "y": 239}, {"x": 825, "y": 239}], [{"x": 825, "y": 271}, {"x": 835, "y": 271}, {"x": 835, "y": 261}, {"x": 825, "y": 261}], [{"x": 825, "y": 755}, {"x": 835, "y": 755}, {"x": 835, "y": 745}, {"x": 825, "y": 745}], [{"x": 825, "y": 777}, {"x": 835, "y": 777}, {"x": 835, "y": 767}, {"x": 825, "y": 767}]]}