{"type": "CGSHOP2023_Instance", "name": "maze_124_50_01_001", "n": 100, "outer_boundary": [{"x": 50, "y": 13}, {"x": 100, "y": 20}, {"x": 174, "y": 18}, {"x": 196, "y": 100}, {"x": 160, "y": 158}, {"x": 100, "y": 169}, {"x": 48, "y": 192}, {"x": 46, "y": 100}], "holes": [[{"x": 74, "y": 51}, {"x": 84, "y": 51}, {"x": 84, "y": 41}, {"x": 74, "y": 41}], [{"x": 74, "y": 73}, {"x": 84, "y": 73}, {"x": 84, "y": 63}, {"x": 74, "y": 63}], [{"x": 74, "y": 95}, {"x": 84, "y": 95}, {"x": 84, "y": 85}, {"x": 74, "y": 85}], [{"x": 74, "y": 117}, {"x": 84, "y": 117}, {"x": 84, "y": 107}, {"x": 74, "y": 107}], [{"x": 74, "y": 139}, {"x": 84, "y": 139}, {"x": 84, "y": 129}, {"x": 74, "y": 129}], [{"x": 74, "y": 161}, {"x": 84, "y": 161}, {"x": 84, "y": 151}, {"x": 74, "y": 151}], [{"x": 96, "y": 51}, {"x": 106, "y": 51}, {"x": 106, "y": 41}, {"x": 96, "y": 41}], [{"x": 96, "y": 73}, {"x": 106, "y": 73}, {"x": 106, "y": 63}, {"x": 96, "y": 63}], [{"x": 96, "y": 117}, {"x": 106, "y": 117}, {"x": 106, "y": 107}, {"x": 96, "y": 107}], [{"x": 96, "y": 139}, {"x": 106, "y": 139}, {"x": 106, "y": 129}, {"x": 96, "y": 129}], [{"x": 118, "y": 51}, {"x": 128, "y": 51}, {"x": 128, "y": 41}, {"x": 118, "y": 41}], [{"x": 118, "y": 73}, {"x": 128, "y": 73}, {"x": 128, "y": 63}, {"x": 118, "y": 63}], [{"x": 118, "y": 95}, {"x": 128, "y": 95}, {"x": 128, "y": 85}, {"x": 118, "y": 85}], [{"x": 118, "y": 117}, {"x": 128, "y": 117}, {"x": 128, "y": 107}, {"x": 118, "y": 107}], [{"x": 118, "y": 139}, {"x": 128, "y": 139}, {"x": 128, "y": 129}, {"x": 118, "y": 129}], [{"x": 140, "y": 51}, {"x": 150, "y": 51}, {"x": 150, "y": 41}, {"x": 140, "y": 41}], [{"x": 140, "y": 73}, {"x": 150, "y": 73}, {"x": 150, "y": 63}, {"x": 140, "y": 63}], [{"x": 140, "y": 95}, {"x": 150, "y": 95}, {"x": 150, "y": 85}, {"x": 140, "y": 85}], [{"x": 140, "y": 117}, {"x": 150, "y": 117}, {"x": 150, "y": 107}, {"x": 140, "y": 107}], [{"x": 162, "y": 51}, {"x": 172, "y": 51}, {"x": 172, "y": 41}, {"x": 162, "y": 41}], [{"x": 162, "y": 73}, {"x": 172, "y": 73}, {"x": 172, "y": 63}, {"x": 162, "y": 63}], [{"x": 162, "y": 95}, {"x": 172, "y": 95}, {"x": 172, "y": 85}, {"x": 162, "y": 85}], [{"x": 162, "y": 117}, {"x": 172, "y": 117}, {"x": 172, "y": 107}, {"x": 162, "y": 107}]]}