{"type": "CGSHOP2023_Instance", "name": "maze_3329_250_025_001", "n": 2664, "outer_boundary": [{"x": 224, "y": 171}, {"x": 500, "y": 238}, {"x": 875, "y": 153}, {"x": 901, "y": 500}, {"x": 929, "y": 959}, {"x": 500, "y": 787}, {"x": 56, "y": 807}, {"x": 194, "y": 500}], "holes": [[{"x": 84, "y": 785}, {"x": 94, "y": 785}, {"x": 94, "y": 775}, {"x": 84, "y": 775}], [{"x": 105, "y": 741}, {"x": 116, "y": 741}, {"x": 116, "y": 731}, {"x": 106, "y": 731}], [{"x": 106, "y": 763}, {"x": 116, "y": 763}, {"x": 116, "y": 753}, {"x": 106, "y": 753}], [{"x": 106, "y": 785}, {"x": 116, "y": 785}, {"x": 116, "y": 775}, {"x": 106, "y": 775}], [{"x": 128, "y": 719}, {"x": 138, "y": 719}, {"x": 138, "y": 709}, {"x": 128, "y": 709}], [{"x": 128, "y": 763}, {"x": 138, "y": 763}, {"x": 138, "y": 753}, {"x": 128, "y": 753}], [{"x": 150, "y": 631}, {"x": 160, "y": 631}, {"x": 160, "y": 621}, {"x": 150, "y": 621}], [{"x": 150, "y": 653}, {"x": 160, "y": 653}, {"x": 160, "y": 643}, {"x": 150, "y": 643}], [{"x": 150, "y": 675}, {"x": 160, "y": 676}, {"x": 160, "y": 665}, {"x": 150, "y": 665}], [{"x": 150, "y": 719}, {"x": 160, "y": 719}, {"x": 160, "y": 709}, {"x": 150, "y": 709}], [{"x": 150, "y": 741}, {"x": 160, "y": 741}, {"x": 160, "y": 731}, {"x": 150, "y": 731}], [{"x": 150, "y": 785}, {"x": 160, "y": 785}, {"x": 160, "y": 775}, {"x": 150, "y": 775}], [{"x": 172, "y": 587}, {"x": 182, "y": 587}, {"x": 182, "y": 577}, {"x": 172, "y": 577}], [{"x": 171, "y": 609}, {"x": 182, "y": 609}, {"x": 182, "y": 599}, {"x": 172, "y": 599}], [{"x": 172, "y": 631}, {"x": 182, "y": 631}, {"x": 182, "y": 621}, {"x": 172, "y": 621}], [{"x": 172, "y": 653}, {"x": 182, "y": 653}, {"x": 182, "y": 643}, {"x": 172, "y": 643}], [{"x": 172, "y": 675}, {"x": 182, "y": 675}, {"x": 182, "y": 665}, {"x": 172, "y": 665}], [{"x": 172, "y": 697}, {"x": 182, "y": 697}, {"x": 182, "y": 687}, {"x": 172, "y": 687}], [{"x": 172, "y": 741}, {"x": 182, "y": 741}, {"x": 182, "y": 731}, {"x": 172, "y": 731}], [{"x": 172, "y": 763}, {"x": 182, "y": 763}, {"x": 182, "y": 753}, {"x": 172, "y": 753}], [{"x": 194, "y": 543}, {"x": 204, "y": 543}, {"x": 204, "y": 533}, {"x": 194, "y": 533}], [{"x": 191, "y": 609}, {"x": 204, "y": 609}, {"x": 204, "y": 599}, {"x": 194, "y": 599}], [{"x": 194, "y": 631}, {"x": 204, "y": 631}, {"x": 204, "y": 621}, {"x": 194, "y": 621}], [{"x": 194, "y": 675}, {"x": 204, "y": 675}, {"x": 204, "y": 665}, {"x": 194, "y": 665}], [{"x": 194, "y": 719}, {"x": 204, "y": 719}, {"x": 204, "y": 709}, {"x": 194, "y": 709}], [{"x": 194, "y": 741}, {"x": 204, "y": 741}, {"x": 204, "y": 731}, {"x": 194, "y": 731}], [{"x": 194, "y": 763}, {"x": 204, "y": 763}, {"x": 204, "y": 753}, {"x": 194, "y": 753}], [{"x": 216, "y": 345}, {"x": 226, "y": 345}, {"x": 226, "y": 335}, {"x": 216, "y": 335}], [{"x": 216, "y": 367}, {"x": 226, "y": 367}, {"x": 226, "y": 357}, {"x": 216, "y": 357}], [{"x": 216, "y": 411}, {"x": 226, "y": 411}, {"x": 226, "y": 401}, {"x": 216, "y": 401}], [{"x": 216, "y": 477}, {"x": 226, "y": 477}, {"x": 226, "y": 464}, {"x": 216, "y": 467}], [{"x": 216, "y": 521}, {"x": 226, "y": 521}, {"x": 226, "y": 511}, {"x": 216, "y": 511}], [{"x": 216, "y": 543}, {"x": 226, "y": 543}, {"x": 226, "y": 533}, {"x": 216, "y": 533}], [{"x": 216, "y": 587}, {"x": 226, "y": 587}, {"x": 226, "y": 577}, {"x": 216, "y": 577}], [{"x": 216, "y": 609}, {"x": 226, "y": 609}, {"x": 226, "y": 599}, {"x": 216, "y": 599}], [{"x": 216, "y": 631}, {"x": 226, "y": 631}, {"x": 226, "y": 621}, {"x": 216, "y": 621}], [{"x": 216, "y": 675}, {"x": 226, "y": 675}, {"x": 226, "y": 665}, {"x": 216, "y": 665}], [{"x": 216, "y": 697}, {"x": 226, "y": 697}, {"x": 226, "y": 687}, {"x": 216, "y": 687}], [{"x": 216, "y": 719}, {"x": 226, "y": 719}, {"x": 226, "y": 709}, {"x": 216, "y": 709}], [{"x": 216, "y": 785}, {"x": 226, "y": 785}, {"x": 226, "y": 775}, {"x": 216, "y": 775}], [{"x": 238, "y": 213}, {"x": 248, "y": 213}, {"x": 248, "y": 203}, {"x": 238, "y": 203}], [{"x": 238, "y": 235}, {"x": 248, "y": 235}, {"x": 248, "y": 225}, {"x": 238, "y": 225}], [{"x": 238, "y": 257}, {"x": 248, "y": 257}, {"x": 248, "y": 247}, {"x": 238, "y": 247}], [{"x": 238, "y": 279}, {"x": 248, "y": 279}, {"x": 248, "y": 269}, {"x": 238, "y": 269}], [{"x": 238, "y": 301}, {"x": 248, "y": 301}, {"x": 248, "y": 291}, {"x": 238, "y": 291}], [{"x": 238, "y": 323}, {"x": 248, "y": 323}, {"x": 248, "y": 313}, {"x": 238, "y": 313}], [{"x": 238, "y": 345}, {"x": 248, "y": 345}, {"x": 248, "y": 335}, {"x": 238, "y": 335}], [{"x": 238, "y": 389}, {"x": 248, "y": 389}, {"x": 248, "y": 379}, {"x": 238, "y": 379}], [{"x": 238, "y": 411}, {"x": 250, "y": 411}, {"x": 248, "y": 401}, {"x": 238, "y": 401}], [{"x": 238, "y": 455}, {"x": 251, "y": 455}, {"x": 248, "y": 445}, {"x": 238, "y": 445}], [{"x": 238, "y": 477}, {"x": 248, "y": 477}, {"x": 248, "y": 467}, {"x": 238, "y": 467}], [{"x": 238, "y": 499}, {"x": 248, "y": 499}, {"x": 248, "y": 489}, {"x": 238, "y": 489}], [{"x": 238, "y": 543}, {"x": 248, "y": 543}, {"x": 248, "y": 533}, {"x": 238, "y": 533}], [{"x": 238, "y": 587}, {"x": 248, "y": 587}, {"x": 248, "y": 577}, {"x": 238, "y": 577}], [{"x": 238, "y": 609}, {"x": 248, "y": 609}, {"x": 248, "y": 599}, {"x": 238, "y": 599}], [{"x": 238, "y": 631}, {"x": 248, "y": 631}, {"x": 248, "y": 621}, {"x": 238, "y": 621}], [{"x": 238, "y": 653}, {"x": 248, "y": 653}, {"x": 248, "y": 643}, {"x": 238, "y": 643}], [{"x": 238, "y": 719}, {"x": 248, "y": 719}, {"x": 248, "y": 709}, {"x": 238, "y": 709}], [{"x": 238, "y": 763}, {"x": 248, "y": 763}, {"x": 248, "y": 753}, {"x": 238, "y": 750}], [{"x": 260, "y": 213}, {"x": 270, "y": 213}, {"x": 270, "y": 203}, {"x": 260, "y": 203}], [{"x": 260, "y": 235}, {"x": 272, "y": 235}, {"x": 270, "y": 225}, {"x": 260, "y": 225}], [{"x": 260, "y": 257}, {"x": 270, "y": 257}, {"x": 270, "y": 247}, {"x": 260, "y": 247}], [{"x": 260, "y": 279}, {"x": 270, "y": 279}, {"x": 270, "y": 269}, {"x": 260, "y": 269}], [{"x": 260, "y": 305}, {"x": 270, "y": 301}, {"x": 270, "y": 291}, {"x": 260, "y": 291}], [{"x": 260, "y": 323}, {"x": 270, "y": 323}, {"x": 270, "y": 313}, {"x": 260, "y": 313}], [{"x": 260, "y": 345}, {"x": 270, "y": 345}, {"x": 270, "y": 335}, {"x": 260, "y": 335}], [{"x": 260, "y": 367}, {"x": 270, "y": 370}, {"x": 270, "y": 357}, {"x": 260, "y": 357}], [{"x": 260, "y": 433}, {"x": 270, "y": 433}, {"x": 270, "y": 423}, {"x": 260, "y": 423}], [{"x": 260, "y": 455}, {"x": 270, "y": 455}, {"x": 270, "y": 445}, {"x": 260, "y": 445}], [{"x": 260, "y": 477}, {"x": 270, "y": 477}, {"x": 270, "y": 467}, {"x": 260, "y": 467}], [{"x": 260, "y": 499}, {"x": 270, "y": 499}, {"x": 270, "y": 489}, {"x": 260, "y": 489}], [{"x": 260, "y": 521}, {"x": 270, "y": 521}, {"x": 270, "y": 511}, {"x": 260, "y": 511}], [{"x": 260, "y": 543}, {"x": 270, "y": 543}, {"x": 270, "y": 533}, {"x": 260, "y": 533}], [{"x": 260, "y": 565}, {"x": 270, "y": 565}, {"x": 270, "y": 555}, {"x": 260, "y": 555}], [{"x": 260, "y": 587}, {"x": 270, "y": 587}, {"x": 270, "y": 577}, {"x": 260, "y": 577}], [{"x": 260, "y": 675}, {"x": 270, "y": 675}, {"x": 270, "y": 665}, {"x": 260, "y": 665}], [{"x": 260, "y": 697}, {"x": 270, "y": 697}, {"x": 270, "y": 687}, {"x": 260, "y": 687}], [{"x": 260, "y": 719}, {"x": 270, "y": 719}, {"x": 270, "y": 709}, {"x": 260, "y": 709}], [{"x": 260, "y": 741}, {"x": 270, "y": 741}, {"x": 270, "y": 731}, {"x": 260, "y": 731}], [{"x": 260, "y": 785}, {"x": 270, "y": 785}, {"x": 270, "y": 775}, {"x": 260, "y": 775}], [{"x": 282, "y": 213}, {"x": 292, "y": 213}, {"x": 292, "y": 203}, {"x": 282, "y": 203}], [{"x": 282, "y": 235}, {"x": 292, "y": 235}, {"x": 292, "y": 225}, {"x": 282, "y": 225}], [{"x": 282, "y": 257}, {"x": 292, "y": 257}, {"x": 292, "y": 247}, {"x": 282, "y": 247}], [{"x": 282, "y": 323}, {"x": 292, "y": 323}, {"x": 292, "y": 313}, {"x": 282, "y": 313}], [{"x": 282, "y": 345}, {"x": 292, "y": 345}, {"x": 292, "y": 335}, {"x": 282, "y": 335}], [{"x": 282, "y": 367}, {"x": 292, "y": 367}, {"x": 292, "y": 357}, {"x": 281, "y": 357}], [{"x": 282, "y": 389}, {"x": 292, "y": 389}, {"x": 292, "y": 379}, {"x": 282, "y": 375}], [{"x": 282, "y": 411}, {"x": 292, "y": 411}, {"x": 292, "y": 401}, {"x": 282, "y": 401}], [{"x": 282, "y": 455}, {"x": 292, "y": 455}, {"x": 292, "y": 445}, {"x": 282, "y": 445}], [{"x": 282, "y": 477}, {"x": 292, "y": 477}, {"x": 292, "y": 467}, {"x": 282, "y": 467}], [{"x": 282, "y": 565}, {"x": 292, "y": 565}, {"x": 292, "y": 555}, {"x": 282, "y": 555}], [{"x": 282, "y": 587}, {"x": 292, "y": 587}, {"x": 292, "y": 577}, {"x": 282, "y": 577}], [{"x": 282, "y": 631}, {"x": 292, "y": 631}, {"x": 292, "y": 621}, {"x": 282, "y": 621}], [{"x": 282, "y": 675}, {"x": 292, "y": 675}, {"x": 292, "y": 665}, {"x": 282, "y": 665}], [{"x": 282, "y": 697}, {"x": 292, "y": 697}, {"x": 292, "y": 687}, {"x": 282, "y": 687}], [{"x": 282, "y": 719}, {"x": 292, "y": 719}, {"x": 292, "y": 709}, {"x": 282, "y": 709}], [{"x": 282, "y": 763}, {"x": 292, "y": 763}, {"x": 292, "y": 753}, {"x": 282, "y": 753}], [{"x": 304, "y": 213}, {"x": 314, "y": 213}, {"x": 314, "y": 203}, {"x": 304, "y": 203}], [{"x": 304, "y": 235}, {"x": 314, "y": 235}, {"x": 314, "y": 225}, {"x": 304, "y": 225}], [{"x": 304, "y": 257}, {"x": 314, "y": 257}, {"x": 314, "y": 247}, {"x": 304, "y": 247}], [{"x": 304, "y": 301}, {"x": 314, "y": 301}, {"x": 314, "y": 291}, {"x": 304, "y": 291}], [{"x": 304, "y": 323}, {"x": 314, "y": 323}, {"x": 314, "y": 313}, {"x": 304, "y": 313}], [{"x": 304, "y": 345}, {"x": 314, "y": 345}, {"x": 314, "y": 335}, {"x": 304, "y": 335}], [{"x": 304, "y": 367}, {"x": 314, "y": 367}, {"x": 314, "y": 357}, {"x": 304, "y": 357}], [{"x": 304, "y": 389}, {"x": 314, "y": 389}, {"x": 314, "y": 379}, {"x": 304, "y": 379}], [{"x": 304, "y": 455}, {"x": 314, "y": 455}, {"x": 314, "y": 445}, {"x": 304, "y": 445}], [{"x": 304, "y": 477}, {"x": 314, "y": 477}, {"x": 314, "y": 467}, {"x": 304, "y": 467}], [{"x": 304, "y": 499}, {"x": 314, "y": 499}, {"x": 314, "y": 489}, {"x": 304, "y": 489}], [{"x": 304, "y": 521}, {"x": 314, "y": 521}, {"x": 314, "y": 511}, {"x": 304, "y": 511}], [{"x": 304, "y": 543}, {"x": 314, "y": 543}, {"x": 314, "y": 533}, {"x": 304, "y": 533}], [{"x": 304, "y": 587}, {"x": 314, "y": 587}, {"x": 314, "y": 577}, {"x": 304, "y": 577}], [{"x": 304, "y": 609}, {"x": 314, "y": 609}, {"x": 314, "y": 599}, {"x": 304, "y": 599}], [{"x": 304, "y": 631}, {"x": 314, "y": 631}, {"x": 314, "y": 621}, {"x": 304, "y": 621}], [{"x": 304, "y": 653}, {"x": 314, "y": 653}, {"x": 314, "y": 643}, {"x": 304, "y": 643}], [{"x": 304, "y": 675}, {"x": 314, "y": 675}, {"x": 314, "y": 665}, {"x": 304, "y": 663}], [{"x": 304, "y": 697}, {"x": 314, "y": 697}, {"x": 314, "y": 687}, {"x": 304, "y": 687}], [{"x": 304, "y": 719}, {"x": 314, "y": 719}, {"x": 314, "y": 709}, {"x": 304, "y": 709}], [{"x": 304, "y": 741}, {"x": 314, "y": 741}, {"x": 314, "y": 731}, {"x": 304, "y": 731}], [{"x": 304, "y": 763}, {"x": 314, "y": 763}, {"x": 314, "y": 753}, {"x": 304, "y": 753}], [{"x": 304, "y": 785}, {"x": 314, "y": 785}, {"x": 314, "y": 775}, {"x": 304, "y": 775}], [{"x": 326, "y": 279}, {"x": 336, "y": 279}, {"x": 336, "y": 269}, {"x": 326, "y": 269}], [{"x": 326, "y": 301}, {"x": 336, "y": 301}, {"x": 336, "y": 291}, {"x": 326, "y": 291}], [{"x": 326, "y": 345}, {"x": 336, "y": 345}, {"x": 336, "y": 335}, {"x": 326, "y": 335}], [{"x": 326, "y": 367}, {"x": 336, "y": 367}, {"x": 336, "y": 357}, {"x": 326, "y": 357}], [{"x": 326, "y": 389}, {"x": 336, "y": 389}, {"x": 336, "y": 379}, {"x": 326, "y": 379}], [{"x": 326, "y": 411}, {"x": 336, "y": 411}, {"x": 336, "y": 401}, {"x": 326, "y": 401}], [{"x": 326, "y": 433}, {"x": 336, "y": 433}, {"x": 336, "y": 423}, {"x": 326, "y": 423}], [{"x": 326, "y": 477}, {"x": 336, "y": 477}, {"x": 336, "y": 467}, {"x": 326, "y": 467}], [{"x": 326, "y": 499}, {"x": 336, "y": 499}, {"x": 336, "y": 489}, {"x": 326, "y": 489}], [{"x": 326, "y": 521}, {"x": 336, "y": 521}, {"x": 336, "y": 511}, {"x": 326, "y": 511}], [{"x": 326, "y": 565}, {"x": 336, "y": 565}, {"x": 336, "y": 555}, {"x": 326, "y": 555}], [{"x": 326, "y": 587}, {"x": 336, "y": 587}, {"x": 336, "y": 577}, {"x": 326, "y": 577}], [{"x": 326, "y": 609}, {"x": 336, "y": 609}, {"x": 336, "y": 599}, {"x": 326, "y": 599}], [{"x": 326, "y": 653}, {"x": 336, "y": 653}, {"x": 336, "y": 643}, {"x": 326, "y": 643}], [{"x": 326, "y": 719}, {"x": 336, "y": 719}, {"x": 336, "y": 709}, {"x": 326, "y": 709}], [{"x": 326, "y": 741}, {"x": 336, "y": 741}, {"x": 336, "y": 731}, {"x": 326, "y": 731}], [{"x": 348, "y": 235}, {"x": 358, "y": 235}, {"x": 358, "y": 225}, {"x": 348, "y": 225}], [{"x": 348, "y": 279}, {"x": 358, "y": 279}, {"x": 358, "y": 269}, {"x": 348, "y": 269}], [{"x": 348, "y": 301}, {"x": 358, "y": 301}, {"x": 358, "y": 291}, {"x": 348, "y": 291}], [{"x": 348, "y": 323}, {"x": 358, "y": 323}, {"x": 358, "y": 313}, {"x": 348, "y": 313}], [{"x": 348, "y": 345}, {"x": 358, "y": 345}, {"x": 358, "y": 335}, {"x": 348, "y": 335}], [{"x": 348, "y": 367}, {"x": 358, "y": 367}, {"x": 358, "y": 357}, {"x": 348, "y": 357}], [{"x": 348, "y": 389}, {"x": 358, "y": 389}, {"x": 358, "y": 379}, {"x": 348, "y": 379}], [{"x": 348, "y": 411}, {"x": 358, "y": 411}, {"x": 358, "y": 401}, {"x": 348, "y": 401}], [{"x": 348, "y": 436}, {"x": 358, "y": 433}, {"x": 358, "y": 423}, {"x": 348, "y": 423}], [{"x": 348, "y": 455}, {"x": 358, "y": 455}, {"x": 358, "y": 445}, {"x": 348, "y": 445}], [{"x": 348, "y": 477}, {"x": 358, "y": 477}, {"x": 358, "y": 467}, {"x": 348, "y": 467}], [{"x": 348, "y": 499}, {"x": 358, "y": 499}, {"x": 358, "y": 489}, {"x": 348, "y": 489}], [{"x": 348, "y": 521}, {"x": 358, "y": 521}, {"x": 358, "y": 511}, {"x": 348, "y": 511}], [{"x": 348, "y": 543}, {"x": 358, "y": 543}, {"x": 358, "y": 533}, {"x": 348, "y": 533}], [{"x": 348, "y": 565}, {"x": 358, "y": 565}, {"x": 358, "y": 555}, {"x": 348, "y": 555}], [{"x": 348, "y": 587}, {"x": 358, "y": 587}, {"x": 358, "y": 577}, {"x": 348, "y": 577}], [{"x": 348, "y": 609}, {"x": 358, "y": 609}, {"x": 358, "y": 599}, {"x": 348, "y": 599}], [{"x": 348, "y": 653}, {"x": 358, "y": 653}, {"x": 358, "y": 643}, {"x": 344, "y": 643}], [{"x": 348, "y": 675}, {"x": 358, "y": 675}, {"x": 358, "y": 665}, {"x": 348, "y": 665}], [{"x": 348, "y": 697}, {"x": 358, "y": 697}, {"x": 358, "y": 687}, {"x": 348, "y": 687}], [{"x": 348, "y": 719}, {"x": 358, "y": 719}, {"x": 358, "y": 709}, {"x": 348, "y": 709}], [{"x": 348, "y": 741}, {"x": 358, "y": 741}, {"x": 358, "y": 731}, {"x": 348, "y": 731}], [{"x": 348, "y": 763}, {"x": 358, "y": 763}, {"x": 358, "y": 753}, {"x": 348, "y": 753}], [{"x": 348, "y": 785}, {"x": 358, "y": 785}, {"x": 358, "y": 775}, {"x": 348, "y": 775}], [{"x": 370, "y": 235}, {"x": 380, "y": 235}, {"x": 380, "y": 225}, {"x": 370, "y": 225}], [{"x": 370, "y": 257}, {"x": 380, "y": 257}, {"x": 380, "y": 247}, {"x": 370, "y": 247}], [{"x": 370, "y": 279}, {"x": 380, "y": 279}, {"x": 380, "y": 269}, {"x": 370, "y": 269}], [{"x": 370, "y": 301}, {"x": 380, "y": 301}, {"x": 380, "y": 291}, {"x": 370, "y": 291}], [{"x": 370, "y": 345}, {"x": 380, "y": 345}, {"x": 380, "y": 335}, {"x": 370, "y": 335}], [{"x": 370, "y": 389}, {"x": 380, "y": 389}, {"x": 380, "y": 379}, {"x": 370, "y": 379}], [{"x": 370, "y": 411}, {"x": 380, "y": 411}, {"x": 380, "y": 401}, {"x": 370, "y": 401}], [{"x": 370, "y": 433}, {"x": 380, "y": 433}, {"x": 380, "y": 421}, {"x": 370, "y": 423}], [{"x": 370, "y": 455}, {"x": 380, "y": 455}, {"x": 380, "y": 445}, {"x": 370, "y": 445}], [{"x": 370, "y": 477}, {"x": 380, "y": 477}, {"x": 380, "y": 467}, {"x": 370, "y": 467}], [{"x": 370, "y": 499}, {"x": 380, "y": 499}, {"x": 380, "y": 489}, {"x": 370, "y": 489}], [{"x": 370, "y": 521}, {"x": 380, "y": 521}, {"x": 380, "y": 511}, {"x": 370, "y": 511}], [{"x": 370, "y": 543}, {"x": 380, "y": 543}, {"x": 380, "y": 532}, {"x": 370, "y": 533}], [{"x": 370, "y": 565}, {"x": 380, "y": 565}, {"x": 380, "y": 555}, {"x": 370, "y": 555}], [{"x": 370, "y": 587}, {"x": 380, "y": 587}, {"x": 380, "y": 577}, {"x": 370, "y": 577}], [{"x": 370, "y": 609}, {"x": 380, "y": 609}, {"x": 380, "y": 599}, {"x": 370, "y": 599}], [{"x": 370, "y": 631}, {"x": 380, "y": 631}, {"x": 380, "y": 621}, {"x": 370, "y": 621}], [{"x": 370, "y": 653}, {"x": 380, "y": 653}, {"x": 380, "y": 643}, {"x": 370, "y": 643}], [{"x": 370, "y": 675}, {"x": 380, "y": 675}, {"x": 380, "y": 665}, {"x": 370, "y": 665}], [{"x": 370, "y": 697}, {"x": 380, "y": 697}, {"x": 380, "y": 687}, {"x": 370, "y": 687}], [{"x": 370, "y": 719}, {"x": 380, "y": 719}, {"x": 380, "y": 709}, {"x": 370, "y": 709}], [{"x": 370, "y": 741}, {"x": 380, "y": 741}, {"x": 380, "y": 731}, {"x": 370, "y": 731}], [{"x": 370, "y": 763}, {"x": 380, "y": 763}, {"x": 380, "y": 753}, {"x": 370, "y": 753}], [{"x": 392, "y": 235}, {"x": 402, "y": 235}, {"x": 402, "y": 225}, {"x": 392, "y": 225}], [{"x": 392, "y": 257}, {"x": 402, "y": 257}, {"x": 402, "y": 247}, {"x": 392, "y": 247}], [{"x": 392, "y": 345}, {"x": 402, "y": 345}, {"x": 402, "y": 335}, {"x": 392, "y": 335}], [{"x": 392, "y": 367}, {"x": 402, "y": 367}, {"x": 402, "y": 357}, {"x": 392, "y": 357}], [{"x": 392, "y": 389}, {"x": 402, "y": 389}, {"x": 402, "y": 379}, {"x": 392, "y": 379}], [{"x": 392, "y": 411}, {"x": 402, "y": 411}, {"x": 402, "y": 401}, {"x": 392, "y": 401}], [{"x": 392, "y": 433}, {"x": 402, "y": 433}, {"x": 402, "y": 423}, {"x": 392, "y": 423}], [{"x": 392, "y": 455}, {"x": 402, "y": 455}, {"x": 402, "y": 445}, {"x": 392, "y": 445}], [{"x": 392, "y": 477}, {"x": 402, "y": 477}, {"x": 402, "y": 467}, {"x": 392, "y": 467}], [{"x": 392, "y": 521}, {"x": 402, "y": 521}, {"x": 402, "y": 511}, {"x": 392, "y": 511}], [{"x": 392, "y": 543}, {"x": 402, "y": 543}, {"x": 402, "y": 533}, {"x": 392, "y": 533}], [{"x": 392, "y": 565}, {"x": 402, "y": 565}, {"x": 402, "y": 555}, {"x": 392, "y": 555}], [{"x": 392, "y": 587}, {"x": 402, "y": 587}, {"x": 402, "y": 577}, {"x": 392, "y": 577}], [{"x": 392, "y": 609}, {"x": 402, "y": 609}, {"x": 402, "y": 599}, {"x": 392, "y": 599}], [{"x": 392, "y": 631}, {"x": 402, "y": 631}, {"x": 402, "y": 621}, {"x": 392, "y": 621}], [{"x": 392, "y": 653}, {"x": 402, "y": 653}, {"x": 402, "y": 643}, {"x": 392, "y": 643}], [{"x": 392, "y": 675}, {"x": 403, "y": 675}, {"x": 402, "y": 665}, {"x": 392, "y": 665}], [{"x": 392, "y": 697}, {"x": 402, "y": 697}, {"x": 402, "y": 687}, {"x": 392, "y": 687}], [{"x": 392, "y": 719}, {"x": 402, "y": 719}, {"x": 402, "y": 709}, {"x": 392, "y": 709}], [{"x": 392, "y": 741}, {"x": 402, "y": 741}, {"x": 402, "y": 731}, {"x": 392, "y": 731}], [{"x": 392, "y": 763}, {"x": 402, "y": 763}, {"x": 402, "y": 753}, {"x": 392, "y": 753}], [{"x": 392, "y": 787}, {"x": 402, "y": 785}, {"x": 402, "y": 775}, {"x": 392, "y": 775}], [{"x": 414, "y": 257}, {"x": 424, "y": 257}, {"x": 424, "y": 247}, {"x": 414, "y": 247}], [{"x": 414, "y": 279}, {"x": 424, "y": 279}, {"x": 424, "y": 269}, {"x": 414, "y": 269}], [{"x": 414, "y": 301}, {"x": 424, "y": 301}, {"x": 424, "y": 291}, {"x": 414, "y": 291}], [{"x": 414, "y": 323}, {"x": 424, "y": 323}, {"x": 424, "y": 313}, {"x": 414, "y": 313}], [{"x": 414, "y": 345}, {"x": 424, "y": 345}, {"x": 424, "y": 335}, {"x": 414, "y": 335}], [{"x": 414, "y": 367}, {"x": 424, "y": 367}, {"x": 424, "y": 357}, {"x": 414, "y": 357}], [{"x": 414, "y": 389}, {"x": 424, "y": 389}, {"x": 424, "y": 379}, {"x": 414, "y": 379}], [{"x": 414, "y": 411}, {"x": 424, "y": 411}, {"x": 424, "y": 401}, {"x": 414, "y": 401}], [{"x": 414, "y": 455}, {"x": 424, "y": 455}, {"x": 424, "y": 445}, {"x": 414, "y": 445}], [{"x": 414, "y": 499}, {"x": 424, "y": 499}, {"x": 424, "y": 489}, {"x": 414, "y": 489}], [{"x": 414, "y": 521}, {"x": 424, "y": 521}, {"x": 424, "y": 511}, {"x": 414, "y": 511}], [{"x": 414, "y": 565}, {"x": 424, "y": 565}, {"x": 424, "y": 555}, {"x": 414, "y": 555}], [{"x": 414, "y": 587}, {"x": 424, "y": 587}, {"x": 424, "y": 577}, {"x": 414, "y": 577}], [{"x": 414, "y": 609}, {"x": 424, "y": 609}, {"x": 424, "y": 599}, {"x": 414, "y": 599}], [{"x": 414, "y": 631}, {"x": 424, "y": 631}, {"x": 424, "y": 621}, {"x": 414, "y": 621}], [{"x": 414, "y": 653}, {"x": 424, "y": 653}, {"x": 424, "y": 643}, {"x": 414, "y": 643}], [{"x": 414, "y": 697}, {"x": 424, "y": 697}, {"x": 424, "y": 687}, {"x": 414, "y": 687}], [{"x": 414, "y": 719}, {"x": 424, "y": 719}, {"x": 424, "y": 709}, {"x": 414, "y": 709}], [{"x": 414, "y": 741}, {"x": 424, "y": 741}, {"x": 424, "y": 731}, {"x": 414, "y": 731}], [{"x": 414, "y": 763}, {"x": 424, "y": 763}, {"x": 424, "y": 753}, {"x": 414, "y": 753}], [{"x": 436, "y": 257}, {"x": 446, "y": 257}, {"x": 446, "y": 247}, {"x": 436, "y": 247}], [{"x": 436, "y": 279}, {"x": 446, "y": 279}, {"x": 446, "y": 269}, {"x": 436, "y": 269}], [{"x": 436, "y": 323}, {"x": 446, "y": 323}, {"x": 446, "y": 313}, {"x": 436, "y": 313}], [{"x": 436, "y": 345}, {"x": 446, "y": 345}, {"x": 446, "y": 335}, {"x": 436, "y": 335}], [{"x": 436, "y": 367}, {"x": 446, "y": 367}, {"x": 446, "y": 357}, {"x": 436, "y": 357}], [{"x": 436, "y": 389}, {"x": 446, "y": 389}, {"x": 446, "y": 379}, {"x": 436, "y": 376}], [{"x": 436, "y": 411}, {"x": 446, "y": 411}, {"x": 446, "y": 398}, {"x": 436, "y": 401}], [{"x": 436, "y": 480}, {"x": 446, "y": 477}, {"x": 446, "y": 467}, {"x": 436, "y": 467}], [{"x": 435, "y": 499}, {"x": 446, "y": 499}, {"x": 446, "y": 489}, {"x": 436, "y": 489}], [{"x": 436, "y": 543}, {"x": 446, "y": 543}, {"x": 446, "y": 533}, {"x": 436, "y": 533}], [{"x": 436, "y": 565}, {"x": 446, "y": 565}, {"x": 446, "y": 555}, {"x": 436, "y": 555}], [{"x": 436, "y": 587}, {"x": 446, "y": 587}, {"x": 446, "y": 577}, {"x": 436, "y": 577}], [{"x": 436, "y": 653}, {"x": 446, "y": 653}, {"x": 446, "y": 643}, {"x": 436, "y": 643}], [{"x": 436, "y": 675}, {"x": 446, "y": 675}, {"x": 446, "y": 665}, {"x": 436, "y": 665}], [{"x": 436, "y": 697}, {"x": 446, "y": 697}, {"x": 446, "y": 687}, {"x": 436, "y": 687}], [{"x": 436, "y": 719}, {"x": 446, "y": 719}, {"x": 446, "y": 709}, {"x": 436, "y": 709}], [{"x": 436, "y": 741}, {"x": 446, "y": 741}, {"x": 446, "y": 731}, {"x": 436, "y": 731}], [{"x": 458, "y": 257}, {"x": 468, "y": 257}, {"x": 468, "y": 247}, {"x": 458, "y": 247}], [{"x": 458, "y": 301}, {"x": 468, "y": 301}, {"x": 468, "y": 291}, {"x": 458, "y": 291}], [{"x": 458, "y": 323}, {"x": 468, "y": 323}, {"x": 468, "y": 313}, {"x": 458, "y": 313}], [{"x": 458, "y": 367}, {"x": 468, "y": 367}, {"x": 468, "y": 357}, {"x": 458, "y": 357}], [{"x": 458, "y": 389}, {"x": 468, "y": 389}, {"x": 468, "y": 379}, {"x": 458, "y": 379}], [{"x": 458, "y": 433}, {"x": 468, "y": 433}, {"x": 468, "y": 423}, {"x": 458, "y": 423}], [{"x": 458, "y": 477}, {"x": 468, "y": 477}, {"x": 468, "y": 467}, {"x": 458, "y": 467}], [{"x": 458, "y": 521}, {"x": 468, "y": 521}, {"x": 468, "y": 511}, {"x": 458, "y": 511}], [{"x": 458, "y": 543}, {"x": 468, "y": 543}, {"x": 468, "y": 533}, {"x": 458, "y": 533}], [{"x": 458, "y": 587}, {"x": 468, "y": 587}, {"x": 468, "y": 577}, {"x": 458, "y": 577}], [{"x": 458, "y": 609}, {"x": 468, "y": 609}, {"x": 468, "y": 599}, {"x": 458, "y": 599}], [{"x": 458, "y": 631}, {"x": 468, "y": 631}, {"x": 468, "y": 621}, {"x": 458, "y": 621}], [{"x": 458, "y": 653}, {"x": 468, "y": 653}, {"x": 468, "y": 643}, {"x": 458, "y": 643}], [{"x": 458, "y": 675}, {"x": 468, "y": 675}, {"x": 468, "y": 665}, {"x": 458, "y": 665}], [{"x": 458, "y": 719}, {"x": 468, "y": 719}, {"x": 468, "y": 709}, {"x": 458, "y": 709}], [{"x": 458, "y": 741}, {"x": 468, "y": 741}, {"x": 468, "y": 731}, {"x": 458, "y": 731}], [{"x": 458, "y": 763}, {"x": 468, "y": 763}, {"x": 468, "y": 753}, {"x": 458, "y": 753}], [{"x": 480, "y": 257}, {"x": 490, "y": 257}, {"x": 490, "y": 247}, {"x": 480, "y": 247}], [{"x": 480, "y": 279}, {"x": 490, "y": 279}, {"x": 490, "y": 269}, {"x": 480, "y": 269}], [{"x": 480, "y": 323}, {"x": 490, "y": 323}, {"x": 490, "y": 313}, {"x": 480, "y": 313}], [{"x": 480, "y": 367}, {"x": 490, "y": 367}, {"x": 490, "y": 357}, {"x": 480, "y": 357}], [{"x": 480, "y": 389}, {"x": 490, "y": 389}, {"x": 490, "y": 379}, {"x": 480, "y": 379}], [{"x": 480, "y": 411}, {"x": 490, "y": 411}, {"x": 490, "y": 401}, {"x": 480, "y": 401}], [{"x": 480, "y": 433}, {"x": 490, "y": 433}, {"x": 490, "y": 423}, {"x": 480, "y": 423}], [{"x": 480, "y": 455}, {"x": 490, "y": 455}, {"x": 490, "y": 445}, {"x": 480, "y": 445}], [{"x": 480, "y": 477}, {"x": 490, "y": 477}, {"x": 490, "y": 467}, {"x": 480, "y": 467}], [{"x": 480, "y": 499}, {"x": 490, "y": 499}, {"x": 490, "y": 489}, {"x": 480, "y": 489}], [{"x": 480, "y": 521}, {"x": 490, "y": 521}, {"x": 490, "y": 511}, {"x": 480, "y": 511}], [{"x": 480, "y": 543}, {"x": 490, "y": 543}, {"x": 490, "y": 533}, {"x": 480, "y": 533}], [{"x": 480, "y": 565}, {"x": 490, "y": 565}, {"x": 490, "y": 555}, {"x": 480, "y": 555}], [{"x": 480, "y": 587}, {"x": 490, "y": 587}, {"x": 490, "y": 577}, {"x": 480, "y": 577}], [{"x": 480, "y": 609}, {"x": 490, "y": 609}, {"x": 490, "y": 599}, {"x": 480, "y": 599}], [{"x": 480, "y": 631}, {"x": 490, "y": 631}, {"x": 490, "y": 621}, {"x": 480, "y": 621}], [{"x": 480, "y": 675}, {"x": 490, "y": 675}, {"x": 490, "y": 665}, {"x": 480, "y": 665}], [{"x": 480, "y": 697}, {"x": 490, "y": 697}, {"x": 490, "y": 687}, {"x": 480, "y": 687}], [{"x": 480, "y": 719}, {"x": 490, "y": 719}, {"x": 490, "y": 709}, {"x": 480, "y": 709}], [{"x": 480, "y": 741}, {"x": 490, "y": 741}, {"x": 490, "y": 731}, {"x": 480, "y": 731}], [{"x": 480, "y": 763}, {"x": 490, "y": 763}, {"x": 490, "y": 753}, {"x": 480, "y": 753}], [{"x": 502, "y": 279}, {"x": 512, "y": 279}, {"x": 512, "y": 269}, {"x": 502, "y": 269}], [{"x": 502, "y": 323}, {"x": 512, "y": 323}, {"x": 512, "y": 313}, {"x": 502, "y": 313}], [{"x": 502, "y": 345}, {"x": 512, "y": 345}, {"x": 512, "y": 335}, {"x": 502, "y": 335}], [{"x": 502, "y": 367}, {"x": 512, "y": 367}, {"x": 512, "y": 357}, {"x": 502, "y": 357}], [{"x": 502, "y": 389}, {"x": 512, "y": 389}, {"x": 512, "y": 379}, {"x": 502, "y": 379}], [{"x": 502, "y": 411}, {"x": 512, "y": 411}, {"x": 512, "y": 401}, {"x": 502, "y": 401}], [{"x": 502, "y": 433}, {"x": 512, "y": 433}, {"x": 512, "y": 423}, {"x": 502, "y": 423}], [{"x": 502, "y": 477}, {"x": 512, "y": 477}, {"x": 512, "y": 467}, {"x": 502, "y": 467}], [{"x": 500, "y": 499}, {"x": 512, "y": 499}, {"x": 512, "y": 489}, {"x": 502, "y": 489}], [{"x": 502, "y": 521}, {"x": 512, "y": 521}, {"x": 512, "y": 511}, {"x": 502, "y": 511}], [{"x": 502, "y": 543}, {"x": 512, "y": 543}, {"x": 512, "y": 533}, {"x": 502, "y": 533}], [{"x": 502, "y": 565}, {"x": 512, "y": 565}, {"x": 512, "y": 555}, {"x": 502, "y": 555}], [{"x": 502, "y": 587}, {"x": 512, "y": 587}, {"x": 512, "y": 577}, {"x": 502, "y": 577}], [{"x": 502, "y": 609}, {"x": 512, "y": 609}, {"x": 512, "y": 599}, {"x": 502, "y": 599}], [{"x": 502, "y": 631}, {"x": 512, "y": 631}, {"x": 512, "y": 621}, {"x": 502, "y": 621}], [{"x": 502, "y": 653}, {"x": 512, "y": 653}, {"x": 512, "y": 643}, {"x": 502, "y": 643}], [{"x": 502, "y": 675}, {"x": 512, "y": 675}, {"x": 512, "y": 665}, {"x": 502, "y": 665}], [{"x": 502, "y": 697}, {"x": 512, "y": 697}, {"x": 512, "y": 687}, {"x": 502, "y": 687}], [{"x": 502, "y": 741}, {"x": 512, "y": 741}, {"x": 512, "y": 731}, {"x": 502, "y": 731}], [{"x": 502, "y": 763}, {"x": 512, "y": 763}, {"x": 512, "y": 753}, {"x": 502, "y": 753}], [{"x": 524, "y": 279}, {"x": 534, "y": 282}, {"x": 534, "y": 269}, {"x": 524, "y": 269}], [{"x": 523, "y": 323}, {"x": 534, "y": 323}, {"x": 534, "y": 313}, {"x": 524, "y": 313}], [{"x": 524, "y": 367}, {"x": 534, "y": 367}, {"x": 534, "y": 357}, {"x": 524, "y": 357}], [{"x": 524, "y": 389}, {"x": 534, "y": 389}, {"x": 534, "y": 379}, {"x": 524, "y": 379}], [{"x": 524, "y": 411}, {"x": 534, "y": 411}, {"x": 534, "y": 400}, {"x": 524, "y": 401}], [{"x": 524, "y": 433}, {"x": 534, "y": 433}, {"x": 534, "y": 423}, {"x": 524, "y": 423}], [{"x": 524, "y": 455}, {"x": 534, "y": 455}, {"x": 534, "y": 445}, {"x": 524, "y": 445}], [{"x": 524, "y": 477}, {"x": 534, "y": 477}, {"x": 534, "y": 467}, {"x": 524, "y": 467}], [{"x": 522, "y": 543}, {"x": 534, "y": 543}, {"x": 534, "y": 533}, {"x": 524, "y": 533}], [{"x": 524, "y": 565}, {"x": 534, "y": 565}, {"x": 534, "y": 555}, {"x": 522, "y": 555}], [{"x": 524, "y": 609}, {"x": 534, "y": 609}, {"x": 534, "y": 599}, {"x": 524, "y": 599}], [{"x": 524, "y": 653}, {"x": 534, "y": 653}, {"x": 534, "y": 643}, {"x": 524, "y": 643}], [{"x": 524, "y": 697}, {"x": 534, "y": 697}, {"x": 534, "y": 687}, {"x": 524, "y": 687}], [{"x": 524, "y": 720}, {"x": 534, "y": 719}, {"x": 534, "y": 709}, {"x": 524, "y": 709}], [{"x": 524, "y": 763}, {"x": 534, "y": 763}, {"x": 534, "y": 753}, {"x": 524, "y": 753}], [{"x": 524, "y": 785}, {"x": 534, "y": 785}, {"x": 534, "y": 775}, {"x": 524, "y": 775}], [{"x": 546, "y": 301}, {"x": 556, "y": 301}, {"x": 556, "y": 291}, {"x": 546, "y": 291}], [{"x": 546, "y": 323}, {"x": 556, "y": 323}, {"x": 556, "y": 313}, {"x": 546, "y": 313}], [{"x": 546, "y": 367}, {"x": 556, "y": 367}, {"x": 556, "y": 357}, {"x": 546, "y": 357}], [{"x": 546, "y": 389}, {"x": 556, "y": 389}, {"x": 556, "y": 379}, {"x": 546, "y": 379}], [{"x": 546, "y": 455}, {"x": 556, "y": 455}, {"x": 556, "y": 445}, {"x": 546, "y": 445}], [{"x": 546, "y": 477}, {"x": 556, "y": 477}, {"x": 556, "y": 467}, {"x": 546, "y": 467}], [{"x": 546, "y": 521}, {"x": 556, "y": 521}, {"x": 556, "y": 511}, {"x": 546, "y": 511}], [{"x": 546, "y": 543}, {"x": 556, "y": 543}, {"x": 556, "y": 533}, {"x": 546, "y": 533}], [{"x": 546, "y": 565}, {"x": 556, "y": 565}, {"x": 559, "y": 555}, {"x": 546, "y": 555}], [{"x": 546, "y": 587}, {"x": 556, "y": 587}, {"x": 556, "y": 577}, {"x": 546, "y": 577}], [{"x": 546, "y": 631}, {"x": 556, "y": 631}, {"x": 556, "y": 621}, {"x": 546, "y": 621}], [{"x": 546, "y": 653}, {"x": 556, "y": 653}, {"x": 556, "y": 643}, {"x": 546, "y": 643}], [{"x": 546, "y": 697}, {"x": 556, "y": 697}, {"x": 556, "y": 687}, {"x": 546, "y": 687}], [{"x": 546, "y": 719}, {"x": 556, "y": 719}, {"x": 556, "y": 709}, {"x": 546, "y": 709}], [{"x": 546, "y": 763}, {"x": 556, "y": 763}, {"x": 556, "y": 753}, {"x": 546, "y": 753}], [{"x": 568, "y": 257}, {"x": 578, "y": 257}, {"x": 578, "y": 247}, {"x": 568, "y": 247}], [{"x": 568, "y": 279}, {"x": 578, "y": 279}, {"x": 578, "y": 269}, {"x": 568, "y": 269}], [{"x": 568, "y": 301}, {"x": 578, "y": 301}, {"x": 578, "y": 291}, {"x": 568, "y": 291}], [{"x": 568, "y": 323}, {"x": 578, "y": 323}, {"x": 578, "y": 313}, {"x": 568, "y": 313}], [{"x": 568, "y": 367}, {"x": 578, "y": 367}, {"x": 578, "y": 357}, {"x": 568, "y": 357}], [{"x": 568, "y": 389}, {"x": 578, "y": 389}, {"x": 578, "y": 379}, {"x": 568, "y": 379}], [{"x": 568, "y": 411}, {"x": 578, "y": 411}, {"x": 578, "y": 401}, {"x": 568, "y": 401}], [{"x": 568, "y": 433}, {"x": 578, "y": 433}, {"x": 578, "y": 423}, {"x": 568, "y": 423}], [{"x": 568, "y": 455}, {"x": 578, "y": 455}, {"x": 578, "y": 445}, {"x": 564, "y": 445}], [{"x": 568, "y": 521}, {"x": 578, "y": 521}, {"x": 578, "y": 511}, {"x": 568, "y": 511}], [{"x": 568, "y": 543}, {"x": 578, "y": 543}, {"x": 578, "y": 533}, {"x": 568, "y": 533}], [{"x": 568, "y": 565}, {"x": 578, "y": 565}, {"x": 578, "y": 555}, {"x": 568, "y": 555}], [{"x": 568, "y": 587}, {"x": 578, "y": 587}, {"x": 578, "y": 577}, {"x": 568, "y": 577}], [{"x": 568, "y": 609}, {"x": 578, "y": 609}, {"x": 578, "y": 599}, {"x": 568, "y": 599}], [{"x": 568, "y": 631}, {"x": 578, "y": 631}, {"x": 578, "y": 621}, {"x": 568, "y": 621}], [{"x": 568, "y": 653}, {"x": 578, "y": 653}, {"x": 578, "y": 643}, {"x": 568, "y": 643}], [{"x": 568, "y": 675}, {"x": 578, "y": 675}, {"x": 578, "y": 665}, {"x": 568, "y": 665}], [{"x": 568, "y": 719}, {"x": 578, "y": 719}, {"x": 578, "y": 709}, {"x": 568, "y": 709}], [{"x": 568, "y": 741}, {"x": 578, "y": 741}, {"x": 578, "y": 728}, {"x": 568, "y": 731}], [{"x": 590, "y": 257}, {"x": 600, "y": 257}, {"x": 600, "y": 247}, {"x": 590, "y": 247}], [{"x": 590, "y": 279}, {"x": 600, "y": 279}, {"x": 600, "y": 269}, {"x": 590, "y": 269}], [{"x": 590, "y": 323}, {"x": 600, "y": 323}, {"x": 600, "y": 313}, {"x": 590, "y": 313}], [{"x": 590, "y": 345}, {"x": 601, "y": 345}, {"x": 600, "y": 335}, {"x": 590, "y": 335}], [{"x": 590, "y": 367}, {"x": 600, "y": 367}, {"x": 600, "y": 357}, {"x": 590, "y": 357}], [{"x": 590, "y": 389}, {"x": 600, "y": 389}, {"x": 600, "y": 379}, {"x": 590, "y": 379}], [{"x": 590, "y": 411}, {"x": 600, "y": 411}, {"x": 600, "y": 401}, {"x": 590, "y": 401}], [{"x": 590, "y": 455}, {"x": 600, "y": 455}, {"x": 600, "y": 445}, {"x": 590, "y": 445}], [{"x": 590, "y": 477}, {"x": 600, "y": 477}, {"x": 600, "y": 467}, {"x": 590, "y": 467}], [{"x": 590, "y": 499}, {"x": 600, "y": 499}, {"x": 600, "y": 489}, {"x": 590, "y": 489}], [{"x": 590, "y": 543}, {"x": 600, "y": 543}, {"x": 600, "y": 533}, {"x": 590, "y": 533}], [{"x": 590, "y": 565}, {"x": 600, "y": 565}, {"x": 600, "y": 555}, {"x": 590, "y": 555}], [{"x": 590, "y": 609}, {"x": 600, "y": 609}, {"x": 600, "y": 599}, {"x": 590, "y": 599}], [{"x": 590, "y": 631}, {"x": 600, "y": 631}, {"x": 600, "y": 621}, {"x": 590, "y": 621}], [{"x": 590, "y": 653}, {"x": 600, "y": 653}, {"x": 600, "y": 643}, {"x": 590, "y": 643}], [{"x": 590, "y": 675}, {"x": 600, "y": 679}, {"x": 600, "y": 665}, {"x": 590, "y": 665}], [{"x": 590, "y": 697}, {"x": 600, "y": 697}, {"x": 600, "y": 687}, {"x": 590, "y": 687}], [{"x": 590, "y": 719}, {"x": 600, "y": 719}, {"x": 600, "y": 709}, {"x": 590, "y": 709}], [{"x": 590, "y": 741}, {"x": 600, "y": 741}, {"x": 600, "y": 731}, {"x": 590, "y": 731}], [{"x": 590, "y": 763}, {"x": 600, "y": 763}, {"x": 600, "y": 753}, {"x": 590, "y": 753}], [{"x": 590, "y": 785}, {"x": 600, "y": 785}, {"x": 600, "y": 775}, {"x": 590, "y": 775}], [{"x": 590, "y": 807}, {"x": 600, "y": 807}, {"x": 600, "y": 797}, {"x": 590, "y": 797}], [{"x": 612, "y": 235}, {"x": 622, "y": 235}, {"x": 622, "y": 225}, {"x": 612, "y": 225}], [{"x": 612, "y": 301}, {"x": 622, "y": 301}, {"x": 622, "y": 291}, {"x": 612, "y": 291}], [{"x": 612, "y": 323}, {"x": 622, "y": 323}, {"x": 622, "y": 313}, {"x": 612, "y": 313}], [{"x": 612, "y": 345}, {"x": 622, "y": 345}, {"x": 622, "y": 335}, {"x": 612, "y": 335}], [{"x": 612, "y": 367}, {"x": 622, "y": 367}, {"x": 622, "y": 357}, {"x": 612, "y": 357}], [{"x": 612, "y": 411}, {"x": 622, "y": 411}, {"x": 622, "y": 397}, {"x": 612, "y": 397}], [{"x": 612, "y": 433}, {"x": 622, "y": 433}, {"x": 622, "y": 423}, {"x": 612, "y": 423}], [{"x": 612, "y": 455}, {"x": 622, "y": 455}, {"x": 622, "y": 445}, {"x": 612, "y": 445}], [{"x": 612, "y": 477}, {"x": 622, "y": 477}, {"x": 622, "y": 467}, {"x": 612, "y": 467}], [{"x": 612, "y": 499}, {"x": 622, "y": 499}, {"x": 622, "y": 489}, {"x": 612, "y": 489}], [{"x": 612, "y": 521}, {"x": 622, "y": 521}, {"x": 622, "y": 511}, {"x": 612, "y": 511}], [{"x": 612, "y": 543}, {"x": 622, "y": 543}, {"x": 622, "y": 533}, {"x": 609, "y": 533}], [{"x": 612, "y": 587}, {"x": 622, "y": 587}, {"x": 622, "y": 577}, {"x": 612, "y": 577}], [{"x": 612, "y": 609}, {"x": 622, "y": 609}, {"x": 622, "y": 599}, {"x": 612, "y": 599}], [{"x": 612, "y": 631}, {"x": 622, "y": 631}, {"x": 622, "y": 621}, {"x": 612, "y": 621}], [{"x": 612, "y": 653}, {"x": 622, "y": 653}, {"x": 622, "y": 643}, {"x": 612, "y": 643}], [{"x": 612, "y": 675}, {"x": 622, "y": 675}, {"x": 622, "y": 665}, {"x": 612, "y": 665}], [{"x": 612, "y": 719}, {"x": 622, "y": 719}, {"x": 622, "y": 709}, {"x": 612, "y": 709}], [{"x": 612, "y": 785}, {"x": 622, "y": 785}, {"x": 622, "y": 775}, {"x": 612, "y": 775}], [{"x": 612, "y": 807}, {"x": 622, "y": 807}, {"x": 622, "y": 797}, {"x": 612, "y": 797}], [{"x": 634, "y": 257}, {"x": 644, "y": 257}, {"x": 644, "y": 247}, {"x": 634, "y": 247}], [{"x": 634, "y": 279}, {"x": 644, "y": 279}, {"x": 644, "y": 269}, {"x": 634, "y": 269}], [{"x": 634, "y": 301}, {"x": 644, "y": 301}, {"x": 644, "y": 291}, {"x": 634, "y": 291}], [{"x": 634, "y": 323}, {"x": 644, "y": 323}, {"x": 644, "y": 313}, {"x": 634, "y": 313}], [{"x": 634, "y": 389}, {"x": 644, "y": 389}, {"x": 644, "y": 379}, {"x": 634, "y": 379}], [{"x": 634, "y": 411}, {"x": 644, "y": 411}, {"x": 644, "y": 401}, {"x": 634, "y": 401}], [{"x": 634, "y": 433}, {"x": 644, "y": 433}, {"x": 644, "y": 423}, {"x": 634, "y": 423}], [{"x": 634, "y": 455}, {"x": 644, "y": 455}, {"x": 644, "y": 445}, {"x": 634, "y": 445}], [{"x": 634, "y": 499}, {"x": 644, "y": 499}, {"x": 644, "y": 489}, {"x": 634, "y": 489}], [{"x": 634, "y": 521}, {"x": 644, "y": 521}, {"x": 644, "y": 511}, {"x": 634, "y": 511}], [{"x": 634, "y": 565}, {"x": 644, "y": 565}, {"x": 644, "y": 555}, {"x": 634, "y": 555}], [{"x": 634, "y": 609}, {"x": 644, "y": 609}, {"x": 644, "y": 599}, {"x": 634, "y": 599}], [{"x": 634, "y": 631}, {"x": 644, "y": 631}, {"x": 644, "y": 621}, {"x": 634, "y": 621}], [{"x": 634, "y": 675}, {"x": 644, "y": 675}, {"x": 644, "y": 665}, {"x": 634, "y": 665}], [{"x": 634, "y": 697}, {"x": 644, "y": 697}, {"x": 644, "y": 687}, {"x": 634, "y": 687}], [{"x": 634, "y": 785}, {"x": 644, "y": 785}, {"x": 644, "y": 775}, {"x": 634, "y": 775}], [{"x": 634, "y": 807}, {"x": 644, "y": 807}, {"x": 644, "y": 797}, {"x": 634, "y": 797}], [{"x": 634, "y": 829}, {"x": 644, "y": 829}, {"x": 644, "y": 819}, {"x": 634, "y": 819}], [{"x": 656, "y": 235}, {"x": 666, "y": 235}, {"x": 666, "y": 225}, {"x": 656, "y": 225}], [{"x": 656, "y": 257}, {"x": 666, "y": 257}, {"x": 666, "y": 247}, {"x": 656, "y": 247}], [{"x": 656, "y": 323}, {"x": 666, "y": 323}, {"x": 666, "y": 313}, {"x": 656, "y": 313}], [{"x": 656, "y": 345}, {"x": 666, "y": 345}, {"x": 666, "y": 335}, {"x": 656, "y": 335}], [{"x": 656, "y": 411}, {"x": 666, "y": 411}, {"x": 666, "y": 401}, {"x": 656, "y": 401}], [{"x": 656, "y": 455}, {"x": 666, "y": 455}, {"x": 666, "y": 445}, {"x": 656, "y": 445}], [{"x": 656, "y": 477}, {"x": 666, "y": 477}, {"x": 666, "y": 467}, {"x": 656, "y": 467}], [{"x": 656, "y": 499}, {"x": 666, "y": 499}, {"x": 666, "y": 489}, {"x": 656, "y": 489}], [{"x": 656, "y": 521}, {"x": 666, "y": 521}, {"x": 666, "y": 511}, {"x": 656, "y": 511}], [{"x": 656, "y": 543}, {"x": 666, "y": 543}, {"x": 666, "y": 533}, {"x": 656, "y": 533}], [{"x": 656, "y": 587}, {"x": 666, "y": 587}, {"x": 666, "y": 577}, {"x": 656, "y": 577}], [{"x": 656, "y": 609}, {"x": 666, "y": 609}, {"x": 666, "y": 599}, {"x": 656, "y": 599}], [{"x": 656, "y": 631}, {"x": 666, "y": 631}, {"x": 666, "y": 621}, {"x": 656, "y": 620}], [{"x": 656, "y": 653}, {"x": 666, "y": 653}, {"x": 666, "y": 643}, {"x": 656, "y": 643}], [{"x": 656, "y": 675}, {"x": 666, "y": 675}, {"x": 666, "y": 665}, {"x": 656, "y": 665}], [{"x": 656, "y": 697}, {"x": 666, "y": 697}, {"x": 666, "y": 687}, {"x": 656, "y": 687}], [{"x": 656, "y": 719}, {"x": 666, "y": 719}, {"x": 666, "y": 709}, {"x": 656, "y": 709}], [{"x": 656, "y": 741}, {"x": 666, "y": 741}, {"x": 666, "y": 731}, {"x": 656, "y": 731}], [{"x": 656, "y": 763}, {"x": 666, "y": 763}, {"x": 666, "y": 753}, {"x": 656, "y": 753}], [{"x": 656, "y": 807}, {"x": 666, "y": 807}, {"x": 666, "y": 797}, {"x": 656, "y": 797}], [{"x": 656, "y": 829}, {"x": 666, "y": 829}, {"x": 666, "y": 819}, {"x": 656, "y": 819}], [{"x": 678, "y": 279}, {"x": 688, "y": 279}, {"x": 688, "y": 269}, {"x": 678, "y": 269}], [{"x": 678, "y": 301}, {"x": 688, "y": 301}, {"x": 688, "y": 291}, {"x": 678, "y": 291}], [{"x": 678, "y": 323}, {"x": 688, "y": 323}, {"x": 688, "y": 313}, {"x": 678, "y": 313}], [{"x": 678, "y": 345}, {"x": 688, "y": 345}, {"x": 688, "y": 335}, {"x": 678, "y": 335}], [{"x": 678, "y": 389}, {"x": 688, "y": 389}, {"x": 688, "y": 379}, {"x": 678, "y": 379}], [{"x": 678, "y": 411}, {"x": 688, "y": 411}, {"x": 688, "y": 401}, {"x": 678, "y": 401}], [{"x": 678, "y": 433}, {"x": 688, "y": 433}, {"x": 688, "y": 423}, {"x": 678, "y": 423}], [{"x": 678, "y": 455}, {"x": 688, "y": 455}, {"x": 688, "y": 445}, {"x": 678, "y": 445}], [{"x": 678, "y": 499}, {"x": 688, "y": 499}, {"x": 688, "y": 489}, {"x": 678, "y": 489}], [{"x": 678, "y": 521}, {"x": 688, "y": 521}, {"x": 688, "y": 511}, {"x": 678, "y": 511}], [{"x": 678, "y": 543}, {"x": 688, "y": 543}, {"x": 688, "y": 533}, {"x": 678, "y": 533}], [{"x": 678, "y": 565}, {"x": 688, "y": 565}, {"x": 688, "y": 555}, {"x": 678, "y": 555}], [{"x": 678, "y": 609}, {"x": 688, "y": 609}, {"x": 688, "y": 599}, {"x": 678, "y": 599}], [{"x": 678, "y": 631}, {"x": 688, "y": 631}, {"x": 688, "y": 621}, {"x": 678, "y": 621}], [{"x": 678, "y": 675}, {"x": 688, "y": 675}, {"x": 688, "y": 663}, {"x": 678, "y": 665}], [{"x": 678, "y": 697}, {"x": 688, "y": 697}, {"x": 688, "y": 687}, {"x": 678, "y": 687}], [{"x": 678, "y": 719}, {"x": 688, "y": 719}, {"x": 688, "y": 709}, {"x": 678, "y": 709}], [{"x": 678, "y": 741}, {"x": 688, "y": 741}, {"x": 688, "y": 731}, {"x": 678, "y": 731}], [{"x": 678, "y": 785}, {"x": 688, "y": 785}, {"x": 688, "y": 775}, {"x": 678, "y": 775}], [{"x": 678, "y": 807}, {"x": 688, "y": 807}, {"x": 688, "y": 797}, {"x": 678, "y": 797}], [{"x": 678, "y": 829}, {"x": 688, "y": 829}, {"x": 688, "y": 819}, {"x": 678, "y": 819}], [{"x": 700, "y": 213}, {"x": 710, "y": 213}, {"x": 710, "y": 203}, {"x": 700, "y": 203}], [{"x": 700, "y": 235}, {"x": 710, "y": 235}, {"x": 710, "y": 225}, {"x": 700, "y": 225}], [{"x": 700, "y": 257}, {"x": 710, "y": 257}, {"x": 710, "y": 247}, {"x": 700, "y": 247}], [{"x": 700, "y": 279}, {"x": 710, "y": 279}, {"x": 710, "y": 269}, {"x": 700, "y": 269}], [{"x": 700, "y": 301}, {"x": 710, "y": 301}, {"x": 710, "y": 291}, {"x": 700, "y": 291}], [{"x": 700, "y": 323}, {"x": 710, "y": 323}, {"x": 710, "y": 313}, {"x": 700, "y": 313}], [{"x": 700, "y": 367}, {"x": 710, "y": 367}, {"x": 710, "y": 357}, {"x": 697, "y": 357}], [{"x": 700, "y": 389}, {"x": 710, "y": 389}, {"x": 710, "y": 379}, {"x": 700, "y": 379}], [{"x": 700, "y": 411}, {"x": 710, "y": 411}, {"x": 710, "y": 401}, {"x": 700, "y": 401}], [{"x": 700, "y": 433}, {"x": 710, "y": 433}, {"x": 710, "y": 423}, {"x": 700, "y": 423}], [{"x": 700, "y": 455}, {"x": 710, "y": 455}, {"x": 710, "y": 445}, {"x": 700, "y": 445}], [{"x": 700, "y": 477}, {"x": 710, "y": 477}, {"x": 710, "y": 467}, {"x": 700, "y": 467}], [{"x": 700, "y": 499}, {"x": 710, "y": 499}, {"x": 710, "y": 489}, {"x": 700, "y": 489}], [{"x": 700, "y": 543}, {"x": 710, "y": 543}, {"x": 710, "y": 533}, {"x": 700, "y": 533}], [{"x": 700, "y": 565}, {"x": 710, "y": 565}, {"x": 710, "y": 555}, {"x": 700, "y": 555}], [{"x": 700, "y": 587}, {"x": 710, "y": 587}, {"x": 710, "y": 577}, {"x": 700, "y": 577}], [{"x": 700, "y": 631}, {"x": 710, "y": 631}, {"x": 710, "y": 621}, {"x": 700, "y": 621}], [{"x": 700, "y": 653}, {"x": 710, "y": 653}, {"x": 710, "y": 643}, {"x": 700, "y": 643}], [{"x": 700, "y": 675}, {"x": 710, "y": 675}, {"x": 710, "y": 665}, {"x": 700, "y": 665}], [{"x": 700, "y": 697}, {"x": 710, "y": 697}, {"x": 710, "y": 687}, {"x": 700, "y": 687}], [{"x": 700, "y": 719}, {"x": 710, "y": 719}, {"x": 710, "y": 709}, {"x": 700, "y": 709}], [{"x": 700, "y": 741}, {"x": 710, "y": 741}, {"x": 710, "y": 731}, {"x": 700, "y": 731}], [{"x": 700, "y": 763}, {"x": 710, "y": 763}, {"x": 710, "y": 753}, {"x": 700, "y": 753}], [{"x": 700, "y": 785}, {"x": 710, "y": 785}, {"x": 710, "y": 775}, {"x": 700, "y": 775}], [{"x": 700, "y": 829}, {"x": 710, "y": 829}, {"x": 710, "y": 819}, {"x": 700, "y": 819}], [{"x": 700, "y": 851}, {"x": 710, "y": 851}, {"x": 710, "y": 841}, {"x": 700, "y": 841}], [{"x": 722, "y": 213}, {"x": 732, "y": 213}, {"x": 732, "y": 203}, {"x": 722, "y": 203}], [{"x": 722, "y": 235}, {"x": 732, "y": 235}, {"x": 732, "y": 225}, {"x": 722, "y": 225}], [{"x": 722, "y": 257}, {"x": 732, "y": 257}, {"x": 732, "y": 247}, {"x": 722, "y": 247}], [{"x": 722, "y": 279}, {"x": 732, "y": 279}, {"x": 732, "y": 269}, {"x": 722, "y": 269}], [{"x": 722, "y": 301}, {"x": 732, "y": 301}, {"x": 732, "y": 291}, {"x": 722, "y": 291}], [{"x": 722, "y": 323}, {"x": 732, "y": 323}, {"x": 732, "y": 313}, {"x": 722, "y": 313}], [{"x": 722, "y": 345}, {"x": 732, "y": 345}, {"x": 732, "y": 335}, {"x": 722, "y": 335}], [{"x": 722, "y": 389}, {"x": 732, "y": 389}, {"x": 732, "y": 379}, {"x": 722, "y": 379}], [{"x": 722, "y": 433}, {"x": 732, "y": 433}, {"x": 732, "y": 423}, {"x": 722, "y": 423}], [{"x": 722, "y": 455}, {"x": 732, "y": 455}, {"x": 732, "y": 445}, {"x": 722, "y": 445}], [{"x": 722, "y": 499}, {"x": 734, "y": 499}, {"x": 732, "y": 489}, {"x": 722, "y": 489}], [{"x": 722, "y": 521}, {"x": 732, "y": 521}, {"x": 732, "y": 511}, {"x": 722, "y": 511}], [{"x": 722, "y": 543}, {"x": 732, "y": 543}, {"x": 732, "y": 533}, {"x": 719, "y": 533}], [{"x": 722, "y": 587}, {"x": 732, "y": 587}, {"x": 732, "y": 577}, {"x": 722, "y": 577}], [{"x": 722, "y": 609}, {"x": 732, "y": 609}, {"x": 732, "y": 599}, {"x": 722, "y": 599}], [{"x": 722, "y": 653}, {"x": 732, "y": 653}, {"x": 732, "y": 643}, {"x": 722, "y": 643}], [{"x": 722, "y": 675}, {"x": 732, "y": 675}, {"x": 735, "y": 665}, {"x": 722, "y": 665}], [{"x": 722, "y": 697}, {"x": 732, "y": 697}, {"x": 732, "y": 687}, {"x": 722, "y": 687}], [{"x": 722, "y": 719}, {"x": 732, "y": 719}, {"x": 732, "y": 709}, {"x": 722, "y": 709}], [{"x": 722, "y": 763}, {"x": 732, "y": 763}, {"x": 732, "y": 753}, {"x": 722, "y": 753}], [{"x": 722, "y": 785}, {"x": 732, "y": 788}, {"x": 732, "y": 775}, {"x": 722, "y": 775}], [{"x": 722, "y": 829}, {"x": 732, "y": 829}, {"x": 732, "y": 819}, {"x": 722, "y": 819}], [{"x": 744, "y": 213}, {"x": 754, "y": 213}, {"x": 754, "y": 203}, {"x": 744, "y": 203}], [{"x": 744, "y": 257}, {"x": 754, "y": 257}, {"x": 754, "y": 247}, {"x": 744, "y": 247}], [{"x": 744, "y": 279}, {"x": 754, "y": 279}, {"x": 754, "y": 269}, {"x": 744, "y": 269}], [{"x": 744, "y": 301}, {"x": 754, "y": 301}, {"x": 754, "y": 291}, {"x": 744, "y": 291}], [{"x": 744, "y": 323}, {"x": 754, "y": 323}, {"x": 754, "y": 313}, {"x": 744, "y": 313}], [{"x": 744, "y": 345}, {"x": 754, "y": 346}, {"x": 754, "y": 335}, {"x": 744, "y": 335}], [{"x": 744, "y": 367}, {"x": 754, "y": 367}, {"x": 754, "y": 357}, {"x": 744, "y": 357}], [{"x": 744, "y": 389}, {"x": 754, "y": 389}, {"x": 754, "y": 379}, {"x": 744, "y": 379}], [{"x": 744, "y": 433}, {"x": 754, "y": 433}, {"x": 754, "y": 423}, {"x": 744, "y": 423}], [{"x": 744, "y": 455}, {"x": 754, "y": 455}, {"x": 754, "y": 445}, {"x": 744, "y": 445}], [{"x": 744, "y": 499}, {"x": 754, "y": 499}, {"x": 754, "y": 489}, {"x": 744, "y": 489}], [{"x": 744, "y": 521}, {"x": 754, "y": 521}, {"x": 754, "y": 511}, {"x": 744, "y": 511}], [{"x": 744, "y": 543}, {"x": 754, "y": 543}, {"x": 754, "y": 533}, {"x": 744, "y": 533}], [{"x": 744, "y": 609}, {"x": 754, "y": 609}, {"x": 754, "y": 599}, {"x": 744, "y": 599}], [{"x": 744, "y": 631}, {"x": 754, "y": 631}, {"x": 754, "y": 621}, {"x": 744, "y": 621}], [{"x": 744, "y": 653}, {"x": 754, "y": 653}, {"x": 754, "y": 643}, {"x": 744, "y": 643}], [{"x": 744, "y": 675}, {"x": 754, "y": 675}, {"x": 754, "y": 665}, {"x": 744, "y": 665}], [{"x": 744, "y": 697}, {"x": 754, "y": 697}, {"x": 754, "y": 687}, {"x": 744, "y": 687}], [{"x": 744, "y": 741}, {"x": 754, "y": 741}, {"x": 754, "y": 731}, {"x": 744, "y": 731}], [{"x": 744, "y": 763}, {"x": 754, "y": 763}, {"x": 754, "y": 751}, {"x": 744, "y": 753}], [{"x": 744, "y": 785}, {"x": 754, "y": 785}, {"x": 754, "y": 775}, {"x": 744, "y": 775}], [{"x": 744, "y": 807}, {"x": 754, "y": 807}, {"x": 754, "y": 797}, {"x": 744, "y": 797}], [{"x": 744, "y": 829}, {"x": 754, "y": 829}, {"x": 754, "y": 819}, {"x": 744, "y": 819}], [{"x": 744, "y": 873}, {"x": 754, "y": 873}, {"x": 754, "y": 863}, {"x": 744, "y": 863}], [{"x": 766, "y": 235}, {"x": 776, "y": 235}, {"x": 776, "y": 225}, {"x": 766, "y": 225}], [{"x": 766, "y": 257}, {"x": 776, "y": 257}, {"x": 776, "y": 247}, {"x": 766, "y": 247}], [{"x": 766, "y": 279}, {"x": 776, "y": 279}, {"x": 776, "y": 269}, {"x": 766, "y": 269}], [{"x": 766, "y": 301}, {"x": 776, "y": 301}, {"x": 776, "y": 291}, {"x": 766, "y": 291}], [{"x": 766, "y": 323}, {"x": 776, "y": 323}, {"x": 776, "y": 313}, {"x": 766, "y": 313}], [{"x": 766, "y": 389}, {"x": 776, "y": 389}, {"x": 776, "y": 379}, {"x": 766, "y": 379}], [{"x": 766, "y": 433}, {"x": 776, "y": 433}, {"x": 776, "y": 423}, {"x": 766, "y": 423}], [{"x": 766, "y": 455}, {"x": 776, "y": 455}, {"x": 776, "y": 445}, {"x": 766, "y": 445}], [{"x": 766, "y": 499}, {"x": 776, "y": 499}, {"x": 776, "y": 489}, {"x": 766, "y": 489}], [{"x": 766, "y": 521}, {"x": 776, "y": 521}, {"x": 776, "y": 511}, {"x": 766, "y": 511}], [{"x": 766, "y": 543}, {"x": 776, "y": 543}, {"x": 776, "y": 533}, {"x": 766, "y": 533}], [{"x": 766, "y": 565}, {"x": 776, "y": 565}, {"x": 776, "y": 555}, {"x": 766, "y": 555}], [{"x": 766, "y": 587}, {"x": 776, "y": 587}, {"x": 776, "y": 577}, {"x": 766, "y": 577}], [{"x": 766, "y": 609}, {"x": 776, "y": 609}, {"x": 776, "y": 599}, {"x": 766, "y": 599}], [{"x": 766, "y": 631}, {"x": 776, "y": 631}, {"x": 776, "y": 621}, {"x": 766, "y": 621}], [{"x": 766, "y": 653}, {"x": 776, "y": 653}, {"x": 776, "y": 643}, {"x": 766, "y": 643}], [{"x": 766, "y": 675}, {"x": 776, "y": 675}, {"x": 776, "y": 665}, {"x": 766, "y": 665}], [{"x": 766, "y": 697}, {"x": 776, "y": 697}, {"x": 776, "y": 687}, {"x": 766, "y": 687}], [{"x": 766, "y": 719}, {"x": 776, "y": 719}, {"x": 776, "y": 709}, {"x": 766, "y": 709}], [{"x": 766, "y": 741}, {"x": 776, "y": 741}, {"x": 776, "y": 731}, {"x": 766, "y": 731}], [{"x": 766, "y": 785}, {"x": 776, "y": 785}, {"x": 776, "y": 775}, {"x": 766, "y": 775}], [{"x": 766, "y": 807}, {"x": 776, "y": 807}, {"x": 776, "y": 797}, {"x": 766, "y": 797}], [{"x": 788, "y": 235}, {"x": 798, "y": 235}, {"x": 798, "y": 225}, {"x": 788, "y": 225}], [{"x": 788, "y": 279}, {"x": 798, "y": 279}, {"x": 798, "y": 269}, {"x": 788, "y": 269}], [{"x": 788, "y": 301}, {"x": 798, "y": 301}, {"x": 798, "y": 291}, {"x": 788, "y": 291}], [{"x": 788, "y": 323}, {"x": 798, "y": 325}, {"x": 798, "y": 313}, {"x": 788, "y": 313}], [{"x": 788, "y": 345}, {"x": 798, "y": 345}, {"x": 798, "y": 335}, {"x": 788, "y": 335}], [{"x": 788, "y": 367}, {"x": 798, "y": 367}, {"x": 798, "y": 357}, {"x": 788, "y": 357}], [{"x": 788, "y": 389}, {"x": 798, "y": 389}, {"x": 798, "y": 379}, {"x": 788, "y": 379}], [{"x": 788, "y": 411}, {"x": 798, "y": 411}, {"x": 798, "y": 401}, {"x": 788, "y": 401}], [{"x": 788, "y": 433}, {"x": 798, "y": 433}, {"x": 798, "y": 423}, {"x": 788, "y": 423}], [{"x": 788, "y": 477}, {"x": 798, "y": 477}, {"x": 798, "y": 467}, {"x": 788, "y": 467}], [{"x": 788, "y": 499}, {"x": 798, "y": 499}, {"x": 798, "y": 489}, {"x": 786, "y": 489}], [{"x": 788, "y": 521}, {"x": 798, "y": 521}, {"x": 798, "y": 511}, {"x": 788, "y": 511}], [{"x": 788, "y": 543}, {"x": 798, "y": 543}, {"x": 798, "y": 533}, {"x": 788, "y": 533}], [{"x": 788, "y": 587}, {"x": 798, "y": 587}, {"x": 798, "y": 577}, {"x": 788, "y": 577}], [{"x": 788, "y": 609}, {"x": 798, "y": 609}, {"x": 798, "y": 599}, {"x": 788, "y": 599}], [{"x": 788, "y": 653}, {"x": 798, "y": 653}, {"x": 798, "y": 643}, {"x": 788, "y": 643}], [{"x": 788, "y": 675}, {"x": 798, "y": 675}, {"x": 798, "y": 665}, {"x": 788, "y": 665}], [{"x": 788, "y": 697}, {"x": 798, "y": 697}, {"x": 798, "y": 687}, {"x": 788, "y": 687}], [{"x": 788, "y": 763}, {"x": 798, "y": 763}, {"x": 798, "y": 753}, {"x": 788, "y": 753}], [{"x": 788, "y": 785}, {"x": 798, "y": 785}, {"x": 798, "y": 775}, {"x": 788, "y": 775}], [{"x": 788, "y": 807}, {"x": 798, "y": 807}, {"x": 798, "y": 797}, {"x": 788, "y": 797}], [{"x": 788, "y": 829}, {"x": 798, "y": 829}, {"x": 798, "y": 819}, {"x": 788, "y": 819}], [{"x": 788, "y": 851}, {"x": 798, "y": 851}, {"x": 798, "y": 841}, {"x": 788, "y": 841}], [{"x": 788, "y": 873}, {"x": 798, "y": 873}, {"x": 798, "y": 863}, {"x": 788, "y": 863}], [{"x": 810, "y": 191}, {"x": 820, "y": 191}, {"x": 820, "y": 181}, {"x": 810, "y": 181}], [{"x": 810, "y": 213}, {"x": 820, "y": 213}, {"x": 820, "y": 203}, {"x": 810, "y": 203}], [{"x": 810, "y": 257}, {"x": 820, "y": 257}, {"x": 820, "y": 247}, {"x": 810, "y": 247}], [{"x": 810, "y": 279}, {"x": 823, "y": 279}, {"x": 820, "y": 269}, {"x": 810, "y": 269}], [{"x": 810, "y": 301}, {"x": 820, "y": 301}, {"x": 820, "y": 291}, {"x": 810, "y": 291}], [{"x": 810, "y": 367}, {"x": 820, "y": 367}, {"x": 820, "y": 357}, {"x": 810, "y": 357}], [{"x": 810, "y": 411}, {"x": 820, "y": 411}, {"x": 820, "y": 401}, {"x": 810, "y": 401}], [{"x": 810, "y": 433}, {"x": 820, "y": 433}, {"x": 820, "y": 423}, {"x": 810, "y": 423}], [{"x": 810, "y": 455}, {"x": 820, "y": 455}, {"x": 820, "y": 445}, {"x": 807, "y": 445}], [{"x": 810, "y": 477}, {"x": 820, "y": 477}, {"x": 820, "y": 467}, {"x": 810, "y": 467}], [{"x": 810, "y": 525}, {"x": 820, "y": 521}, {"x": 820, "y": 511}, {"x": 810, "y": 511}], [{"x": 810, "y": 543}, {"x": 820, "y": 543}, {"x": 820, "y": 533}, {"x": 810, "y": 533}], [{"x": 810, "y": 565}, {"x": 820, "y": 565}, {"x": 820, "y": 555}, {"x": 810, "y": 555}], [{"x": 810, "y": 587}, {"x": 820, "y": 587}, {"x": 820, "y": 577}, {"x": 810, "y": 577}], [{"x": 810, "y": 609}, {"x": 820, "y": 609}, {"x": 820, "y": 599}, {"x": 810, "y": 599}], [{"x": 810, "y": 631}, {"x": 820, "y": 631}, {"x": 820, "y": 621}, {"x": 810, "y": 621}], [{"x": 810, "y": 719}, {"x": 820, "y": 719}, {"x": 820, "y": 709}, {"x": 810, "y": 709}], [{"x": 810, "y": 741}, {"x": 820, "y": 741}, {"x": 820, "y": 731}, {"x": 810, "y": 731}], [{"x": 810, "y": 763}, {"x": 820, "y": 763}, {"x": 820, "y": 753}, {"x": 810, "y": 753}], [{"x": 810, "y": 785}, {"x": 820, "y": 785}, {"x": 820, "y": 775}, {"x": 810, "y": 775}], [{"x": 810, "y": 807}, {"x": 820, "y": 807}, {"x": 820, "y": 797}, {"x": 810, "y": 797}], [{"x": 810, "y": 829}, {"x": 824, "y": 829}, {"x": 820, "y": 819}, {"x": 810, "y": 819}], [{"x": 810, "y": 873}, {"x": 820, "y": 873}, {"x": 820, "y": 863}, {"x": 810, "y": 863}], [{"x": 832, "y": 191}, {"x": 842, "y": 191}, {"x": 842, "y": 181}, {"x": 832, "y": 181}], [{"x": 832, "y": 213}, {"x": 842, "y": 213}, {"x": 842, "y": 203}, {"x": 832, "y": 203}], [{"x": 832, "y": 260}, {"x": 842, "y": 257}, {"x": 842, "y": 247}, {"x": 832, "y": 247}], [{"x": 832, "y": 301}, {"x": 842, "y": 301}, {"x": 842, "y": 291}, {"x": 832, "y": 291}], [{"x": 832, "y": 323}, {"x": 842, "y": 323}, {"x": 842, "y": 313}, {"x": 832, "y": 313}], [{"x": 832, "y": 345}, {"x": 842, "y": 345}, {"x": 842, "y": 335}, {"x": 832, "y": 335}], [{"x": 832, "y": 367}, {"x": 842, "y": 367}, {"x": 842, "y": 357}, {"x": 832, "y": 357}], [{"x": 832, "y": 389}, {"x": 842, "y": 389}, {"x": 842, "y": 379}, {"x": 832, "y": 379}], [{"x": 832, "y": 411}, {"x": 842, "y": 411}, {"x": 842, "y": 401}, {"x": 832, "y": 401}], [{"x": 832, "y": 433}, {"x": 842, "y": 433}, {"x": 842, "y": 423}, {"x": 832, "y": 423}], [{"x": 832, "y": 477}, {"x": 842, "y": 477}, {"x": 842, "y": 467}, {"x": 832, "y": 467}], [{"x": 832, "y": 499}, {"x": 842, "y": 499}, {"x": 842, "y": 489}, {"x": 832, "y": 489}], [{"x": 832, "y": 521}, {"x": 842, "y": 521}, {"x": 842, "y": 511}, {"x": 832, "y": 511}], [{"x": 832, "y": 543}, {"x": 842, "y": 543}, {"x": 842, "y": 533}, {"x": 832, "y": 533}], [{"x": 832, "y": 609}, {"x": 842, "y": 609}, {"x": 842, "y": 599}, {"x": 832, "y": 599}], [{"x": 832, "y": 631}, {"x": 842, "y": 631}, {"x": 842, "y": 621}, {"x": 832, "y": 621}], [{"x": 832, "y": 653}, {"x": 842, "y": 653}, {"x": 842, "y": 643}, {"x": 832, "y": 643}], [{"x": 832, "y": 675}, {"x": 842, "y": 675}, {"x": 842, "y": 665}, {"x": 832, "y": 665}], [{"x": 832, "y": 697}, {"x": 842, "y": 697}, {"x": 842, "y": 687}, {"x": 832, "y": 687}], [{"x": 832, "y": 719}, {"x": 842, "y": 719}, {"x": 842, "y": 709}, {"x": 832, "y": 709}], [{"x": 832, "y": 785}, {"x": 842, "y": 785}, {"x": 842, "y": 775}, {"x": 832, "y": 775}], [{"x": 832, "y": 807}, {"x": 842, "y": 807}, {"x": 842, "y": 797}, {"x": 832, "y": 797}], [{"x": 832, "y": 829}, {"x": 842, "y": 829}, {"x": 842, "y": 819}, {"x": 832, "y": 819}], [{"x": 828, "y": 851}, {"x": 842, "y": 851}, {"x": 842, "y": 841}, {"x": 832, "y": 841}], [{"x": 832, "y": 873}, {"x": 842, "y": 873}, {"x": 842, "y": 863}, {"x": 832, "y": 863}], [{"x": 854, "y": 191}, {"x": 864, "y": 191}, {"x": 864, "y": 181}, {"x": 854, "y": 181}], [{"x": 854, "y": 235}, {"x": 864, "y": 235}, {"x": 864, "y": 225}, {"x": 854, "y": 225}], [{"x": 854, "y": 257}, {"x": 864, "y": 257}, {"x": 864, "y": 247}, {"x": 854, "y": 247}], [{"x": 854, "y": 279}, {"x": 864, "y": 279}, {"x": 864, "y": 269}, {"x": 854, "y": 269}], [{"x": 854, "y": 301}, {"x": 864, "y": 301}, {"x": 864, "y": 291}, {"x": 854, "y": 291}], [{"x": 854, "y": 323}, {"x": 864, "y": 323}, {"x": 864, "y": 313}, {"x": 854, "y": 313}], [{"x": 854, "y": 345}, {"x": 864, "y": 345}, {"x": 864, "y": 335}, {"x": 854, "y": 335}], [{"x": 854, "y": 367}, {"x": 864, "y": 369}, {"x": 864, "y": 357}, {"x": 854, "y": 357}], [{"x": 854, "y": 389}, {"x": 864, "y": 389}, {"x": 864, "y": 379}, {"x": 854, "y": 379}], [{"x": 854, "y": 411}, {"x": 864, "y": 411}, {"x": 864, "y": 399}, {"x": 854, "y": 401}], [{"x": 850, "y": 433}, {"x": 864, "y": 433}, {"x": 864, "y": 423}, {"x": 854, "y": 423}], [{"x": 854, "y": 499}, {"x": 864, "y": 499}, {"x": 864, "y": 489}, {"x": 854, "y": 489}], [{"x": 854, "y": 521}, {"x": 864, "y": 521}, {"x": 864, "y": 511}, {"x": 854, "y": 511}], [{"x": 854, "y": 543}, {"x": 864, "y": 543}, {"x": 864, "y": 533}, {"x": 854, "y": 533}], [{"x": 854, "y": 587}, {"x": 864, "y": 587}, {"x": 864, "y": 577}, {"x": 854, "y": 577}], [{"x": 854, "y": 631}, {"x": 864, "y": 631}, {"x": 864, "y": 621}, {"x": 854, "y": 621}], [{"x": 854, "y": 653}, {"x": 864, "y": 653}, {"x": 864, "y": 643}, {"x": 854, "y": 643}], [{"x": 854, "y": 675}, {"x": 864, "y": 675}, {"x": 864, "y": 665}, {"x": 854, "y": 663}], [{"x": 854, "y": 697}, {"x": 864, "y": 697}, {"x": 864, "y": 687}, {"x": 854, "y": 687}], [{"x": 854, "y": 785}, {"x": 864, "y": 785}, {"x": 864, "y": 775}, {"x": 854, "y": 772}], [{"x": 854, "y": 873}, {"x": 864, "y": 873}, {"x": 864, "y": 863}, {"x": 854, "y": 863}], [{"x": 854, "y": 895}, {"x": 864, "y": 895}, {"x": 864, "y": 885}, {"x": 854, "y": 885}], [{"x": 876, "y": 411}, {"x": 886, "y": 411}, {"x": 886, "y": 401}, {"x": 876, "y": 401}], [{"x": 876, "y": 433}, {"x": 886, "y": 433}, {"x": 886, "y": 423}, {"x": 876, "y": 423}], [{"x": 876, "y": 455}, {"x": 886, "y": 455}, {"x": 886, "y": 445}, {"x": 876, "y": 445}], [{"x": 876, "y": 477}, {"x": 886, "y": 477}, {"x": 886, "y": 467}, {"x": 876, "y": 467}], [{"x": 876, "y": 521}, {"x": 886, "y": 521}, {"x": 886, "y": 511}, {"x": 876, "y": 511}], [{"x": 876, "y": 543}, {"x": 886, "y": 543}, {"x": 886, "y": 533}, {"x": 876, "y": 533}], [{"x": 876, "y": 565}, {"x": 886, "y": 565}, {"x": 886, "y": 555}, {"x": 876, "y": 555}], [{"x": 876, "y": 587}, {"x": 886, "y": 587}, {"x": 886, "y": 577}, {"x": 876, "y": 577}], [{"x": 876, "y": 609}, {"x": 886, "y": 609}, {"x": 886, "y": 599}, {"x": 876, "y": 599}], [{"x": 876, "y": 631}, {"x": 886, "y": 631}, {"x": 886, "y": 621}, {"x": 876, "y": 621}], [{"x": 876, "y": 653}, {"x": 886, "y": 653}, {"x": 886, "y": 643}, {"x": 876, "y": 640}], [{"x": 876, "y": 675}, {"x": 886, "y": 675}, {"x": 886, "y": 665}, {"x": 876, "y": 665}], [{"x": 876, "y": 697}, {"x": 886, "y": 697}, {"x": 886, "y": 687}, {"x": 876, "y": 687}], [{"x": 876, "y": 719}, {"x": 886, "y": 719}, {"x": 886, "y": 709}, {"x": 876, "y": 709}], [{"x": 872, "y": 763}, {"x": 886, "y": 763}, {"x": 886, "y": 753}, {"x": 876, "y": 753}], [{"x": 876, "y": 807}, {"x": 886, "y": 807}, {"x": 886, "y": 797}, {"x": 876, "y": 797}], [{"x": 876, "y": 829}, {"x": 886, "y": 829}, {"x": 886, "y": 819}, {"x": 876, "y": 819}], [{"x": 876, "y": 851}, {"x": 886, "y": 851}, {"x": 886, "y": 841}, {"x": 876, "y": 841}], [{"x": 876, "y": 895}, {"x": 886, "y": 895}, {"x": 886, "y": 885}, {"x": 876, "y": 885}], [{"x": 876, "y": 917}, {"x": 886, "y": 917}, {"x": 886, "y": 907}, {"x": 876, "y": 907}], [{"x": 898, "y": 763}, {"x": 908, "y": 763}, {"x": 908, "y": 753}, {"x": 898, "y": 753}], [{"x": 898, "y": 807}, {"x": 908, "y": 807}, {"x": 908, "y": 797}, {"x": 898, "y": 797}], [{"x": 898, "y": 873}, {"x": 908, "y": 873}, {"x": 908, "y": 863}, {"x": 898, "y": 863}], [{"x": 898, "y": 917}, {"x": 908, "y": 920}, {"x": 908, "y": 907}, {"x": 898, "y": 907}]]}