{"type": "CGSHOP2023_Instance", "name": "maze_124_50_025_01", "n": 100, "outer_boundary": [{"x": 30, "y": 38}, {"x": 100, "y": 34}, {"x": 198, "y": 38}, {"x": 199, "y": 100}, {"x": 178, "y": 198}, {"x": 100, "y": 168}, {"x": 39, "y": 192}, {"x": 24, "y": 100}], "holes": [[{"x": 52, "y": 72}, {"x": 62, "y": 72}, {"x": 62, "y": 62}, {"x": 52, "y": 62}], [{"x": 52, "y": 116}, {"x": 62, "y": 116}, {"x": 62, "y": 106}, {"x": 52, "y": 106}], [{"x": 74, "y": 72}, {"x": 84, "y": 72}, {"x": 84, "y": 61}, {"x": 72, "y": 62}], [{"x": 74, "y": 94}, {"x": 84, "y": 97}, {"x": 88, "y": 84}, {"x": 74, "y": 84}], [{"x": 74, "y": 116}, {"x": 84, "y": 116}, {"x": 84, "y": 106}, {"x": 74, "y": 106}], [{"x": 74, "y": 160}, {"x": 84, "y": 160}, {"x": 84, "y": 150}, {"x": 74, "y": 150}], [{"x": 96, "y": 72}, {"x": 106, "y": 72}, {"x": 106, "y": 62}, {"x": 96, "y": 62}], [{"x": 96, "y": 94}, {"x": 106, "y": 94}, {"x": 106, "y": 84}, {"x": 96, "y": 84}], [{"x": 96, "y": 116}, {"x": 106, "y": 116}, {"x": 106, "y": 106}, {"x": 94, "y": 102}], [{"x": 96, "y": 160}, {"x": 106, "y": 160}, {"x": 109, "y": 150}, {"x": 96, "y": 150}], [{"x": 118, "y": 75}, {"x": 128, "y": 72}, {"x": 128, "y": 62}, {"x": 114, "y": 62}], [{"x": 118, "y": 94}, {"x": 128, "y": 94}, {"x": 128, "y": 82}, {"x": 118, "y": 84}], [{"x": 118, "y": 138}, {"x": 128, "y": 138}, {"x": 132, "y": 125}, {"x": 118, "y": 128}], [{"x": 116, "y": 163}, {"x": 128, "y": 160}, {"x": 132, "y": 150}, {"x": 118, "y": 150}], [{"x": 140, "y": 94}, {"x": 150, "y": 94}, {"x": 150, "y": 84}, {"x": 140, "y": 84}], [{"x": 140, "y": 138}, {"x": 154, "y": 138}, {"x": 150, "y": 128}, {"x": 140, "y": 128}], [{"x": 138, "y": 160}, {"x": 152, "y": 160}, {"x": 150, "y": 150}, {"x": 140, "y": 150}], [{"x": 162, "y": 72}, {"x": 172, "y": 72}, {"x": 172, "y": 62}, {"x": 162, "y": 62}], [{"x": 162, "y": 94}, {"x": 172, "y": 94}, {"x": 172, "y": 84}, {"x": 162, "y": 84}], [{"x": 162, "y": 116}, {"x": 174, "y": 116}, {"x": 172, "y": 106}, {"x": 162, "y": 106}], [{"x": 162, "y": 138}, {"x": 172, "y": 138}, {"x": 172, "y": 126}, {"x": 162, "y": 128}], [{"x": 162, "y": 160}, {"x": 172, "y": 163}, {"x": 172, "y": 150}, {"x": 162, "y": 150}], [{"x": 160, "y": 182}, {"x": 172, "y": 182}, {"x": 172, "y": 172}, {"x": 162, "y": 172}]]}