{"type": "CGSHOP2023_Instance", "name": "maze_109_50_025_00", "n": 88, "outer_boundary": [{"x": 29, "y": 23}, {"x": 100, "y": 22}, {"x": 170, "y": 28}, {"x": 171, "y": 100}, {"x": 171, "y": 181}, {"x": 100, "y": 156}, {"x": 34, "y": 188}, {"x": 48, "y": 100}], "holes": [[{"x": 57, "y": 60}, {"x": 67, "y": 60}, {"x": 67, "y": 50}, {"x": 57, "y": 50}], [{"x": 57, "y": 82}, {"x": 67, "y": 82}, {"x": 67, "y": 72}, {"x": 57, "y": 72}], [{"x": 57, "y": 104}, {"x": 67, "y": 104}, {"x": 67, "y": 94}, {"x": 57, "y": 94}], [{"x": 57, "y": 126}, {"x": 67, "y": 126}, {"x": 67, "y": 116}, {"x": 57, "y": 116}], [{"x": 57, "y": 148}, {"x": 67, "y": 148}, {"x": 67, "y": 138}, {"x": 57, "y": 138}], [{"x": 79, "y": 60}, {"x": 89, "y": 60}, {"x": 89, "y": 50}, {"x": 79, "y": 50}], [{"x": 79, "y": 104}, {"x": 89, "y": 104}, {"x": 89, "y": 94}, {"x": 79, "y": 94}], [{"x": 79, "y": 126}, {"x": 89, "y": 126}, {"x": 89, "y": 116}, {"x": 79, "y": 116}], [{"x": 79, "y": 148}, {"x": 89, "y": 148}, {"x": 89, "y": 138}, {"x": 79, "y": 138}], [{"x": 101, "y": 82}, {"x": 111, "y": 82}, {"x": 111, "y": 72}, {"x": 101, "y": 72}], [{"x": 101, "y": 126}, {"x": 111, "y": 126}, {"x": 111, "y": 116}, {"x": 101, "y": 116}], [{"x": 101, "y": 148}, {"x": 111, "y": 148}, {"x": 111, "y": 138}, {"x": 101, "y": 138}], [{"x": 123, "y": 82}, {"x": 133, "y": 82}, {"x": 133, "y": 72}, {"x": 123, "y": 72}], [{"x": 123, "y": 104}, {"x": 133, "y": 104}, {"x": 133, "y": 94}, {"x": 123, "y": 94}], [{"x": 123, "y": 126}, {"x": 133, "y": 126}, {"x": 133, "y": 116}, {"x": 123, "y": 116}], [{"x": 145, "y": 60}, {"x": 155, "y": 60}, {"x": 155, "y": 50}, {"x": 145, "y": 50}], [{"x": 145, "y": 82}, {"x": 155, "y": 82}, {"x": 155, "y": 72}, {"x": 145, "y": 72}], [{"x": 145, "y": 104}, {"x": 155, "y": 104}, {"x": 155, "y": 94}, {"x": 145, "y": 94}], [{"x": 145, "y": 126}, {"x": 155, "y": 126}, {"x": 155, "y": 116}, {"x": 145, "y": 116}], [{"x": 145, "y": 148}, {"x": 155, "y": 148}, {"x": 155, "y": 138}, {"x": 145, "y": 138}]]}