{"type": "CGSHOP2023_Instance", "name": "maze_79_50_05_005", "n": 64, "outer_boundary": [{"x": 47, "y": 2}, {"x": 100, "y": 31}, {"x": 172, "y": 10}, {"x": 187, "y": 100}, {"x": 166, "y": 181}, {"x": 100, "y": 184}, {"x": 49, "y": 167}, {"x": 18, "y": 100}], "holes": [[{"x": 68, "y": 40}, {"x": 81, "y": 40}, {"x": 78, "y": 30}, {"x": 68, "y": 30}], [{"x": 68, "y": 62}, {"x": 78, "y": 62}, {"x": 78, "y": 52}, {"x": 68, "y": 52}], [{"x": 68, "y": 107}, {"x": 78, "y": 106}, {"x": 78, "y": 96}, {"x": 68, "y": 96}], [{"x": 90, "y": 84}, {"x": 100, "y": 84}, {"x": 100, "y": 74}, {"x": 90, "y": 74}], [{"x": 90, "y": 106}, {"x": 101, "y": 106}, {"x": 100, "y": 96}, {"x": 90, "y": 96}], [{"x": 90, "y": 172}, {"x": 100, "y": 172}, {"x": 100, "y": 162}, {"x": 90, "y": 162}], [{"x": 112, "y": 106}, {"x": 122, "y": 106}, {"x": 122, "y": 96}, {"x": 112, "y": 96}], [{"x": 112, "y": 128}, {"x": 122, "y": 128}, {"x": 122, "y": 118}, {"x": 112, "y": 118}], [{"x": 134, "y": 62}, {"x": 144, "y": 62}, {"x": 144, "y": 52}, {"x": 131, "y": 52}], [{"x": 134, "y": 106}, {"x": 144, "y": 106}, {"x": 144, "y": 96}, {"x": 134, "y": 96}], [{"x": 134, "y": 128}, {"x": 144, "y": 128}, {"x": 144, "y": 118}, {"x": 134, "y": 118}], [{"x": 134, "y": 152}, {"x": 144, "y": 150}, {"x": 144, "y": 140}, {"x": 134, "y": 140}], [{"x": 156, "y": 62}, {"x": 166, "y": 62}, {"x": 166, "y": 52}, {"x": 156, "y": 52}], [{"x": 156, "y": 128}, {"x": 169, "y": 128}, {"x": 166, "y": 118}, {"x": 156, "y": 118}]]}