{"type": "CGSHOP2023_Instance", "name": "maze_164_50_001_01", "n": 132, "outer_boundary": [{"x": 23, "y": 26}, {"x": 100, "y": 20}, {"x": 163, "y": 20}, {"x": 191, "y": 100}, {"x": 162, "y": 185}, {"x": 100, "y": 186}, {"x": 48, "y": 170}, {"x": 46, "y": 100}], "holes": [[{"x": 51, "y": 58}, {"x": 61, "y": 58}, {"x": 61, "y": 47}, {"x": 51, "y": 45}], [{"x": 51, "y": 80}, {"x": 61, "y": 80}, {"x": 61, "y": 70}, {"x": 51, "y": 70}], [{"x": 73, "y": 61}, {"x": 83, "y": 58}, {"x": 83, "y": 48}, {"x": 73, "y": 48}], [{"x": 73, "y": 80}, {"x": 83, "y": 80}, {"x": 83, "y": 70}, {"x": 73, "y": 70}], [{"x": 73, "y": 106}, {"x": 83, "y": 102}, {"x": 83, "y": 92}, {"x": 73, "y": 92}], [{"x": 73, "y": 124}, {"x": 83, "y": 124}, {"x": 83, "y": 114}, {"x": 73, "y": 114}], [{"x": 73, "y": 149}, {"x": 83, "y": 146}, {"x": 83, "y": 136}, {"x": 73, "y": 136}], [{"x": 73, "y": 168}, {"x": 83, "y": 168}, {"x": 83, "y": 158}, {"x": 73, "y": 158}], [{"x": 95, "y": 58}, {"x": 105, "y": 58}, {"x": 105, "y": 48}, {"x": 91, "y": 48}], [{"x": 95, "y": 83}, {"x": 105, "y": 80}, {"x": 105, "y": 70}, {"x": 95, "y": 70}], [{"x": 95, "y": 102}, {"x": 105, "y": 102}, {"x": 105, "y": 92}, {"x": 95, "y": 92}], [{"x": 95, "y": 124}, {"x": 105, "y": 124}, {"x": 105, "y": 114}, {"x": 95, "y": 114}], [{"x": 95, "y": 146}, {"x": 105, "y": 146}, {"x": 105, "y": 136}, {"x": 95, "y": 136}], [{"x": 95, "y": 168}, {"x": 105, "y": 168}, {"x": 105, "y": 158}, {"x": 95, "y": 158}], [{"x": 117, "y": 36}, {"x": 127, "y": 36}, {"x": 130, "y": 24}, {"x": 117, "y": 26}], [{"x": 117, "y": 58}, {"x": 127, "y": 58}, {"x": 127, "y": 48}, {"x": 117, "y": 48}], [{"x": 117, "y": 80}, {"x": 127, "y": 80}, {"x": 127, "y": 70}, {"x": 117, "y": 70}], [{"x": 117, "y": 106}, {"x": 129, "y": 102}, {"x": 127, "y": 92}, {"x": 117, "y": 88}], [{"x": 117, "y": 124}, {"x": 129, "y": 128}, {"x": 127, "y": 114}, {"x": 117, "y": 114}], [{"x": 117, "y": 146}, {"x": 127, "y": 146}, {"x": 127, "y": 136}, {"x": 117, "y": 136}], [{"x": 117, "y": 168}, {"x": 127, "y": 168}, {"x": 127, "y": 158}, {"x": 114, "y": 158}], [{"x": 139, "y": 36}, {"x": 149, "y": 36}, {"x": 152, "y": 26}, {"x": 139, "y": 26}], [{"x": 139, "y": 58}, {"x": 153, "y": 58}, {"x": 149, "y": 48}, {"x": 139, "y": 48}], [{"x": 139, "y": 80}, {"x": 149, "y": 80}, {"x": 149, "y": 70}, {"x": 139, "y": 70}], [{"x": 139, "y": 102}, {"x": 149, "y": 104}, {"x": 149, "y": 92}, {"x": 139, "y": 92}], [{"x": 135, "y": 124}, {"x": 149, "y": 124}, {"x": 149, "y": 114}, {"x": 136, "y": 114}], [{"x": 139, "y": 149}, {"x": 149, "y": 146}, {"x": 149, "y": 136}, {"x": 139, "y": 136}], [{"x": 139, "y": 168}, {"x": 149, "y": 168}, {"x": 149, "y": 158}, {"x": 139, "y": 155}], [{"x": 161, "y": 80}, {"x": 171, "y": 80}, {"x": 171, "y": 70}, {"x": 161, "y": 70}], [{"x": 161, "y": 102}, {"x": 171, "y": 102}, {"x": 171, "y": 88}, {"x": 161, "y": 92}], [{"x": 161, "y": 124}, {"x": 171, "y": 124}, {"x": 171, "y": 114}, {"x": 158, "y": 114}]]}