{"type": "CGSHOP2023_Instance", "name": "maze_5244_250_001_001", "n": 4196, "outer_boundary": [{"x": 24, "y": 247}, {"x": 500, "y": 124}, {"x": 919, "y": 136}, {"x": 965, "y": 500}, {"x": 755, "y": 884}, {"x": 500, "y": 786}, {"x": 9, "y": 963}, {"x": 196, "y": 500}], "holes": [[{"x": 37, "y": 932}, {"x": 47, "y": 932}, {"x": 47, "y": 922}, {"x": 37, "y": 922}], [{"x": 59, "y": 272}, {"x": 69, "y": 272}, {"x": 69, "y": 262}, {"x": 59, "y": 262}], [{"x": 55, "y": 888}, {"x": 69, "y": 888}, {"x": 69, "y": 878}, {"x": 59, "y": 878}], [{"x": 59, "y": 910}, {"x": 69, "y": 910}, {"x": 69, "y": 900}, {"x": 59, "y": 900}], [{"x": 59, "y": 932}, {"x": 69, "y": 932}, {"x": 69, "y": 922}, {"x": 59, "y": 922}], [{"x": 81, "y": 250}, {"x": 91, "y": 250}, {"x": 91, "y": 240}, {"x": 81, "y": 240}], [{"x": 81, "y": 272}, {"x": 91, "y": 272}, {"x": 91, "y": 262}, {"x": 81, "y": 262}], [{"x": 81, "y": 294}, {"x": 91, "y": 294}, {"x": 91, "y": 284}, {"x": 81, "y": 284}], [{"x": 81, "y": 316}, {"x": 91, "y": 316}, {"x": 91, "y": 306}, {"x": 81, "y": 306}], [{"x": 81, "y": 822}, {"x": 91, "y": 822}, {"x": 91, "y": 812}, {"x": 81, "y": 812}], [{"x": 81, "y": 844}, {"x": 91, "y": 844}, {"x": 91, "y": 834}, {"x": 81, "y": 834}], [{"x": 81, "y": 866}, {"x": 91, "y": 866}, {"x": 91, "y": 856}, {"x": 81, "y": 856}], [{"x": 81, "y": 888}, {"x": 91, "y": 888}, {"x": 91, "y": 878}, {"x": 81, "y": 878}], [{"x": 81, "y": 910}, {"x": 91, "y": 910}, {"x": 94, "y": 900}, {"x": 81, "y": 900}], [{"x": 103, "y": 250}, {"x": 113, "y": 250}, {"x": 113, "y": 240}, {"x": 103, "y": 240}], [{"x": 103, "y": 272}, {"x": 113, "y": 272}, {"x": 113, "y": 262}, {"x": 103, "y": 262}], [{"x": 103, "y": 294}, {"x": 113, "y": 294}, {"x": 113, "y": 284}, {"x": 103, "y": 284}], [{"x": 103, "y": 316}, {"x": 113, "y": 316}, {"x": 113, "y": 306}, {"x": 103, "y": 306}], [{"x": 103, "y": 338}, {"x": 113, "y": 338}, {"x": 113, "y": 328}, {"x": 103, "y": 328}], [{"x": 103, "y": 778}, {"x": 113, "y": 778}, {"x": 113, "y": 768}, {"x": 103, "y": 768}], [{"x": 103, "y": 800}, {"x": 113, "y": 800}, {"x": 113, "y": 790}, {"x": 103, "y": 790}], [{"x": 103, "y": 822}, {"x": 113, "y": 822}, {"x": 113, "y": 812}, {"x": 103, "y": 812}], [{"x": 103, "y": 844}, {"x": 113, "y": 844}, {"x": 113, "y": 834}, {"x": 103, "y": 834}], [{"x": 103, "y": 866}, {"x": 113, "y": 866}, {"x": 113, "y": 856}, {"x": 103, "y": 856}], [{"x": 103, "y": 888}, {"x": 113, "y": 888}, {"x": 113, "y": 878}, {"x": 103, "y": 878}], [{"x": 103, "y": 910}, {"x": 113, "y": 910}, {"x": 113, "y": 900}, {"x": 103, "y": 900}], [{"x": 125, "y": 250}, {"x": 135, "y": 250}, {"x": 135, "y": 240}, {"x": 125, "y": 240}], [{"x": 125, "y": 272}, {"x": 135, "y": 272}, {"x": 135, "y": 262}, {"x": 125, "y": 262}], [{"x": 125, "y": 294}, {"x": 135, "y": 294}, {"x": 135, "y": 284}, {"x": 125, "y": 284}], [{"x": 125, "y": 316}, {"x": 135, "y": 316}, {"x": 135, "y": 303}, {"x": 125, "y": 306}], [{"x": 125, "y": 338}, {"x": 135, "y": 338}, {"x": 135, "y": 328}, {"x": 125, "y": 328}], [{"x": 125, "y": 360}, {"x": 135, "y": 360}, {"x": 135, "y": 350}, {"x": 125, "y": 350}], [{"x": 125, "y": 712}, {"x": 135, "y": 712}, {"x": 135, "y": 702}, {"x": 125, "y": 702}], [{"x": 125, "y": 734}, {"x": 135, "y": 734}, {"x": 135, "y": 724}, {"x": 125, "y": 724}], [{"x": 125, "y": 756}, {"x": 135, "y": 756}, {"x": 135, "y": 746}, {"x": 125, "y": 742}], [{"x": 125, "y": 778}, {"x": 135, "y": 778}, {"x": 135, "y": 768}, {"x": 125, "y": 768}], [{"x": 125, "y": 800}, {"x": 135, "y": 800}, {"x": 135, "y": 790}, {"x": 125, "y": 790}], [{"x": 125, "y": 822}, {"x": 135, "y": 822}, {"x": 135, "y": 811}, {"x": 125, "y": 812}], [{"x": 125, "y": 844}, {"x": 135, "y": 844}, {"x": 135, "y": 834}, {"x": 125, "y": 834}], [{"x": 125, "y": 866}, {"x": 135, "y": 866}, {"x": 135, "y": 856}, {"x": 125, "y": 856}], [{"x": 125, "y": 888}, {"x": 135, "y": 888}, {"x": 135, "y": 878}, {"x": 125, "y": 878}], [{"x": 147, "y": 250}, {"x": 157, "y": 250}, {"x": 157, "y": 240}, {"x": 147, "y": 240}], [{"x": 147, "y": 274}, {"x": 157, "y": 272}, {"x": 157, "y": 262}, {"x": 147, "y": 262}], [{"x": 147, "y": 294}, {"x": 157, "y": 294}, {"x": 157, "y": 284}, {"x": 147, "y": 284}], [{"x": 147, "y": 316}, {"x": 157, "y": 316}, {"x": 157, "y": 306}, {"x": 147, "y": 306}], [{"x": 147, "y": 338}, {"x": 157, "y": 338}, {"x": 157, "y": 328}, {"x": 147, "y": 328}], [{"x": 147, "y": 360}, {"x": 157, "y": 360}, {"x": 157, "y": 350}, {"x": 147, "y": 350}], [{"x": 147, "y": 382}, {"x": 157, "y": 382}, {"x": 157, "y": 372}, {"x": 147, "y": 372}], [{"x": 147, "y": 404}, {"x": 157, "y": 404}, {"x": 157, "y": 394}, {"x": 147, "y": 394}], [{"x": 147, "y": 668}, {"x": 157, "y": 668}, {"x": 157, "y": 658}, {"x": 147, "y": 658}], [{"x": 147, "y": 690}, {"x": 157, "y": 690}, {"x": 157, "y": 680}, {"x": 147, "y": 680}], [{"x": 147, "y": 712}, {"x": 157, "y": 712}, {"x": 157, "y": 702}, {"x": 147, "y": 702}], [{"x": 147, "y": 734}, {"x": 157, "y": 734}, {"x": 157, "y": 724}, {"x": 147, "y": 724}], [{"x": 147, "y": 756}, {"x": 157, "y": 756}, {"x": 157, "y": 746}, {"x": 147, "y": 746}], [{"x": 147, "y": 778}, {"x": 157, "y": 778}, {"x": 157, "y": 768}, {"x": 147, "y": 768}], [{"x": 147, "y": 800}, {"x": 157, "y": 800}, {"x": 157, "y": 790}, {"x": 147, "y": 790}], [{"x": 147, "y": 822}, {"x": 157, "y": 822}, {"x": 157, "y": 812}, {"x": 147, "y": 812}], [{"x": 147, "y": 844}, {"x": 157, "y": 844}, {"x": 157, "y": 834}, {"x": 147, "y": 834}], [{"x": 147, "y": 866}, {"x": 157, "y": 866}, {"x": 157, "y": 856}, {"x": 147, "y": 856}], [{"x": 147, "y": 888}, {"x": 157, "y": 888}, {"x": 157, "y": 878}, {"x": 147, "y": 878}], [{"x": 169, "y": 228}, {"x": 179, "y": 228}, {"x": 179, "y": 218}, {"x": 169, "y": 218}], [{"x": 169, "y": 250}, {"x": 179, "y": 250}, {"x": 179, "y": 240}, {"x": 169, "y": 240}], [{"x": 169, "y": 272}, {"x": 179, "y": 272}, {"x": 179, "y": 262}, {"x": 169, "y": 262}], [{"x": 169, "y": 294}, {"x": 179, "y": 294}, {"x": 179, "y": 284}, {"x": 169, "y": 284}], [{"x": 169, "y": 316}, {"x": 179, "y": 316}, {"x": 179, "y": 306}, {"x": 169, "y": 306}], [{"x": 169, "y": 338}, {"x": 179, "y": 338}, {"x": 179, "y": 328}, {"x": 169, "y": 328}], [{"x": 169, "y": 360}, {"x": 179, "y": 360}, {"x": 179, "y": 350}, {"x": 169, "y": 350}], [{"x": 169, "y": 382}, {"x": 179, "y": 382}, {"x": 179, "y": 372}, {"x": 169, "y": 372}], [{"x": 169, "y": 404}, {"x": 179, "y": 404}, {"x": 179, "y": 394}, {"x": 169, "y": 394}], [{"x": 169, "y": 426}, {"x": 179, "y": 426}, {"x": 179, "y": 416}, {"x": 169, "y": 416}], [{"x": 169, "y": 602}, {"x": 179, "y": 602}, {"x": 179, "y": 592}, {"x": 169, "y": 592}], [{"x": 169, "y": 624}, {"x": 179, "y": 624}, {"x": 179, "y": 614}, {"x": 169, "y": 614}], [{"x": 169, "y": 646}, {"x": 179, "y": 646}, {"x": 179, "y": 636}, {"x": 169, "y": 636}], [{"x": 169, "y": 668}, {"x": 179, "y": 668}, {"x": 179, "y": 658}, {"x": 169, "y": 658}], [{"x": 169, "y": 690}, {"x": 179, "y": 690}, {"x": 179, "y": 680}, {"x": 169, "y": 680}], [{"x": 169, "y": 712}, {"x": 179, "y": 712}, {"x": 179, "y": 702}, {"x": 169, "y": 702}], [{"x": 169, "y": 734}, {"x": 179, "y": 734}, {"x": 179, "y": 724}, {"x": 169, "y": 724}], [{"x": 169, "y": 756}, {"x": 179, "y": 756}, {"x": 179, "y": 746}, {"x": 169, "y": 746}], [{"x": 169, "y": 778}, {"x": 179, "y": 778}, {"x": 179, "y": 768}, {"x": 169, "y": 768}], [{"x": 169, "y": 800}, {"x": 179, "y": 800}, {"x": 179, "y": 790}, {"x": 169, "y": 790}], [{"x": 169, "y": 844}, {"x": 179, "y": 844}, {"x": 179, "y": 834}, {"x": 169, "y": 834}], [{"x": 169, "y": 888}, {"x": 179, "y": 888}, {"x": 179, "y": 878}, {"x": 169, "y": 878}], [{"x": 191, "y": 228}, {"x": 201, "y": 228}, {"x": 201, "y": 218}, {"x": 191, "y": 218}], [{"x": 191, "y": 250}, {"x": 201, "y": 250}, {"x": 201, "y": 240}, {"x": 191, "y": 240}], [{"x": 191, "y": 272}, {"x": 201, "y": 272}, {"x": 201, "y": 262}, {"x": 191, "y": 262}], [{"x": 191, "y": 294}, {"x": 201, "y": 294}, {"x": 201, "y": 284}, {"x": 191, "y": 284}], [{"x": 191, "y": 316}, {"x": 201, "y": 316}, {"x": 201, "y": 306}, {"x": 191, "y": 306}], [{"x": 191, "y": 338}, {"x": 201, "y": 338}, {"x": 201, "y": 328}, {"x": 191, "y": 328}], [{"x": 191, "y": 360}, {"x": 201, "y": 360}, {"x": 201, "y": 350}, {"x": 191, "y": 350}], [{"x": 191, "y": 382}, {"x": 201, "y": 382}, {"x": 201, "y": 372}, {"x": 191, "y": 372}], [{"x": 191, "y": 404}, {"x": 201, "y": 404}, {"x": 201, "y": 394}, {"x": 191, "y": 394}], [{"x": 191, "y": 426}, {"x": 201, "y": 426}, {"x": 201, "y": 416}, {"x": 191, "y": 416}], [{"x": 191, "y": 448}, {"x": 201, "y": 448}, {"x": 201, "y": 438}, {"x": 191, "y": 435}], [{"x": 191, "y": 470}, {"x": 201, "y": 470}, {"x": 201, "y": 460}, {"x": 191, "y": 460}], [{"x": 191, "y": 558}, {"x": 201, "y": 558}, {"x": 201, "y": 548}, {"x": 191, "y": 548}], [{"x": 191, "y": 580}, {"x": 201, "y": 580}, {"x": 201, "y": 570}, {"x": 191, "y": 570}], [{"x": 191, "y": 602}, {"x": 201, "y": 602}, {"x": 201, "y": 591}, {"x": 191, "y": 592}], [{"x": 191, "y": 624}, {"x": 201, "y": 624}, {"x": 201, "y": 614}, {"x": 191, "y": 614}], [{"x": 191, "y": 646}, {"x": 201, "y": 646}, {"x": 201, "y": 636}, {"x": 191, "y": 636}], [{"x": 191, "y": 668}, {"x": 201, "y": 668}, {"x": 201, "y": 658}, {"x": 191, "y": 658}], [{"x": 191, "y": 690}, {"x": 201, "y": 690}, {"x": 201, "y": 680}, {"x": 191, "y": 680}], [{"x": 191, "y": 712}, {"x": 201, "y": 712}, {"x": 201, "y": 702}, {"x": 191, "y": 702}], [{"x": 191, "y": 734}, {"x": 201, "y": 734}, {"x": 201, "y": 724}, {"x": 191, "y": 724}], [{"x": 191, "y": 756}, {"x": 201, "y": 756}, {"x": 201, "y": 746}, {"x": 191, "y": 746}], [{"x": 191, "y": 778}, {"x": 201, "y": 778}, {"x": 201, "y": 768}, {"x": 191, "y": 768}], [{"x": 191, "y": 800}, {"x": 201, "y": 800}, {"x": 201, "y": 790}, {"x": 191, "y": 790}], [{"x": 191, "y": 822}, {"x": 201, "y": 822}, {"x": 201, "y": 812}, {"x": 191, "y": 812}], [{"x": 191, "y": 844}, {"x": 201, "y": 844}, {"x": 201, "y": 834}, {"x": 191, "y": 834}], [{"x": 191, "y": 866}, {"x": 201, "y": 866}, {"x": 201, "y": 856}, {"x": 191, "y": 856}], [{"x": 213, "y": 228}, {"x": 223, "y": 228}, {"x": 223, "y": 218}, {"x": 213, "y": 218}], [{"x": 213, "y": 250}, {"x": 223, "y": 250}, {"x": 223, "y": 240}, {"x": 213, "y": 240}], [{"x": 213, "y": 272}, {"x": 223, "y": 272}, {"x": 223, "y": 262}, {"x": 213, "y": 262}], [{"x": 213, "y": 294}, {"x": 223, "y": 294}, {"x": 223, "y": 284}, {"x": 213, "y": 284}], [{"x": 213, "y": 316}, {"x": 223, "y": 316}, {"x": 223, "y": 306}, {"x": 213, "y": 306}], [{"x": 213, "y": 338}, {"x": 223, "y": 338}, {"x": 223, "y": 328}, {"x": 213, "y": 328}], [{"x": 213, "y": 360}, {"x": 223, "y": 360}, {"x": 223, "y": 350}, {"x": 213, "y": 350}], [{"x": 213, "y": 382}, {"x": 223, "y": 382}, {"x": 223, "y": 372}, {"x": 213, "y": 372}], [{"x": 213, "y": 404}, {"x": 223, "y": 404}, {"x": 223, "y": 394}, {"x": 213, "y": 394}], [{"x": 213, "y": 426}, {"x": 223, "y": 426}, {"x": 223, "y": 416}, {"x": 213, "y": 416}], [{"x": 213, "y": 448}, {"x": 223, "y": 448}, {"x": 223, "y": 438}, {"x": 213, "y": 438}], [{"x": 213, "y": 470}, {"x": 223, "y": 470}, {"x": 223, "y": 460}, {"x": 213, "y": 460}], [{"x": 213, "y": 492}, {"x": 223, "y": 492}, {"x": 223, "y": 482}, {"x": 213, "y": 482}], [{"x": 213, "y": 514}, {"x": 223, "y": 514}, {"x": 223, "y": 504}, {"x": 213, "y": 504}], [{"x": 213, "y": 536}, {"x": 223, "y": 536}, {"x": 223, "y": 526}, {"x": 213, "y": 526}], [{"x": 213, "y": 560}, {"x": 223, "y": 558}, {"x": 227, "y": 548}, {"x": 213, "y": 548}], [{"x": 213, "y": 580}, {"x": 223, "y": 580}, {"x": 223, "y": 570}, {"x": 213, "y": 570}], [{"x": 213, "y": 602}, {"x": 223, "y": 602}, {"x": 223, "y": 592}, {"x": 213, "y": 592}], [{"x": 213, "y": 624}, {"x": 223, "y": 624}, {"x": 223, "y": 614}, {"x": 213, "y": 614}], [{"x": 213, "y": 646}, {"x": 223, "y": 646}, {"x": 223, "y": 636}, {"x": 213, "y": 636}], [{"x": 213, "y": 668}, {"x": 223, "y": 668}, {"x": 223, "y": 658}, {"x": 213, "y": 658}], [{"x": 213, "y": 690}, {"x": 223, "y": 690}, {"x": 223, "y": 680}, {"x": 213, "y": 680}], [{"x": 213, "y": 712}, {"x": 223, "y": 712}, {"x": 223, "y": 702}, {"x": 213, "y": 702}], [{"x": 213, "y": 734}, {"x": 223, "y": 734}, {"x": 223, "y": 724}, {"x": 213, "y": 724}], [{"x": 213, "y": 756}, {"x": 223, "y": 756}, {"x": 223, "y": 746}, {"x": 213, "y": 746}], [{"x": 213, "y": 778}, {"x": 223, "y": 778}, {"x": 223, "y": 768}, {"x": 213, "y": 768}], [{"x": 213, "y": 800}, {"x": 223, "y": 800}, {"x": 223, "y": 790}, {"x": 213, "y": 790}], [{"x": 213, "y": 822}, {"x": 223, "y": 822}, {"x": 223, "y": 812}, {"x": 213, "y": 812}], [{"x": 213, "y": 844}, {"x": 223, "y": 844}, {"x": 223, "y": 834}, {"x": 213, "y": 834}], [{"x": 213, "y": 866}, {"x": 223, "y": 866}, {"x": 223, "y": 856}, {"x": 213, "y": 856}], [{"x": 235, "y": 228}, {"x": 245, "y": 228}, {"x": 245, "y": 218}, {"x": 235, "y": 218}], [{"x": 235, "y": 250}, {"x": 245, "y": 250}, {"x": 245, "y": 240}, {"x": 235, "y": 240}], [{"x": 235, "y": 272}, {"x": 245, "y": 272}, {"x": 245, "y": 262}, {"x": 235, "y": 262}], [{"x": 235, "y": 294}, {"x": 245, "y": 294}, {"x": 245, "y": 284}, {"x": 235, "y": 284}], [{"x": 235, "y": 316}, {"x": 245, "y": 316}, {"x": 245, "y": 306}, {"x": 235, "y": 306}], [{"x": 235, "y": 338}, {"x": 245, "y": 338}, {"x": 245, "y": 328}, {"x": 235, "y": 328}], [{"x": 235, "y": 360}, {"x": 245, "y": 360}, {"x": 245, "y": 350}, {"x": 235, "y": 350}], [{"x": 235, "y": 382}, {"x": 245, "y": 382}, {"x": 245, "y": 372}, {"x": 235, "y": 372}], [{"x": 235, "y": 404}, {"x": 245, "y": 404}, {"x": 245, "y": 394}, {"x": 235, "y": 394}], [{"x": 235, "y": 426}, {"x": 245, "y": 426}, {"x": 245, "y": 416}, {"x": 235, "y": 416}], [{"x": 235, "y": 448}, {"x": 245, "y": 448}, {"x": 245, "y": 438}, {"x": 235, "y": 438}], [{"x": 235, "y": 470}, {"x": 245, "y": 470}, {"x": 245, "y": 460}, {"x": 235, "y": 460}], [{"x": 235, "y": 492}, {"x": 245, "y": 492}, {"x": 245, "y": 482}, {"x": 235, "y": 482}], [{"x": 235, "y": 515}, {"x": 245, "y": 514}, {"x": 245, "y": 504}, {"x": 235, "y": 504}], [{"x": 235, "y": 536}, {"x": 245, "y": 536}, {"x": 245, "y": 526}, {"x": 235, "y": 526}], [{"x": 235, "y": 558}, {"x": 245, "y": 558}, {"x": 245, "y": 548}, {"x": 235, "y": 548}], [{"x": 235, "y": 580}, {"x": 245, "y": 580}, {"x": 245, "y": 570}, {"x": 235, "y": 570}], [{"x": 235, "y": 602}, {"x": 245, "y": 602}, {"x": 245, "y": 592}, {"x": 235, "y": 592}], [{"x": 235, "y": 646}, {"x": 245, "y": 646}, {"x": 245, "y": 636}, {"x": 235, "y": 636}], [{"x": 235, "y": 668}, {"x": 245, "y": 668}, {"x": 245, "y": 658}, {"x": 235, "y": 658}], [{"x": 235, "y": 690}, {"x": 245, "y": 690}, {"x": 245, "y": 680}, {"x": 235, "y": 680}], [{"x": 235, "y": 712}, {"x": 245, "y": 712}, {"x": 245, "y": 702}, {"x": 235, "y": 702}], [{"x": 235, "y": 734}, {"x": 245, "y": 734}, {"x": 245, "y": 724}, {"x": 235, "y": 724}], [{"x": 235, "y": 756}, {"x": 245, "y": 756}, {"x": 245, "y": 746}, {"x": 235, "y": 746}], [{"x": 235, "y": 778}, {"x": 245, "y": 778}, {"x": 245, "y": 768}, {"x": 235, "y": 768}], [{"x": 235, "y": 800}, {"x": 245, "y": 800}, {"x": 245, "y": 790}, {"x": 235, "y": 790}], [{"x": 235, "y": 822}, {"x": 245, "y": 822}, {"x": 245, "y": 812}, {"x": 235, "y": 812}], [{"x": 235, "y": 844}, {"x": 245, "y": 844}, {"x": 245, "y": 834}, {"x": 235, "y": 834}], [{"x": 235, "y": 866}, {"x": 245, "y": 866}, {"x": 245, "y": 856}, {"x": 235, "y": 856}], [{"x": 257, "y": 206}, {"x": 267, "y": 206}, {"x": 267, "y": 196}, {"x": 257, "y": 196}], [{"x": 257, "y": 228}, {"x": 267, "y": 228}, {"x": 267, "y": 218}, {"x": 257, "y": 218}], [{"x": 257, "y": 250}, {"x": 267, "y": 250}, {"x": 267, "y": 240}, {"x": 257, "y": 240}], [{"x": 257, "y": 272}, {"x": 267, "y": 272}, {"x": 267, "y": 262}, {"x": 257, "y": 262}], [{"x": 257, "y": 294}, {"x": 267, "y": 294}, {"x": 267, "y": 284}, {"x": 257, "y": 284}], [{"x": 257, "y": 316}, {"x": 267, "y": 316}, {"x": 267, "y": 306}, {"x": 257, "y": 306}], [{"x": 257, "y": 338}, {"x": 267, "y": 338}, {"x": 267, "y": 328}, {"x": 257, "y": 328}], [{"x": 257, "y": 360}, {"x": 267, "y": 360}, {"x": 267, "y": 350}, {"x": 257, "y": 350}], [{"x": 257, "y": 382}, {"x": 267, "y": 382}, {"x": 267, "y": 372}, {"x": 257, "y": 372}], [{"x": 257, "y": 404}, {"x": 267, "y": 404}, {"x": 267, "y": 394}, {"x": 257, "y": 394}], [{"x": 257, "y": 426}, {"x": 267, "y": 426}, {"x": 267, "y": 416}, {"x": 257, "y": 416}], [{"x": 257, "y": 448}, {"x": 267, "y": 448}, {"x": 267, "y": 438}, {"x": 257, "y": 438}], [{"x": 257, "y": 470}, {"x": 267, "y": 470}, {"x": 267, "y": 460}, {"x": 257, "y": 460}], [{"x": 257, "y": 492}, {"x": 267, "y": 492}, {"x": 267, "y": 482}, {"x": 257, "y": 482}], [{"x": 257, "y": 514}, {"x": 267, "y": 514}, {"x": 267, "y": 504}, {"x": 257, "y": 504}], [{"x": 257, "y": 536}, {"x": 267, "y": 536}, {"x": 267, "y": 526}, {"x": 257, "y": 526}], [{"x": 257, "y": 558}, {"x": 267, "y": 558}, {"x": 267, "y": 548}, {"x": 257, "y": 548}], [{"x": 257, "y": 580}, {"x": 267, "y": 580}, {"x": 267, "y": 570}, {"x": 257, "y": 570}], [{"x": 257, "y": 602}, {"x": 267, "y": 602}, {"x": 267, "y": 592}, {"x": 257, "y": 589}], [{"x": 257, "y": 624}, {"x": 267, "y": 624}, {"x": 267, "y": 614}, {"x": 257, "y": 614}], [{"x": 257, "y": 646}, {"x": 267, "y": 646}, {"x": 267, "y": 636}, {"x": 257, "y": 636}], [{"x": 257, "y": 668}, {"x": 267, "y": 668}, {"x": 267, "y": 658}, {"x": 257, "y": 658}], [{"x": 257, "y": 690}, {"x": 267, "y": 690}, {"x": 267, "y": 680}, {"x": 257, "y": 680}], [{"x": 257, "y": 712}, {"x": 267, "y": 712}, {"x": 267, "y": 702}, {"x": 257, "y": 702}], [{"x": 257, "y": 734}, {"x": 267, "y": 734}, {"x": 267, "y": 724}, {"x": 257, "y": 724}], [{"x": 257, "y": 756}, {"x": 267, "y": 756}, {"x": 267, "y": 746}, {"x": 257, "y": 746}], [{"x": 257, "y": 778}, {"x": 267, "y": 778}, {"x": 267, "y": 768}, {"x": 257, "y": 768}], [{"x": 257, "y": 800}, {"x": 267, "y": 800}, {"x": 267, "y": 790}, {"x": 257, "y": 790}], [{"x": 257, "y": 822}, {"x": 267, "y": 822}, {"x": 267, "y": 812}, {"x": 257, "y": 812}], [{"x": 257, "y": 844}, {"x": 267, "y": 844}, {"x": 267, "y": 834}, {"x": 257, "y": 834}], [{"x": 279, "y": 206}, {"x": 289, "y": 206}, {"x": 289, "y": 196}, {"x": 279, "y": 196}], [{"x": 279, "y": 228}, {"x": 289, "y": 228}, {"x": 289, "y": 218}, {"x": 279, "y": 218}], [{"x": 279, "y": 250}, {"x": 289, "y": 250}, {"x": 289, "y": 240}, {"x": 279, "y": 240}], [{"x": 279, "y": 272}, {"x": 289, "y": 272}, {"x": 289, "y": 262}, {"x": 279, "y": 262}], [{"x": 279, "y": 294}, {"x": 289, "y": 294}, {"x": 289, "y": 284}, {"x": 279, "y": 284}], [{"x": 279, "y": 316}, {"x": 289, "y": 316}, {"x": 289, "y": 306}, {"x": 279, "y": 306}], [{"x": 279, "y": 338}, {"x": 289, "y": 338}, {"x": 289, "y": 328}, {"x": 279, "y": 328}], [{"x": 279, "y": 360}, {"x": 289, "y": 360}, {"x": 289, "y": 350}, {"x": 279, "y": 350}], [{"x": 279, "y": 382}, {"x": 289, "y": 382}, {"x": 289, "y": 372}, {"x": 279, "y": 372}], [{"x": 279, "y": 404}, {"x": 289, "y": 404}, {"x": 289, "y": 394}, {"x": 279, "y": 394}], [{"x": 279, "y": 451}, {"x": 289, "y": 448}, {"x": 289, "y": 438}, {"x": 279, "y": 438}], [{"x": 279, "y": 470}, {"x": 289, "y": 470}, {"x": 289, "y": 460}, {"x": 279, "y": 460}], [{"x": 279, "y": 492}, {"x": 289, "y": 492}, {"x": 290, "y": 482}, {"x": 279, "y": 482}], [{"x": 279, "y": 514}, {"x": 289, "y": 514}, {"x": 289, "y": 504}, {"x": 279, "y": 504}], [{"x": 279, "y": 536}, {"x": 289, "y": 536}, {"x": 289, "y": 526}, {"x": 279, "y": 526}], [{"x": 279, "y": 558}, {"x": 289, "y": 558}, {"x": 289, "y": 548}, {"x": 279, "y": 548}], [{"x": 279, "y": 580}, {"x": 289, "y": 580}, {"x": 289, "y": 570}, {"x": 279, "y": 570}], [{"x": 279, "y": 602}, {"x": 289, "y": 602}, {"x": 289, "y": 592}, {"x": 279, "y": 592}], [{"x": 279, "y": 624}, {"x": 289, "y": 624}, {"x": 289, "y": 614}, {"x": 279, "y": 614}], [{"x": 279, "y": 646}, {"x": 289, "y": 646}, {"x": 289, "y": 636}, {"x": 279, "y": 636}], [{"x": 279, "y": 668}, {"x": 289, "y": 668}, {"x": 289, "y": 658}, {"x": 279, "y": 658}], [{"x": 279, "y": 690}, {"x": 289, "y": 690}, {"x": 289, "y": 680}, {"x": 279, "y": 680}], [{"x": 279, "y": 712}, {"x": 289, "y": 712}, {"x": 289, "y": 702}, {"x": 279, "y": 702}], [{"x": 279, "y": 734}, {"x": 289, "y": 734}, {"x": 289, "y": 724}, {"x": 279, "y": 724}], [{"x": 279, "y": 756}, {"x": 289, "y": 756}, {"x": 289, "y": 746}, {"x": 279, "y": 746}], [{"x": 279, "y": 778}, {"x": 289, "y": 778}, {"x": 289, "y": 768}, {"x": 279, "y": 768}], [{"x": 279, "y": 800}, {"x": 289, "y": 800}, {"x": 290, "y": 790}, {"x": 279, "y": 790}], [{"x": 279, "y": 822}, {"x": 289, "y": 822}, {"x": 289, "y": 812}, {"x": 279, "y": 812}], [{"x": 279, "y": 844}, {"x": 289, "y": 844}, {"x": 289, "y": 834}, {"x": 279, "y": 834}], [{"x": 301, "y": 206}, {"x": 311, "y": 206}, {"x": 311, "y": 196}, {"x": 301, "y": 196}], [{"x": 301, "y": 228}, {"x": 311, "y": 228}, {"x": 311, "y": 218}, {"x": 301, "y": 218}], [{"x": 301, "y": 250}, {"x": 311, "y": 250}, {"x": 311, "y": 240}, {"x": 301, "y": 240}], [{"x": 298, "y": 272}, {"x": 311, "y": 272}, {"x": 311, "y": 262}, {"x": 301, "y": 262}], [{"x": 301, "y": 294}, {"x": 311, "y": 294}, {"x": 311, "y": 284}, {"x": 301, "y": 284}], [{"x": 301, "y": 316}, {"x": 311, "y": 316}, {"x": 311, "y": 306}, {"x": 301, "y": 306}], [{"x": 301, "y": 338}, {"x": 311, "y": 338}, {"x": 311, "y": 328}, {"x": 301, "y": 328}], [{"x": 301, "y": 360}, {"x": 311, "y": 360}, {"x": 311, "y": 350}, {"x": 301, "y": 350}], [{"x": 301, "y": 382}, {"x": 311, "y": 382}, {"x": 311, "y": 372}, {"x": 301, "y": 372}], [{"x": 301, "y": 404}, {"x": 311, "y": 404}, {"x": 311, "y": 394}, {"x": 301, "y": 394}], [{"x": 301, "y": 426}, {"x": 311, "y": 426}, {"x": 311, "y": 416}, {"x": 301, "y": 416}], [{"x": 301, "y": 448}, {"x": 311, "y": 448}, {"x": 311, "y": 438}, {"x": 301, "y": 438}], [{"x": 301, "y": 470}, {"x": 311, "y": 470}, {"x": 311, "y": 460}, {"x": 301, "y": 460}], [{"x": 301, "y": 492}, {"x": 311, "y": 492}, {"x": 311, "y": 482}, {"x": 301, "y": 482}], [{"x": 301, "y": 514}, {"x": 311, "y": 514}, {"x": 311, "y": 504}, {"x": 301, "y": 504}], [{"x": 301, "y": 536}, {"x": 311, "y": 536}, {"x": 311, "y": 526}, {"x": 301, "y": 526}], [{"x": 301, "y": 558}, {"x": 311, "y": 558}, {"x": 311, "y": 548}, {"x": 301, "y": 548}], [{"x": 301, "y": 580}, {"x": 311, "y": 580}, {"x": 311, "y": 570}, {"x": 301, "y": 570}], [{"x": 301, "y": 602}, {"x": 311, "y": 602}, {"x": 311, "y": 592}, {"x": 301, "y": 592}], [{"x": 301, "y": 624}, {"x": 311, "y": 624}, {"x": 311, "y": 614}, {"x": 301, "y": 614}], [{"x": 301, "y": 646}, {"x": 311, "y": 646}, {"x": 311, "y": 636}, {"x": 301, "y": 636}], [{"x": 301, "y": 668}, {"x": 311, "y": 668}, {"x": 311, "y": 658}, {"x": 301, "y": 658}], [{"x": 301, "y": 690}, {"x": 311, "y": 690}, {"x": 311, "y": 680}, {"x": 301, "y": 680}], [{"x": 301, "y": 714}, {"x": 311, "y": 712}, {"x": 311, "y": 702}, {"x": 301, "y": 702}], [{"x": 301, "y": 734}, {"x": 311, "y": 734}, {"x": 311, "y": 724}, {"x": 301, "y": 724}], [{"x": 301, "y": 756}, {"x": 311, "y": 756}, {"x": 311, "y": 746}, {"x": 301, "y": 746}], [{"x": 301, "y": 778}, {"x": 311, "y": 778}, {"x": 311, "y": 768}, {"x": 301, "y": 768}], [{"x": 301, "y": 801}, {"x": 311, "y": 800}, {"x": 311, "y": 790}, {"x": 301, "y": 790}], [{"x": 301, "y": 822}, {"x": 311, "y": 822}, {"x": 311, "y": 812}, {"x": 301, "y": 812}], [{"x": 301, "y": 844}, {"x": 311, "y": 844}, {"x": 311, "y": 834}, {"x": 301, "y": 834}], [{"x": 323, "y": 206}, {"x": 333, "y": 206}, {"x": 333, "y": 196}, {"x": 323, "y": 196}], [{"x": 323, "y": 228}, {"x": 333, "y": 228}, {"x": 337, "y": 218}, {"x": 323, "y": 218}], [{"x": 323, "y": 250}, {"x": 333, "y": 250}, {"x": 333, "y": 240}, {"x": 323, "y": 240}], [{"x": 323, "y": 272}, {"x": 333, "y": 272}, {"x": 333, "y": 262}, {"x": 323, "y": 262}], [{"x": 323, "y": 294}, {"x": 333, "y": 294}, {"x": 337, "y": 284}, {"x": 323, "y": 284}], [{"x": 323, "y": 316}, {"x": 333, "y": 316}, {"x": 333, "y": 306}, {"x": 323, "y": 306}], [{"x": 323, "y": 338}, {"x": 333, "y": 338}, {"x": 333, "y": 328}, {"x": 323, "y": 328}], [{"x": 323, "y": 360}, {"x": 333, "y": 360}, {"x": 333, "y": 350}, {"x": 323, "y": 350}], [{"x": 323, "y": 382}, {"x": 333, "y": 382}, {"x": 333, "y": 372}, {"x": 323, "y": 372}], [{"x": 323, "y": 404}, {"x": 333, "y": 404}, {"x": 333, "y": 394}, {"x": 323, "y": 394}], [{"x": 323, "y": 426}, {"x": 333, "y": 426}, {"x": 333, "y": 416}, {"x": 323, "y": 416}], [{"x": 323, "y": 448}, {"x": 333, "y": 448}, {"x": 333, "y": 438}, {"x": 323, "y": 438}], [{"x": 323, "y": 470}, {"x": 333, "y": 470}, {"x": 333, "y": 460}, {"x": 323, "y": 460}], [{"x": 323, "y": 492}, {"x": 333, "y": 492}, {"x": 333, "y": 482}, {"x": 323, "y": 482}], [{"x": 323, "y": 514}, {"x": 333, "y": 514}, {"x": 333, "y": 504}, {"x": 323, "y": 504}], [{"x": 323, "y": 536}, {"x": 333, "y": 536}, {"x": 333, "y": 526}, {"x": 323, "y": 526}], [{"x": 323, "y": 558}, {"x": 333, "y": 558}, {"x": 333, "y": 548}, {"x": 323, "y": 548}], [{"x": 323, "y": 580}, {"x": 333, "y": 580}, {"x": 333, "y": 570}, {"x": 323, "y": 570}], [{"x": 323, "y": 602}, {"x": 333, "y": 602}, {"x": 333, "y": 592}, {"x": 323, "y": 592}], [{"x": 323, "y": 624}, {"x": 333, "y": 624}, {"x": 333, "y": 614}, {"x": 323, "y": 614}], [{"x": 323, "y": 646}, {"x": 333, "y": 646}, {"x": 333, "y": 636}, {"x": 323, "y": 636}], [{"x": 323, "y": 668}, {"x": 333, "y": 668}, {"x": 333, "y": 658}, {"x": 323, "y": 658}], [{"x": 323, "y": 690}, {"x": 333, "y": 690}, {"x": 333, "y": 680}, {"x": 323, "y": 680}], [{"x": 323, "y": 712}, {"x": 333, "y": 712}, {"x": 333, "y": 702}, {"x": 323, "y": 702}], [{"x": 323, "y": 734}, {"x": 333, "y": 734}, {"x": 333, "y": 724}, {"x": 323, "y": 724}], [{"x": 323, "y": 756}, {"x": 333, "y": 756}, {"x": 333, "y": 746}, {"x": 323, "y": 746}], [{"x": 323, "y": 778}, {"x": 333, "y": 778}, {"x": 333, "y": 768}, {"x": 323, "y": 768}], [{"x": 323, "y": 800}, {"x": 333, "y": 800}, {"x": 333, "y": 790}, {"x": 323, "y": 790}], [{"x": 323, "y": 822}, {"x": 333, "y": 822}, {"x": 333, "y": 812}, {"x": 323, "y": 812}], [{"x": 345, "y": 184}, {"x": 355, "y": 184}, {"x": 355, "y": 174}, {"x": 345, "y": 174}], [{"x": 345, "y": 206}, {"x": 355, "y": 206}, {"x": 355, "y": 196}, {"x": 345, "y": 196}], [{"x": 345, "y": 228}, {"x": 355, "y": 228}, {"x": 355, "y": 218}, {"x": 345, "y": 218}], [{"x": 345, "y": 250}, {"x": 355, "y": 250}, {"x": 355, "y": 240}, {"x": 345, "y": 240}], [{"x": 342, "y": 272}, {"x": 355, "y": 272}, {"x": 355, "y": 262}, {"x": 345, "y": 262}], [{"x": 345, "y": 294}, {"x": 355, "y": 294}, {"x": 355, "y": 284}, {"x": 345, "y": 284}], [{"x": 345, "y": 316}, {"x": 355, "y": 316}, {"x": 355, "y": 306}, {"x": 345, "y": 306}], [{"x": 345, "y": 338}, {"x": 355, "y": 338}, {"x": 355, "y": 328}, {"x": 345, "y": 328}], [{"x": 345, "y": 360}, {"x": 355, "y": 360}, {"x": 355, "y": 350}, {"x": 345, "y": 350}], [{"x": 345, "y": 382}, {"x": 355, "y": 382}, {"x": 355, "y": 372}, {"x": 345, "y": 372}], [{"x": 345, "y": 404}, {"x": 355, "y": 404}, {"x": 355, "y": 394}, {"x": 345, "y": 394}], [{"x": 345, "y": 426}, {"x": 355, "y": 426}, {"x": 355, "y": 416}, {"x": 345, "y": 416}], [{"x": 345, "y": 448}, {"x": 355, "y": 448}, {"x": 355, "y": 438}, {"x": 345, "y": 438}], [{"x": 345, "y": 470}, {"x": 355, "y": 470}, {"x": 355, "y": 460}, {"x": 345, "y": 460}], [{"x": 345, "y": 492}, {"x": 355, "y": 492}, {"x": 355, "y": 482}, {"x": 345, "y": 482}], [{"x": 345, "y": 514}, {"x": 355, "y": 514}, {"x": 355, "y": 504}, {"x": 345, "y": 504}], [{"x": 345, "y": 536}, {"x": 355, "y": 536}, {"x": 355, "y": 526}, {"x": 345, "y": 526}], [{"x": 345, "y": 558}, {"x": 355, "y": 558}, {"x": 355, "y": 548}, {"x": 345, "y": 548}], [{"x": 345, "y": 580}, {"x": 355, "y": 580}, {"x": 355, "y": 570}, {"x": 345, "y": 570}], [{"x": 345, "y": 602}, {"x": 355, "y": 602}, {"x": 355, "y": 592}, {"x": 345, "y": 592}], [{"x": 345, "y": 624}, {"x": 355, "y": 624}, {"x": 355, "y": 614}, {"x": 345, "y": 614}], [{"x": 345, "y": 646}, {"x": 355, "y": 646}, {"x": 355, "y": 636}, {"x": 345, "y": 636}], [{"x": 345, "y": 668}, {"x": 355, "y": 668}, {"x": 355, "y": 658}, {"x": 345, "y": 658}], [{"x": 345, "y": 690}, {"x": 355, "y": 690}, {"x": 355, "y": 680}, {"x": 345, "y": 680}], [{"x": 345, "y": 712}, {"x": 355, "y": 712}, {"x": 355, "y": 702}, {"x": 345, "y": 702}], [{"x": 345, "y": 734}, {"x": 355, "y": 734}, {"x": 355, "y": 724}, {"x": 345, "y": 724}], [{"x": 345, "y": 756}, {"x": 355, "y": 756}, {"x": 355, "y": 746}, {"x": 341, "y": 746}], [{"x": 345, "y": 778}, {"x": 356, "y": 778}, {"x": 355, "y": 768}, {"x": 345, "y": 768}], [{"x": 345, "y": 800}, {"x": 355, "y": 800}, {"x": 355, "y": 790}, {"x": 345, "y": 790}], [{"x": 345, "y": 822}, {"x": 355, "y": 826}, {"x": 355, "y": 812}, {"x": 345, "y": 812}], [{"x": 367, "y": 184}, {"x": 377, "y": 184}, {"x": 377, "y": 174}, {"x": 367, "y": 174}], [{"x": 367, "y": 206}, {"x": 377, "y": 206}, {"x": 377, "y": 196}, {"x": 367, "y": 196}], [{"x": 367, "y": 228}, {"x": 377, "y": 228}, {"x": 377, "y": 218}, {"x": 367, "y": 218}], [{"x": 367, "y": 250}, {"x": 377, "y": 250}, {"x": 377, "y": 240}, {"x": 367, "y": 240}], [{"x": 367, "y": 272}, {"x": 377, "y": 272}, {"x": 377, "y": 262}, {"x": 367, "y": 262}], [{"x": 367, "y": 296}, {"x": 377, "y": 294}, {"x": 377, "y": 284}, {"x": 367, "y": 284}], [{"x": 367, "y": 316}, {"x": 377, "y": 316}, {"x": 377, "y": 306}, {"x": 367, "y": 306}], [{"x": 367, "y": 338}, {"x": 377, "y": 338}, {"x": 377, "y": 328}, {"x": 367, "y": 328}], [{"x": 367, "y": 360}, {"x": 377, "y": 360}, {"x": 377, "y": 350}, {"x": 367, "y": 350}], [{"x": 367, "y": 382}, {"x": 377, "y": 382}, {"x": 377, "y": 372}, {"x": 367, "y": 372}], [{"x": 367, "y": 404}, {"x": 377, "y": 404}, {"x": 377, "y": 394}, {"x": 367, "y": 394}], [{"x": 367, "y": 426}, {"x": 377, "y": 426}, {"x": 377, "y": 416}, {"x": 367, "y": 416}], [{"x": 367, "y": 448}, {"x": 377, "y": 448}, {"x": 377, "y": 438}, {"x": 367, "y": 438}], [{"x": 367, "y": 470}, {"x": 377, "y": 470}, {"x": 377, "y": 460}, {"x": 367, "y": 460}], [{"x": 367, "y": 492}, {"x": 377, "y": 492}, {"x": 377, "y": 482}, {"x": 367, "y": 482}], [{"x": 367, "y": 514}, {"x": 377, "y": 514}, {"x": 377, "y": 504}, {"x": 367, "y": 504}], [{"x": 367, "y": 536}, {"x": 377, "y": 536}, {"x": 377, "y": 526}, {"x": 367, "y": 526}], [{"x": 367, "y": 558}, {"x": 377, "y": 558}, {"x": 377, "y": 548}, {"x": 367, "y": 548}], [{"x": 367, "y": 580}, {"x": 377, "y": 580}, {"x": 377, "y": 570}, {"x": 367, "y": 570}], [{"x": 367, "y": 602}, {"x": 377, "y": 602}, {"x": 377, "y": 592}, {"x": 367, "y": 592}], [{"x": 367, "y": 624}, {"x": 377, "y": 624}, {"x": 377, "y": 614}, {"x": 367, "y": 614}], [{"x": 367, "y": 646}, {"x": 377, "y": 646}, {"x": 377, "y": 636}, {"x": 367, "y": 636}], [{"x": 367, "y": 668}, {"x": 377, "y": 668}, {"x": 377, "y": 658}, {"x": 367, "y": 658}], [{"x": 367, "y": 690}, {"x": 377, "y": 690}, {"x": 377, "y": 680}, {"x": 367, "y": 680}], [{"x": 367, "y": 712}, {"x": 377, "y": 712}, {"x": 377, "y": 702}, {"x": 367, "y": 702}], [{"x": 367, "y": 734}, {"x": 377, "y": 734}, {"x": 377, "y": 724}, {"x": 367, "y": 724}], [{"x": 367, "y": 756}, {"x": 377, "y": 756}, {"x": 377, "y": 746}, {"x": 367, "y": 746}], [{"x": 367, "y": 778}, {"x": 377, "y": 778}, {"x": 377, "y": 768}, {"x": 367, "y": 768}], [{"x": 367, "y": 800}, {"x": 377, "y": 800}, {"x": 377, "y": 790}, {"x": 367, "y": 790}], [{"x": 367, "y": 822}, {"x": 377, "y": 822}, {"x": 377, "y": 812}, {"x": 367, "y": 812}], [{"x": 389, "y": 184}, {"x": 399, "y": 184}, {"x": 399, "y": 174}, {"x": 389, "y": 174}], [{"x": 389, "y": 206}, {"x": 399, "y": 206}, {"x": 399, "y": 196}, {"x": 389, "y": 196}], [{"x": 389, "y": 228}, {"x": 399, "y": 228}, {"x": 399, "y": 218}, {"x": 389, "y": 218}], [{"x": 389, "y": 250}, {"x": 399, "y": 250}, {"x": 399, "y": 240}, {"x": 389, "y": 240}], [{"x": 389, "y": 272}, {"x": 399, "y": 272}, {"x": 399, "y": 262}, {"x": 389, "y": 262}], [{"x": 389, "y": 294}, {"x": 399, "y": 294}, {"x": 399, "y": 284}, {"x": 389, "y": 284}], [{"x": 389, "y": 316}, {"x": 399, "y": 316}, {"x": 399, "y": 306}, {"x": 389, "y": 306}], [{"x": 389, "y": 338}, {"x": 399, "y": 338}, {"x": 399, "y": 328}, {"x": 389, "y": 328}], [{"x": 389, "y": 360}, {"x": 399, "y": 360}, {"x": 399, "y": 350}, {"x": 389, "y": 350}], [{"x": 389, "y": 382}, {"x": 399, "y": 382}, {"x": 399, "y": 372}, {"x": 389, "y": 372}], [{"x": 389, "y": 404}, {"x": 399, "y": 404}, {"x": 399, "y": 394}, {"x": 389, "y": 394}], [{"x": 389, "y": 426}, {"x": 399, "y": 426}, {"x": 399, "y": 416}, {"x": 389, "y": 416}], [{"x": 389, "y": 448}, {"x": 399, "y": 448}, {"x": 399, "y": 438}, {"x": 389, "y": 438}], [{"x": 389, "y": 470}, {"x": 399, "y": 470}, {"x": 399, "y": 460}, {"x": 389, "y": 460}], [{"x": 389, "y": 492}, {"x": 399, "y": 492}, {"x": 399, "y": 482}, {"x": 389, "y": 482}], [{"x": 389, "y": 514}, {"x": 399, "y": 514}, {"x": 399, "y": 504}, {"x": 389, "y": 504}], [{"x": 389, "y": 536}, {"x": 399, "y": 536}, {"x": 399, "y": 526}, {"x": 389, "y": 526}], [{"x": 389, "y": 558}, {"x": 399, "y": 558}, {"x": 399, "y": 548}, {"x": 389, "y": 548}], [{"x": 389, "y": 580}, {"x": 399, "y": 580}, {"x": 399, "y": 570}, {"x": 389, "y": 570}], [{"x": 389, "y": 602}, {"x": 399, "y": 602}, {"x": 399, "y": 592}, {"x": 389, "y": 592}], [{"x": 389, "y": 624}, {"x": 399, "y": 624}, {"x": 399, "y": 614}, {"x": 389, "y": 614}], [{"x": 389, "y": 646}, {"x": 399, "y": 646}, {"x": 399, "y": 636}, {"x": 389, "y": 636}], [{"x": 389, "y": 668}, {"x": 399, "y": 668}, {"x": 399, "y": 658}, {"x": 389, "y": 658}], [{"x": 389, "y": 690}, {"x": 399, "y": 690}, {"x": 399, "y": 680}, {"x": 389, "y": 680}], [{"x": 389, "y": 712}, {"x": 399, "y": 712}, {"x": 399, "y": 702}, {"x": 389, "y": 702}], [{"x": 389, "y": 734}, {"x": 399, "y": 734}, {"x": 399, "y": 724}, {"x": 389, "y": 724}], [{"x": 389, "y": 758}, {"x": 399, "y": 756}, {"x": 399, "y": 746}, {"x": 389, "y": 746}], [{"x": 389, "y": 778}, {"x": 399, "y": 778}, {"x": 399, "y": 768}, {"x": 389, "y": 768}], [{"x": 389, "y": 800}, {"x": 399, "y": 800}, {"x": 399, "y": 790}, {"x": 389, "y": 790}], [{"x": 411, "y": 184}, {"x": 421, "y": 184}, {"x": 421, "y": 174}, {"x": 411, "y": 174}], [{"x": 411, "y": 206}, {"x": 421, "y": 206}, {"x": 421, "y": 196}, {"x": 411, "y": 196}], [{"x": 411, "y": 228}, {"x": 421, "y": 228}, {"x": 421, "y": 218}, {"x": 411, "y": 218}], [{"x": 411, "y": 250}, {"x": 421, "y": 250}, {"x": 421, "y": 240}, {"x": 411, "y": 240}], [{"x": 411, "y": 272}, {"x": 421, "y": 272}, {"x": 421, "y": 262}, {"x": 411, "y": 262}], [{"x": 411, "y": 294}, {"x": 421, "y": 294}, {"x": 421, "y": 284}, {"x": 411, "y": 284}], [{"x": 411, "y": 316}, {"x": 421, "y": 316}, {"x": 421, "y": 306}, {"x": 411, "y": 306}], [{"x": 411, "y": 338}, {"x": 421, "y": 338}, {"x": 421, "y": 328}, {"x": 411, "y": 328}], [{"x": 411, "y": 360}, {"x": 421, "y": 360}, {"x": 421, "y": 350}, {"x": 411, "y": 350}], [{"x": 411, "y": 382}, {"x": 421, "y": 382}, {"x": 421, "y": 372}, {"x": 411, "y": 372}], [{"x": 411, "y": 404}, {"x": 421, "y": 404}, {"x": 421, "y": 394}, {"x": 411, "y": 393}], [{"x": 411, "y": 426}, {"x": 421, "y": 426}, {"x": 421, "y": 416}, {"x": 411, "y": 416}], [{"x": 411, "y": 448}, {"x": 421, "y": 448}, {"x": 421, "y": 438}, {"x": 411, "y": 438}], [{"x": 411, "y": 470}, {"x": 421, "y": 470}, {"x": 421, "y": 460}, {"x": 411, "y": 460}], [{"x": 411, "y": 492}, {"x": 421, "y": 492}, {"x": 421, "y": 482}, {"x": 411, "y": 482}], [{"x": 411, "y": 514}, {"x": 421, "y": 514}, {"x": 421, "y": 504}, {"x": 411, "y": 503}], [{"x": 411, "y": 536}, {"x": 421, "y": 536}, {"x": 421, "y": 526}, {"x": 409, "y": 526}], [{"x": 411, "y": 558}, {"x": 421, "y": 558}, {"x": 421, "y": 548}, {"x": 411, "y": 548}], [{"x": 411, "y": 580}, {"x": 421, "y": 580}, {"x": 421, "y": 570}, {"x": 411, "y": 570}], [{"x": 411, "y": 602}, {"x": 421, "y": 602}, {"x": 421, "y": 592}, {"x": 411, "y": 592}], [{"x": 411, "y": 624}, {"x": 421, "y": 624}, {"x": 421, "y": 614}, {"x": 411, "y": 614}], [{"x": 411, "y": 646}, {"x": 421, "y": 646}, {"x": 421, "y": 636}, {"x": 411, "y": 636}], [{"x": 411, "y": 668}, {"x": 421, "y": 668}, {"x": 421, "y": 658}, {"x": 411, "y": 658}], [{"x": 411, "y": 690}, {"x": 421, "y": 690}, {"x": 421, "y": 680}, {"x": 411, "y": 680}], [{"x": 411, "y": 712}, {"x": 421, "y": 712}, {"x": 421, "y": 702}, {"x": 411, "y": 702}], [{"x": 407, "y": 734}, {"x": 421, "y": 734}, {"x": 421, "y": 724}, {"x": 411, "y": 724}], [{"x": 411, "y": 756}, {"x": 421, "y": 756}, {"x": 421, "y": 746}, {"x": 411, "y": 746}], [{"x": 411, "y": 778}, {"x": 421, "y": 778}, {"x": 421, "y": 768}, {"x": 411, "y": 768}], [{"x": 411, "y": 800}, {"x": 421, "y": 800}, {"x": 421, "y": 790}, {"x": 411, "y": 790}], [{"x": 433, "y": 162}, {"x": 443, "y": 162}, {"x": 443, "y": 152}, {"x": 433, "y": 152}], [{"x": 433, "y": 184}, {"x": 443, "y": 184}, {"x": 443, "y": 174}, {"x": 433, "y": 174}], [{"x": 433, "y": 206}, {"x": 443, "y": 206}, {"x": 443, "y": 196}, {"x": 433, "y": 196}], [{"x": 433, "y": 228}, {"x": 443, "y": 228}, {"x": 443, "y": 218}, {"x": 433, "y": 218}], [{"x": 433, "y": 250}, {"x": 443, "y": 250}, {"x": 443, "y": 240}, {"x": 433, "y": 240}], [{"x": 433, "y": 276}, {"x": 443, "y": 272}, {"x": 443, "y": 262}, {"x": 433, "y": 262}], [{"x": 433, "y": 294}, {"x": 443, "y": 294}, {"x": 443, "y": 284}, {"x": 433, "y": 284}], [{"x": 433, "y": 316}, {"x": 443, "y": 316}, {"x": 443, "y": 306}, {"x": 433, "y": 306}], [{"x": 433, "y": 338}, {"x": 443, "y": 338}, {"x": 443, "y": 328}, {"x": 433, "y": 328}], [{"x": 433, "y": 360}, {"x": 443, "y": 360}, {"x": 443, "y": 350}, {"x": 433, "y": 350}], [{"x": 433, "y": 382}, {"x": 443, "y": 382}, {"x": 443, "y": 372}, {"x": 433, "y": 372}], [{"x": 433, "y": 404}, {"x": 443, "y": 404}, {"x": 443, "y": 394}, {"x": 433, "y": 394}], [{"x": 433, "y": 426}, {"x": 443, "y": 426}, {"x": 443, "y": 416}, {"x": 433, "y": 416}], [{"x": 433, "y": 448}, {"x": 443, "y": 448}, {"x": 443, "y": 438}, {"x": 433, "y": 438}], [{"x": 433, "y": 470}, {"x": 443, "y": 470}, {"x": 443, "y": 460}, {"x": 433, "y": 460}], [{"x": 433, "y": 492}, {"x": 443, "y": 492}, {"x": 443, "y": 482}, {"x": 433, "y": 482}], [{"x": 433, "y": 514}, {"x": 443, "y": 514}, {"x": 443, "y": 504}, {"x": 433, "y": 504}], [{"x": 433, "y": 536}, {"x": 443, "y": 536}, {"x": 443, "y": 526}, {"x": 433, "y": 526}], [{"x": 433, "y": 558}, {"x": 443, "y": 558}, {"x": 443, "y": 548}, {"x": 433, "y": 547}], [{"x": 433, "y": 580}, {"x": 443, "y": 580}, {"x": 443, "y": 570}, {"x": 433, "y": 570}], [{"x": 433, "y": 602}, {"x": 443, "y": 602}, {"x": 443, "y": 592}, {"x": 433, "y": 592}], [{"x": 433, "y": 624}, {"x": 443, "y": 624}, {"x": 443, "y": 614}, {"x": 433, "y": 614}], [{"x": 433, "y": 646}, {"x": 443, "y": 646}, {"x": 443, "y": 636}, {"x": 433, "y": 636}], [{"x": 433, "y": 668}, {"x": 443, "y": 668}, {"x": 443, "y": 658}, {"x": 433, "y": 658}], [{"x": 433, "y": 690}, {"x": 443, "y": 690}, {"x": 443, "y": 680}, {"x": 433, "y": 680}], [{"x": 433, "y": 712}, {"x": 443, "y": 712}, {"x": 443, "y": 702}, {"x": 433, "y": 702}], [{"x": 433, "y": 734}, {"x": 443, "y": 734}, {"x": 443, "y": 724}, {"x": 433, "y": 724}], [{"x": 433, "y": 756}, {"x": 443, "y": 756}, {"x": 443, "y": 746}, {"x": 433, "y": 746}], [{"x": 433, "y": 778}, {"x": 443, "y": 778}, {"x": 443, "y": 768}, {"x": 433, "y": 768}], [{"x": 455, "y": 162}, {"x": 465, "y": 162}, {"x": 465, "y": 152}, {"x": 455, "y": 152}], [{"x": 455, "y": 184}, {"x": 465, "y": 184}, {"x": 465, "y": 174}, {"x": 455, "y": 174}], [{"x": 455, "y": 206}, {"x": 465, "y": 206}, {"x": 465, "y": 196}, {"x": 455, "y": 196}], [{"x": 455, "y": 228}, {"x": 465, "y": 228}, {"x": 465, "y": 218}, {"x": 455, "y": 218}], [{"x": 455, "y": 250}, {"x": 465, "y": 250}, {"x": 465, "y": 240}, {"x": 455, "y": 240}], [{"x": 455, "y": 272}, {"x": 465, "y": 272}, {"x": 465, "y": 262}, {"x": 455, "y": 262}], [{"x": 455, "y": 294}, {"x": 465, "y": 294}, {"x": 465, "y": 284}, {"x": 455, "y": 284}], [{"x": 455, "y": 316}, {"x": 465, "y": 316}, {"x": 465, "y": 306}, {"x": 455, "y": 306}], [{"x": 455, "y": 338}, {"x": 465, "y": 338}, {"x": 465, "y": 328}, {"x": 455, "y": 328}], [{"x": 455, "y": 360}, {"x": 465, "y": 360}, {"x": 465, "y": 350}, {"x": 455, "y": 350}], [{"x": 455, "y": 382}, {"x": 465, "y": 382}, {"x": 465, "y": 372}, {"x": 455, "y": 372}], [{"x": 455, "y": 404}, {"x": 465, "y": 404}, {"x": 465, "y": 394}, {"x": 455, "y": 394}], [{"x": 455, "y": 426}, {"x": 465, "y": 426}, {"x": 465, "y": 416}, {"x": 455, "y": 416}], [{"x": 455, "y": 470}, {"x": 465, "y": 470}, {"x": 465, "y": 460}, {"x": 455, "y": 460}], [{"x": 455, "y": 492}, {"x": 465, "y": 492}, {"x": 465, "y": 482}, {"x": 455, "y": 482}], [{"x": 455, "y": 514}, {"x": 465, "y": 514}, {"x": 465, "y": 504}, {"x": 455, "y": 504}], [{"x": 455, "y": 536}, {"x": 465, "y": 536}, {"x": 465, "y": 526}, {"x": 455, "y": 526}], [{"x": 455, "y": 558}, {"x": 465, "y": 558}, {"x": 465, "y": 548}, {"x": 455, "y": 548}], [{"x": 455, "y": 580}, {"x": 465, "y": 580}, {"x": 465, "y": 570}, {"x": 455, "y": 570}], [{"x": 455, "y": 602}, {"x": 465, "y": 602}, {"x": 465, "y": 592}, {"x": 455, "y": 592}], [{"x": 455, "y": 624}, {"x": 465, "y": 624}, {"x": 465, "y": 614}, {"x": 455, "y": 614}], [{"x": 455, "y": 646}, {"x": 465, "y": 646}, {"x": 465, "y": 636}, {"x": 455, "y": 636}], [{"x": 455, "y": 668}, {"x": 465, "y": 668}, {"x": 465, "y": 658}, {"x": 455, "y": 658}], [{"x": 455, "y": 690}, {"x": 465, "y": 690}, {"x": 465, "y": 680}, {"x": 455, "y": 680}], [{"x": 455, "y": 712}, {"x": 465, "y": 712}, {"x": 465, "y": 702}, {"x": 455, "y": 702}], [{"x": 455, "y": 734}, {"x": 465, "y": 734}, {"x": 465, "y": 724}, {"x": 455, "y": 724}], [{"x": 455, "y": 756}, {"x": 465, "y": 756}, {"x": 465, "y": 746}, {"x": 455, "y": 746}], [{"x": 455, "y": 778}, {"x": 465, "y": 778}, {"x": 465, "y": 768}, {"x": 455, "y": 768}], [{"x": 477, "y": 162}, {"x": 487, "y": 162}, {"x": 487, "y": 152}, {"x": 477, "y": 152}], [{"x": 477, "y": 184}, {"x": 487, "y": 184}, {"x": 487, "y": 174}, {"x": 477, "y": 174}], [{"x": 477, "y": 206}, {"x": 487, "y": 206}, {"x": 487, "y": 196}, {"x": 477, "y": 196}], [{"x": 477, "y": 228}, {"x": 487, "y": 228}, {"x": 487, "y": 218}, {"x": 477, "y": 218}], [{"x": 477, "y": 250}, {"x": 487, "y": 250}, {"x": 487, "y": 240}, {"x": 477, "y": 240}], [{"x": 477, "y": 272}, {"x": 487, "y": 272}, {"x": 487, "y": 262}, {"x": 477, "y": 262}], [{"x": 477, "y": 294}, {"x": 487, "y": 294}, {"x": 487, "y": 284}, {"x": 477, "y": 284}], [{"x": 477, "y": 316}, {"x": 487, "y": 316}, {"x": 487, "y": 306}, {"x": 477, "y": 306}], [{"x": 477, "y": 338}, {"x": 487, "y": 338}, {"x": 487, "y": 328}, {"x": 477, "y": 328}], [{"x": 477, "y": 360}, {"x": 487, "y": 360}, {"x": 487, "y": 350}, {"x": 477, "y": 350}], [{"x": 477, "y": 382}, {"x": 487, "y": 382}, {"x": 487, "y": 372}, {"x": 477, "y": 372}], [{"x": 477, "y": 404}, {"x": 487, "y": 404}, {"x": 487, "y": 394}, {"x": 477, "y": 394}], [{"x": 477, "y": 426}, {"x": 487, "y": 426}, {"x": 487, "y": 416}, {"x": 477, "y": 416}], [{"x": 477, "y": 448}, {"x": 487, "y": 448}, {"x": 487, "y": 438}, {"x": 477, "y": 438}], [{"x": 477, "y": 470}, {"x": 487, "y": 470}, {"x": 487, "y": 460}, {"x": 477, "y": 460}], [{"x": 477, "y": 492}, {"x": 487, "y": 492}, {"x": 487, "y": 482}, {"x": 477, "y": 482}], [{"x": 477, "y": 514}, {"x": 487, "y": 514}, {"x": 487, "y": 504}, {"x": 477, "y": 504}], [{"x": 477, "y": 536}, {"x": 487, "y": 536}, {"x": 487, "y": 526}, {"x": 477, "y": 526}], [{"x": 477, "y": 558}, {"x": 487, "y": 558}, {"x": 487, "y": 548}, {"x": 477, "y": 548}], [{"x": 477, "y": 580}, {"x": 487, "y": 580}, {"x": 487, "y": 570}, {"x": 477, "y": 570}], [{"x": 477, "y": 602}, {"x": 487, "y": 602}, {"x": 487, "y": 592}, {"x": 477, "y": 592}], [{"x": 477, "y": 624}, {"x": 487, "y": 624}, {"x": 487, "y": 614}, {"x": 477, "y": 614}], [{"x": 477, "y": 646}, {"x": 487, "y": 646}, {"x": 487, "y": 636}, {"x": 477, "y": 636}], [{"x": 477, "y": 668}, {"x": 487, "y": 668}, {"x": 487, "y": 658}, {"x": 477, "y": 658}], [{"x": 477, "y": 690}, {"x": 487, "y": 690}, {"x": 487, "y": 680}, {"x": 477, "y": 680}], [{"x": 477, "y": 712}, {"x": 487, "y": 712}, {"x": 487, "y": 702}, {"x": 477, "y": 702}], [{"x": 477, "y": 734}, {"x": 487, "y": 734}, {"x": 487, "y": 724}, {"x": 477, "y": 724}], [{"x": 477, "y": 756}, {"x": 487, "y": 756}, {"x": 487, "y": 746}, {"x": 477, "y": 746}], [{"x": 477, "y": 778}, {"x": 487, "y": 778}, {"x": 487, "y": 768}, {"x": 477, "y": 768}], [{"x": 499, "y": 162}, {"x": 509, "y": 162}, {"x": 509, "y": 152}, {"x": 499, "y": 152}], [{"x": 499, "y": 184}, {"x": 509, "y": 184}, {"x": 509, "y": 174}, {"x": 499, "y": 174}], [{"x": 499, "y": 206}, {"x": 509, "y": 206}, {"x": 509, "y": 196}, {"x": 499, "y": 196}], [{"x": 499, "y": 228}, {"x": 509, "y": 228}, {"x": 509, "y": 218}, {"x": 499, "y": 218}], [{"x": 499, "y": 250}, {"x": 509, "y": 250}, {"x": 509, "y": 240}, {"x": 499, "y": 240}], [{"x": 499, "y": 272}, {"x": 509, "y": 272}, {"x": 509, "y": 262}, {"x": 499, "y": 262}], [{"x": 499, "y": 294}, {"x": 509, "y": 294}, {"x": 509, "y": 284}, {"x": 499, "y": 284}], [{"x": 499, "y": 316}, {"x": 509, "y": 316}, {"x": 509, "y": 306}, {"x": 499, "y": 306}], [{"x": 499, "y": 338}, {"x": 509, "y": 338}, {"x": 509, "y": 328}, {"x": 499, "y": 328}], [{"x": 499, "y": 360}, {"x": 509, "y": 360}, {"x": 509, "y": 350}, {"x": 499, "y": 350}], [{"x": 499, "y": 386}, {"x": 509, "y": 382}, {"x": 509, "y": 372}, {"x": 499, "y": 372}], [{"x": 499, "y": 404}, {"x": 509, "y": 404}, {"x": 509, "y": 392}, {"x": 499, "y": 394}], [{"x": 499, "y": 426}, {"x": 509, "y": 426}, {"x": 509, "y": 416}, {"x": 499, "y": 416}], [{"x": 499, "y": 448}, {"x": 509, "y": 448}, {"x": 510, "y": 438}, {"x": 499, "y": 438}], [{"x": 499, "y": 470}, {"x": 509, "y": 470}, {"x": 509, "y": 460}, {"x": 499, "y": 460}], [{"x": 499, "y": 492}, {"x": 509, "y": 492}, {"x": 509, "y": 482}, {"x": 499, "y": 482}], [{"x": 499, "y": 514}, {"x": 509, "y": 514}, {"x": 509, "y": 504}, {"x": 499, "y": 504}], [{"x": 499, "y": 536}, {"x": 509, "y": 536}, {"x": 509, "y": 526}, {"x": 499, "y": 526}], [{"x": 499, "y": 558}, {"x": 509, "y": 558}, {"x": 509, "y": 548}, {"x": 499, "y": 548}], [{"x": 499, "y": 580}, {"x": 509, "y": 580}, {"x": 509, "y": 570}, {"x": 499, "y": 570}], [{"x": 499, "y": 602}, {"x": 509, "y": 602}, {"x": 509, "y": 592}, {"x": 499, "y": 592}], [{"x": 499, "y": 624}, {"x": 509, "y": 624}, {"x": 509, "y": 614}, {"x": 499, "y": 614}], [{"x": 499, "y": 646}, {"x": 509, "y": 646}, {"x": 509, "y": 636}, {"x": 499, "y": 636}], [{"x": 499, "y": 668}, {"x": 509, "y": 668}, {"x": 509, "y": 658}, {"x": 499, "y": 658}], [{"x": 499, "y": 690}, {"x": 509, "y": 690}, {"x": 509, "y": 680}, {"x": 499, "y": 680}], [{"x": 499, "y": 712}, {"x": 509, "y": 712}, {"x": 509, "y": 702}, {"x": 499, "y": 702}], [{"x": 499, "y": 734}, {"x": 509, "y": 734}, {"x": 509, "y": 724}, {"x": 499, "y": 724}], [{"x": 499, "y": 756}, {"x": 509, "y": 756}, {"x": 509, "y": 746}, {"x": 499, "y": 746}], [{"x": 499, "y": 778}, {"x": 509, "y": 778}, {"x": 509, "y": 768}, {"x": 499, "y": 768}], [{"x": 521, "y": 162}, {"x": 531, "y": 162}, {"x": 531, "y": 152}, {"x": 521, "y": 152}], [{"x": 521, "y": 184}, {"x": 531, "y": 184}, {"x": 531, "y": 174}, {"x": 521, "y": 174}], [{"x": 521, "y": 206}, {"x": 531, "y": 209}, {"x": 531, "y": 196}, {"x": 521, "y": 196}], [{"x": 521, "y": 228}, {"x": 531, "y": 228}, {"x": 531, "y": 218}, {"x": 521, "y": 218}], [{"x": 521, "y": 250}, {"x": 531, "y": 250}, {"x": 531, "y": 240}, {"x": 521, "y": 240}], [{"x": 521, "y": 272}, {"x": 531, "y": 272}, {"x": 531, "y": 262}, {"x": 521, "y": 262}], [{"x": 521, "y": 294}, {"x": 531, "y": 294}, {"x": 531, "y": 284}, {"x": 521, "y": 284}], [{"x": 521, "y": 316}, {"x": 531, "y": 316}, {"x": 531, "y": 306}, {"x": 521, "y": 306}], [{"x": 521, "y": 338}, {"x": 531, "y": 338}, {"x": 531, "y": 328}, {"x": 521, "y": 328}], [{"x": 521, "y": 360}, {"x": 531, "y": 360}, {"x": 531, "y": 350}, {"x": 521, "y": 350}], [{"x": 521, "y": 382}, {"x": 531, "y": 382}, {"x": 531, "y": 372}, {"x": 521, "y": 372}], [{"x": 521, "y": 404}, {"x": 531, "y": 404}, {"x": 531, "y": 394}, {"x": 521, "y": 394}], [{"x": 521, "y": 426}, {"x": 531, "y": 426}, {"x": 531, "y": 416}, {"x": 521, "y": 416}], [{"x": 521, "y": 448}, {"x": 531, "y": 448}, {"x": 531, "y": 438}, {"x": 521, "y": 438}], [{"x": 521, "y": 470}, {"x": 531, "y": 470}, {"x": 531, "y": 460}, {"x": 521, "y": 460}], [{"x": 521, "y": 492}, {"x": 531, "y": 492}, {"x": 531, "y": 482}, {"x": 521, "y": 482}], [{"x": 521, "y": 514}, {"x": 531, "y": 514}, {"x": 531, "y": 504}, {"x": 521, "y": 504}], [{"x": 521, "y": 536}, {"x": 531, "y": 536}, {"x": 531, "y": 526}, {"x": 521, "y": 526}], [{"x": 521, "y": 558}, {"x": 531, "y": 558}, {"x": 531, "y": 548}, {"x": 521, "y": 548}], [{"x": 521, "y": 580}, {"x": 531, "y": 580}, {"x": 531, "y": 570}, {"x": 521, "y": 570}], [{"x": 521, "y": 602}, {"x": 531, "y": 602}, {"x": 531, "y": 592}, {"x": 521, "y": 592}], [{"x": 521, "y": 624}, {"x": 531, "y": 624}, {"x": 531, "y": 614}, {"x": 521, "y": 614}], [{"x": 521, "y": 646}, {"x": 531, "y": 646}, {"x": 531, "y": 636}, {"x": 521, "y": 636}], [{"x": 521, "y": 668}, {"x": 531, "y": 668}, {"x": 531, "y": 658}, {"x": 521, "y": 658}], [{"x": 521, "y": 690}, {"x": 531, "y": 690}, {"x": 531, "y": 680}, {"x": 521, "y": 680}], [{"x": 521, "y": 712}, {"x": 531, "y": 712}, {"x": 531, "y": 702}, {"x": 521, "y": 702}], [{"x": 521, "y": 734}, {"x": 531, "y": 734}, {"x": 531, "y": 724}, {"x": 521, "y": 724}], [{"x": 521, "y": 756}, {"x": 531, "y": 756}, {"x": 531, "y": 746}, {"x": 521, "y": 746}], [{"x": 521, "y": 778}, {"x": 531, "y": 778}, {"x": 531, "y": 768}, {"x": 521, "y": 768}], [{"x": 543, "y": 162}, {"x": 553, "y": 162}, {"x": 553, "y": 152}, {"x": 543, "y": 152}], [{"x": 543, "y": 184}, {"x": 553, "y": 184}, {"x": 553, "y": 174}, {"x": 543, "y": 174}], [{"x": 543, "y": 206}, {"x": 553, "y": 206}, {"x": 553, "y": 196}, {"x": 543, "y": 196}], [{"x": 543, "y": 228}, {"x": 553, "y": 228}, {"x": 553, "y": 218}, {"x": 543, "y": 218}], [{"x": 543, "y": 250}, {"x": 553, "y": 250}, {"x": 553, "y": 240}, {"x": 543, "y": 240}], [{"x": 543, "y": 272}, {"x": 553, "y": 272}, {"x": 557, "y": 262}, {"x": 543, "y": 262}], [{"x": 543, "y": 316}, {"x": 553, "y": 316}, {"x": 553, "y": 306}, {"x": 543, "y": 304}], [{"x": 543, "y": 338}, {"x": 553, "y": 338}, {"x": 553, "y": 328}, {"x": 543, "y": 328}], [{"x": 543, "y": 360}, {"x": 553, "y": 360}, {"x": 553, "y": 350}, {"x": 543, "y": 350}], [{"x": 543, "y": 382}, {"x": 553, "y": 382}, {"x": 553, "y": 372}, {"x": 543, "y": 372}], [{"x": 543, "y": 404}, {"x": 553, "y": 404}, {"x": 553, "y": 394}, {"x": 543, "y": 394}], [{"x": 543, "y": 426}, {"x": 553, "y": 426}, {"x": 553, "y": 416}, {"x": 543, "y": 416}], [{"x": 543, "y": 448}, {"x": 553, "y": 448}, {"x": 553, "y": 438}, {"x": 543, "y": 438}], [{"x": 543, "y": 470}, {"x": 553, "y": 470}, {"x": 553, "y": 460}, {"x": 543, "y": 460}], [{"x": 543, "y": 492}, {"x": 553, "y": 492}, {"x": 553, "y": 482}, {"x": 543, "y": 482}], [{"x": 539, "y": 514}, {"x": 553, "y": 514}, {"x": 553, "y": 504}, {"x": 543, "y": 504}], [{"x": 543, "y": 536}, {"x": 553, "y": 536}, {"x": 553, "y": 526}, {"x": 543, "y": 526}], [{"x": 543, "y": 558}, {"x": 553, "y": 558}, {"x": 553, "y": 548}, {"x": 543, "y": 548}], [{"x": 543, "y": 580}, {"x": 553, "y": 580}, {"x": 553, "y": 570}, {"x": 543, "y": 570}], [{"x": 543, "y": 602}, {"x": 553, "y": 602}, {"x": 553, "y": 592}, {"x": 543, "y": 592}], [{"x": 543, "y": 624}, {"x": 553, "y": 624}, {"x": 553, "y": 614}, {"x": 543, "y": 614}], [{"x": 543, "y": 646}, {"x": 553, "y": 646}, {"x": 553, "y": 636}, {"x": 543, "y": 636}], [{"x": 543, "y": 668}, {"x": 553, "y": 668}, {"x": 553, "y": 658}, {"x": 543, "y": 658}], [{"x": 543, "y": 690}, {"x": 553, "y": 690}, {"x": 553, "y": 680}, {"x": 543, "y": 680}], [{"x": 543, "y": 712}, {"x": 553, "y": 712}, {"x": 553, "y": 702}, {"x": 543, "y": 702}], [{"x": 543, "y": 734}, {"x": 553, "y": 734}, {"x": 553, "y": 724}, {"x": 543, "y": 724}], [{"x": 543, "y": 756}, {"x": 553, "y": 756}, {"x": 553, "y": 746}, {"x": 543, "y": 746}], [{"x": 543, "y": 778}, {"x": 553, "y": 778}, {"x": 553, "y": 768}, {"x": 543, "y": 768}], [{"x": 565, "y": 162}, {"x": 575, "y": 162}, {"x": 575, "y": 152}, {"x": 565, "y": 152}], [{"x": 565, "y": 184}, {"x": 575, "y": 184}, {"x": 575, "y": 174}, {"x": 565, "y": 174}], [{"x": 565, "y": 206}, {"x": 575, "y": 206}, {"x": 579, "y": 196}, {"x": 565, "y": 196}], [{"x": 565, "y": 228}, {"x": 575, "y": 228}, {"x": 575, "y": 218}, {"x": 565, "y": 218}], [{"x": 565, "y": 250}, {"x": 575, "y": 250}, {"x": 575, "y": 240}, {"x": 565, "y": 240}], [{"x": 565, "y": 272}, {"x": 575, "y": 272}, {"x": 575, "y": 262}, {"x": 565, "y": 262}], [{"x": 565, "y": 294}, {"x": 575, "y": 294}, {"x": 575, "y": 284}, {"x": 565, "y": 284}], [{"x": 565, "y": 316}, {"x": 575, "y": 316}, {"x": 575, "y": 306}, {"x": 565, "y": 306}], [{"x": 565, "y": 338}, {"x": 575, "y": 338}, {"x": 575, "y": 328}, {"x": 565, "y": 328}], [{"x": 565, "y": 360}, {"x": 575, "y": 360}, {"x": 575, "y": 350}, {"x": 565, "y": 350}], [{"x": 565, "y": 382}, {"x": 575, "y": 382}, {"x": 575, "y": 372}, {"x": 565, "y": 372}], [{"x": 565, "y": 404}, {"x": 575, "y": 404}, {"x": 575, "y": 394}, {"x": 565, "y": 394}], [{"x": 565, "y": 426}, {"x": 575, "y": 426}, {"x": 575, "y": 416}, {"x": 565, "y": 416}], [{"x": 565, "y": 448}, {"x": 575, "y": 448}, {"x": 575, "y": 438}, {"x": 565, "y": 438}], [{"x": 565, "y": 492}, {"x": 575, "y": 492}, {"x": 575, "y": 482}, {"x": 565, "y": 482}], [{"x": 565, "y": 514}, {"x": 575, "y": 514}, {"x": 575, "y": 504}, {"x": 565, "y": 504}], [{"x": 565, "y": 536}, {"x": 575, "y": 536}, {"x": 575, "y": 526}, {"x": 565, "y": 526}], [{"x": 565, "y": 558}, {"x": 575, "y": 558}, {"x": 575, "y": 548}, {"x": 565, "y": 548}], [{"x": 565, "y": 580}, {"x": 575, "y": 580}, {"x": 575, "y": 570}, {"x": 565, "y": 570}], [{"x": 565, "y": 602}, {"x": 575, "y": 602}, {"x": 575, "y": 592}, {"x": 565, "y": 592}], [{"x": 565, "y": 624}, {"x": 575, "y": 624}, {"x": 575, "y": 614}, {"x": 565, "y": 614}], [{"x": 565, "y": 646}, {"x": 575, "y": 646}, {"x": 575, "y": 636}, {"x": 565, "y": 636}], [{"x": 565, "y": 668}, {"x": 575, "y": 668}, {"x": 575, "y": 658}, {"x": 565, "y": 658}], [{"x": 565, "y": 690}, {"x": 575, "y": 690}, {"x": 575, "y": 680}, {"x": 565, "y": 680}], [{"x": 565, "y": 712}, {"x": 575, "y": 712}, {"x": 575, "y": 702}, {"x": 565, "y": 702}], [{"x": 565, "y": 734}, {"x": 575, "y": 734}, {"x": 575, "y": 724}, {"x": 565, "y": 724}], [{"x": 565, "y": 756}, {"x": 575, "y": 756}, {"x": 575, "y": 746}, {"x": 565, "y": 746}], [{"x": 565, "y": 778}, {"x": 575, "y": 778}, {"x": 575, "y": 768}, {"x": 565, "y": 768}], [{"x": 565, "y": 800}, {"x": 575, "y": 800}, {"x": 575, "y": 790}, {"x": 565, "y": 790}], [{"x": 587, "y": 162}, {"x": 597, "y": 162}, {"x": 597, "y": 152}, {"x": 587, "y": 152}], [{"x": 587, "y": 184}, {"x": 597, "y": 184}, {"x": 597, "y": 174}, {"x": 587, "y": 174}], [{"x": 587, "y": 206}, {"x": 597, "y": 206}, {"x": 597, "y": 196}, {"x": 587, "y": 196}], [{"x": 587, "y": 228}, {"x": 597, "y": 228}, {"x": 597, "y": 218}, {"x": 587, "y": 218}], [{"x": 587, "y": 250}, {"x": 597, "y": 250}, {"x": 597, "y": 240}, {"x": 587, "y": 240}], [{"x": 587, "y": 272}, {"x": 597, "y": 276}, {"x": 597, "y": 262}, {"x": 587, "y": 262}], [{"x": 587, "y": 294}, {"x": 597, "y": 294}, {"x": 597, "y": 284}, {"x": 587, "y": 284}], [{"x": 587, "y": 316}, {"x": 597, "y": 316}, {"x": 597, "y": 306}, {"x": 587, "y": 306}], [{"x": 587, "y": 338}, {"x": 597, "y": 338}, {"x": 597, "y": 328}, {"x": 587, "y": 328}], [{"x": 587, "y": 360}, {"x": 597, "y": 360}, {"x": 597, "y": 350}, {"x": 587, "y": 350}], [{"x": 587, "y": 384}, {"x": 597, "y": 382}, {"x": 597, "y": 372}, {"x": 587, "y": 372}], [{"x": 587, "y": 404}, {"x": 597, "y": 404}, {"x": 597, "y": 394}, {"x": 587, "y": 394}], [{"x": 587, "y": 426}, {"x": 597, "y": 426}, {"x": 597, "y": 416}, {"x": 587, "y": 416}], [{"x": 587, "y": 448}, {"x": 597, "y": 448}, {"x": 597, "y": 438}, {"x": 587, "y": 438}], [{"x": 587, "y": 470}, {"x": 597, "y": 470}, {"x": 597, "y": 460}, {"x": 587, "y": 460}], [{"x": 587, "y": 492}, {"x": 597, "y": 492}, {"x": 597, "y": 482}, {"x": 587, "y": 482}], [{"x": 587, "y": 514}, {"x": 597, "y": 514}, {"x": 597, "y": 504}, {"x": 587, "y": 504}], [{"x": 587, "y": 536}, {"x": 597, "y": 537}, {"x": 597, "y": 526}, {"x": 587, "y": 526}], [{"x": 587, "y": 558}, {"x": 597, "y": 558}, {"x": 597, "y": 548}, {"x": 587, "y": 548}], [{"x": 587, "y": 580}, {"x": 597, "y": 580}, {"x": 597, "y": 570}, {"x": 587, "y": 570}], [{"x": 587, "y": 602}, {"x": 597, "y": 602}, {"x": 597, "y": 592}, {"x": 587, "y": 592}], [{"x": 587, "y": 624}, {"x": 597, "y": 624}, {"x": 597, "y": 614}, {"x": 587, "y": 614}], [{"x": 587, "y": 646}, {"x": 597, "y": 646}, {"x": 597, "y": 636}, {"x": 587, "y": 636}], [{"x": 587, "y": 668}, {"x": 597, "y": 668}, {"x": 597, "y": 656}, {"x": 587, "y": 658}], [{"x": 587, "y": 690}, {"x": 597, "y": 690}, {"x": 597, "y": 680}, {"x": 587, "y": 680}], [{"x": 587, "y": 712}, {"x": 597, "y": 712}, {"x": 597, "y": 702}, {"x": 587, "y": 702}], [{"x": 587, "y": 734}, {"x": 597, "y": 734}, {"x": 597, "y": 724}, {"x": 587, "y": 724}], [{"x": 587, "y": 756}, {"x": 597, "y": 756}, {"x": 597, "y": 746}, {"x": 587, "y": 746}], [{"x": 587, "y": 778}, {"x": 597, "y": 778}, {"x": 597, "y": 768}, {"x": 587, "y": 768}], [{"x": 587, "y": 800}, {"x": 597, "y": 800}, {"x": 597, "y": 790}, {"x": 587, "y": 790}], [{"x": 609, "y": 162}, {"x": 619, "y": 162}, {"x": 619, "y": 152}, {"x": 609, "y": 152}], [{"x": 609, "y": 184}, {"x": 619, "y": 184}, {"x": 619, "y": 174}, {"x": 609, "y": 174}], [{"x": 609, "y": 206}, {"x": 619, "y": 206}, {"x": 619, "y": 196}, {"x": 609, "y": 196}], [{"x": 609, "y": 228}, {"x": 619, "y": 228}, {"x": 619, "y": 218}, {"x": 609, "y": 218}], [{"x": 609, "y": 250}, {"x": 619, "y": 250}, {"x": 619, "y": 240}, {"x": 609, "y": 240}], [{"x": 609, "y": 272}, {"x": 619, "y": 272}, {"x": 619, "y": 262}, {"x": 609, "y": 262}], [{"x": 609, "y": 294}, {"x": 619, "y": 294}, {"x": 619, "y": 284}, {"x": 609, "y": 284}], [{"x": 609, "y": 316}, {"x": 619, "y": 316}, {"x": 619, "y": 306}, {"x": 609, "y": 306}], [{"x": 609, "y": 338}, {"x": 619, "y": 338}, {"x": 619, "y": 328}, {"x": 609, "y": 328}], [{"x": 609, "y": 360}, {"x": 619, "y": 360}, {"x": 619, "y": 350}, {"x": 609, "y": 350}], [{"x": 609, "y": 382}, {"x": 619, "y": 382}, {"x": 619, "y": 372}, {"x": 609, "y": 372}], [{"x": 609, "y": 404}, {"x": 619, "y": 404}, {"x": 619, "y": 394}, {"x": 609, "y": 394}], [{"x": 609, "y": 426}, {"x": 619, "y": 426}, {"x": 619, "y": 416}, {"x": 606, "y": 416}], [{"x": 609, "y": 448}, {"x": 619, "y": 448}, {"x": 619, "y": 438}, {"x": 609, "y": 438}], [{"x": 609, "y": 470}, {"x": 619, "y": 470}, {"x": 619, "y": 460}, {"x": 609, "y": 460}], [{"x": 609, "y": 492}, {"x": 619, "y": 492}, {"x": 619, "y": 482}, {"x": 609, "y": 482}], [{"x": 609, "y": 514}, {"x": 619, "y": 514}, {"x": 619, "y": 504}, {"x": 609, "y": 504}], [{"x": 609, "y": 536}, {"x": 619, "y": 536}, {"x": 619, "y": 526}, {"x": 609, "y": 526}], [{"x": 609, "y": 558}, {"x": 619, "y": 558}, {"x": 619, "y": 548}, {"x": 609, "y": 548}], [{"x": 609, "y": 580}, {"x": 619, "y": 580}, {"x": 619, "y": 570}, {"x": 609, "y": 570}], [{"x": 609, "y": 602}, {"x": 619, "y": 602}, {"x": 619, "y": 592}, {"x": 609, "y": 592}], [{"x": 609, "y": 624}, {"x": 619, "y": 624}, {"x": 619, "y": 613}, {"x": 609, "y": 614}], [{"x": 609, "y": 646}, {"x": 619, "y": 646}, {"x": 619, "y": 636}, {"x": 609, "y": 636}], [{"x": 609, "y": 668}, {"x": 619, "y": 668}, {"x": 619, "y": 658}, {"x": 609, "y": 658}], [{"x": 609, "y": 690}, {"x": 619, "y": 690}, {"x": 619, "y": 680}, {"x": 609, "y": 680}], [{"x": 609, "y": 712}, {"x": 619, "y": 712}, {"x": 619, "y": 702}, {"x": 609, "y": 702}], [{"x": 609, "y": 734}, {"x": 619, "y": 734}, {"x": 619, "y": 724}, {"x": 609, "y": 724}], [{"x": 609, "y": 756}, {"x": 619, "y": 756}, {"x": 619, "y": 746}, {"x": 609, "y": 746}], [{"x": 609, "y": 778}, {"x": 619, "y": 778}, {"x": 619, "y": 768}, {"x": 609, "y": 768}], [{"x": 609, "y": 800}, {"x": 619, "y": 800}, {"x": 619, "y": 790}, {"x": 609, "y": 790}], [{"x": 631, "y": 162}, {"x": 641, "y": 162}, {"x": 641, "y": 152}, {"x": 631, "y": 152}], [{"x": 631, "y": 184}, {"x": 641, "y": 184}, {"x": 641, "y": 174}, {"x": 631, "y": 174}], [{"x": 631, "y": 206}, {"x": 641, "y": 206}, {"x": 641, "y": 196}, {"x": 631, "y": 196}], [{"x": 631, "y": 228}, {"x": 641, "y": 228}, {"x": 641, "y": 218}, {"x": 631, "y": 218}], [{"x": 631, "y": 250}, {"x": 641, "y": 250}, {"x": 641, "y": 240}, {"x": 631, "y": 240}], [{"x": 631, "y": 272}, {"x": 641, "y": 272}, {"x": 641, "y": 262}, {"x": 631, "y": 262}], [{"x": 631, "y": 294}, {"x": 641, "y": 294}, {"x": 641, "y": 284}, {"x": 631, "y": 284}], [{"x": 631, "y": 316}, {"x": 641, "y": 316}, {"x": 641, "y": 306}, {"x": 631, "y": 306}], [{"x": 631, "y": 338}, {"x": 641, "y": 338}, {"x": 641, "y": 328}, {"x": 631, "y": 328}], [{"x": 631, "y": 360}, {"x": 641, "y": 360}, {"x": 641, "y": 350}, {"x": 631, "y": 350}], [{"x": 631, "y": 382}, {"x": 641, "y": 382}, {"x": 641, "y": 372}, {"x": 631, "y": 372}], [{"x": 631, "y": 404}, {"x": 641, "y": 404}, {"x": 641, "y": 394}, {"x": 631, "y": 394}], [{"x": 631, "y": 426}, {"x": 641, "y": 426}, {"x": 641, "y": 416}, {"x": 631, "y": 416}], [{"x": 631, "y": 448}, {"x": 641, "y": 448}, {"x": 641, "y": 438}, {"x": 631, "y": 438}], [{"x": 631, "y": 470}, {"x": 641, "y": 470}, {"x": 641, "y": 460}, {"x": 631, "y": 460}], [{"x": 631, "y": 492}, {"x": 641, "y": 492}, {"x": 641, "y": 482}, {"x": 631, "y": 482}], [{"x": 631, "y": 514}, {"x": 641, "y": 514}, {"x": 641, "y": 504}, {"x": 631, "y": 504}], [{"x": 631, "y": 536}, {"x": 641, "y": 536}, {"x": 641, "y": 526}, {"x": 631, "y": 526}], [{"x": 631, "y": 558}, {"x": 641, "y": 558}, {"x": 641, "y": 548}, {"x": 631, "y": 548}], [{"x": 631, "y": 580}, {"x": 641, "y": 580}, {"x": 641, "y": 570}, {"x": 631, "y": 570}], [{"x": 631, "y": 602}, {"x": 641, "y": 602}, {"x": 641, "y": 592}, {"x": 631, "y": 592}], [{"x": 631, "y": 624}, {"x": 641, "y": 624}, {"x": 641, "y": 614}, {"x": 631, "y": 614}], [{"x": 631, "y": 646}, {"x": 641, "y": 646}, {"x": 641, "y": 636}, {"x": 631, "y": 636}], [{"x": 631, "y": 668}, {"x": 641, "y": 668}, {"x": 641, "y": 658}, {"x": 631, "y": 658}], [{"x": 631, "y": 690}, {"x": 641, "y": 690}, {"x": 641, "y": 680}, {"x": 631, "y": 680}], [{"x": 631, "y": 712}, {"x": 641, "y": 712}, {"x": 641, "y": 702}, {"x": 631, "y": 702}], [{"x": 631, "y": 734}, {"x": 641, "y": 738}, {"x": 641, "y": 724}, {"x": 631, "y": 724}], [{"x": 631, "y": 756}, {"x": 641, "y": 756}, {"x": 641, "y": 746}, {"x": 631, "y": 746}], [{"x": 631, "y": 780}, {"x": 641, "y": 778}, {"x": 641, "y": 768}, {"x": 631, "y": 768}], [{"x": 631, "y": 800}, {"x": 641, "y": 800}, {"x": 641, "y": 790}, {"x": 631, "y": 790}], [{"x": 631, "y": 822}, {"x": 641, "y": 822}, {"x": 641, "y": 812}, {"x": 631, "y": 812}], [{"x": 653, "y": 162}, {"x": 663, "y": 165}, {"x": 663, "y": 152}, {"x": 653, "y": 152}], [{"x": 653, "y": 184}, {"x": 663, "y": 184}, {"x": 663, "y": 174}, {"x": 653, "y": 174}], [{"x": 653, "y": 206}, {"x": 663, "y": 206}, {"x": 663, "y": 196}, {"x": 653, "y": 196}], [{"x": 653, "y": 228}, {"x": 663, "y": 228}, {"x": 663, "y": 218}, {"x": 653, "y": 218}], [{"x": 653, "y": 250}, {"x": 663, "y": 250}, {"x": 663, "y": 240}, {"x": 652, "y": 240}], [{"x": 653, "y": 272}, {"x": 663, "y": 272}, {"x": 663, "y": 262}, {"x": 653, "y": 262}], [{"x": 653, "y": 294}, {"x": 663, "y": 294}, {"x": 663, "y": 284}, {"x": 653, "y": 284}], [{"x": 653, "y": 316}, {"x": 663, "y": 316}, {"x": 663, "y": 306}, {"x": 653, "y": 306}], [{"x": 653, "y": 338}, {"x": 663, "y": 338}, {"x": 663, "y": 328}, {"x": 653, "y": 328}], [{"x": 653, "y": 360}, {"x": 663, "y": 360}, {"x": 663, "y": 350}, {"x": 653, "y": 350}], [{"x": 653, "y": 382}, {"x": 663, "y": 382}, {"x": 663, "y": 372}, {"x": 653, "y": 372}], [{"x": 653, "y": 404}, {"x": 663, "y": 404}, {"x": 663, "y": 394}, {"x": 653, "y": 394}], [{"x": 653, "y": 426}, {"x": 663, "y": 426}, {"x": 663, "y": 416}, {"x": 653, "y": 416}], [{"x": 653, "y": 448}, {"x": 663, "y": 448}, {"x": 663, "y": 438}, {"x": 653, "y": 438}], [{"x": 653, "y": 470}, {"x": 663, "y": 470}, {"x": 663, "y": 460}, {"x": 653, "y": 460}], [{"x": 653, "y": 492}, {"x": 663, "y": 492}, {"x": 665, "y": 482}, {"x": 653, "y": 482}], [{"x": 653, "y": 514}, {"x": 663, "y": 514}, {"x": 663, "y": 504}, {"x": 653, "y": 504}], [{"x": 653, "y": 536}, {"x": 663, "y": 536}, {"x": 663, "y": 526}, {"x": 653, "y": 526}], [{"x": 653, "y": 558}, {"x": 663, "y": 558}, {"x": 663, "y": 548}, {"x": 653, "y": 544}], [{"x": 653, "y": 580}, {"x": 663, "y": 580}, {"x": 663, "y": 570}, {"x": 653, "y": 570}], [{"x": 653, "y": 602}, {"x": 663, "y": 602}, {"x": 663, "y": 592}, {"x": 653, "y": 592}], [{"x": 653, "y": 624}, {"x": 663, "y": 624}, {"x": 663, "y": 614}, {"x": 653, "y": 614}], [{"x": 653, "y": 646}, {"x": 663, "y": 646}, {"x": 663, "y": 636}, {"x": 653, "y": 636}], [{"x": 653, "y": 668}, {"x": 663, "y": 668}, {"x": 663, "y": 658}, {"x": 653, "y": 658}], [{"x": 653, "y": 690}, {"x": 663, "y": 690}, {"x": 663, "y": 680}, {"x": 653, "y": 680}], [{"x": 653, "y": 712}, {"x": 663, "y": 712}, {"x": 663, "y": 702}, {"x": 653, "y": 702}], [{"x": 653, "y": 734}, {"x": 663, "y": 734}, {"x": 663, "y": 724}, {"x": 653, "y": 724}], [{"x": 653, "y": 778}, {"x": 663, "y": 778}, {"x": 663, "y": 768}, {"x": 653, "y": 768}], [{"x": 653, "y": 800}, {"x": 663, "y": 800}, {"x": 663, "y": 790}, {"x": 653, "y": 790}], [{"x": 653, "y": 822}, {"x": 663, "y": 822}, {"x": 663, "y": 812}, {"x": 653, "y": 812}], [{"x": 675, "y": 162}, {"x": 685, "y": 162}, {"x": 685, "y": 152}, {"x": 675, "y": 152}], [{"x": 675, "y": 184}, {"x": 685, "y": 184}, {"x": 685, "y": 174}, {"x": 675, "y": 174}], [{"x": 675, "y": 206}, {"x": 685, "y": 206}, {"x": 685, "y": 196}, {"x": 675, "y": 196}], [{"x": 675, "y": 228}, {"x": 685, "y": 228}, {"x": 685, "y": 218}, {"x": 675, "y": 218}], [{"x": 675, "y": 250}, {"x": 685, "y": 250}, {"x": 685, "y": 240}, {"x": 675, "y": 240}], [{"x": 675, "y": 272}, {"x": 685, "y": 272}, {"x": 685, "y": 262}, {"x": 675, "y": 262}], [{"x": 675, "y": 294}, {"x": 685, "y": 294}, {"x": 685, "y": 284}, {"x": 675, "y": 284}], [{"x": 675, "y": 316}, {"x": 685, "y": 316}, {"x": 685, "y": 306}, {"x": 675, "y": 306}], [{"x": 675, "y": 338}, {"x": 685, "y": 338}, {"x": 685, "y": 328}, {"x": 675, "y": 328}], [{"x": 675, "y": 360}, {"x": 685, "y": 360}, {"x": 685, "y": 350}, {"x": 675, "y": 350}], [{"x": 675, "y": 382}, {"x": 689, "y": 382}, {"x": 685, "y": 372}, {"x": 675, "y": 372}], [{"x": 675, "y": 404}, {"x": 685, "y": 404}, {"x": 685, "y": 394}, {"x": 675, "y": 394}], [{"x": 675, "y": 426}, {"x": 685, "y": 426}, {"x": 685, "y": 416}, {"x": 675, "y": 416}], [{"x": 675, "y": 452}, {"x": 685, "y": 448}, {"x": 685, "y": 438}, {"x": 675, "y": 438}], [{"x": 675, "y": 470}, {"x": 685, "y": 470}, {"x": 685, "y": 460}, {"x": 675, "y": 460}], [{"x": 675, "y": 492}, {"x": 685, "y": 492}, {"x": 685, "y": 482}, {"x": 675, "y": 482}], [{"x": 675, "y": 514}, {"x": 685, "y": 514}, {"x": 685, "y": 504}, {"x": 675, "y": 504}], [{"x": 675, "y": 536}, {"x": 685, "y": 536}, {"x": 685, "y": 526}, {"x": 675, "y": 526}], [{"x": 675, "y": 558}, {"x": 687, "y": 558}, {"x": 685, "y": 548}, {"x": 675, "y": 548}], [{"x": 675, "y": 580}, {"x": 685, "y": 580}, {"x": 685, "y": 570}, {"x": 675, "y": 570}], [{"x": 675, "y": 602}, {"x": 685, "y": 602}, {"x": 685, "y": 592}, {"x": 675, "y": 592}], [{"x": 675, "y": 624}, {"x": 685, "y": 624}, {"x": 685, "y": 614}, {"x": 675, "y": 614}], [{"x": 675, "y": 646}, {"x": 685, "y": 646}, {"x": 685, "y": 636}, {"x": 675, "y": 636}], [{"x": 675, "y": 668}, {"x": 685, "y": 668}, {"x": 685, "y": 658}, {"x": 675, "y": 658}], [{"x": 675, "y": 690}, {"x": 685, "y": 690}, {"x": 685, "y": 680}, {"x": 675, "y": 680}], [{"x": 675, "y": 712}, {"x": 685, "y": 712}, {"x": 685, "y": 702}, {"x": 675, "y": 698}], [{"x": 675, "y": 734}, {"x": 685, "y": 734}, {"x": 685, "y": 724}, {"x": 675, "y": 724}], [{"x": 675, "y": 756}, {"x": 685, "y": 756}, {"x": 685, "y": 746}, {"x": 675, "y": 746}], [{"x": 675, "y": 778}, {"x": 685, "y": 778}, {"x": 685, "y": 768}, {"x": 675, "y": 768}], [{"x": 675, "y": 800}, {"x": 685, "y": 800}, {"x": 685, "y": 790}, {"x": 675, "y": 790}], [{"x": 675, "y": 822}, {"x": 688, "y": 822}, {"x": 685, "y": 812}, {"x": 675, "y": 812}], [{"x": 675, "y": 844}, {"x": 685, "y": 844}, {"x": 685, "y": 834}, {"x": 675, "y": 834}], [{"x": 697, "y": 162}, {"x": 707, "y": 162}, {"x": 707, "y": 152}, {"x": 697, "y": 152}], [{"x": 697, "y": 184}, {"x": 707, "y": 184}, {"x": 707, "y": 174}, {"x": 697, "y": 174}], [{"x": 697, "y": 206}, {"x": 707, "y": 206}, {"x": 707, "y": 196}, {"x": 697, "y": 196}], [{"x": 697, "y": 228}, {"x": 707, "y": 228}, {"x": 707, "y": 218}, {"x": 697, "y": 218}], [{"x": 697, "y": 250}, {"x": 707, "y": 250}, {"x": 707, "y": 240}, {"x": 697, "y": 240}], [{"x": 697, "y": 272}, {"x": 707, "y": 272}, {"x": 707, "y": 262}, {"x": 697, "y": 262}], [{"x": 697, "y": 294}, {"x": 707, "y": 294}, {"x": 707, "y": 284}, {"x": 697, "y": 284}], [{"x": 697, "y": 316}, {"x": 707, "y": 316}, {"x": 707, "y": 306}, {"x": 697, "y": 306}], [{"x": 697, "y": 338}, {"x": 707, "y": 338}, {"x": 707, "y": 328}, {"x": 697, "y": 328}], [{"x": 697, "y": 360}, {"x": 707, "y": 360}, {"x": 707, "y": 350}, {"x": 697, "y": 350}], [{"x": 697, "y": 382}, {"x": 707, "y": 382}, {"x": 707, "y": 370}, {"x": 697, "y": 372}], [{"x": 697, "y": 404}, {"x": 707, "y": 404}, {"x": 707, "y": 394}, {"x": 697, "y": 394}], [{"x": 697, "y": 426}, {"x": 707, "y": 426}, {"x": 707, "y": 416}, {"x": 697, "y": 416}], [{"x": 697, "y": 448}, {"x": 707, "y": 448}, {"x": 707, "y": 438}, {"x": 697, "y": 438}], [{"x": 697, "y": 470}, {"x": 707, "y": 470}, {"x": 707, "y": 460}, {"x": 697, "y": 460}], [{"x": 697, "y": 492}, {"x": 707, "y": 492}, {"x": 707, "y": 482}, {"x": 697, "y": 482}], [{"x": 697, "y": 514}, {"x": 707, "y": 514}, {"x": 707, "y": 504}, {"x": 697, "y": 504}], [{"x": 697, "y": 536}, {"x": 707, "y": 536}, {"x": 707, "y": 526}, {"x": 697, "y": 526}], [{"x": 697, "y": 558}, {"x": 707, "y": 558}, {"x": 707, "y": 548}, {"x": 697, "y": 548}], [{"x": 697, "y": 580}, {"x": 707, "y": 580}, {"x": 707, "y": 570}, {"x": 697, "y": 570}], [{"x": 697, "y": 602}, {"x": 707, "y": 602}, {"x": 707, "y": 592}, {"x": 697, "y": 592}], [{"x": 697, "y": 624}, {"x": 707, "y": 624}, {"x": 707, "y": 614}, {"x": 697, "y": 614}], [{"x": 697, "y": 646}, {"x": 707, "y": 646}, {"x": 707, "y": 636}, {"x": 697, "y": 636}], [{"x": 697, "y": 668}, {"x": 707, "y": 668}, {"x": 707, "y": 658}, {"x": 697, "y": 658}], [{"x": 697, "y": 690}, {"x": 707, "y": 690}, {"x": 707, "y": 680}, {"x": 697, "y": 680}], [{"x": 697, "y": 712}, {"x": 707, "y": 712}, {"x": 707, "y": 702}, {"x": 697, "y": 702}], [{"x": 697, "y": 734}, {"x": 707, "y": 734}, {"x": 707, "y": 724}, {"x": 697, "y": 724}], [{"x": 697, "y": 778}, {"x": 707, "y": 778}, {"x": 707, "y": 768}, {"x": 697, "y": 768}], [{"x": 697, "y": 800}, {"x": 707, "y": 800}, {"x": 707, "y": 790}, {"x": 697, "y": 790}], [{"x": 697, "y": 822}, {"x": 707, "y": 822}, {"x": 707, "y": 812}, {"x": 697, "y": 812}], [{"x": 697, "y": 844}, {"x": 707, "y": 844}, {"x": 707, "y": 834}, {"x": 697, "y": 834}], [{"x": 719, "y": 162}, {"x": 729, "y": 162}, {"x": 729, "y": 152}, {"x": 719, "y": 152}], [{"x": 719, "y": 184}, {"x": 729, "y": 184}, {"x": 729, "y": 174}, {"x": 719, "y": 174}], [{"x": 719, "y": 206}, {"x": 729, "y": 206}, {"x": 729, "y": 196}, {"x": 719, "y": 196}], [{"x": 719, "y": 228}, {"x": 729, "y": 228}, {"x": 729, "y": 218}, {"x": 719, "y": 218}], [{"x": 719, "y": 250}, {"x": 729, "y": 250}, {"x": 729, "y": 240}, {"x": 719, "y": 240}], [{"x": 719, "y": 272}, {"x": 729, "y": 272}, {"x": 729, "y": 262}, {"x": 719, "y": 262}], [{"x": 719, "y": 294}, {"x": 729, "y": 294}, {"x": 729, "y": 284}, {"x": 719, "y": 284}], [{"x": 719, "y": 316}, {"x": 729, "y": 316}, {"x": 729, "y": 306}, {"x": 719, "y": 306}], [{"x": 719, "y": 338}, {"x": 729, "y": 338}, {"x": 729, "y": 328}, {"x": 719, "y": 328}], [{"x": 719, "y": 360}, {"x": 729, "y": 360}, {"x": 729, "y": 350}, {"x": 719, "y": 350}], [{"x": 719, "y": 382}, {"x": 729, "y": 382}, {"x": 729, "y": 372}, {"x": 719, "y": 372}], [{"x": 719, "y": 404}, {"x": 729, "y": 404}, {"x": 729, "y": 394}, {"x": 719, "y": 394}], [{"x": 719, "y": 426}, {"x": 729, "y": 426}, {"x": 729, "y": 416}, {"x": 719, "y": 416}], [{"x": 719, "y": 448}, {"x": 729, "y": 448}, {"x": 729, "y": 438}, {"x": 719, "y": 438}], [{"x": 719, "y": 470}, {"x": 729, "y": 470}, {"x": 729, "y": 460}, {"x": 719, "y": 460}], [{"x": 719, "y": 492}, {"x": 729, "y": 492}, {"x": 729, "y": 482}, {"x": 719, "y": 482}], [{"x": 719, "y": 514}, {"x": 729, "y": 514}, {"x": 729, "y": 504}, {"x": 719, "y": 504}], [{"x": 719, "y": 536}, {"x": 729, "y": 536}, {"x": 729, "y": 526}, {"x": 719, "y": 526}], [{"x": 719, "y": 558}, {"x": 729, "y": 558}, {"x": 729, "y": 548}, {"x": 719, "y": 548}], [{"x": 719, "y": 580}, {"x": 729, "y": 580}, {"x": 729, "y": 570}, {"x": 719, "y": 570}], [{"x": 719, "y": 602}, {"x": 729, "y": 602}, {"x": 729, "y": 592}, {"x": 719, "y": 592}], [{"x": 719, "y": 624}, {"x": 729, "y": 624}, {"x": 729, "y": 614}, {"x": 719, "y": 614}], [{"x": 719, "y": 646}, {"x": 730, "y": 646}, {"x": 729, "y": 636}, {"x": 719, "y": 636}], [{"x": 719, "y": 668}, {"x": 729, "y": 668}, {"x": 729, "y": 658}, {"x": 719, "y": 658}], [{"x": 719, "y": 690}, {"x": 729, "y": 691}, {"x": 729, "y": 680}, {"x": 719, "y": 680}], [{"x": 719, "y": 712}, {"x": 729, "y": 712}, {"x": 729, "y": 702}, {"x": 719, "y": 702}], [{"x": 719, "y": 734}, {"x": 729, "y": 734}, {"x": 729, "y": 724}, {"x": 719, "y": 724}], [{"x": 719, "y": 756}, {"x": 729, "y": 756}, {"x": 729, "y": 746}, {"x": 719, "y": 746}], [{"x": 719, "y": 778}, {"x": 729, "y": 778}, {"x": 729, "y": 768}, {"x": 719, "y": 768}], [{"x": 719, "y": 800}, {"x": 729, "y": 800}, {"x": 729, "y": 790}, {"x": 719, "y": 790}], [{"x": 719, "y": 822}, {"x": 729, "y": 822}, {"x": 729, "y": 812}, {"x": 719, "y": 812}], [{"x": 719, "y": 844}, {"x": 729, "y": 844}, {"x": 729, "y": 834}, {"x": 719, "y": 834}], [{"x": 741, "y": 162}, {"x": 751, "y": 162}, {"x": 751, "y": 152}, {"x": 741, "y": 152}], [{"x": 741, "y": 184}, {"x": 751, "y": 184}, {"x": 751, "y": 174}, {"x": 741, "y": 174}], [{"x": 741, "y": 206}, {"x": 751, "y": 206}, {"x": 751, "y": 196}, {"x": 741, "y": 196}], [{"x": 741, "y": 228}, {"x": 751, "y": 228}, {"x": 751, "y": 218}, {"x": 741, "y": 218}], [{"x": 741, "y": 250}, {"x": 751, "y": 250}, {"x": 751, "y": 240}, {"x": 741, "y": 240}], [{"x": 741, "y": 272}, {"x": 751, "y": 272}, {"x": 751, "y": 262}, {"x": 741, "y": 262}], [{"x": 741, "y": 294}, {"x": 751, "y": 294}, {"x": 751, "y": 284}, {"x": 741, "y": 284}], [{"x": 741, "y": 316}, {"x": 751, "y": 316}, {"x": 751, "y": 306}, {"x": 741, "y": 306}], [{"x": 741, "y": 338}, {"x": 751, "y": 338}, {"x": 751, "y": 328}, {"x": 741, "y": 328}], [{"x": 741, "y": 360}, {"x": 751, "y": 360}, {"x": 751, "y": 350}, {"x": 741, "y": 350}], [{"x": 741, "y": 382}, {"x": 751, "y": 382}, {"x": 751, "y": 372}, {"x": 741, "y": 372}], [{"x": 741, "y": 404}, {"x": 751, "y": 404}, {"x": 751, "y": 394}, {"x": 741, "y": 394}], [{"x": 741, "y": 426}, {"x": 751, "y": 426}, {"x": 751, "y": 416}, {"x": 741, "y": 416}], [{"x": 741, "y": 448}, {"x": 751, "y": 448}, {"x": 751, "y": 438}, {"x": 741, "y": 438}], [{"x": 741, "y": 470}, {"x": 751, "y": 470}, {"x": 751, "y": 460}, {"x": 741, "y": 460}], [{"x": 741, "y": 492}, {"x": 751, "y": 492}, {"x": 751, "y": 482}, {"x": 741, "y": 482}], [{"x": 741, "y": 514}, {"x": 751, "y": 514}, {"x": 751, "y": 504}, {"x": 741, "y": 504}], [{"x": 741, "y": 536}, {"x": 751, "y": 536}, {"x": 751, "y": 523}, {"x": 741, "y": 526}], [{"x": 741, "y": 558}, {"x": 751, "y": 558}, {"x": 751, "y": 548}, {"x": 741, "y": 548}], [{"x": 741, "y": 580}, {"x": 751, "y": 580}, {"x": 751, "y": 570}, {"x": 741, "y": 570}], [{"x": 741, "y": 602}, {"x": 751, "y": 602}, {"x": 751, "y": 592}, {"x": 741, "y": 592}], [{"x": 741, "y": 624}, {"x": 751, "y": 624}, {"x": 751, "y": 614}, {"x": 741, "y": 614}], [{"x": 741, "y": 646}, {"x": 751, "y": 646}, {"x": 751, "y": 636}, {"x": 741, "y": 636}], [{"x": 741, "y": 668}, {"x": 751, "y": 668}, {"x": 751, "y": 658}, {"x": 741, "y": 658}], [{"x": 741, "y": 690}, {"x": 751, "y": 690}, {"x": 751, "y": 680}, {"x": 741, "y": 680}], [{"x": 741, "y": 712}, {"x": 751, "y": 712}, {"x": 751, "y": 702}, {"x": 741, "y": 702}], [{"x": 741, "y": 734}, {"x": 751, "y": 734}, {"x": 751, "y": 724}, {"x": 741, "y": 724}], [{"x": 741, "y": 756}, {"x": 751, "y": 760}, {"x": 751, "y": 746}, {"x": 738, "y": 746}], [{"x": 741, "y": 778}, {"x": 751, "y": 778}, {"x": 751, "y": 768}, {"x": 741, "y": 768}], [{"x": 741, "y": 800}, {"x": 751, "y": 800}, {"x": 751, "y": 790}, {"x": 741, "y": 790}], [{"x": 741, "y": 822}, {"x": 751, "y": 822}, {"x": 751, "y": 812}, {"x": 741, "y": 812}], [{"x": 741, "y": 844}, {"x": 751, "y": 844}, {"x": 751, "y": 834}, {"x": 741, "y": 834}], [{"x": 741, "y": 866}, {"x": 751, "y": 866}, {"x": 751, "y": 856}, {"x": 741, "y": 856}], [{"x": 763, "y": 162}, {"x": 773, "y": 162}, {"x": 773, "y": 152}, {"x": 763, "y": 152}], [{"x": 763, "y": 184}, {"x": 773, "y": 184}, {"x": 773, "y": 174}, {"x": 763, "y": 174}], [{"x": 763, "y": 206}, {"x": 773, "y": 206}, {"x": 773, "y": 196}, {"x": 763, "y": 196}], [{"x": 763, "y": 228}, {"x": 773, "y": 228}, {"x": 773, "y": 218}, {"x": 763, "y": 218}], [{"x": 763, "y": 250}, {"x": 773, "y": 250}, {"x": 773, "y": 240}, {"x": 763, "y": 240}], [{"x": 763, "y": 272}, {"x": 773, "y": 272}, {"x": 773, "y": 262}, {"x": 763, "y": 262}], [{"x": 763, "y": 294}, {"x": 773, "y": 294}, {"x": 773, "y": 284}, {"x": 763, "y": 284}], [{"x": 763, "y": 316}, {"x": 773, "y": 316}, {"x": 773, "y": 306}, {"x": 763, "y": 306}], [{"x": 763, "y": 338}, {"x": 773, "y": 338}, {"x": 773, "y": 328}, {"x": 763, "y": 328}], [{"x": 763, "y": 360}, {"x": 773, "y": 360}, {"x": 773, "y": 350}, {"x": 763, "y": 350}], [{"x": 763, "y": 382}, {"x": 773, "y": 382}, {"x": 773, "y": 372}, {"x": 763, "y": 372}], [{"x": 763, "y": 404}, {"x": 773, "y": 404}, {"x": 773, "y": 394}, {"x": 763, "y": 394}], [{"x": 763, "y": 426}, {"x": 773, "y": 426}, {"x": 773, "y": 416}, {"x": 763, "y": 416}], [{"x": 763, "y": 448}, {"x": 773, "y": 448}, {"x": 773, "y": 438}, {"x": 763, "y": 438}], [{"x": 763, "y": 470}, {"x": 773, "y": 470}, {"x": 773, "y": 460}, {"x": 763, "y": 460}], [{"x": 763, "y": 492}, {"x": 773, "y": 492}, {"x": 773, "y": 482}, {"x": 763, "y": 482}], [{"x": 763, "y": 514}, {"x": 773, "y": 514}, {"x": 773, "y": 504}, {"x": 763, "y": 504}], [{"x": 763, "y": 536}, {"x": 773, "y": 536}, {"x": 773, "y": 526}, {"x": 763, "y": 526}], [{"x": 763, "y": 558}, {"x": 773, "y": 558}, {"x": 773, "y": 545}, {"x": 763, "y": 548}], [{"x": 763, "y": 580}, {"x": 773, "y": 580}, {"x": 773, "y": 570}, {"x": 763, "y": 570}], [{"x": 763, "y": 602}, {"x": 773, "y": 602}, {"x": 773, "y": 592}, {"x": 763, "y": 592}], [{"x": 763, "y": 624}, {"x": 773, "y": 624}, {"x": 773, "y": 614}, {"x": 763, "y": 614}], [{"x": 763, "y": 646}, {"x": 773, "y": 646}, {"x": 773, "y": 636}, {"x": 763, "y": 636}], [{"x": 760, "y": 668}, {"x": 773, "y": 668}, {"x": 773, "y": 658}, {"x": 763, "y": 658}], [{"x": 763, "y": 690}, {"x": 773, "y": 690}, {"x": 773, "y": 680}, {"x": 763, "y": 680}], [{"x": 763, "y": 712}, {"x": 773, "y": 712}, {"x": 773, "y": 702}, {"x": 763, "y": 702}], [{"x": 763, "y": 734}, {"x": 773, "y": 734}, {"x": 773, "y": 724}, {"x": 763, "y": 724}], [{"x": 763, "y": 756}, {"x": 773, "y": 756}, {"x": 773, "y": 746}, {"x": 763, "y": 746}], [{"x": 763, "y": 778}, {"x": 773, "y": 778}, {"x": 773, "y": 768}, {"x": 763, "y": 768}], [{"x": 763, "y": 800}, {"x": 773, "y": 800}, {"x": 773, "y": 790}, {"x": 763, "y": 790}], [{"x": 763, "y": 822}, {"x": 773, "y": 822}, {"x": 773, "y": 812}, {"x": 763, "y": 812}], [{"x": 785, "y": 162}, {"x": 795, "y": 162}, {"x": 795, "y": 152}, {"x": 785, "y": 152}], [{"x": 785, "y": 184}, {"x": 795, "y": 184}, {"x": 795, "y": 174}, {"x": 785, "y": 174}], [{"x": 785, "y": 206}, {"x": 795, "y": 206}, {"x": 795, "y": 196}, {"x": 785, "y": 196}], [{"x": 785, "y": 228}, {"x": 795, "y": 228}, {"x": 795, "y": 218}, {"x": 785, "y": 218}], [{"x": 785, "y": 250}, {"x": 795, "y": 250}, {"x": 795, "y": 240}, {"x": 785, "y": 240}], [{"x": 785, "y": 272}, {"x": 795, "y": 272}, {"x": 795, "y": 262}, {"x": 785, "y": 262}], [{"x": 785, "y": 294}, {"x": 795, "y": 294}, {"x": 795, "y": 284}, {"x": 785, "y": 284}], [{"x": 785, "y": 316}, {"x": 795, "y": 316}, {"x": 795, "y": 306}, {"x": 785, "y": 306}], [{"x": 785, "y": 338}, {"x": 795, "y": 338}, {"x": 795, "y": 328}, {"x": 785, "y": 328}], [{"x": 785, "y": 360}, {"x": 795, "y": 360}, {"x": 795, "y": 350}, {"x": 785, "y": 350}], [{"x": 785, "y": 382}, {"x": 795, "y": 382}, {"x": 795, "y": 372}, {"x": 785, "y": 372}], [{"x": 785, "y": 404}, {"x": 795, "y": 404}, {"x": 795, "y": 394}, {"x": 785, "y": 394}], [{"x": 785, "y": 426}, {"x": 795, "y": 426}, {"x": 795, "y": 416}, {"x": 785, "y": 416}], [{"x": 785, "y": 448}, {"x": 795, "y": 448}, {"x": 795, "y": 438}, {"x": 785, "y": 438}], [{"x": 785, "y": 470}, {"x": 795, "y": 470}, {"x": 795, "y": 460}, {"x": 785, "y": 460}], [{"x": 785, "y": 492}, {"x": 795, "y": 492}, {"x": 795, "y": 482}, {"x": 785, "y": 482}], [{"x": 785, "y": 514}, {"x": 795, "y": 514}, {"x": 795, "y": 504}, {"x": 785, "y": 504}], [{"x": 785, "y": 536}, {"x": 795, "y": 536}, {"x": 795, "y": 526}, {"x": 785, "y": 526}], [{"x": 785, "y": 558}, {"x": 795, "y": 558}, {"x": 795, "y": 548}, {"x": 785, "y": 548}], [{"x": 785, "y": 580}, {"x": 795, "y": 580}, {"x": 795, "y": 570}, {"x": 785, "y": 570}], [{"x": 785, "y": 602}, {"x": 795, "y": 602}, {"x": 795, "y": 592}, {"x": 785, "y": 592}], [{"x": 785, "y": 624}, {"x": 795, "y": 624}, {"x": 795, "y": 614}, {"x": 785, "y": 614}], [{"x": 785, "y": 646}, {"x": 795, "y": 646}, {"x": 795, "y": 636}, {"x": 785, "y": 636}], [{"x": 785, "y": 668}, {"x": 795, "y": 668}, {"x": 795, "y": 658}, {"x": 785, "y": 658}], [{"x": 785, "y": 690}, {"x": 795, "y": 690}, {"x": 795, "y": 680}, {"x": 785, "y": 680}], [{"x": 785, "y": 712}, {"x": 795, "y": 712}, {"x": 795, "y": 702}, {"x": 785, "y": 702}], [{"x": 785, "y": 734}, {"x": 795, "y": 734}, {"x": 795, "y": 724}, {"x": 785, "y": 723}], [{"x": 785, "y": 756}, {"x": 795, "y": 756}, {"x": 795, "y": 746}, {"x": 785, "y": 746}], [{"x": 785, "y": 778}, {"x": 795, "y": 778}, {"x": 795, "y": 768}, {"x": 785, "y": 768}], [{"x": 807, "y": 162}, {"x": 817, "y": 162}, {"x": 817, "y": 152}, {"x": 807, "y": 152}], [{"x": 807, "y": 184}, {"x": 817, "y": 184}, {"x": 817, "y": 174}, {"x": 807, "y": 174}], [{"x": 807, "y": 206}, {"x": 817, "y": 206}, {"x": 817, "y": 196}, {"x": 807, "y": 196}], [{"x": 807, "y": 228}, {"x": 817, "y": 228}, {"x": 817, "y": 218}, {"x": 807, "y": 218}], [{"x": 807, "y": 250}, {"x": 817, "y": 250}, {"x": 817, "y": 240}, {"x": 807, "y": 240}], [{"x": 807, "y": 272}, {"x": 817, "y": 272}, {"x": 817, "y": 262}, {"x": 807, "y": 262}], [{"x": 807, "y": 294}, {"x": 817, "y": 294}, {"x": 817, "y": 284}, {"x": 807, "y": 284}], [{"x": 807, "y": 316}, {"x": 817, "y": 316}, {"x": 817, "y": 306}, {"x": 807, "y": 306}], [{"x": 807, "y": 338}, {"x": 817, "y": 338}, {"x": 817, "y": 328}, {"x": 807, "y": 328}], [{"x": 807, "y": 360}, {"x": 817, "y": 360}, {"x": 817, "y": 350}, {"x": 807, "y": 350}], [{"x": 807, "y": 382}, {"x": 817, "y": 382}, {"x": 817, "y": 372}, {"x": 807, "y": 372}], [{"x": 807, "y": 404}, {"x": 817, "y": 404}, {"x": 817, "y": 394}, {"x": 807, "y": 394}], [{"x": 807, "y": 426}, {"x": 817, "y": 426}, {"x": 817, "y": 416}, {"x": 807, "y": 416}], [{"x": 807, "y": 448}, {"x": 817, "y": 448}, {"x": 817, "y": 438}, {"x": 807, "y": 438}], [{"x": 807, "y": 470}, {"x": 817, "y": 470}, {"x": 817, "y": 460}, {"x": 807, "y": 460}], [{"x": 807, "y": 492}, {"x": 817, "y": 492}, {"x": 817, "y": 482}, {"x": 807, "y": 482}], [{"x": 807, "y": 514}, {"x": 817, "y": 514}, {"x": 817, "y": 504}, {"x": 807, "y": 504}], [{"x": 807, "y": 536}, {"x": 817, "y": 536}, {"x": 817, "y": 526}, {"x": 807, "y": 526}], [{"x": 807, "y": 558}, {"x": 817, "y": 558}, {"x": 817, "y": 548}, {"x": 807, "y": 548}], [{"x": 807, "y": 580}, {"x": 817, "y": 580}, {"x": 817, "y": 570}, {"x": 807, "y": 570}], [{"x": 807, "y": 602}, {"x": 817, "y": 602}, {"x": 817, "y": 592}, {"x": 807, "y": 592}], [{"x": 807, "y": 624}, {"x": 817, "y": 624}, {"x": 817, "y": 614}, {"x": 807, "y": 614}], [{"x": 807, "y": 646}, {"x": 817, "y": 646}, {"x": 817, "y": 636}, {"x": 807, "y": 636}], [{"x": 807, "y": 668}, {"x": 817, "y": 668}, {"x": 817, "y": 658}, {"x": 807, "y": 658}], [{"x": 807, "y": 690}, {"x": 817, "y": 690}, {"x": 817, "y": 680}, {"x": 807, "y": 680}], [{"x": 807, "y": 712}, {"x": 817, "y": 712}, {"x": 817, "y": 702}, {"x": 807, "y": 702}], [{"x": 807, "y": 734}, {"x": 817, "y": 734}, {"x": 817, "y": 724}, {"x": 807, "y": 724}], [{"x": 829, "y": 162}, {"x": 839, "y": 162}, {"x": 839, "y": 152}, {"x": 829, "y": 152}], [{"x": 829, "y": 184}, {"x": 839, "y": 184}, {"x": 839, "y": 174}, {"x": 829, "y": 174}], [{"x": 829, "y": 206}, {"x": 839, "y": 206}, {"x": 839, "y": 196}, {"x": 829, "y": 196}], [{"x": 829, "y": 229}, {"x": 839, "y": 228}, {"x": 839, "y": 218}, {"x": 829, "y": 218}], [{"x": 829, "y": 272}, {"x": 839, "y": 272}, {"x": 839, "y": 262}, {"x": 829, "y": 262}], [{"x": 829, "y": 294}, {"x": 839, "y": 294}, {"x": 839, "y": 284}, {"x": 829, "y": 284}], [{"x": 829, "y": 316}, {"x": 839, "y": 316}, {"x": 839, "y": 306}, {"x": 829, "y": 306}], [{"x": 829, "y": 338}, {"x": 839, "y": 338}, {"x": 839, "y": 328}, {"x": 829, "y": 328}], [{"x": 829, "y": 360}, {"x": 839, "y": 360}, {"x": 839, "y": 350}, {"x": 829, "y": 350}], [{"x": 829, "y": 382}, {"x": 839, "y": 382}, {"x": 839, "y": 372}, {"x": 829, "y": 372}], [{"x": 829, "y": 404}, {"x": 839, "y": 404}, {"x": 839, "y": 394}, {"x": 829, "y": 394}], [{"x": 829, "y": 426}, {"x": 839, "y": 426}, {"x": 839, "y": 416}, {"x": 829, "y": 416}], [{"x": 829, "y": 448}, {"x": 839, "y": 448}, {"x": 839, "y": 438}, {"x": 829, "y": 438}], [{"x": 829, "y": 470}, {"x": 839, "y": 470}, {"x": 839, "y": 460}, {"x": 829, "y": 460}], [{"x": 829, "y": 492}, {"x": 839, "y": 492}, {"x": 839, "y": 482}, {"x": 829, "y": 482}], [{"x": 829, "y": 514}, {"x": 839, "y": 514}, {"x": 839, "y": 504}, {"x": 829, "y": 504}], [{"x": 829, "y": 536}, {"x": 839, "y": 536}, {"x": 839, "y": 526}, {"x": 829, "y": 526}], [{"x": 829, "y": 558}, {"x": 839, "y": 558}, {"x": 839, "y": 548}, {"x": 829, "y": 548}], [{"x": 829, "y": 580}, {"x": 839, "y": 580}, {"x": 839, "y": 570}, {"x": 829, "y": 570}], [{"x": 829, "y": 602}, {"x": 839, "y": 602}, {"x": 839, "y": 592}, {"x": 829, "y": 592}], [{"x": 829, "y": 624}, {"x": 839, "y": 624}, {"x": 839, "y": 614}, {"x": 829, "y": 614}], [{"x": 829, "y": 646}, {"x": 839, "y": 646}, {"x": 839, "y": 636}, {"x": 829, "y": 636}], [{"x": 829, "y": 669}, {"x": 839, "y": 668}, {"x": 839, "y": 658}, {"x": 829, "y": 658}], [{"x": 829, "y": 690}, {"x": 839, "y": 690}, {"x": 839, "y": 680}, {"x": 829, "y": 679}], [{"x": 829, "y": 712}, {"x": 839, "y": 712}, {"x": 839, "y": 702}, {"x": 829, "y": 702}], [{"x": 851, "y": 162}, {"x": 861, "y": 162}, {"x": 861, "y": 152}, {"x": 851, "y": 152}], [{"x": 851, "y": 184}, {"x": 861, "y": 184}, {"x": 861, "y": 174}, {"x": 851, "y": 174}], [{"x": 851, "y": 206}, {"x": 861, "y": 206}, {"x": 861, "y": 196}, {"x": 851, "y": 196}], [{"x": 851, "y": 228}, {"x": 861, "y": 228}, {"x": 861, "y": 218}, {"x": 851, "y": 218}], [{"x": 851, "y": 251}, {"x": 861, "y": 250}, {"x": 861, "y": 240}, {"x": 851, "y": 240}], [{"x": 851, "y": 272}, {"x": 861, "y": 272}, {"x": 861, "y": 262}, {"x": 851, "y": 262}], [{"x": 851, "y": 294}, {"x": 861, "y": 294}, {"x": 861, "y": 284}, {"x": 851, "y": 284}], [{"x": 851, "y": 316}, {"x": 861, "y": 316}, {"x": 861, "y": 306}, {"x": 851, "y": 306}], [{"x": 851, "y": 338}, {"x": 861, "y": 338}, {"x": 861, "y": 328}, {"x": 851, "y": 328}], [{"x": 851, "y": 360}, {"x": 861, "y": 360}, {"x": 861, "y": 350}, {"x": 851, "y": 350}], [{"x": 851, "y": 382}, {"x": 861, "y": 382}, {"x": 861, "y": 372}, {"x": 851, "y": 372}], [{"x": 851, "y": 404}, {"x": 861, "y": 404}, {"x": 861, "y": 394}, {"x": 851, "y": 394}], [{"x": 851, "y": 426}, {"x": 861, "y": 426}, {"x": 861, "y": 416}, {"x": 851, "y": 416}], [{"x": 851, "y": 448}, {"x": 861, "y": 448}, {"x": 861, "y": 438}, {"x": 851, "y": 438}], [{"x": 851, "y": 470}, {"x": 861, "y": 470}, {"x": 861, "y": 460}, {"x": 851, "y": 460}], [{"x": 851, "y": 492}, {"x": 861, "y": 492}, {"x": 861, "y": 482}, {"x": 851, "y": 482}], [{"x": 851, "y": 514}, {"x": 861, "y": 514}, {"x": 861, "y": 504}, {"x": 851, "y": 504}], [{"x": 851, "y": 536}, {"x": 861, "y": 536}, {"x": 861, "y": 526}, {"x": 851, "y": 526}], [{"x": 851, "y": 558}, {"x": 861, "y": 558}, {"x": 861, "y": 548}, {"x": 851, "y": 548}], [{"x": 851, "y": 580}, {"x": 861, "y": 580}, {"x": 861, "y": 570}, {"x": 851, "y": 570}], [{"x": 851, "y": 602}, {"x": 861, "y": 602}, {"x": 861, "y": 592}, {"x": 851, "y": 592}], [{"x": 851, "y": 624}, {"x": 861, "y": 624}, {"x": 861, "y": 614}, {"x": 851, "y": 614}], [{"x": 851, "y": 646}, {"x": 861, "y": 646}, {"x": 861, "y": 636}, {"x": 851, "y": 636}], [{"x": 851, "y": 668}, {"x": 861, "y": 668}, {"x": 861, "y": 658}, {"x": 851, "y": 656}], [{"x": 873, "y": 162}, {"x": 883, "y": 162}, {"x": 883, "y": 152}, {"x": 873, "y": 152}], [{"x": 873, "y": 184}, {"x": 883, "y": 184}, {"x": 883, "y": 174}, {"x": 873, "y": 174}], [{"x": 873, "y": 206}, {"x": 883, "y": 206}, {"x": 883, "y": 196}, {"x": 873, "y": 196}], [{"x": 873, "y": 228}, {"x": 883, "y": 228}, {"x": 883, "y": 218}, {"x": 873, "y": 218}], [{"x": 873, "y": 250}, {"x": 883, "y": 250}, {"x": 883, "y": 240}, {"x": 873, "y": 240}], [{"x": 873, "y": 272}, {"x": 883, "y": 272}, {"x": 883, "y": 262}, {"x": 873, "y": 262}], [{"x": 873, "y": 294}, {"x": 883, "y": 294}, {"x": 883, "y": 284}, {"x": 873, "y": 284}], [{"x": 873, "y": 316}, {"x": 883, "y": 316}, {"x": 883, "y": 306}, {"x": 873, "y": 306}], [{"x": 873, "y": 338}, {"x": 883, "y": 338}, {"x": 883, "y": 328}, {"x": 873, "y": 328}], [{"x": 873, "y": 360}, {"x": 883, "y": 360}, {"x": 883, "y": 350}, {"x": 873, "y": 350}], [{"x": 873, "y": 382}, {"x": 883, "y": 382}, {"x": 883, "y": 372}, {"x": 873, "y": 372}], [{"x": 873, "y": 404}, {"x": 883, "y": 404}, {"x": 883, "y": 394}, {"x": 873, "y": 394}], [{"x": 873, "y": 426}, {"x": 883, "y": 426}, {"x": 883, "y": 416}, {"x": 873, "y": 416}], [{"x": 873, "y": 448}, {"x": 883, "y": 448}, {"x": 883, "y": 438}, {"x": 873, "y": 438}], [{"x": 873, "y": 470}, {"x": 883, "y": 470}, {"x": 883, "y": 460}, {"x": 873, "y": 460}], [{"x": 873, "y": 492}, {"x": 883, "y": 492}, {"x": 883, "y": 482}, {"x": 873, "y": 482}], [{"x": 873, "y": 514}, {"x": 883, "y": 514}, {"x": 883, "y": 504}, {"x": 873, "y": 504}], [{"x": 873, "y": 536}, {"x": 883, "y": 536}, {"x": 883, "y": 526}, {"x": 873, "y": 526}], [{"x": 873, "y": 558}, {"x": 883, "y": 558}, {"x": 883, "y": 548}, {"x": 873, "y": 548}], [{"x": 873, "y": 580}, {"x": 883, "y": 580}, {"x": 883, "y": 570}, {"x": 873, "y": 570}], [{"x": 873, "y": 602}, {"x": 883, "y": 602}, {"x": 883, "y": 592}, {"x": 873, "y": 592}], [{"x": 873, "y": 624}, {"x": 883, "y": 624}, {"x": 883, "y": 614}, {"x": 873, "y": 614}], [{"x": 895, "y": 162}, {"x": 905, "y": 162}, {"x": 905, "y": 152}, {"x": 895, "y": 152}], [{"x": 895, "y": 184}, {"x": 905, "y": 184}, {"x": 905, "y": 174}, {"x": 895, "y": 174}], [{"x": 895, "y": 206}, {"x": 905, "y": 206}, {"x": 905, "y": 196}, {"x": 895, "y": 196}], [{"x": 895, "y": 228}, {"x": 905, "y": 228}, {"x": 905, "y": 218}, {"x": 895, "y": 217}], [{"x": 895, "y": 250}, {"x": 905, "y": 250}, {"x": 905, "y": 240}, {"x": 895, "y": 240}], [{"x": 895, "y": 272}, {"x": 905, "y": 272}, {"x": 905, "y": 262}, {"x": 895, "y": 262}], [{"x": 895, "y": 294}, {"x": 905, "y": 294}, {"x": 905, "y": 284}, {"x": 895, "y": 284}], [{"x": 895, "y": 316}, {"x": 905, "y": 316}, {"x": 907, "y": 306}, {"x": 895, "y": 306}], [{"x": 895, "y": 338}, {"x": 905, "y": 338}, {"x": 905, "y": 328}, {"x": 895, "y": 328}], [{"x": 895, "y": 360}, {"x": 905, "y": 361}, {"x": 905, "y": 350}, {"x": 895, "y": 350}], [{"x": 895, "y": 382}, {"x": 905, "y": 382}, {"x": 905, "y": 372}, {"x": 895, "y": 372}], [{"x": 895, "y": 404}, {"x": 905, "y": 404}, {"x": 905, "y": 394}, {"x": 895, "y": 394}], [{"x": 895, "y": 426}, {"x": 908, "y": 426}, {"x": 905, "y": 416}, {"x": 895, "y": 416}], [{"x": 895, "y": 448}, {"x": 905, "y": 448}, {"x": 905, "y": 438}, {"x": 895, "y": 435}], [{"x": 895, "y": 470}, {"x": 905, "y": 470}, {"x": 905, "y": 460}, {"x": 895, "y": 460}], [{"x": 895, "y": 492}, {"x": 905, "y": 492}, {"x": 905, "y": 482}, {"x": 895, "y": 482}], [{"x": 895, "y": 536}, {"x": 905, "y": 536}, {"x": 905, "y": 526}, {"x": 895, "y": 526}], [{"x": 895, "y": 558}, {"x": 905, "y": 558}, {"x": 905, "y": 548}, {"x": 895, "y": 548}], [{"x": 895, "y": 580}, {"x": 905, "y": 580}, {"x": 905, "y": 570}, {"x": 895, "y": 570}], [{"x": 917, "y": 272}, {"x": 927, "y": 272}, {"x": 927, "y": 262}, {"x": 917, "y": 262}], [{"x": 917, "y": 294}, {"x": 929, "y": 294}, {"x": 927, "y": 284}, {"x": 917, "y": 284}], [{"x": 917, "y": 316}, {"x": 927, "y": 316}, {"x": 927, "y": 306}, {"x": 917, "y": 306}], [{"x": 917, "y": 338}, {"x": 927, "y": 338}, {"x": 927, "y": 328}, {"x": 917, "y": 328}], [{"x": 917, "y": 360}, {"x": 927, "y": 363}, {"x": 927, "y": 350}, {"x": 917, "y": 350}], [{"x": 917, "y": 382}, {"x": 927, "y": 382}, {"x": 927, "y": 372}, {"x": 917, "y": 372}], [{"x": 917, "y": 404}, {"x": 927, "y": 404}, {"x": 927, "y": 394}, {"x": 917, "y": 394}], [{"x": 917, "y": 426}, {"x": 927, "y": 426}, {"x": 927, "y": 416}, {"x": 917, "y": 416}], [{"x": 917, "y": 448}, {"x": 927, "y": 448}, {"x": 927, "y": 438}, {"x": 917, "y": 438}], [{"x": 917, "y": 470}, {"x": 927, "y": 470}, {"x": 927, "y": 460}, {"x": 917, "y": 460}], [{"x": 917, "y": 492}, {"x": 927, "y": 492}, {"x": 927, "y": 482}, {"x": 917, "y": 482}], [{"x": 917, "y": 514}, {"x": 927, "y": 514}, {"x": 927, "y": 504}, {"x": 917, "y": 504}], [{"x": 917, "y": 536}, {"x": 927, "y": 536}, {"x": 927, "y": 526}, {"x": 917, "y": 526}], [{"x": 939, "y": 448}, {"x": 949, "y": 448}, {"x": 949, "y": 438}, {"x": 939, "y": 438}], [{"x": 939, "y": 470}, {"x": 949, "y": 470}, {"x": 949, "y": 460}, {"x": 939, "y": 460}], [{"x": 939, "y": 492}, {"x": 949, "y": 492}, {"x": 949, "y": 482}, {"x": 939, "y": 482}]]}