{"type": "CGSHOP2023_Instance", "name": "maze_2514_250_05_001", "n": 2012, "outer_boundary": [{"x": 214, "y": 57}, {"x": 500, "y": 23}, {"x": 778, "y": 7}, {"x": 806, "y": 500}, {"x": 840, "y": 957}, {"x": 500, "y": 788}, {"x": 173, "y": 762}, {"x": 54, "y": 500}], "holes": [[{"x": 82, "y": 463}, {"x": 92, "y": 463}, {"x": 92, "y": 453}, {"x": 82, "y": 453}], [{"x": 82, "y": 485}, {"x": 92, "y": 485}, {"x": 92, "y": 475}, {"x": 82, "y": 475}], [{"x": 82, "y": 507}, {"x": 92, "y": 507}, {"x": 92, "y": 497}, {"x": 82, "y": 497}], [{"x": 82, "y": 529}, {"x": 92, "y": 529}, {"x": 92, "y": 519}, {"x": 82, "y": 519}], [{"x": 104, "y": 397}, {"x": 114, "y": 397}, {"x": 114, "y": 387}, {"x": 104, "y": 387}], [{"x": 104, "y": 419}, {"x": 114, "y": 419}, {"x": 114, "y": 407}, {"x": 104, "y": 409}], [{"x": 104, "y": 441}, {"x": 114, "y": 441}, {"x": 114, "y": 431}, {"x": 104, "y": 431}], [{"x": 104, "y": 463}, {"x": 114, "y": 463}, {"x": 114, "y": 453}, {"x": 104, "y": 453}], [{"x": 104, "y": 485}, {"x": 114, "y": 485}, {"x": 114, "y": 475}, {"x": 104, "y": 475}], [{"x": 104, "y": 507}, {"x": 114, "y": 507}, {"x": 114, "y": 497}, {"x": 104, "y": 497}], [{"x": 104, "y": 551}, {"x": 114, "y": 551}, {"x": 114, "y": 541}, {"x": 104, "y": 541}], [{"x": 126, "y": 397}, {"x": 136, "y": 397}, {"x": 136, "y": 387}, {"x": 126, "y": 387}], [{"x": 126, "y": 441}, {"x": 136, "y": 441}, {"x": 136, "y": 431}, {"x": 126, "y": 431}], [{"x": 126, "y": 485}, {"x": 136, "y": 485}, {"x": 136, "y": 475}, {"x": 126, "y": 475}], [{"x": 126, "y": 551}, {"x": 136, "y": 551}, {"x": 136, "y": 541}, {"x": 126, "y": 541}], [{"x": 126, "y": 573}, {"x": 136, "y": 573}, {"x": 136, "y": 563}, {"x": 126, "y": 563}], [{"x": 126, "y": 639}, {"x": 136, "y": 639}, {"x": 136, "y": 629}, {"x": 126, "y": 629}], [{"x": 148, "y": 309}, {"x": 158, "y": 309}, {"x": 158, "y": 299}, {"x": 148, "y": 299}], [{"x": 148, "y": 331}, {"x": 158, "y": 331}, {"x": 158, "y": 321}, {"x": 148, "y": 321}], [{"x": 148, "y": 421}, {"x": 158, "y": 419}, {"x": 158, "y": 409}, {"x": 148, "y": 409}], [{"x": 148, "y": 441}, {"x": 158, "y": 441}, {"x": 158, "y": 431}, {"x": 148, "y": 431}], [{"x": 148, "y": 507}, {"x": 158, "y": 507}, {"x": 158, "y": 497}, {"x": 148, "y": 497}], [{"x": 148, "y": 551}, {"x": 158, "y": 551}, {"x": 158, "y": 541}, {"x": 148, "y": 541}], [{"x": 148, "y": 617}, {"x": 160, "y": 617}, {"x": 158, "y": 607}, {"x": 148, "y": 607}], [{"x": 148, "y": 661}, {"x": 158, "y": 661}, {"x": 158, "y": 651}, {"x": 148, "y": 651}], [{"x": 148, "y": 683}, {"x": 158, "y": 683}, {"x": 158, "y": 673}, {"x": 148, "y": 673}], [{"x": 170, "y": 221}, {"x": 180, "y": 221}, {"x": 180, "y": 211}, {"x": 170, "y": 211}], [{"x": 170, "y": 243}, {"x": 180, "y": 243}, {"x": 180, "y": 233}, {"x": 170, "y": 233}], [{"x": 170, "y": 265}, {"x": 180, "y": 265}, {"x": 180, "y": 255}, {"x": 170, "y": 255}], [{"x": 170, "y": 309}, {"x": 180, "y": 309}, {"x": 180, "y": 299}, {"x": 170, "y": 299}], [{"x": 170, "y": 331}, {"x": 180, "y": 331}, {"x": 180, "y": 321}, {"x": 170, "y": 321}], [{"x": 170, "y": 353}, {"x": 180, "y": 353}, {"x": 180, "y": 343}, {"x": 170, "y": 343}], [{"x": 170, "y": 397}, {"x": 180, "y": 397}, {"x": 180, "y": 387}, {"x": 170, "y": 387}], [{"x": 170, "y": 441}, {"x": 180, "y": 441}, {"x": 180, "y": 431}, {"x": 170, "y": 431}], [{"x": 170, "y": 463}, {"x": 180, "y": 463}, {"x": 180, "y": 453}, {"x": 170, "y": 453}], [{"x": 170, "y": 507}, {"x": 180, "y": 507}, {"x": 180, "y": 497}, {"x": 170, "y": 497}], [{"x": 170, "y": 573}, {"x": 180, "y": 573}, {"x": 180, "y": 563}, {"x": 170, "y": 563}], [{"x": 170, "y": 595}, {"x": 180, "y": 595}, {"x": 180, "y": 585}, {"x": 170, "y": 585}], [{"x": 170, "y": 705}, {"x": 180, "y": 705}, {"x": 180, "y": 695}, {"x": 170, "y": 695}], [{"x": 192, "y": 199}, {"x": 202, "y": 199}, {"x": 202, "y": 189}, {"x": 192, "y": 189}], [{"x": 192, "y": 265}, {"x": 202, "y": 265}, {"x": 202, "y": 255}, {"x": 192, "y": 255}], [{"x": 192, "y": 287}, {"x": 202, "y": 287}, {"x": 202, "y": 277}, {"x": 192, "y": 277}], [{"x": 192, "y": 375}, {"x": 203, "y": 375}, {"x": 202, "y": 365}, {"x": 192, "y": 365}], [{"x": 192, "y": 419}, {"x": 202, "y": 419}, {"x": 202, "y": 409}, {"x": 192, "y": 409}], [{"x": 192, "y": 441}, {"x": 202, "y": 441}, {"x": 202, "y": 431}, {"x": 192, "y": 431}], [{"x": 192, "y": 463}, {"x": 202, "y": 463}, {"x": 202, "y": 453}, {"x": 192, "y": 453}], [{"x": 192, "y": 661}, {"x": 202, "y": 661}, {"x": 202, "y": 651}, {"x": 192, "y": 651}], [{"x": 192, "y": 683}, {"x": 202, "y": 683}, {"x": 202, "y": 673}, {"x": 192, "y": 673}], [{"x": 192, "y": 705}, {"x": 202, "y": 705}, {"x": 202, "y": 695}, {"x": 192, "y": 695}], [{"x": 192, "y": 749}, {"x": 202, "y": 749}, {"x": 202, "y": 739}, {"x": 192, "y": 739}], [{"x": 214, "y": 133}, {"x": 224, "y": 133}, {"x": 224, "y": 123}, {"x": 214, "y": 123}], [{"x": 214, "y": 155}, {"x": 224, "y": 155}, {"x": 224, "y": 145}, {"x": 214, "y": 145}], [{"x": 214, "y": 221}, {"x": 224, "y": 221}, {"x": 224, "y": 211}, {"x": 214, "y": 211}], [{"x": 214, "y": 243}, {"x": 224, "y": 243}, {"x": 224, "y": 233}, {"x": 214, "y": 233}], [{"x": 214, "y": 287}, {"x": 224, "y": 287}, {"x": 224, "y": 277}, {"x": 214, "y": 277}], [{"x": 214, "y": 331}, {"x": 224, "y": 331}, {"x": 224, "y": 321}, {"x": 214, "y": 321}], [{"x": 214, "y": 353}, {"x": 224, "y": 353}, {"x": 224, "y": 343}, {"x": 214, "y": 343}], [{"x": 214, "y": 375}, {"x": 224, "y": 375}, {"x": 224, "y": 365}, {"x": 214, "y": 365}], [{"x": 214, "y": 441}, {"x": 224, "y": 441}, {"x": 224, "y": 431}, {"x": 214, "y": 431}], [{"x": 214, "y": 507}, {"x": 224, "y": 507}, {"x": 224, "y": 497}, {"x": 214, "y": 497}], [{"x": 214, "y": 529}, {"x": 224, "y": 529}, {"x": 224, "y": 519}, {"x": 214, "y": 519}], [{"x": 214, "y": 551}, {"x": 224, "y": 551}, {"x": 224, "y": 541}, {"x": 214, "y": 541}], [{"x": 214, "y": 617}, {"x": 224, "y": 617}, {"x": 224, "y": 607}, {"x": 214, "y": 607}], [{"x": 214, "y": 661}, {"x": 224, "y": 661}, {"x": 224, "y": 651}, {"x": 214, "y": 651}], [{"x": 214, "y": 683}, {"x": 224, "y": 683}, {"x": 224, "y": 673}, {"x": 214, "y": 673}], [{"x": 214, "y": 705}, {"x": 224, "y": 705}, {"x": 224, "y": 695}, {"x": 214, "y": 695}], [{"x": 214, "y": 749}, {"x": 224, "y": 749}, {"x": 224, "y": 739}, {"x": 214, "y": 739}], [{"x": 236, "y": 89}, {"x": 246, "y": 89}, {"x": 246, "y": 79}, {"x": 236, "y": 79}], [{"x": 236, "y": 111}, {"x": 246, "y": 111}, {"x": 246, "y": 101}, {"x": 236, "y": 101}], [{"x": 236, "y": 155}, {"x": 246, "y": 155}, {"x": 246, "y": 145}, {"x": 236, "y": 145}], [{"x": 236, "y": 221}, {"x": 246, "y": 221}, {"x": 246, "y": 211}, {"x": 236, "y": 211}], [{"x": 236, "y": 265}, {"x": 246, "y": 265}, {"x": 246, "y": 255}, {"x": 236, "y": 255}], [{"x": 236, "y": 287}, {"x": 246, "y": 287}, {"x": 246, "y": 277}, {"x": 236, "y": 277}], [{"x": 236, "y": 375}, {"x": 246, "y": 375}, {"x": 246, "y": 365}, {"x": 236, "y": 365}], [{"x": 236, "y": 397}, {"x": 246, "y": 397}, {"x": 246, "y": 387}, {"x": 236, "y": 387}], [{"x": 236, "y": 463}, {"x": 246, "y": 463}, {"x": 246, "y": 453}, {"x": 236, "y": 453}], [{"x": 236, "y": 485}, {"x": 246, "y": 485}, {"x": 246, "y": 475}, {"x": 236, "y": 475}], [{"x": 236, "y": 529}, {"x": 246, "y": 529}, {"x": 246, "y": 519}, {"x": 236, "y": 519}], [{"x": 236, "y": 551}, {"x": 246, "y": 551}, {"x": 246, "y": 541}, {"x": 236, "y": 541}], [{"x": 236, "y": 573}, {"x": 246, "y": 573}, {"x": 246, "y": 563}, {"x": 236, "y": 563}], [{"x": 236, "y": 595}, {"x": 246, "y": 595}, {"x": 246, "y": 585}, {"x": 236, "y": 585}], [{"x": 236, "y": 617}, {"x": 246, "y": 617}, {"x": 246, "y": 607}, {"x": 236, "y": 607}], [{"x": 236, "y": 639}, {"x": 246, "y": 639}, {"x": 246, "y": 629}, {"x": 236, "y": 629}], [{"x": 236, "y": 661}, {"x": 246, "y": 661}, {"x": 246, "y": 651}, {"x": 236, "y": 651}], [{"x": 258, "y": 89}, {"x": 268, "y": 89}, {"x": 268, "y": 79}, {"x": 258, "y": 79}], [{"x": 258, "y": 265}, {"x": 268, "y": 265}, {"x": 268, "y": 255}, {"x": 258, "y": 255}], [{"x": 258, "y": 331}, {"x": 268, "y": 331}, {"x": 268, "y": 321}, {"x": 258, "y": 321}], [{"x": 258, "y": 353}, {"x": 268, "y": 353}, {"x": 268, "y": 343}, {"x": 258, "y": 343}], [{"x": 258, "y": 399}, {"x": 268, "y": 397}, {"x": 268, "y": 387}, {"x": 258, "y": 387}], [{"x": 258, "y": 419}, {"x": 272, "y": 419}, {"x": 268, "y": 409}, {"x": 258, "y": 409}], [{"x": 258, "y": 485}, {"x": 268, "y": 485}, {"x": 268, "y": 475}, {"x": 258, "y": 475}], [{"x": 258, "y": 507}, {"x": 268, "y": 507}, {"x": 268, "y": 497}, {"x": 258, "y": 497}], [{"x": 258, "y": 573}, {"x": 268, "y": 573}, {"x": 268, "y": 563}, {"x": 258, "y": 563}], [{"x": 258, "y": 595}, {"x": 268, "y": 595}, {"x": 268, "y": 585}, {"x": 258, "y": 585}], [{"x": 258, "y": 617}, {"x": 268, "y": 617}, {"x": 268, "y": 607}, {"x": 258, "y": 607}], [{"x": 258, "y": 661}, {"x": 268, "y": 661}, {"x": 268, "y": 651}, {"x": 258, "y": 651}], [{"x": 258, "y": 683}, {"x": 268, "y": 683}, {"x": 268, "y": 673}, {"x": 258, "y": 673}], [{"x": 258, "y": 705}, {"x": 268, "y": 705}, {"x": 268, "y": 695}, {"x": 258, "y": 695}], [{"x": 280, "y": 67}, {"x": 290, "y": 67}, {"x": 290, "y": 57}, {"x": 280, "y": 57}], [{"x": 280, "y": 89}, {"x": 290, "y": 89}, {"x": 290, "y": 79}, {"x": 280, "y": 79}], [{"x": 280, "y": 155}, {"x": 290, "y": 155}, {"x": 290, "y": 145}, {"x": 280, "y": 145}], [{"x": 280, "y": 199}, {"x": 290, "y": 199}, {"x": 290, "y": 189}, {"x": 280, "y": 189}], [{"x": 280, "y": 243}, {"x": 290, "y": 243}, {"x": 290, "y": 233}, {"x": 280, "y": 233}], [{"x": 280, "y": 287}, {"x": 290, "y": 287}, {"x": 290, "y": 277}, {"x": 280, "y": 277}], [{"x": 280, "y": 331}, {"x": 290, "y": 331}, {"x": 290, "y": 321}, {"x": 280, "y": 321}], [{"x": 280, "y": 397}, {"x": 290, "y": 397}, {"x": 290, "y": 387}, {"x": 280, "y": 387}], [{"x": 280, "y": 419}, {"x": 290, "y": 419}, {"x": 290, "y": 409}, {"x": 280, "y": 409}], [{"x": 280, "y": 441}, {"x": 290, "y": 441}, {"x": 290, "y": 431}, {"x": 280, "y": 431}], [{"x": 280, "y": 463}, {"x": 290, "y": 463}, {"x": 290, "y": 453}, {"x": 280, "y": 453}], [{"x": 280, "y": 507}, {"x": 290, "y": 507}, {"x": 290, "y": 497}, {"x": 280, "y": 497}], [{"x": 280, "y": 595}, {"x": 290, "y": 595}, {"x": 290, "y": 585}, {"x": 280, "y": 585}], [{"x": 280, "y": 639}, {"x": 290, "y": 639}, {"x": 290, "y": 629}, {"x": 280, "y": 629}], [{"x": 280, "y": 705}, {"x": 290, "y": 705}, {"x": 290, "y": 695}, {"x": 280, "y": 695}], [{"x": 302, "y": 89}, {"x": 312, "y": 89}, {"x": 312, "y": 79}, {"x": 302, "y": 79}], [{"x": 302, "y": 111}, {"x": 312, "y": 111}, {"x": 312, "y": 101}, {"x": 302, "y": 101}], [{"x": 302, "y": 155}, {"x": 312, "y": 155}, {"x": 312, "y": 145}, {"x": 302, "y": 145}], [{"x": 302, "y": 287}, {"x": 312, "y": 287}, {"x": 312, "y": 277}, {"x": 302, "y": 277}], [{"x": 302, "y": 309}, {"x": 312, "y": 309}, {"x": 312, "y": 299}, {"x": 302, "y": 299}], [{"x": 302, "y": 331}, {"x": 312, "y": 331}, {"x": 312, "y": 321}, {"x": 302, "y": 321}], [{"x": 302, "y": 353}, {"x": 312, "y": 353}, {"x": 312, "y": 343}, {"x": 302, "y": 343}], [{"x": 302, "y": 375}, {"x": 312, "y": 375}, {"x": 312, "y": 365}, {"x": 302, "y": 365}], [{"x": 302, "y": 419}, {"x": 312, "y": 419}, {"x": 312, "y": 409}, {"x": 302, "y": 409}], [{"x": 302, "y": 463}, {"x": 312, "y": 463}, {"x": 312, "y": 453}, {"x": 302, "y": 453}], [{"x": 302, "y": 485}, {"x": 312, "y": 485}, {"x": 312, "y": 475}, {"x": 302, "y": 475}], [{"x": 302, "y": 507}, {"x": 312, "y": 507}, {"x": 312, "y": 497}, {"x": 302, "y": 497}], [{"x": 302, "y": 529}, {"x": 312, "y": 529}, {"x": 312, "y": 519}, {"x": 302, "y": 519}], [{"x": 302, "y": 551}, {"x": 312, "y": 551}, {"x": 312, "y": 541}, {"x": 302, "y": 541}], [{"x": 302, "y": 573}, {"x": 312, "y": 573}, {"x": 312, "y": 563}, {"x": 302, "y": 563}], [{"x": 302, "y": 595}, {"x": 312, "y": 595}, {"x": 312, "y": 585}, {"x": 302, "y": 585}], [{"x": 302, "y": 617}, {"x": 312, "y": 617}, {"x": 312, "y": 607}, {"x": 302, "y": 607}], [{"x": 302, "y": 639}, {"x": 312, "y": 639}, {"x": 312, "y": 629}, {"x": 302, "y": 629}], [{"x": 302, "y": 683}, {"x": 312, "y": 683}, {"x": 312, "y": 673}, {"x": 302, "y": 673}], [{"x": 302, "y": 705}, {"x": 312, "y": 705}, {"x": 312, "y": 695}, {"x": 302, "y": 695}], [{"x": 324, "y": 89}, {"x": 334, "y": 89}, {"x": 334, "y": 78}, {"x": 324, "y": 79}], [{"x": 324, "y": 133}, {"x": 334, "y": 135}, {"x": 334, "y": 123}, {"x": 324, "y": 123}], [{"x": 324, "y": 155}, {"x": 334, "y": 155}, {"x": 334, "y": 145}, {"x": 324, "y": 145}], [{"x": 324, "y": 221}, {"x": 334, "y": 221}, {"x": 334, "y": 211}, {"x": 324, "y": 211}], [{"x": 324, "y": 287}, {"x": 334, "y": 287}, {"x": 334, "y": 277}, {"x": 324, "y": 277}], [{"x": 324, "y": 375}, {"x": 334, "y": 375}, {"x": 334, "y": 365}, {"x": 324, "y": 365}], [{"x": 324, "y": 397}, {"x": 334, "y": 397}, {"x": 334, "y": 387}, {"x": 324, "y": 387}], [{"x": 324, "y": 441}, {"x": 334, "y": 441}, {"x": 334, "y": 431}, {"x": 324, "y": 431}], [{"x": 324, "y": 507}, {"x": 334, "y": 507}, {"x": 334, "y": 497}, {"x": 324, "y": 497}], [{"x": 324, "y": 551}, {"x": 334, "y": 551}, {"x": 334, "y": 541}, {"x": 324, "y": 541}], [{"x": 324, "y": 617}, {"x": 334, "y": 617}, {"x": 334, "y": 607}, {"x": 324, "y": 607}], [{"x": 324, "y": 639}, {"x": 334, "y": 639}, {"x": 334, "y": 629}, {"x": 324, "y": 629}], [{"x": 324, "y": 749}, {"x": 334, "y": 749}, {"x": 334, "y": 739}, {"x": 324, "y": 739}], [{"x": 346, "y": 89}, {"x": 356, "y": 89}, {"x": 358, "y": 79}, {"x": 346, "y": 79}], [{"x": 346, "y": 155}, {"x": 356, "y": 155}, {"x": 356, "y": 145}, {"x": 346, "y": 145}], [{"x": 346, "y": 221}, {"x": 356, "y": 221}, {"x": 356, "y": 211}, {"x": 346, "y": 211}], [{"x": 346, "y": 265}, {"x": 356, "y": 265}, {"x": 356, "y": 255}, {"x": 346, "y": 255}], [{"x": 346, "y": 375}, {"x": 356, "y": 375}, {"x": 356, "y": 365}, {"x": 346, "y": 365}], [{"x": 346, "y": 507}, {"x": 356, "y": 507}, {"x": 356, "y": 497}, {"x": 346, "y": 497}], [{"x": 346, "y": 573}, {"x": 356, "y": 573}, {"x": 356, "y": 563}, {"x": 346, "y": 563}], [{"x": 346, "y": 617}, {"x": 356, "y": 617}, {"x": 356, "y": 607}, {"x": 346, "y": 607}], [{"x": 346, "y": 639}, {"x": 360, "y": 639}, {"x": 356, "y": 629}, {"x": 342, "y": 629}], [{"x": 346, "y": 705}, {"x": 356, "y": 705}, {"x": 356, "y": 695}, {"x": 346, "y": 695}], [{"x": 342, "y": 727}, {"x": 356, "y": 727}, {"x": 356, "y": 717}, {"x": 346, "y": 713}], [{"x": 368, "y": 67}, {"x": 378, "y": 67}, {"x": 378, "y": 57}, {"x": 368, "y": 57}], [{"x": 368, "y": 89}, {"x": 378, "y": 89}, {"x": 378, "y": 79}, {"x": 368, "y": 79}], [{"x": 368, "y": 133}, {"x": 378, "y": 133}, {"x": 378, "y": 123}, {"x": 368, "y": 123}], [{"x": 368, "y": 287}, {"x": 378, "y": 287}, {"x": 378, "y": 277}, {"x": 368, "y": 277}], [{"x": 368, "y": 331}, {"x": 378, "y": 331}, {"x": 378, "y": 321}, {"x": 368, "y": 321}], [{"x": 368, "y": 375}, {"x": 378, "y": 375}, {"x": 378, "y": 365}, {"x": 368, "y": 365}], [{"x": 368, "y": 397}, {"x": 378, "y": 397}, {"x": 378, "y": 387}, {"x": 368, "y": 387}], [{"x": 368, "y": 441}, {"x": 378, "y": 441}, {"x": 378, "y": 431}, {"x": 368, "y": 431}], [{"x": 368, "y": 463}, {"x": 378, "y": 463}, {"x": 378, "y": 453}, {"x": 368, "y": 453}], [{"x": 368, "y": 485}, {"x": 378, "y": 485}, {"x": 378, "y": 475}, {"x": 368, "y": 475}], [{"x": 368, "y": 507}, {"x": 378, "y": 507}, {"x": 378, "y": 497}, {"x": 368, "y": 497}], [{"x": 368, "y": 529}, {"x": 378, "y": 529}, {"x": 378, "y": 519}, {"x": 368, "y": 519}], [{"x": 368, "y": 551}, {"x": 378, "y": 551}, {"x": 380, "y": 541}, {"x": 368, "y": 541}], [{"x": 368, "y": 573}, {"x": 378, "y": 573}, {"x": 378, "y": 563}, {"x": 368, "y": 563}], [{"x": 368, "y": 617}, {"x": 378, "y": 617}, {"x": 378, "y": 607}, {"x": 368, "y": 607}], [{"x": 368, "y": 683}, {"x": 378, "y": 683}, {"x": 378, "y": 673}, {"x": 368, "y": 673}], [{"x": 368, "y": 705}, {"x": 378, "y": 705}, {"x": 378, "y": 695}, {"x": 368, "y": 695}], [{"x": 368, "y": 749}, {"x": 378, "y": 749}, {"x": 378, "y": 739}, {"x": 368, "y": 739}], [{"x": 368, "y": 771}, {"x": 378, "y": 771}, {"x": 378, "y": 761}, {"x": 368, "y": 761}], [{"x": 390, "y": 67}, {"x": 400, "y": 67}, {"x": 400, "y": 57}, {"x": 390, "y": 57}], [{"x": 390, "y": 89}, {"x": 400, "y": 89}, {"x": 400, "y": 79}, {"x": 390, "y": 79}], [{"x": 390, "y": 111}, {"x": 400, "y": 111}, {"x": 400, "y": 101}, {"x": 390, "y": 101}], [{"x": 390, "y": 133}, {"x": 400, "y": 133}, {"x": 400, "y": 123}, {"x": 390, "y": 123}], [{"x": 390, "y": 155}, {"x": 400, "y": 155}, {"x": 400, "y": 145}, {"x": 390, "y": 145}], [{"x": 390, "y": 177}, {"x": 400, "y": 177}, {"x": 400, "y": 167}, {"x": 390, "y": 167}], [{"x": 390, "y": 265}, {"x": 400, "y": 265}, {"x": 400, "y": 255}, {"x": 390, "y": 255}], [{"x": 390, "y": 309}, {"x": 400, "y": 309}, {"x": 400, "y": 299}, {"x": 390, "y": 299}], [{"x": 390, "y": 353}, {"x": 400, "y": 353}, {"x": 400, "y": 343}, {"x": 390, "y": 343}], [{"x": 390, "y": 419}, {"x": 400, "y": 419}, {"x": 400, "y": 409}, {"x": 390, "y": 409}], [{"x": 390, "y": 529}, {"x": 400, "y": 529}, {"x": 400, "y": 519}, {"x": 390, "y": 519}], [{"x": 390, "y": 573}, {"x": 400, "y": 573}, {"x": 400, "y": 563}, {"x": 390, "y": 563}], [{"x": 390, "y": 617}, {"x": 400, "y": 617}, {"x": 400, "y": 607}, {"x": 390, "y": 607}], [{"x": 390, "y": 683}, {"x": 400, "y": 683}, {"x": 400, "y": 673}, {"x": 390, "y": 673}], [{"x": 390, "y": 705}, {"x": 400, "y": 705}, {"x": 400, "y": 695}, {"x": 390, "y": 695}], [{"x": 412, "y": 177}, {"x": 422, "y": 177}, {"x": 422, "y": 167}, {"x": 412, "y": 167}], [{"x": 412, "y": 221}, {"x": 422, "y": 221}, {"x": 422, "y": 211}, {"x": 412, "y": 211}], [{"x": 412, "y": 243}, {"x": 422, "y": 243}, {"x": 422, "y": 233}, {"x": 412, "y": 233}], [{"x": 412, "y": 265}, {"x": 422, "y": 265}, {"x": 422, "y": 255}, {"x": 412, "y": 255}], [{"x": 412, "y": 287}, {"x": 422, "y": 287}, {"x": 422, "y": 277}, {"x": 412, "y": 277}], [{"x": 412, "y": 331}, {"x": 422, "y": 331}, {"x": 422, "y": 321}, {"x": 412, "y": 321}], [{"x": 412, "y": 397}, {"x": 422, "y": 397}, {"x": 424, "y": 387}, {"x": 412, "y": 387}], [{"x": 412, "y": 485}, {"x": 422, "y": 485}, {"x": 422, "y": 475}, {"x": 412, "y": 475}], [{"x": 412, "y": 639}, {"x": 422, "y": 639}, {"x": 422, "y": 629}, {"x": 412, "y": 629}], [{"x": 434, "y": 67}, {"x": 444, "y": 67}, {"x": 444, "y": 57}, {"x": 434, "y": 57}], [{"x": 434, "y": 89}, {"x": 444, "y": 89}, {"x": 444, "y": 79}, {"x": 434, "y": 79}], [{"x": 434, "y": 111}, {"x": 444, "y": 111}, {"x": 447, "y": 101}, {"x": 434, "y": 99}], [{"x": 434, "y": 133}, {"x": 444, "y": 133}, {"x": 444, "y": 123}, {"x": 434, "y": 123}], [{"x": 434, "y": 155}, {"x": 444, "y": 155}, {"x": 444, "y": 145}, {"x": 434, "y": 145}], [{"x": 434, "y": 177}, {"x": 444, "y": 177}, {"x": 444, "y": 167}, {"x": 434, "y": 167}], [{"x": 434, "y": 199}, {"x": 444, "y": 199}, {"x": 444, "y": 189}, {"x": 434, "y": 189}], [{"x": 434, "y": 221}, {"x": 444, "y": 221}, {"x": 444, "y": 211}, {"x": 434, "y": 211}], [{"x": 434, "y": 243}, {"x": 444, "y": 243}, {"x": 444, "y": 233}, {"x": 434, "y": 233}], [{"x": 434, "y": 331}, {"x": 444, "y": 331}, {"x": 444, "y": 321}, {"x": 434, "y": 321}], [{"x": 434, "y": 397}, {"x": 444, "y": 397}, {"x": 444, "y": 387}, {"x": 434, "y": 387}], [{"x": 434, "y": 419}, {"x": 444, "y": 419}, {"x": 444, "y": 409}, {"x": 434, "y": 409}], [{"x": 434, "y": 441}, {"x": 444, "y": 441}, {"x": 444, "y": 431}, {"x": 434, "y": 431}], [{"x": 434, "y": 485}, {"x": 444, "y": 485}, {"x": 444, "y": 475}, {"x": 434, "y": 475}], [{"x": 434, "y": 507}, {"x": 444, "y": 507}, {"x": 444, "y": 497}, {"x": 434, "y": 497}], [{"x": 434, "y": 683}, {"x": 444, "y": 683}, {"x": 444, "y": 673}, {"x": 434, "y": 673}], [{"x": 434, "y": 749}, {"x": 444, "y": 749}, {"x": 444, "y": 739}, {"x": 434, "y": 739}], [{"x": 434, "y": 771}, {"x": 444, "y": 771}, {"x": 444, "y": 761}, {"x": 434, "y": 761}], [{"x": 456, "y": 67}, {"x": 466, "y": 67}, {"x": 466, "y": 57}, {"x": 456, "y": 57}], [{"x": 456, "y": 111}, {"x": 466, "y": 111}, {"x": 466, "y": 101}, {"x": 456, "y": 101}], [{"x": 456, "y": 133}, {"x": 466, "y": 133}, {"x": 466, "y": 123}, {"x": 456, "y": 123}], [{"x": 456, "y": 155}, {"x": 466, "y": 155}, {"x": 466, "y": 145}, {"x": 456, "y": 145}], [{"x": 456, "y": 199}, {"x": 466, "y": 199}, {"x": 466, "y": 189}, {"x": 456, "y": 189}], [{"x": 456, "y": 287}, {"x": 466, "y": 287}, {"x": 466, "y": 277}, {"x": 456, "y": 277}], [{"x": 456, "y": 353}, {"x": 466, "y": 353}, {"x": 466, "y": 343}, {"x": 456, "y": 343}], [{"x": 456, "y": 375}, {"x": 466, "y": 375}, {"x": 466, "y": 365}, {"x": 456, "y": 365}], [{"x": 456, "y": 397}, {"x": 466, "y": 397}, {"x": 466, "y": 387}, {"x": 456, "y": 387}], [{"x": 456, "y": 419}, {"x": 466, "y": 419}, {"x": 466, "y": 409}, {"x": 456, "y": 409}], [{"x": 456, "y": 463}, {"x": 466, "y": 463}, {"x": 466, "y": 453}, {"x": 456, "y": 453}], [{"x": 456, "y": 529}, {"x": 466, "y": 529}, {"x": 466, "y": 519}, {"x": 454, "y": 519}], [{"x": 456, "y": 573}, {"x": 466, "y": 573}, {"x": 466, "y": 563}, {"x": 456, "y": 563}], [{"x": 456, "y": 617}, {"x": 466, "y": 617}, {"x": 466, "y": 607}, {"x": 456, "y": 607}], [{"x": 456, "y": 683}, {"x": 466, "y": 683}, {"x": 466, "y": 673}, {"x": 456, "y": 673}], [{"x": 456, "y": 727}, {"x": 466, "y": 727}, {"x": 466, "y": 717}, {"x": 456, "y": 717}], [{"x": 478, "y": 45}, {"x": 488, "y": 45}, {"x": 488, "y": 35}, {"x": 478, "y": 35}], [{"x": 478, "y": 67}, {"x": 488, "y": 67}, {"x": 488, "y": 57}, {"x": 478, "y": 57}], [{"x": 478, "y": 89}, {"x": 488, "y": 89}, {"x": 488, "y": 79}, {"x": 475, "y": 79}], [{"x": 478, "y": 177}, {"x": 488, "y": 177}, {"x": 488, "y": 167}, {"x": 478, "y": 167}], [{"x": 478, "y": 221}, {"x": 488, "y": 221}, {"x": 488, "y": 211}, {"x": 478, "y": 211}], [{"x": 478, "y": 243}, {"x": 488, "y": 243}, {"x": 488, "y": 233}, {"x": 478, "y": 233}], [{"x": 478, "y": 265}, {"x": 488, "y": 265}, {"x": 488, "y": 255}, {"x": 478, "y": 255}], [{"x": 478, "y": 287}, {"x": 488, "y": 287}, {"x": 488, "y": 277}, {"x": 478, "y": 277}], [{"x": 478, "y": 375}, {"x": 488, "y": 375}, {"x": 488, "y": 365}, {"x": 478, "y": 365}], [{"x": 478, "y": 397}, {"x": 488, "y": 397}, {"x": 488, "y": 387}, {"x": 478, "y": 387}], [{"x": 478, "y": 485}, {"x": 488, "y": 485}, {"x": 488, "y": 475}, {"x": 478, "y": 475}], [{"x": 478, "y": 529}, {"x": 488, "y": 529}, {"x": 488, "y": 519}, {"x": 478, "y": 519}], [{"x": 478, "y": 551}, {"x": 488, "y": 551}, {"x": 488, "y": 541}, {"x": 478, "y": 541}], [{"x": 478, "y": 573}, {"x": 488, "y": 573}, {"x": 488, "y": 563}, {"x": 478, "y": 563}], [{"x": 478, "y": 595}, {"x": 488, "y": 595}, {"x": 488, "y": 585}, {"x": 478, "y": 585}], [{"x": 476, "y": 617}, {"x": 488, "y": 617}, {"x": 488, "y": 607}, {"x": 478, "y": 607}], [{"x": 478, "y": 683}, {"x": 488, "y": 683}, {"x": 488, "y": 673}, {"x": 478, "y": 673}], [{"x": 478, "y": 727}, {"x": 488, "y": 727}, {"x": 488, "y": 717}, {"x": 478, "y": 717}], [{"x": 500, "y": 111}, {"x": 510, "y": 111}, {"x": 510, "y": 101}, {"x": 500, "y": 101}], [{"x": 500, "y": 133}, {"x": 510, "y": 133}, {"x": 510, "y": 123}, {"x": 500, "y": 123}], [{"x": 500, "y": 177}, {"x": 510, "y": 177}, {"x": 510, "y": 167}, {"x": 500, "y": 167}], [{"x": 500, "y": 199}, {"x": 510, "y": 199}, {"x": 510, "y": 189}, {"x": 500, "y": 189}], [{"x": 500, "y": 265}, {"x": 510, "y": 265}, {"x": 510, "y": 255}, {"x": 500, "y": 255}], [{"x": 500, "y": 419}, {"x": 510, "y": 419}, {"x": 510, "y": 409}, {"x": 500, "y": 409}], [{"x": 500, "y": 441}, {"x": 510, "y": 441}, {"x": 510, "y": 431}, {"x": 500, "y": 431}], [{"x": 500, "y": 463}, {"x": 510, "y": 463}, {"x": 510, "y": 453}, {"x": 500, "y": 453}], [{"x": 500, "y": 529}, {"x": 510, "y": 529}, {"x": 510, "y": 519}, {"x": 500, "y": 519}], [{"x": 500, "y": 574}, {"x": 510, "y": 573}, {"x": 510, "y": 563}, {"x": 500, "y": 563}], [{"x": 500, "y": 617}, {"x": 510, "y": 617}, {"x": 510, "y": 607}, {"x": 500, "y": 605}], [{"x": 500, "y": 727}, {"x": 510, "y": 727}, {"x": 510, "y": 717}, {"x": 500, "y": 717}], [{"x": 500, "y": 749}, {"x": 510, "y": 749}, {"x": 510, "y": 739}, {"x": 500, "y": 739}], [{"x": 500, "y": 771}, {"x": 510, "y": 771}, {"x": 510, "y": 761}, {"x": 500, "y": 761}], [{"x": 522, "y": 45}, {"x": 532, "y": 45}, {"x": 532, "y": 35}, {"x": 522, "y": 35}], [{"x": 522, "y": 67}, {"x": 532, "y": 67}, {"x": 532, "y": 57}, {"x": 522, "y": 57}], [{"x": 522, "y": 177}, {"x": 532, "y": 177}, {"x": 532, "y": 167}, {"x": 522, "y": 167}], [{"x": 522, "y": 199}, {"x": 532, "y": 199}, {"x": 532, "y": 189}, {"x": 522, "y": 189}], [{"x": 522, "y": 287}, {"x": 532, "y": 287}, {"x": 532, "y": 277}, {"x": 522, "y": 277}], [{"x": 522, "y": 331}, {"x": 532, "y": 331}, {"x": 532, "y": 321}, {"x": 522, "y": 321}], [{"x": 522, "y": 375}, {"x": 532, "y": 375}, {"x": 532, "y": 365}, {"x": 522, "y": 365}], [{"x": 522, "y": 419}, {"x": 532, "y": 419}, {"x": 532, "y": 409}, {"x": 522, "y": 409}], [{"x": 522, "y": 441}, {"x": 532, "y": 441}, {"x": 532, "y": 431}, {"x": 522, "y": 431}], [{"x": 522, "y": 463}, {"x": 532, "y": 463}, {"x": 532, "y": 453}, {"x": 522, "y": 453}], [{"x": 522, "y": 573}, {"x": 532, "y": 573}, {"x": 532, "y": 563}, {"x": 522, "y": 563}], [{"x": 522, "y": 595}, {"x": 532, "y": 595}, {"x": 532, "y": 585}, {"x": 522, "y": 585}], [{"x": 522, "y": 617}, {"x": 532, "y": 617}, {"x": 532, "y": 607}, {"x": 522, "y": 607}], [{"x": 522, "y": 639}, {"x": 532, "y": 639}, {"x": 532, "y": 629}, {"x": 522, "y": 629}], [{"x": 522, "y": 705}, {"x": 532, "y": 705}, {"x": 532, "y": 695}, {"x": 522, "y": 695}], [{"x": 522, "y": 729}, {"x": 532, "y": 727}, {"x": 532, "y": 717}, {"x": 522, "y": 717}], [{"x": 522, "y": 749}, {"x": 532, "y": 749}, {"x": 532, "y": 739}, {"x": 522, "y": 739}], [{"x": 522, "y": 771}, {"x": 532, "y": 771}, {"x": 532, "y": 761}, {"x": 522, "y": 761}], [{"x": 544, "y": 67}, {"x": 554, "y": 67}, {"x": 554, "y": 57}, {"x": 544, "y": 57}], [{"x": 544, "y": 155}, {"x": 554, "y": 155}, {"x": 554, "y": 145}, {"x": 544, "y": 145}], [{"x": 544, "y": 243}, {"x": 554, "y": 243}, {"x": 554, "y": 233}, {"x": 544, "y": 233}], [{"x": 544, "y": 353}, {"x": 554, "y": 353}, {"x": 554, "y": 343}, {"x": 544, "y": 343}], [{"x": 544, "y": 441}, {"x": 554, "y": 441}, {"x": 554, "y": 431}, {"x": 544, "y": 431}], [{"x": 544, "y": 463}, {"x": 554, "y": 463}, {"x": 554, "y": 453}, {"x": 544, "y": 453}], [{"x": 544, "y": 485}, {"x": 554, "y": 485}, {"x": 554, "y": 475}, {"x": 544, "y": 475}], [{"x": 544, "y": 507}, {"x": 554, "y": 507}, {"x": 554, "y": 497}, {"x": 544, "y": 497}], [{"x": 544, "y": 529}, {"x": 554, "y": 529}, {"x": 554, "y": 519}, {"x": 542, "y": 519}], [{"x": 544, "y": 551}, {"x": 554, "y": 551}, {"x": 554, "y": 541}, {"x": 544, "y": 541}], [{"x": 544, "y": 573}, {"x": 554, "y": 573}, {"x": 554, "y": 563}, {"x": 544, "y": 563}], [{"x": 544, "y": 617}, {"x": 554, "y": 617}, {"x": 554, "y": 607}, {"x": 544, "y": 607}], [{"x": 544, "y": 661}, {"x": 554, "y": 661}, {"x": 554, "y": 651}, {"x": 544, "y": 651}], [{"x": 544, "y": 683}, {"x": 554, "y": 683}, {"x": 554, "y": 673}, {"x": 544, "y": 673}], [{"x": 544, "y": 749}, {"x": 554, "y": 749}, {"x": 554, "y": 739}, {"x": 544, "y": 739}], [{"x": 566, "y": 45}, {"x": 576, "y": 45}, {"x": 576, "y": 35}, {"x": 566, "y": 35}], [{"x": 566, "y": 89}, {"x": 576, "y": 89}, {"x": 576, "y": 79}, {"x": 566, "y": 79}], [{"x": 566, "y": 133}, {"x": 576, "y": 133}, {"x": 576, "y": 123}, {"x": 566, "y": 123}], [{"x": 566, "y": 177}, {"x": 576, "y": 177}, {"x": 576, "y": 167}, {"x": 566, "y": 167}], [{"x": 566, "y": 243}, {"x": 576, "y": 243}, {"x": 576, "y": 233}, {"x": 566, "y": 233}], [{"x": 566, "y": 265}, {"x": 576, "y": 265}, {"x": 576, "y": 255}, {"x": 566, "y": 255}], [{"x": 566, "y": 309}, {"x": 576, "y": 309}, {"x": 576, "y": 299}, {"x": 566, "y": 299}], [{"x": 566, "y": 353}, {"x": 576, "y": 353}, {"x": 576, "y": 343}, {"x": 563, "y": 343}], [{"x": 566, "y": 441}, {"x": 576, "y": 441}, {"x": 576, "y": 431}, {"x": 566, "y": 431}], [{"x": 566, "y": 485}, {"x": 576, "y": 485}, {"x": 576, "y": 475}, {"x": 566, "y": 475}], [{"x": 566, "y": 551}, {"x": 579, "y": 551}, {"x": 576, "y": 541}, {"x": 566, "y": 541}], [{"x": 566, "y": 639}, {"x": 576, "y": 639}, {"x": 576, "y": 629}, {"x": 566, "y": 629}], [{"x": 566, "y": 661}, {"x": 576, "y": 661}, {"x": 576, "y": 651}, {"x": 566, "y": 651}], [{"x": 566, "y": 683}, {"x": 576, "y": 683}, {"x": 576, "y": 669}, {"x": 566, "y": 673}], [{"x": 566, "y": 771}, {"x": 576, "y": 771}, {"x": 576, "y": 761}, {"x": 566, "y": 761}], [{"x": 566, "y": 793}, {"x": 576, "y": 793}, {"x": 576, "y": 783}, {"x": 566, "y": 783}], [{"x": 588, "y": 45}, {"x": 598, "y": 45}, {"x": 598, "y": 35}, {"x": 588, "y": 35}], [{"x": 588, "y": 67}, {"x": 598, "y": 67}, {"x": 598, "y": 57}, {"x": 588, "y": 57}], [{"x": 588, "y": 89}, {"x": 598, "y": 89}, {"x": 598, "y": 79}, {"x": 588, "y": 79}], [{"x": 588, "y": 155}, {"x": 598, "y": 155}, {"x": 598, "y": 145}, {"x": 588, "y": 145}], [{"x": 588, "y": 177}, {"x": 598, "y": 177}, {"x": 598, "y": 167}, {"x": 588, "y": 167}], [{"x": 588, "y": 199}, {"x": 598, "y": 199}, {"x": 598, "y": 189}, {"x": 588, "y": 189}], [{"x": 588, "y": 221}, {"x": 598, "y": 221}, {"x": 598, "y": 211}, {"x": 588, "y": 211}], [{"x": 588, "y": 265}, {"x": 598, "y": 265}, {"x": 598, "y": 255}, {"x": 588, "y": 255}], [{"x": 588, "y": 287}, {"x": 598, "y": 287}, {"x": 598, "y": 277}, {"x": 588, "y": 277}], [{"x": 588, "y": 309}, {"x": 598, "y": 309}, {"x": 598, "y": 299}, {"x": 588, "y": 299}], [{"x": 588, "y": 397}, {"x": 598, "y": 397}, {"x": 598, "y": 387}, {"x": 588, "y": 387}], [{"x": 588, "y": 463}, {"x": 598, "y": 463}, {"x": 598, "y": 453}, {"x": 588, "y": 453}], [{"x": 588, "y": 507}, {"x": 598, "y": 507}, {"x": 598, "y": 497}, {"x": 588, "y": 497}], [{"x": 588, "y": 551}, {"x": 598, "y": 551}, {"x": 598, "y": 541}, {"x": 588, "y": 541}], [{"x": 587, "y": 661}, {"x": 598, "y": 661}, {"x": 598, "y": 651}, {"x": 588, "y": 651}], [{"x": 588, "y": 683}, {"x": 598, "y": 683}, {"x": 598, "y": 673}, {"x": 588, "y": 673}], [{"x": 588, "y": 727}, {"x": 598, "y": 727}, {"x": 598, "y": 717}, {"x": 588, "y": 717}], [{"x": 588, "y": 771}, {"x": 598, "y": 771}, {"x": 598, "y": 761}, {"x": 588, "y": 761}], [{"x": 588, "y": 793}, {"x": 598, "y": 793}, {"x": 598, "y": 783}, {"x": 588, "y": 783}], [{"x": 588, "y": 815}, {"x": 598, "y": 815}, {"x": 598, "y": 805}, {"x": 588, "y": 805}], [{"x": 610, "y": 67}, {"x": 620, "y": 67}, {"x": 620, "y": 57}, {"x": 610, "y": 57}], [{"x": 610, "y": 89}, {"x": 620, "y": 89}, {"x": 620, "y": 79}, {"x": 610, "y": 79}], [{"x": 610, "y": 177}, {"x": 620, "y": 177}, {"x": 620, "y": 167}, {"x": 610, "y": 167}], [{"x": 610, "y": 243}, {"x": 620, "y": 243}, {"x": 620, "y": 233}, {"x": 610, "y": 233}], [{"x": 610, "y": 265}, {"x": 620, "y": 265}, {"x": 620, "y": 255}, {"x": 610, "y": 255}], [{"x": 610, "y": 353}, {"x": 620, "y": 353}, {"x": 620, "y": 343}, {"x": 610, "y": 343}], [{"x": 610, "y": 375}, {"x": 620, "y": 375}, {"x": 620, "y": 365}, {"x": 610, "y": 365}], [{"x": 610, "y": 419}, {"x": 620, "y": 419}, {"x": 620, "y": 409}, {"x": 610, "y": 409}], [{"x": 610, "y": 485}, {"x": 620, "y": 485}, {"x": 620, "y": 475}, {"x": 610, "y": 475}], [{"x": 610, "y": 529}, {"x": 620, "y": 529}, {"x": 620, "y": 519}, {"x": 610, "y": 519}], [{"x": 610, "y": 551}, {"x": 620, "y": 551}, {"x": 620, "y": 541}, {"x": 610, "y": 541}], [{"x": 610, "y": 573}, {"x": 620, "y": 573}, {"x": 620, "y": 563}, {"x": 610, "y": 563}], [{"x": 610, "y": 683}, {"x": 620, "y": 683}, {"x": 620, "y": 673}, {"x": 610, "y": 673}], [{"x": 610, "y": 705}, {"x": 620, "y": 705}, {"x": 620, "y": 695}, {"x": 610, "y": 695}], [{"x": 610, "y": 749}, {"x": 620, "y": 749}, {"x": 620, "y": 739}, {"x": 610, "y": 739}], [{"x": 610, "y": 793}, {"x": 620, "y": 793}, {"x": 620, "y": 783}, {"x": 610, "y": 783}], [{"x": 632, "y": 45}, {"x": 642, "y": 45}, {"x": 642, "y": 35}, {"x": 632, "y": 35}], [{"x": 632, "y": 89}, {"x": 642, "y": 89}, {"x": 642, "y": 79}, {"x": 632, "y": 79}], [{"x": 632, "y": 243}, {"x": 642, "y": 243}, {"x": 642, "y": 233}, {"x": 632, "y": 233}], [{"x": 629, "y": 309}, {"x": 642, "y": 309}, {"x": 642, "y": 299}, {"x": 632, "y": 299}], [{"x": 632, "y": 331}, {"x": 642, "y": 331}, {"x": 642, "y": 321}, {"x": 632, "y": 321}], [{"x": 632, "y": 353}, {"x": 642, "y": 353}, {"x": 642, "y": 343}, {"x": 632, "y": 343}], [{"x": 632, "y": 441}, {"x": 642, "y": 441}, {"x": 642, "y": 431}, {"x": 632, "y": 431}], [{"x": 632, "y": 507}, {"x": 642, "y": 507}, {"x": 642, "y": 497}, {"x": 632, "y": 497}], [{"x": 632, "y": 529}, {"x": 642, "y": 529}, {"x": 642, "y": 519}, {"x": 632, "y": 519}], [{"x": 632, "y": 551}, {"x": 642, "y": 551}, {"x": 642, "y": 541}, {"x": 632, "y": 541}], [{"x": 632, "y": 595}, {"x": 642, "y": 595}, {"x": 642, "y": 585}, {"x": 632, "y": 585}], [{"x": 632, "y": 617}, {"x": 642, "y": 617}, {"x": 642, "y": 607}, {"x": 632, "y": 607}], [{"x": 632, "y": 639}, {"x": 642, "y": 639}, {"x": 642, "y": 629}, {"x": 632, "y": 629}], [{"x": 632, "y": 705}, {"x": 642, "y": 705}, {"x": 642, "y": 695}, {"x": 632, "y": 695}], [{"x": 632, "y": 749}, {"x": 642, "y": 749}, {"x": 642, "y": 739}, {"x": 632, "y": 739}], [{"x": 654, "y": 45}, {"x": 664, "y": 45}, {"x": 664, "y": 35}, {"x": 654, "y": 35}], [{"x": 654, "y": 67}, {"x": 664, "y": 67}, {"x": 664, "y": 57}, {"x": 654, "y": 57}], [{"x": 654, "y": 177}, {"x": 664, "y": 177}, {"x": 664, "y": 167}, {"x": 654, "y": 167}], [{"x": 654, "y": 309}, {"x": 664, "y": 309}, {"x": 664, "y": 299}, {"x": 654, "y": 299}], [{"x": 654, "y": 331}, {"x": 664, "y": 331}, {"x": 664, "y": 321}, {"x": 654, "y": 321}], [{"x": 654, "y": 353}, {"x": 664, "y": 353}, {"x": 664, "y": 343}, {"x": 654, "y": 343}], [{"x": 654, "y": 375}, {"x": 664, "y": 375}, {"x": 664, "y": 365}, {"x": 654, "y": 365}], [{"x": 654, "y": 397}, {"x": 664, "y": 397}, {"x": 664, "y": 387}, {"x": 654, "y": 387}], [{"x": 654, "y": 463}, {"x": 664, "y": 463}, {"x": 664, "y": 453}, {"x": 654, "y": 453}], [{"x": 654, "y": 485}, {"x": 664, "y": 485}, {"x": 664, "y": 475}, {"x": 654, "y": 475}], [{"x": 654, "y": 507}, {"x": 664, "y": 507}, {"x": 664, "y": 497}, {"x": 654, "y": 497}], [{"x": 654, "y": 529}, {"x": 664, "y": 529}, {"x": 664, "y": 519}, {"x": 654, "y": 519}], [{"x": 654, "y": 595}, {"x": 664, "y": 595}, {"x": 664, "y": 585}, {"x": 654, "y": 585}], [{"x": 654, "y": 617}, {"x": 664, "y": 617}, {"x": 664, "y": 607}, {"x": 654, "y": 607}], [{"x": 654, "y": 639}, {"x": 664, "y": 639}, {"x": 664, "y": 629}, {"x": 654, "y": 629}], [{"x": 654, "y": 661}, {"x": 664, "y": 661}, {"x": 664, "y": 651}, {"x": 654, "y": 651}], [{"x": 654, "y": 705}, {"x": 664, "y": 705}, {"x": 664, "y": 695}, {"x": 654, "y": 695}], [{"x": 654, "y": 727}, {"x": 664, "y": 727}, {"x": 664, "y": 717}, {"x": 654, "y": 717}], [{"x": 654, "y": 771}, {"x": 668, "y": 771}, {"x": 664, "y": 761}, {"x": 654, "y": 761}], [{"x": 676, "y": 67}, {"x": 686, "y": 67}, {"x": 686, "y": 57}, {"x": 676, "y": 57}], [{"x": 676, "y": 89}, {"x": 686, "y": 89}, {"x": 686, "y": 79}, {"x": 676, "y": 79}], [{"x": 676, "y": 112}, {"x": 686, "y": 111}, {"x": 686, "y": 101}, {"x": 676, "y": 101}], [{"x": 676, "y": 133}, {"x": 686, "y": 133}, {"x": 686, "y": 123}, {"x": 676, "y": 123}], [{"x": 676, "y": 155}, {"x": 686, "y": 155}, {"x": 686, "y": 145}, {"x": 676, "y": 145}], [{"x": 676, "y": 177}, {"x": 686, "y": 177}, {"x": 686, "y": 167}, {"x": 676, "y": 167}], [{"x": 676, "y": 221}, {"x": 686, "y": 221}, {"x": 686, "y": 211}, {"x": 676, "y": 211}], [{"x": 676, "y": 243}, {"x": 686, "y": 243}, {"x": 686, "y": 233}, {"x": 676, "y": 233}], [{"x": 676, "y": 375}, {"x": 686, "y": 375}, {"x": 686, "y": 365}, {"x": 676, "y": 365}], [{"x": 676, "y": 441}, {"x": 686, "y": 441}, {"x": 686, "y": 431}, {"x": 676, "y": 431}], [{"x": 676, "y": 463}, {"x": 686, "y": 463}, {"x": 686, "y": 453}, {"x": 676, "y": 453}], [{"x": 676, "y": 485}, {"x": 686, "y": 485}, {"x": 686, "y": 475}, {"x": 676, "y": 475}], [{"x": 676, "y": 551}, {"x": 686, "y": 551}, {"x": 686, "y": 541}, {"x": 676, "y": 541}], [{"x": 676, "y": 617}, {"x": 686, "y": 617}, {"x": 686, "y": 607}, {"x": 676, "y": 607}], [{"x": 676, "y": 661}, {"x": 686, "y": 661}, {"x": 686, "y": 651}, {"x": 676, "y": 651}], [{"x": 676, "y": 749}, {"x": 686, "y": 749}, {"x": 686, "y": 739}, {"x": 676, "y": 739}], [{"x": 676, "y": 771}, {"x": 686, "y": 771}, {"x": 686, "y": 761}, {"x": 676, "y": 761}], [{"x": 676, "y": 793}, {"x": 686, "y": 793}, {"x": 686, "y": 783}, {"x": 676, "y": 783}], [{"x": 676, "y": 815}, {"x": 686, "y": 815}, {"x": 686, "y": 805}, {"x": 676, "y": 805}], [{"x": 676, "y": 837}, {"x": 686, "y": 837}, {"x": 686, "y": 827}, {"x": 676, "y": 827}], [{"x": 676, "y": 859}, {"x": 686, "y": 859}, {"x": 686, "y": 849}, {"x": 676, "y": 849}], [{"x": 698, "y": 67}, {"x": 708, "y": 67}, {"x": 708, "y": 57}, {"x": 698, "y": 57}], [{"x": 698, "y": 133}, {"x": 708, "y": 133}, {"x": 708, "y": 123}, {"x": 698, "y": 123}], [{"x": 698, "y": 177}, {"x": 708, "y": 177}, {"x": 708, "y": 167}, {"x": 698, "y": 167}], [{"x": 698, "y": 243}, {"x": 708, "y": 243}, {"x": 708, "y": 233}, {"x": 698, "y": 233}], [{"x": 698, "y": 265}, {"x": 708, "y": 265}, {"x": 708, "y": 255}, {"x": 698, "y": 255}], [{"x": 698, "y": 309}, {"x": 708, "y": 309}, {"x": 708, "y": 299}, {"x": 698, "y": 299}], [{"x": 698, "y": 353}, {"x": 708, "y": 353}, {"x": 708, "y": 343}, {"x": 698, "y": 343}], [{"x": 698, "y": 419}, {"x": 708, "y": 419}, {"x": 708, "y": 409}, {"x": 698, "y": 409}], [{"x": 698, "y": 463}, {"x": 708, "y": 463}, {"x": 708, "y": 453}, {"x": 698, "y": 453}], [{"x": 698, "y": 485}, {"x": 708, "y": 485}, {"x": 708, "y": 475}, {"x": 698, "y": 475}], [{"x": 698, "y": 529}, {"x": 708, "y": 529}, {"x": 708, "y": 519}, {"x": 698, "y": 518}], [{"x": 698, "y": 573}, {"x": 708, "y": 573}, {"x": 708, "y": 563}, {"x": 698, "y": 563}], [{"x": 698, "y": 617}, {"x": 708, "y": 617}, {"x": 708, "y": 607}, {"x": 698, "y": 607}], [{"x": 698, "y": 639}, {"x": 708, "y": 639}, {"x": 708, "y": 629}, {"x": 698, "y": 629}], [{"x": 698, "y": 661}, {"x": 708, "y": 661}, {"x": 708, "y": 651}, {"x": 698, "y": 651}], [{"x": 698, "y": 683}, {"x": 708, "y": 683}, {"x": 708, "y": 673}, {"x": 698, "y": 673}], [{"x": 698, "y": 705}, {"x": 708, "y": 705}, {"x": 708, "y": 695}, {"x": 698, "y": 695}], [{"x": 698, "y": 727}, {"x": 708, "y": 727}, {"x": 708, "y": 717}, {"x": 698, "y": 717}], [{"x": 698, "y": 749}, {"x": 708, "y": 749}, {"x": 708, "y": 739}, {"x": 698, "y": 739}], [{"x": 698, "y": 837}, {"x": 708, "y": 837}, {"x": 708, "y": 827}, {"x": 698, "y": 827}], [{"x": 698, "y": 859}, {"x": 708, "y": 859}, {"x": 708, "y": 849}, {"x": 698, "y": 849}], [{"x": 720, "y": 45}, {"x": 730, "y": 45}, {"x": 730, "y": 35}, {"x": 720, "y": 35}], [{"x": 720, "y": 67}, {"x": 730, "y": 67}, {"x": 730, "y": 57}, {"x": 720, "y": 57}], [{"x": 720, "y": 221}, {"x": 730, "y": 221}, {"x": 730, "y": 211}, {"x": 720, "y": 211}], [{"x": 720, "y": 243}, {"x": 730, "y": 243}, {"x": 730, "y": 233}, {"x": 720, "y": 233}], [{"x": 720, "y": 287}, {"x": 730, "y": 287}, {"x": 730, "y": 277}, {"x": 720, "y": 277}], [{"x": 720, "y": 309}, {"x": 730, "y": 309}, {"x": 730, "y": 299}, {"x": 720, "y": 299}], [{"x": 720, "y": 331}, {"x": 730, "y": 331}, {"x": 730, "y": 321}, {"x": 719, "y": 321}], [{"x": 720, "y": 353}, {"x": 730, "y": 353}, {"x": 730, "y": 343}, {"x": 720, "y": 343}], [{"x": 720, "y": 375}, {"x": 730, "y": 375}, {"x": 730, "y": 365}, {"x": 720, "y": 365}], [{"x": 720, "y": 419}, {"x": 730, "y": 419}, {"x": 730, "y": 409}, {"x": 720, "y": 409}], [{"x": 720, "y": 441}, {"x": 730, "y": 441}, {"x": 730, "y": 430}, {"x": 720, "y": 431}], [{"x": 720, "y": 485}, {"x": 730, "y": 485}, {"x": 730, "y": 475}, {"x": 720, "y": 475}], [{"x": 720, "y": 507}, {"x": 730, "y": 507}, {"x": 730, "y": 497}, {"x": 720, "y": 497}], [{"x": 720, "y": 551}, {"x": 730, "y": 551}, {"x": 730, "y": 541}, {"x": 720, "y": 541}], [{"x": 720, "y": 595}, {"x": 730, "y": 595}, {"x": 730, "y": 585}, {"x": 720, "y": 585}], [{"x": 720, "y": 639}, {"x": 730, "y": 639}, {"x": 730, "y": 629}, {"x": 720, "y": 629}], [{"x": 720, "y": 683}, {"x": 730, "y": 683}, {"x": 730, "y": 673}, {"x": 720, "y": 673}], [{"x": 720, "y": 793}, {"x": 730, "y": 793}, {"x": 730, "y": 783}, {"x": 720, "y": 783}], [{"x": 720, "y": 815}, {"x": 730, "y": 815}, {"x": 730, "y": 805}, {"x": 720, "y": 805}], [{"x": 720, "y": 837}, {"x": 730, "y": 837}, {"x": 730, "y": 827}, {"x": 720, "y": 827}], [{"x": 720, "y": 859}, {"x": 730, "y": 859}, {"x": 730, "y": 849}, {"x": 720, "y": 849}], [{"x": 742, "y": 45}, {"x": 752, "y": 45}, {"x": 752, "y": 35}, {"x": 742, "y": 35}], [{"x": 742, "y": 67}, {"x": 752, "y": 67}, {"x": 752, "y": 57}, {"x": 742, "y": 56}], [{"x": 742, "y": 89}, {"x": 752, "y": 89}, {"x": 752, "y": 79}, {"x": 742, "y": 79}], [{"x": 742, "y": 111}, {"x": 752, "y": 111}, {"x": 752, "y": 101}, {"x": 742, "y": 101}], [{"x": 742, "y": 177}, {"x": 752, "y": 177}, {"x": 752, "y": 167}, {"x": 742, "y": 167}], [{"x": 742, "y": 199}, {"x": 752, "y": 199}, {"x": 752, "y": 189}, {"x": 742, "y": 189}], [{"x": 742, "y": 243}, {"x": 752, "y": 243}, {"x": 752, "y": 232}, {"x": 742, "y": 233}], [{"x": 742, "y": 265}, {"x": 752, "y": 265}, {"x": 752, "y": 255}, {"x": 742, "y": 255}], [{"x": 742, "y": 287}, {"x": 752, "y": 287}, {"x": 752, "y": 277}, {"x": 742, "y": 277}], [{"x": 742, "y": 309}, {"x": 752, "y": 309}, {"x": 752, "y": 299}, {"x": 742, "y": 299}], [{"x": 742, "y": 331}, {"x": 752, "y": 331}, {"x": 752, "y": 321}, {"x": 742, "y": 321}], [{"x": 742, "y": 353}, {"x": 752, "y": 353}, {"x": 752, "y": 343}, {"x": 742, "y": 343}], [{"x": 742, "y": 375}, {"x": 752, "y": 375}, {"x": 752, "y": 365}, {"x": 742, "y": 365}], [{"x": 742, "y": 419}, {"x": 752, "y": 419}, {"x": 752, "y": 409}, {"x": 742, "y": 409}], [{"x": 742, "y": 463}, {"x": 752, "y": 463}, {"x": 752, "y": 453}, {"x": 742, "y": 453}], [{"x": 742, "y": 485}, {"x": 752, "y": 485}, {"x": 752, "y": 475}, {"x": 742, "y": 475}], [{"x": 742, "y": 529}, {"x": 752, "y": 529}, {"x": 752, "y": 519}, {"x": 742, "y": 519}], [{"x": 742, "y": 661}, {"x": 752, "y": 661}, {"x": 752, "y": 651}, {"x": 742, "y": 651}], [{"x": 742, "y": 683}, {"x": 752, "y": 683}, {"x": 752, "y": 673}, {"x": 742, "y": 673}], [{"x": 742, "y": 705}, {"x": 755, "y": 705}, {"x": 752, "y": 695}, {"x": 742, "y": 695}], [{"x": 742, "y": 749}, {"x": 752, "y": 749}, {"x": 752, "y": 739}, {"x": 742, "y": 739}], [{"x": 742, "y": 771}, {"x": 752, "y": 771}, {"x": 752, "y": 761}, {"x": 742, "y": 761}], [{"x": 742, "y": 815}, {"x": 752, "y": 815}, {"x": 752, "y": 805}, {"x": 742, "y": 805}], [{"x": 742, "y": 837}, {"x": 752, "y": 837}, {"x": 752, "y": 827}, {"x": 742, "y": 827}], [{"x": 742, "y": 859}, {"x": 752, "y": 859}, {"x": 752, "y": 849}, {"x": 742, "y": 849}], [{"x": 764, "y": 177}, {"x": 774, "y": 177}, {"x": 774, "y": 167}, {"x": 764, "y": 167}], [{"x": 764, "y": 353}, {"x": 774, "y": 353}, {"x": 774, "y": 343}, {"x": 764, "y": 343}], [{"x": 764, "y": 375}, {"x": 774, "y": 375}, {"x": 774, "y": 365}, {"x": 764, "y": 365}], [{"x": 764, "y": 485}, {"x": 774, "y": 485}, {"x": 774, "y": 475}, {"x": 764, "y": 475}], [{"x": 764, "y": 507}, {"x": 774, "y": 507}, {"x": 774, "y": 497}, {"x": 764, "y": 497}], [{"x": 764, "y": 551}, {"x": 774, "y": 551}, {"x": 774, "y": 541}, {"x": 764, "y": 541}], [{"x": 764, "y": 617}, {"x": 774, "y": 617}, {"x": 774, "y": 607}, {"x": 764, "y": 607}], [{"x": 764, "y": 639}, {"x": 774, "y": 639}, {"x": 774, "y": 629}, {"x": 764, "y": 629}], [{"x": 764, "y": 661}, {"x": 774, "y": 661}, {"x": 774, "y": 651}, {"x": 764, "y": 651}], [{"x": 764, "y": 705}, {"x": 774, "y": 705}, {"x": 774, "y": 695}, {"x": 764, "y": 695}], [{"x": 764, "y": 727}, {"x": 774, "y": 727}, {"x": 774, "y": 717}, {"x": 764, "y": 717}], [{"x": 764, "y": 815}, {"x": 774, "y": 815}, {"x": 774, "y": 805}, {"x": 764, "y": 805}], [{"x": 764, "y": 837}, {"x": 774, "y": 837}, {"x": 774, "y": 827}, {"x": 764, "y": 827}], [{"x": 786, "y": 463}, {"x": 796, "y": 463}, {"x": 796, "y": 453}, {"x": 786, "y": 453}], [{"x": 786, "y": 485}, {"x": 796, "y": 485}, {"x": 796, "y": 475}, {"x": 786, "y": 475}], [{"x": 786, "y": 507}, {"x": 796, "y": 507}, {"x": 796, "y": 497}, {"x": 786, "y": 497}], [{"x": 784, "y": 529}, {"x": 796, "y": 529}, {"x": 796, "y": 519}, {"x": 786, "y": 519}], [{"x": 786, "y": 551}, {"x": 796, "y": 551}, {"x": 796, "y": 541}, {"x": 786, "y": 541}], [{"x": 786, "y": 573}, {"x": 796, "y": 573}, {"x": 796, "y": 563}, {"x": 786, "y": 563}], [{"x": 786, "y": 595}, {"x": 796, "y": 595}, {"x": 796, "y": 585}, {"x": 786, "y": 585}], [{"x": 786, "y": 661}, {"x": 796, "y": 661}, {"x": 796, "y": 651}, {"x": 786, "y": 651}], [{"x": 786, "y": 705}, {"x": 796, "y": 705}, {"x": 796, "y": 695}, {"x": 786, "y": 695}], [{"x": 786, "y": 727}, {"x": 796, "y": 727}, {"x": 796, "y": 717}, {"x": 786, "y": 717}], [{"x": 786, "y": 793}, {"x": 796, "y": 793}, {"x": 796, "y": 783}, {"x": 786, "y": 783}], [{"x": 786, "y": 815}, {"x": 796, "y": 815}, {"x": 796, "y": 805}, {"x": 786, "y": 805}], [{"x": 786, "y": 881}, {"x": 796, "y": 881}, {"x": 796, "y": 871}, {"x": 786, "y": 871}], [{"x": 808, "y": 859}, {"x": 818, "y": 859}, {"x": 818, "y": 849}, {"x": 808, "y": 849}], [{"x": 808, "y": 903}, {"x": 818, "y": 903}, {"x": 818, "y": 893}, {"x": 808, "y": 893}]]}