{"type": "CGSHOP2023_Instance", "name": "maze_5084_250_001_005", "n": 4068, "outer_boundary": [{"x": 238, "y": 171}, {"x": 500, "y": 209}, {"x": 772, "y": 222}, {"x": 769, "y": 500}, {"x": 847, "y": 878}, {"x": 500, "y": 972}, {"x": 21, "y": 881}, {"x": 24, "y": 500}], "holes": [[{"x": 49, "y": 495}, {"x": 59, "y": 495}, {"x": 59, "y": 485}, {"x": 49, "y": 485}], [{"x": 48, "y": 517}, {"x": 59, "y": 517}, {"x": 59, "y": 507}, {"x": 49, "y": 507}], [{"x": 49, "y": 539}, {"x": 59, "y": 539}, {"x": 62, "y": 529}, {"x": 49, "y": 529}], [{"x": 49, "y": 561}, {"x": 59, "y": 561}, {"x": 59, "y": 551}, {"x": 49, "y": 551}], [{"x": 49, "y": 583}, {"x": 59, "y": 583}, {"x": 59, "y": 573}, {"x": 49, "y": 573}], [{"x": 46, "y": 605}, {"x": 59, "y": 605}, {"x": 59, "y": 595}, {"x": 49, "y": 595}], [{"x": 49, "y": 627}, {"x": 59, "y": 627}, {"x": 59, "y": 617}, {"x": 49, "y": 617}], [{"x": 49, "y": 649}, {"x": 59, "y": 649}, {"x": 59, "y": 639}, {"x": 49, "y": 639}], [{"x": 49, "y": 671}, {"x": 59, "y": 671}, {"x": 59, "y": 661}, {"x": 49, "y": 661}], [{"x": 49, "y": 693}, {"x": 59, "y": 693}, {"x": 59, "y": 683}, {"x": 47, "y": 683}], [{"x": 49, "y": 715}, {"x": 59, "y": 715}, {"x": 59, "y": 705}, {"x": 49, "y": 705}], [{"x": 49, "y": 737}, {"x": 59, "y": 737}, {"x": 59, "y": 727}, {"x": 49, "y": 727}], [{"x": 49, "y": 759}, {"x": 59, "y": 759}, {"x": 59, "y": 749}, {"x": 49, "y": 749}], [{"x": 49, "y": 781}, {"x": 59, "y": 781}, {"x": 59, "y": 771}, {"x": 49, "y": 771}], [{"x": 49, "y": 803}, {"x": 59, "y": 803}, {"x": 59, "y": 793}, {"x": 49, "y": 793}], [{"x": 49, "y": 825}, {"x": 59, "y": 825}, {"x": 59, "y": 815}, {"x": 49, "y": 815}], [{"x": 49, "y": 847}, {"x": 59, "y": 847}, {"x": 59, "y": 837}, {"x": 49, "y": 837}], [{"x": 49, "y": 869}, {"x": 59, "y": 869}, {"x": 59, "y": 859}, {"x": 49, "y": 859}], [{"x": 71, "y": 473}, {"x": 81, "y": 473}, {"x": 81, "y": 463}, {"x": 71, "y": 463}], [{"x": 71, "y": 495}, {"x": 81, "y": 495}, {"x": 81, "y": 485}, {"x": 71, "y": 485}], [{"x": 71, "y": 517}, {"x": 81, "y": 517}, {"x": 81, "y": 507}, {"x": 71, "y": 507}], [{"x": 68, "y": 542}, {"x": 81, "y": 539}, {"x": 81, "y": 529}, {"x": 71, "y": 529}], [{"x": 71, "y": 561}, {"x": 81, "y": 561}, {"x": 81, "y": 551}, {"x": 71, "y": 551}], [{"x": 71, "y": 583}, {"x": 81, "y": 583}, {"x": 81, "y": 573}, {"x": 71, "y": 571}], [{"x": 71, "y": 605}, {"x": 81, "y": 605}, {"x": 81, "y": 595}, {"x": 71, "y": 595}], [{"x": 71, "y": 627}, {"x": 81, "y": 627}, {"x": 81, "y": 617}, {"x": 71, "y": 617}], [{"x": 71, "y": 649}, {"x": 81, "y": 649}, {"x": 81, "y": 639}, {"x": 71, "y": 636}], [{"x": 71, "y": 671}, {"x": 81, "y": 671}, {"x": 81, "y": 661}, {"x": 71, "y": 661}], [{"x": 71, "y": 693}, {"x": 81, "y": 693}, {"x": 81, "y": 683}, {"x": 71, "y": 683}], [{"x": 71, "y": 715}, {"x": 81, "y": 715}, {"x": 81, "y": 705}, {"x": 71, "y": 705}], [{"x": 71, "y": 737}, {"x": 81, "y": 737}, {"x": 81, "y": 727}, {"x": 71, "y": 727}], [{"x": 71, "y": 759}, {"x": 81, "y": 759}, {"x": 81, "y": 749}, {"x": 71, "y": 749}], [{"x": 71, "y": 781}, {"x": 85, "y": 781}, {"x": 81, "y": 771}, {"x": 71, "y": 771}], [{"x": 71, "y": 803}, {"x": 81, "y": 803}, {"x": 81, "y": 793}, {"x": 71, "y": 793}], [{"x": 71, "y": 825}, {"x": 81, "y": 825}, {"x": 81, "y": 815}, {"x": 71, "y": 815}], [{"x": 71, "y": 847}, {"x": 81, "y": 847}, {"x": 81, "y": 837}, {"x": 71, "y": 835}], [{"x": 71, "y": 869}, {"x": 81, "y": 869}, {"x": 81, "y": 859}, {"x": 71, "y": 859}], [{"x": 89, "y": 429}, {"x": 103, "y": 429}, {"x": 103, "y": 419}, {"x": 93, "y": 419}], [{"x": 93, "y": 451}, {"x": 103, "y": 451}, {"x": 103, "y": 441}, {"x": 93, "y": 441}], [{"x": 93, "y": 473}, {"x": 103, "y": 473}, {"x": 103, "y": 463}, {"x": 93, "y": 463}], [{"x": 93, "y": 496}, {"x": 103, "y": 495}, {"x": 103, "y": 485}, {"x": 93, "y": 485}], [{"x": 93, "y": 517}, {"x": 103, "y": 517}, {"x": 103, "y": 507}, {"x": 93, "y": 507}], [{"x": 93, "y": 539}, {"x": 103, "y": 539}, {"x": 103, "y": 529}, {"x": 93, "y": 529}], [{"x": 93, "y": 561}, {"x": 103, "y": 561}, {"x": 103, "y": 551}, {"x": 93, "y": 551}], [{"x": 93, "y": 583}, {"x": 103, "y": 583}, {"x": 103, "y": 573}, {"x": 93, "y": 573}], [{"x": 93, "y": 605}, {"x": 103, "y": 605}, {"x": 103, "y": 595}, {"x": 93, "y": 595}], [{"x": 93, "y": 627}, {"x": 103, "y": 627}, {"x": 103, "y": 617}, {"x": 93, "y": 617}], [{"x": 93, "y": 649}, {"x": 103, "y": 649}, {"x": 103, "y": 639}, {"x": 93, "y": 639}], [{"x": 93, "y": 671}, {"x": 103, "y": 671}, {"x": 103, "y": 661}, {"x": 93, "y": 661}], [{"x": 93, "y": 693}, {"x": 103, "y": 693}, {"x": 103, "y": 683}, {"x": 93, "y": 683}], [{"x": 93, "y": 715}, {"x": 103, "y": 715}, {"x": 103, "y": 705}, {"x": 93, "y": 705}], [{"x": 93, "y": 737}, {"x": 103, "y": 737}, {"x": 103, "y": 727}, {"x": 92, "y": 727}], [{"x": 93, "y": 759}, {"x": 103, "y": 759}, {"x": 103, "y": 749}, {"x": 93, "y": 749}], [{"x": 93, "y": 781}, {"x": 103, "y": 781}, {"x": 103, "y": 771}, {"x": 93, "y": 771}], [{"x": 93, "y": 803}, {"x": 103, "y": 803}, {"x": 103, "y": 793}, {"x": 93, "y": 793}], [{"x": 93, "y": 825}, {"x": 103, "y": 825}, {"x": 103, "y": 815}, {"x": 91, "y": 815}], [{"x": 93, "y": 847}, {"x": 103, "y": 847}, {"x": 103, "y": 837}, {"x": 93, "y": 837}], [{"x": 93, "y": 869}, {"x": 103, "y": 869}, {"x": 103, "y": 859}, {"x": 93, "y": 859}], [{"x": 115, "y": 407}, {"x": 125, "y": 407}, {"x": 125, "y": 397}, {"x": 115, "y": 397}], [{"x": 115, "y": 429}, {"x": 128, "y": 429}, {"x": 125, "y": 419}, {"x": 115, "y": 419}], [{"x": 115, "y": 451}, {"x": 125, "y": 451}, {"x": 125, "y": 441}, {"x": 115, "y": 441}], [{"x": 115, "y": 473}, {"x": 125, "y": 473}, {"x": 125, "y": 463}, {"x": 115, "y": 463}], [{"x": 115, "y": 495}, {"x": 125, "y": 495}, {"x": 125, "y": 485}, {"x": 115, "y": 485}], [{"x": 115, "y": 517}, {"x": 125, "y": 517}, {"x": 125, "y": 507}, {"x": 115, "y": 507}], [{"x": 115, "y": 539}, {"x": 125, "y": 539}, {"x": 125, "y": 529}, {"x": 115, "y": 529}], [{"x": 115, "y": 561}, {"x": 125, "y": 561}, {"x": 125, "y": 551}, {"x": 115, "y": 551}], [{"x": 115, "y": 586}, {"x": 125, "y": 583}, {"x": 125, "y": 573}, {"x": 115, "y": 573}], [{"x": 115, "y": 605}, {"x": 125, "y": 605}, {"x": 125, "y": 595}, {"x": 115, "y": 595}], [{"x": 115, "y": 627}, {"x": 125, "y": 627}, {"x": 125, "y": 617}, {"x": 115, "y": 617}], [{"x": 115, "y": 649}, {"x": 125, "y": 650}, {"x": 125, "y": 639}, {"x": 115, "y": 639}], [{"x": 115, "y": 672}, {"x": 125, "y": 671}, {"x": 125, "y": 661}, {"x": 115, "y": 661}], [{"x": 115, "y": 693}, {"x": 125, "y": 693}, {"x": 125, "y": 683}, {"x": 115, "y": 683}], [{"x": 115, "y": 715}, {"x": 125, "y": 715}, {"x": 125, "y": 705}, {"x": 115, "y": 705}], [{"x": 113, "y": 737}, {"x": 125, "y": 737}, {"x": 125, "y": 727}, {"x": 115, "y": 727}], [{"x": 111, "y": 759}, {"x": 125, "y": 759}, {"x": 125, "y": 749}, {"x": 115, "y": 749}], [{"x": 115, "y": 781}, {"x": 125, "y": 781}, {"x": 125, "y": 771}, {"x": 115, "y": 771}], [{"x": 111, "y": 803}, {"x": 125, "y": 803}, {"x": 125, "y": 793}, {"x": 115, "y": 793}], [{"x": 115, "y": 825}, {"x": 125, "y": 825}, {"x": 125, "y": 815}, {"x": 115, "y": 815}], [{"x": 115, "y": 847}, {"x": 126, "y": 847}, {"x": 125, "y": 837}, {"x": 115, "y": 834}], [{"x": 115, "y": 869}, {"x": 125, "y": 869}, {"x": 125, "y": 859}, {"x": 115, "y": 859}], [{"x": 115, "y": 891}, {"x": 125, "y": 891}, {"x": 125, "y": 881}, {"x": 115, "y": 881}], [{"x": 137, "y": 363}, {"x": 147, "y": 363}, {"x": 147, "y": 353}, {"x": 137, "y": 353}], [{"x": 137, "y": 385}, {"x": 147, "y": 386}, {"x": 147, "y": 375}, {"x": 137, "y": 375}], [{"x": 137, "y": 407}, {"x": 147, "y": 407}, {"x": 147, "y": 397}, {"x": 137, "y": 397}], [{"x": 137, "y": 429}, {"x": 147, "y": 429}, {"x": 147, "y": 419}, {"x": 137, "y": 419}], [{"x": 137, "y": 451}, {"x": 147, "y": 455}, {"x": 147, "y": 441}, {"x": 137, "y": 439}], [{"x": 137, "y": 473}, {"x": 147, "y": 473}, {"x": 147, "y": 463}, {"x": 136, "y": 463}], [{"x": 137, "y": 495}, {"x": 147, "y": 495}, {"x": 147, "y": 482}, {"x": 137, "y": 485}], [{"x": 137, "y": 517}, {"x": 148, "y": 517}, {"x": 147, "y": 507}, {"x": 137, "y": 507}], [{"x": 137, "y": 539}, {"x": 147, "y": 539}, {"x": 147, "y": 529}, {"x": 137, "y": 529}], [{"x": 133, "y": 561}, {"x": 147, "y": 561}, {"x": 147, "y": 551}, {"x": 137, "y": 551}], [{"x": 137, "y": 583}, {"x": 147, "y": 583}, {"x": 147, "y": 573}, {"x": 137, "y": 573}], [{"x": 137, "y": 605}, {"x": 147, "y": 605}, {"x": 147, "y": 595}, {"x": 137, "y": 595}], [{"x": 137, "y": 627}, {"x": 147, "y": 627}, {"x": 147, "y": 617}, {"x": 137, "y": 617}], [{"x": 137, "y": 649}, {"x": 147, "y": 649}, {"x": 147, "y": 639}, {"x": 137, "y": 639}], [{"x": 137, "y": 671}, {"x": 147, "y": 671}, {"x": 147, "y": 661}, {"x": 137, "y": 661}], [{"x": 137, "y": 694}, {"x": 147, "y": 693}, {"x": 147, "y": 683}, {"x": 137, "y": 683}], [{"x": 137, "y": 715}, {"x": 147, "y": 715}, {"x": 147, "y": 705}, {"x": 137, "y": 705}], [{"x": 137, "y": 737}, {"x": 147, "y": 737}, {"x": 147, "y": 727}, {"x": 137, "y": 727}], [{"x": 137, "y": 759}, {"x": 147, "y": 759}, {"x": 147, "y": 749}, {"x": 137, "y": 749}], [{"x": 137, "y": 781}, {"x": 147, "y": 781}, {"x": 147, "y": 771}, {"x": 137, "y": 771}], [{"x": 137, "y": 803}, {"x": 147, "y": 803}, {"x": 147, "y": 793}, {"x": 137, "y": 793}], [{"x": 137, "y": 825}, {"x": 147, "y": 825}, {"x": 147, "y": 815}, {"x": 137, "y": 815}], [{"x": 137, "y": 847}, {"x": 147, "y": 847}, {"x": 147, "y": 837}, {"x": 137, "y": 834}], [{"x": 137, "y": 869}, {"x": 147, "y": 872}, {"x": 147, "y": 859}, {"x": 137, "y": 859}], [{"x": 137, "y": 891}, {"x": 147, "y": 891}, {"x": 147, "y": 881}, {"x": 137, "y": 881}], [{"x": 159, "y": 319}, {"x": 169, "y": 319}, {"x": 169, "y": 309}, {"x": 159, "y": 309}], [{"x": 159, "y": 341}, {"x": 169, "y": 341}, {"x": 169, "y": 331}, {"x": 155, "y": 331}], [{"x": 159, "y": 363}, {"x": 169, "y": 363}, {"x": 169, "y": 353}, {"x": 159, "y": 353}], [{"x": 159, "y": 385}, {"x": 169, "y": 385}, {"x": 169, "y": 375}, {"x": 159, "y": 375}], [{"x": 159, "y": 407}, {"x": 169, "y": 407}, {"x": 169, "y": 397}, {"x": 159, "y": 397}], [{"x": 159, "y": 429}, {"x": 169, "y": 429}, {"x": 169, "y": 419}, {"x": 159, "y": 419}], [{"x": 159, "y": 451}, {"x": 169, "y": 451}, {"x": 169, "y": 441}, {"x": 159, "y": 441}], [{"x": 159, "y": 473}, {"x": 169, "y": 473}, {"x": 169, "y": 463}, {"x": 159, "y": 460}], [{"x": 158, "y": 495}, {"x": 169, "y": 495}, {"x": 169, "y": 485}, {"x": 158, "y": 485}], [{"x": 159, "y": 517}, {"x": 169, "y": 517}, {"x": 169, "y": 507}, {"x": 159, "y": 507}], [{"x": 159, "y": 539}, {"x": 169, "y": 539}, {"x": 169, "y": 529}, {"x": 159, "y": 529}], [{"x": 159, "y": 561}, {"x": 169, "y": 564}, {"x": 169, "y": 551}, {"x": 159, "y": 551}], [{"x": 159, "y": 583}, {"x": 169, "y": 583}, {"x": 169, "y": 573}, {"x": 159, "y": 573}], [{"x": 159, "y": 609}, {"x": 169, "y": 605}, {"x": 169, "y": 595}, {"x": 159, "y": 595}], [{"x": 159, "y": 627}, {"x": 169, "y": 627}, {"x": 169, "y": 617}, {"x": 159, "y": 617}], [{"x": 159, "y": 649}, {"x": 169, "y": 649}, {"x": 169, "y": 639}, {"x": 159, "y": 639}], [{"x": 159, "y": 671}, {"x": 169, "y": 671}, {"x": 169, "y": 661}, {"x": 159, "y": 661}], [{"x": 156, "y": 693}, {"x": 169, "y": 693}, {"x": 169, "y": 683}, {"x": 159, "y": 683}], [{"x": 159, "y": 715}, {"x": 169, "y": 715}, {"x": 169, "y": 705}, {"x": 159, "y": 705}], [{"x": 157, "y": 737}, {"x": 169, "y": 737}, {"x": 169, "y": 727}, {"x": 159, "y": 727}], [{"x": 159, "y": 759}, {"x": 170, "y": 759}, {"x": 169, "y": 749}, {"x": 159, "y": 749}], [{"x": 159, "y": 781}, {"x": 169, "y": 781}, {"x": 169, "y": 771}, {"x": 159, "y": 771}], [{"x": 159, "y": 803}, {"x": 169, "y": 803}, {"x": 169, "y": 793}, {"x": 159, "y": 793}], [{"x": 159, "y": 825}, {"x": 169, "y": 825}, {"x": 169, "y": 815}, {"x": 159, "y": 815}], [{"x": 159, "y": 847}, {"x": 172, "y": 847}, {"x": 169, "y": 837}, {"x": 159, "y": 837}], [{"x": 159, "y": 869}, {"x": 169, "y": 869}, {"x": 169, "y": 859}, {"x": 159, "y": 859}], [{"x": 159, "y": 891}, {"x": 169, "y": 891}, {"x": 169, "y": 880}, {"x": 159, "y": 881}], [{"x": 181, "y": 297}, {"x": 192, "y": 297}, {"x": 191, "y": 287}, {"x": 181, "y": 287}], [{"x": 181, "y": 319}, {"x": 191, "y": 319}, {"x": 191, "y": 309}, {"x": 181, "y": 309}], [{"x": 181, "y": 341}, {"x": 191, "y": 341}, {"x": 191, "y": 331}, {"x": 181, "y": 331}], [{"x": 181, "y": 363}, {"x": 191, "y": 363}, {"x": 192, "y": 353}, {"x": 181, "y": 353}], [{"x": 181, "y": 385}, {"x": 191, "y": 385}, {"x": 191, "y": 375}, {"x": 181, "y": 375}], [{"x": 181, "y": 407}, {"x": 191, "y": 407}, {"x": 191, "y": 397}, {"x": 181, "y": 397}], [{"x": 181, "y": 429}, {"x": 191, "y": 429}, {"x": 191, "y": 415}, {"x": 181, "y": 419}], [{"x": 181, "y": 451}, {"x": 191, "y": 451}, {"x": 191, "y": 441}, {"x": 181, "y": 441}], [{"x": 181, "y": 473}, {"x": 191, "y": 473}, {"x": 191, "y": 463}, {"x": 181, "y": 463}], [{"x": 181, "y": 495}, {"x": 191, "y": 495}, {"x": 191, "y": 485}, {"x": 181, "y": 485}], [{"x": 181, "y": 517}, {"x": 191, "y": 517}, {"x": 191, "y": 507}, {"x": 181, "y": 507}], [{"x": 181, "y": 539}, {"x": 191, "y": 539}, {"x": 191, "y": 529}, {"x": 181, "y": 529}], [{"x": 181, "y": 561}, {"x": 191, "y": 561}, {"x": 191, "y": 551}, {"x": 181, "y": 551}], [{"x": 181, "y": 583}, {"x": 191, "y": 583}, {"x": 191, "y": 573}, {"x": 181, "y": 573}], [{"x": 181, "y": 605}, {"x": 191, "y": 605}, {"x": 191, "y": 595}, {"x": 177, "y": 595}], [{"x": 181, "y": 627}, {"x": 191, "y": 627}, {"x": 191, "y": 617}, {"x": 181, "y": 617}], [{"x": 181, "y": 649}, {"x": 192, "y": 649}, {"x": 191, "y": 639}, {"x": 181, "y": 639}], [{"x": 181, "y": 671}, {"x": 191, "y": 671}, {"x": 191, "y": 661}, {"x": 181, "y": 661}], [{"x": 181, "y": 693}, {"x": 191, "y": 693}, {"x": 191, "y": 683}, {"x": 181, "y": 683}], [{"x": 181, "y": 715}, {"x": 191, "y": 715}, {"x": 191, "y": 705}, {"x": 181, "y": 705}], [{"x": 181, "y": 737}, {"x": 191, "y": 737}, {"x": 191, "y": 727}, {"x": 181, "y": 727}], [{"x": 181, "y": 759}, {"x": 191, "y": 759}, {"x": 191, "y": 749}, {"x": 181, "y": 749}], [{"x": 181, "y": 781}, {"x": 191, "y": 781}, {"x": 191, "y": 771}, {"x": 181, "y": 771}], [{"x": 181, "y": 803}, {"x": 191, "y": 803}, {"x": 191, "y": 793}, {"x": 181, "y": 793}], [{"x": 181, "y": 825}, {"x": 191, "y": 825}, {"x": 191, "y": 815}, {"x": 181, "y": 811}], [{"x": 181, "y": 847}, {"x": 191, "y": 847}, {"x": 191, "y": 837}, {"x": 181, "y": 834}], [{"x": 181, "y": 869}, {"x": 191, "y": 869}, {"x": 191, "y": 859}, {"x": 181, "y": 859}], [{"x": 181, "y": 891}, {"x": 191, "y": 891}, {"x": 191, "y": 881}, {"x": 181, "y": 881}], [{"x": 200, "y": 253}, {"x": 213, "y": 253}, {"x": 216, "y": 243}, {"x": 203, "y": 243}], [{"x": 203, "y": 275}, {"x": 213, "y": 275}, {"x": 213, "y": 265}, {"x": 203, "y": 265}], [{"x": 203, "y": 297}, {"x": 213, "y": 297}, {"x": 213, "y": 287}, {"x": 203, "y": 287}], [{"x": 203, "y": 319}, {"x": 213, "y": 319}, {"x": 213, "y": 309}, {"x": 203, "y": 309}], [{"x": 203, "y": 341}, {"x": 213, "y": 341}, {"x": 213, "y": 331}, {"x": 203, "y": 331}], [{"x": 203, "y": 363}, {"x": 213, "y": 363}, {"x": 213, "y": 353}, {"x": 203, "y": 352}], [{"x": 203, "y": 385}, {"x": 213, "y": 385}, {"x": 213, "y": 375}, {"x": 203, "y": 372}], [{"x": 203, "y": 407}, {"x": 213, "y": 407}, {"x": 213, "y": 397}, {"x": 203, "y": 396}], [{"x": 203, "y": 429}, {"x": 213, "y": 430}, {"x": 213, "y": 419}, {"x": 203, "y": 419}], [{"x": 203, "y": 451}, {"x": 213, "y": 451}, {"x": 213, "y": 441}, {"x": 203, "y": 441}], [{"x": 203, "y": 473}, {"x": 213, "y": 473}, {"x": 213, "y": 463}, {"x": 203, "y": 463}], [{"x": 203, "y": 495}, {"x": 213, "y": 495}, {"x": 213, "y": 485}, {"x": 203, "y": 485}], [{"x": 203, "y": 517}, {"x": 213, "y": 517}, {"x": 213, "y": 507}, {"x": 203, "y": 507}], [{"x": 203, "y": 539}, {"x": 213, "y": 539}, {"x": 213, "y": 529}, {"x": 203, "y": 529}], [{"x": 203, "y": 561}, {"x": 213, "y": 561}, {"x": 213, "y": 551}, {"x": 200, "y": 551}], [{"x": 202, "y": 583}, {"x": 213, "y": 583}, {"x": 213, "y": 573}, {"x": 203, "y": 573}], [{"x": 203, "y": 605}, {"x": 213, "y": 605}, {"x": 213, "y": 595}, {"x": 203, "y": 595}], [{"x": 203, "y": 627}, {"x": 213, "y": 627}, {"x": 213, "y": 617}, {"x": 203, "y": 617}], [{"x": 203, "y": 649}, {"x": 216, "y": 649}, {"x": 213, "y": 639}, {"x": 203, "y": 639}], [{"x": 203, "y": 671}, {"x": 213, "y": 671}, {"x": 213, "y": 661}, {"x": 202, "y": 661}], [{"x": 203, "y": 693}, {"x": 213, "y": 693}, {"x": 213, "y": 683}, {"x": 203, "y": 683}], [{"x": 203, "y": 715}, {"x": 213, "y": 715}, {"x": 213, "y": 705}, {"x": 203, "y": 703}], [{"x": 203, "y": 737}, {"x": 213, "y": 737}, {"x": 213, "y": 727}, {"x": 203, "y": 727}], [{"x": 201, "y": 759}, {"x": 213, "y": 759}, {"x": 213, "y": 749}, {"x": 203, "y": 749}], [{"x": 203, "y": 781}, {"x": 213, "y": 781}, {"x": 213, "y": 771}, {"x": 203, "y": 771}], [{"x": 202, "y": 803}, {"x": 213, "y": 803}, {"x": 213, "y": 793}, {"x": 203, "y": 793}], [{"x": 203, "y": 825}, {"x": 213, "y": 825}, {"x": 213, "y": 815}, {"x": 203, "y": 815}], [{"x": 203, "y": 847}, {"x": 213, "y": 847}, {"x": 213, "y": 837}, {"x": 203, "y": 837}], [{"x": 203, "y": 869}, {"x": 213, "y": 870}, {"x": 213, "y": 859}, {"x": 203, "y": 859}], [{"x": 203, "y": 891}, {"x": 213, "y": 891}, {"x": 213, "y": 881}, {"x": 203, "y": 878}], [{"x": 225, "y": 231}, {"x": 236, "y": 231}, {"x": 235, "y": 221}, {"x": 225, "y": 221}], [{"x": 225, "y": 253}, {"x": 235, "y": 253}, {"x": 235, "y": 243}, {"x": 225, "y": 242}], [{"x": 225, "y": 275}, {"x": 235, "y": 275}, {"x": 235, "y": 265}, {"x": 225, "y": 265}], [{"x": 225, "y": 297}, {"x": 235, "y": 297}, {"x": 235, "y": 287}, {"x": 225, "y": 287}], [{"x": 225, "y": 319}, {"x": 235, "y": 319}, {"x": 239, "y": 309}, {"x": 224, "y": 309}], [{"x": 225, "y": 341}, {"x": 235, "y": 341}, {"x": 235, "y": 331}, {"x": 225, "y": 331}], [{"x": 223, "y": 363}, {"x": 235, "y": 363}, {"x": 235, "y": 353}, {"x": 225, "y": 353}], [{"x": 225, "y": 385}, {"x": 235, "y": 385}, {"x": 235, "y": 375}, {"x": 225, "y": 375}], [{"x": 225, "y": 407}, {"x": 235, "y": 407}, {"x": 235, "y": 397}, {"x": 225, "y": 397}], [{"x": 225, "y": 429}, {"x": 235, "y": 429}, {"x": 235, "y": 419}, {"x": 225, "y": 419}], [{"x": 225, "y": 451}, {"x": 235, "y": 451}, {"x": 235, "y": 441}, {"x": 225, "y": 441}], [{"x": 225, "y": 473}, {"x": 235, "y": 473}, {"x": 235, "y": 463}, {"x": 225, "y": 463}], [{"x": 225, "y": 495}, {"x": 235, "y": 495}, {"x": 235, "y": 485}, {"x": 225, "y": 485}], [{"x": 225, "y": 517}, {"x": 235, "y": 517}, {"x": 235, "y": 507}, {"x": 225, "y": 507}], [{"x": 225, "y": 539}, {"x": 235, "y": 539}, {"x": 235, "y": 529}, {"x": 222, "y": 528}], [{"x": 225, "y": 561}, {"x": 235, "y": 561}, {"x": 235, "y": 551}, {"x": 225, "y": 551}], [{"x": 225, "y": 583}, {"x": 235, "y": 583}, {"x": 235, "y": 573}, {"x": 225, "y": 570}], [{"x": 225, "y": 605}, {"x": 235, "y": 609}, {"x": 235, "y": 595}, {"x": 225, "y": 595}], [{"x": 225, "y": 627}, {"x": 235, "y": 627}, {"x": 235, "y": 617}, {"x": 225, "y": 617}], [{"x": 225, "y": 649}, {"x": 235, "y": 649}, {"x": 235, "y": 639}, {"x": 225, "y": 639}], [{"x": 225, "y": 671}, {"x": 235, "y": 671}, {"x": 235, "y": 661}, {"x": 225, "y": 661}], [{"x": 225, "y": 693}, {"x": 235, "y": 695}, {"x": 235, "y": 683}, {"x": 225, "y": 683}], [{"x": 225, "y": 715}, {"x": 235, "y": 715}, {"x": 235, "y": 705}, {"x": 225, "y": 705}], [{"x": 225, "y": 737}, {"x": 235, "y": 737}, {"x": 235, "y": 727}, {"x": 225, "y": 727}], [{"x": 225, "y": 759}, {"x": 235, "y": 759}, {"x": 235, "y": 749}, {"x": 225, "y": 749}], [{"x": 225, "y": 781}, {"x": 235, "y": 781}, {"x": 235, "y": 771}, {"x": 225, "y": 771}], [{"x": 225, "y": 803}, {"x": 235, "y": 803}, {"x": 235, "y": 793}, {"x": 225, "y": 793}], [{"x": 225, "y": 825}, {"x": 235, "y": 825}, {"x": 235, "y": 815}, {"x": 225, "y": 815}], [{"x": 225, "y": 847}, {"x": 235, "y": 847}, {"x": 235, "y": 837}, {"x": 225, "y": 837}], [{"x": 225, "y": 869}, {"x": 235, "y": 869}, {"x": 235, "y": 859}, {"x": 225, "y": 859}], [{"x": 225, "y": 891}, {"x": 235, "y": 891}, {"x": 235, "y": 881}, {"x": 225, "y": 881}], [{"x": 247, "y": 209}, {"x": 257, "y": 209}, {"x": 257, "y": 199}, {"x": 247, "y": 199}], [{"x": 247, "y": 231}, {"x": 257, "y": 231}, {"x": 257, "y": 221}, {"x": 247, "y": 221}], [{"x": 247, "y": 253}, {"x": 257, "y": 253}, {"x": 257, "y": 243}, {"x": 247, "y": 243}], [{"x": 247, "y": 278}, {"x": 257, "y": 275}, {"x": 257, "y": 265}, {"x": 247, "y": 265}], [{"x": 247, "y": 297}, {"x": 257, "y": 297}, {"x": 257, "y": 287}, {"x": 247, "y": 287}], [{"x": 247, "y": 319}, {"x": 257, "y": 321}, {"x": 257, "y": 309}, {"x": 247, "y": 309}], [{"x": 247, "y": 341}, {"x": 257, "y": 341}, {"x": 257, "y": 331}, {"x": 247, "y": 331}], [{"x": 247, "y": 363}, {"x": 257, "y": 363}, {"x": 259, "y": 353}, {"x": 247, "y": 353}], [{"x": 247, "y": 385}, {"x": 257, "y": 385}, {"x": 257, "y": 375}, {"x": 247, "y": 375}], [{"x": 247, "y": 407}, {"x": 257, "y": 408}, {"x": 260, "y": 397}, {"x": 247, "y": 397}], [{"x": 247, "y": 429}, {"x": 257, "y": 429}, {"x": 257, "y": 419}, {"x": 247, "y": 419}], [{"x": 247, "y": 451}, {"x": 257, "y": 451}, {"x": 257, "y": 441}, {"x": 247, "y": 441}], [{"x": 247, "y": 473}, {"x": 257, "y": 473}, {"x": 257, "y": 463}, {"x": 247, "y": 463}], [{"x": 247, "y": 495}, {"x": 257, "y": 495}, {"x": 257, "y": 485}, {"x": 247, "y": 485}], [{"x": 246, "y": 517}, {"x": 257, "y": 517}, {"x": 257, "y": 507}, {"x": 247, "y": 507}], [{"x": 246, "y": 539}, {"x": 257, "y": 539}, {"x": 257, "y": 529}, {"x": 247, "y": 529}], [{"x": 247, "y": 561}, {"x": 257, "y": 561}, {"x": 257, "y": 551}, {"x": 247, "y": 551}], [{"x": 247, "y": 583}, {"x": 257, "y": 583}, {"x": 257, "y": 573}, {"x": 247, "y": 573}], [{"x": 247, "y": 605}, {"x": 257, "y": 605}, {"x": 257, "y": 595}, {"x": 247, "y": 595}], [{"x": 247, "y": 627}, {"x": 257, "y": 627}, {"x": 257, "y": 614}, {"x": 247, "y": 617}], [{"x": 247, "y": 649}, {"x": 257, "y": 649}, {"x": 257, "y": 639}, {"x": 243, "y": 639}], [{"x": 247, "y": 671}, {"x": 257, "y": 671}, {"x": 257, "y": 661}, {"x": 247, "y": 661}], [{"x": 247, "y": 693}, {"x": 258, "y": 693}, {"x": 257, "y": 683}, {"x": 247, "y": 683}], [{"x": 247, "y": 715}, {"x": 257, "y": 715}, {"x": 257, "y": 705}, {"x": 243, "y": 705}], [{"x": 247, "y": 737}, {"x": 257, "y": 737}, {"x": 257, "y": 727}, {"x": 247, "y": 727}], [{"x": 247, "y": 759}, {"x": 257, "y": 759}, {"x": 257, "y": 749}, {"x": 247, "y": 749}], [{"x": 247, "y": 781}, {"x": 257, "y": 781}, {"x": 257, "y": 771}, {"x": 247, "y": 771}], [{"x": 247, "y": 803}, {"x": 257, "y": 803}, {"x": 261, "y": 793}, {"x": 247, "y": 793}], [{"x": 247, "y": 825}, {"x": 257, "y": 825}, {"x": 257, "y": 815}, {"x": 247, "y": 815}], [{"x": 247, "y": 847}, {"x": 257, "y": 847}, {"x": 257, "y": 837}, {"x": 247, "y": 837}], [{"x": 247, "y": 869}, {"x": 257, "y": 869}, {"x": 257, "y": 857}, {"x": 247, "y": 859}], [{"x": 247, "y": 891}, {"x": 257, "y": 891}, {"x": 257, "y": 881}, {"x": 247, "y": 881}], [{"x": 247, "y": 913}, {"x": 257, "y": 913}, {"x": 257, "y": 903}, {"x": 247, "y": 903}], [{"x": 269, "y": 209}, {"x": 279, "y": 209}, {"x": 279, "y": 199}, {"x": 269, "y": 199}], [{"x": 269, "y": 231}, {"x": 279, "y": 231}, {"x": 279, "y": 221}, {"x": 269, "y": 221}], [{"x": 269, "y": 253}, {"x": 279, "y": 253}, {"x": 279, "y": 243}, {"x": 269, "y": 243}], [{"x": 269, "y": 275}, {"x": 279, "y": 275}, {"x": 279, "y": 265}, {"x": 269, "y": 265}], [{"x": 269, "y": 297}, {"x": 279, "y": 297}, {"x": 279, "y": 287}, {"x": 269, "y": 287}], [{"x": 269, "y": 319}, {"x": 279, "y": 319}, {"x": 279, "y": 309}, {"x": 269, "y": 309}], [{"x": 269, "y": 341}, {"x": 279, "y": 341}, {"x": 279, "y": 331}, {"x": 269, "y": 331}], [{"x": 269, "y": 363}, {"x": 279, "y": 363}, {"x": 279, "y": 353}, {"x": 269, "y": 353}], [{"x": 269, "y": 385}, {"x": 279, "y": 385}, {"x": 283, "y": 375}, {"x": 269, "y": 375}], [{"x": 269, "y": 407}, {"x": 279, "y": 407}, {"x": 279, "y": 397}, {"x": 269, "y": 397}], [{"x": 269, "y": 429}, {"x": 279, "y": 429}, {"x": 279, "y": 419}, {"x": 269, "y": 419}], [{"x": 269, "y": 451}, {"x": 279, "y": 451}, {"x": 279, "y": 441}, {"x": 269, "y": 441}], [{"x": 267, "y": 473}, {"x": 279, "y": 473}, {"x": 279, "y": 463}, {"x": 269, "y": 463}], [{"x": 269, "y": 495}, {"x": 279, "y": 497}, {"x": 279, "y": 485}, {"x": 269, "y": 485}], [{"x": 269, "y": 517}, {"x": 279, "y": 517}, {"x": 279, "y": 507}, {"x": 269, "y": 507}], [{"x": 266, "y": 543}, {"x": 279, "y": 539}, {"x": 279, "y": 529}, {"x": 269, "y": 529}], [{"x": 269, "y": 561}, {"x": 279, "y": 561}, {"x": 279, "y": 551}, {"x": 269, "y": 551}], [{"x": 269, "y": 583}, {"x": 279, "y": 583}, {"x": 279, "y": 573}, {"x": 269, "y": 573}], [{"x": 269, "y": 605}, {"x": 279, "y": 605}, {"x": 279, "y": 595}, {"x": 269, "y": 595}], [{"x": 269, "y": 627}, {"x": 279, "y": 631}, {"x": 279, "y": 617}, {"x": 269, "y": 617}], [{"x": 269, "y": 649}, {"x": 279, "y": 649}, {"x": 279, "y": 639}, {"x": 267, "y": 639}], [{"x": 269, "y": 671}, {"x": 279, "y": 671}, {"x": 279, "y": 661}, {"x": 269, "y": 661}], [{"x": 269, "y": 693}, {"x": 279, "y": 693}, {"x": 279, "y": 683}, {"x": 269, "y": 681}], [{"x": 269, "y": 715}, {"x": 279, "y": 715}, {"x": 279, "y": 705}, {"x": 269, "y": 705}], [{"x": 269, "y": 737}, {"x": 279, "y": 739}, {"x": 279, "y": 727}, {"x": 269, "y": 727}], [{"x": 269, "y": 759}, {"x": 279, "y": 759}, {"x": 279, "y": 749}, {"x": 269, "y": 749}], [{"x": 269, "y": 784}, {"x": 279, "y": 781}, {"x": 279, "y": 771}, {"x": 269, "y": 771}], [{"x": 269, "y": 803}, {"x": 279, "y": 803}, {"x": 279, "y": 793}, {"x": 269, "y": 793}], [{"x": 269, "y": 825}, {"x": 279, "y": 825}, {"x": 279, "y": 815}, {"x": 269, "y": 815}], [{"x": 269, "y": 847}, {"x": 279, "y": 847}, {"x": 279, "y": 837}, {"x": 269, "y": 837}], [{"x": 269, "y": 869}, {"x": 279, "y": 869}, {"x": 279, "y": 859}, {"x": 269, "y": 859}], [{"x": 269, "y": 891}, {"x": 279, "y": 891}, {"x": 279, "y": 881}, {"x": 269, "y": 881}], [{"x": 269, "y": 913}, {"x": 279, "y": 913}, {"x": 279, "y": 901}, {"x": 269, "y": 903}], [{"x": 291, "y": 209}, {"x": 301, "y": 209}, {"x": 301, "y": 199}, {"x": 291, "y": 199}], [{"x": 291, "y": 231}, {"x": 301, "y": 231}, {"x": 301, "y": 221}, {"x": 291, "y": 221}], [{"x": 291, "y": 253}, {"x": 301, "y": 253}, {"x": 301, "y": 243}, {"x": 291, "y": 243}], [{"x": 291, "y": 275}, {"x": 301, "y": 275}, {"x": 301, "y": 263}, {"x": 291, "y": 265}], [{"x": 291, "y": 297}, {"x": 301, "y": 297}, {"x": 301, "y": 287}, {"x": 291, "y": 287}], [{"x": 291, "y": 319}, {"x": 302, "y": 319}, {"x": 301, "y": 309}, {"x": 291, "y": 309}], [{"x": 291, "y": 341}, {"x": 301, "y": 341}, {"x": 301, "y": 331}, {"x": 291, "y": 331}], [{"x": 291, "y": 363}, {"x": 301, "y": 363}, {"x": 301, "y": 353}, {"x": 291, "y": 353}], [{"x": 291, "y": 385}, {"x": 301, "y": 385}, {"x": 301, "y": 375}, {"x": 291, "y": 375}], [{"x": 291, "y": 407}, {"x": 301, "y": 407}, {"x": 301, "y": 397}, {"x": 291, "y": 397}], [{"x": 291, "y": 429}, {"x": 301, "y": 429}, {"x": 301, "y": 419}, {"x": 291, "y": 419}], [{"x": 291, "y": 451}, {"x": 301, "y": 454}, {"x": 301, "y": 441}, {"x": 291, "y": 441}], [{"x": 291, "y": 473}, {"x": 301, "y": 473}, {"x": 301, "y": 463}, {"x": 291, "y": 463}], [{"x": 291, "y": 495}, {"x": 301, "y": 495}, {"x": 301, "y": 485}, {"x": 291, "y": 485}], [{"x": 291, "y": 517}, {"x": 301, "y": 518}, {"x": 301, "y": 507}, {"x": 291, "y": 507}], [{"x": 291, "y": 539}, {"x": 301, "y": 539}, {"x": 301, "y": 529}, {"x": 291, "y": 529}], [{"x": 291, "y": 561}, {"x": 301, "y": 561}, {"x": 301, "y": 551}, {"x": 291, "y": 551}], [{"x": 291, "y": 583}, {"x": 301, "y": 583}, {"x": 301, "y": 573}, {"x": 291, "y": 573}], [{"x": 291, "y": 605}, {"x": 301, "y": 605}, {"x": 301, "y": 595}, {"x": 291, "y": 595}], [{"x": 291, "y": 627}, {"x": 301, "y": 627}, {"x": 301, "y": 617}, {"x": 291, "y": 617}], [{"x": 291, "y": 649}, {"x": 301, "y": 649}, {"x": 303, "y": 639}, {"x": 291, "y": 639}], [{"x": 291, "y": 671}, {"x": 301, "y": 671}, {"x": 301, "y": 661}, {"x": 291, "y": 661}], [{"x": 291, "y": 693}, {"x": 301, "y": 693}, {"x": 304, "y": 683}, {"x": 291, "y": 683}], [{"x": 291, "y": 715}, {"x": 301, "y": 715}, {"x": 301, "y": 705}, {"x": 289, "y": 705}], [{"x": 291, "y": 737}, {"x": 301, "y": 737}, {"x": 301, "y": 727}, {"x": 291, "y": 727}], [{"x": 291, "y": 759}, {"x": 301, "y": 759}, {"x": 301, "y": 749}, {"x": 291, "y": 749}], [{"x": 291, "y": 781}, {"x": 301, "y": 781}, {"x": 301, "y": 771}, {"x": 291, "y": 771}], [{"x": 291, "y": 803}, {"x": 301, "y": 803}, {"x": 301, "y": 793}, {"x": 291, "y": 793}], [{"x": 291, "y": 825}, {"x": 301, "y": 825}, {"x": 301, "y": 815}, {"x": 291, "y": 815}], [{"x": 291, "y": 847}, {"x": 301, "y": 847}, {"x": 301, "y": 837}, {"x": 291, "y": 837}], [{"x": 291, "y": 873}, {"x": 301, "y": 869}, {"x": 301, "y": 859}, {"x": 291, "y": 859}], [{"x": 291, "y": 891}, {"x": 301, "y": 891}, {"x": 301, "y": 881}, {"x": 291, "y": 881}], [{"x": 291, "y": 913}, {"x": 301, "y": 913}, {"x": 301, "y": 903}, {"x": 291, "y": 903}], [{"x": 313, "y": 209}, {"x": 325, "y": 209}, {"x": 323, "y": 198}, {"x": 313, "y": 199}], [{"x": 313, "y": 231}, {"x": 323, "y": 231}, {"x": 323, "y": 221}, {"x": 313, "y": 221}], [{"x": 313, "y": 253}, {"x": 323, "y": 253}, {"x": 323, "y": 243}, {"x": 313, "y": 243}], [{"x": 313, "y": 275}, {"x": 323, "y": 275}, {"x": 323, "y": 265}, {"x": 313, "y": 265}], [{"x": 313, "y": 297}, {"x": 323, "y": 297}, {"x": 323, "y": 287}, {"x": 313, "y": 287}], [{"x": 313, "y": 319}, {"x": 323, "y": 319}, {"x": 323, "y": 306}, {"x": 313, "y": 309}], [{"x": 313, "y": 341}, {"x": 323, "y": 341}, {"x": 323, "y": 331}, {"x": 313, "y": 331}], [{"x": 313, "y": 363}, {"x": 323, "y": 363}, {"x": 323, "y": 353}, {"x": 313, "y": 353}], [{"x": 309, "y": 385}, {"x": 323, "y": 385}, {"x": 323, "y": 375}, {"x": 313, "y": 375}], [{"x": 313, "y": 407}, {"x": 323, "y": 411}, {"x": 323, "y": 397}, {"x": 313, "y": 397}], [{"x": 313, "y": 429}, {"x": 323, "y": 429}, {"x": 323, "y": 419}, {"x": 313, "y": 419}], [{"x": 313, "y": 451}, {"x": 323, "y": 451}, {"x": 323, "y": 441}, {"x": 313, "y": 441}], [{"x": 312, "y": 473}, {"x": 323, "y": 473}, {"x": 323, "y": 463}, {"x": 313, "y": 463}], [{"x": 313, "y": 495}, {"x": 325, "y": 495}, {"x": 324, "y": 485}, {"x": 313, "y": 485}], [{"x": 313, "y": 517}, {"x": 323, "y": 517}, {"x": 323, "y": 507}, {"x": 309, "y": 507}], [{"x": 313, "y": 539}, {"x": 325, "y": 539}, {"x": 323, "y": 529}, {"x": 313, "y": 529}], [{"x": 313, "y": 561}, {"x": 323, "y": 561}, {"x": 323, "y": 551}, {"x": 313, "y": 551}], [{"x": 313, "y": 583}, {"x": 323, "y": 583}, {"x": 323, "y": 573}, {"x": 313, "y": 573}], [{"x": 313, "y": 605}, {"x": 323, "y": 605}, {"x": 323, "y": 595}, {"x": 313, "y": 595}], [{"x": 313, "y": 627}, {"x": 323, "y": 629}, {"x": 323, "y": 617}, {"x": 313, "y": 617}], [{"x": 313, "y": 649}, {"x": 323, "y": 649}, {"x": 323, "y": 639}, {"x": 313, "y": 639}], [{"x": 313, "y": 671}, {"x": 323, "y": 671}, {"x": 323, "y": 661}, {"x": 313, "y": 661}], [{"x": 313, "y": 693}, {"x": 323, "y": 693}, {"x": 323, "y": 683}, {"x": 313, "y": 683}], [{"x": 313, "y": 715}, {"x": 323, "y": 715}, {"x": 323, "y": 701}, {"x": 313, "y": 705}], [{"x": 313, "y": 737}, {"x": 325, "y": 737}, {"x": 323, "y": 727}, {"x": 313, "y": 727}], [{"x": 313, "y": 759}, {"x": 323, "y": 759}, {"x": 323, "y": 749}, {"x": 313, "y": 749}], [{"x": 313, "y": 781}, {"x": 323, "y": 781}, {"x": 323, "y": 771}, {"x": 313, "y": 771}], [{"x": 313, "y": 803}, {"x": 323, "y": 803}, {"x": 323, "y": 793}, {"x": 313, "y": 793}], [{"x": 313, "y": 825}, {"x": 323, "y": 825}, {"x": 323, "y": 815}, {"x": 313, "y": 815}], [{"x": 310, "y": 847}, {"x": 323, "y": 847}, {"x": 323, "y": 837}, {"x": 313, "y": 837}], [{"x": 313, "y": 869}, {"x": 323, "y": 869}, {"x": 323, "y": 859}, {"x": 313, "y": 859}], [{"x": 313, "y": 891}, {"x": 323, "y": 891}, {"x": 323, "y": 881}, {"x": 313, "y": 881}], [{"x": 313, "y": 913}, {"x": 323, "y": 913}, {"x": 323, "y": 903}, {"x": 313, "y": 903}], [{"x": 335, "y": 209}, {"x": 345, "y": 209}, {"x": 345, "y": 199}, {"x": 332, "y": 199}], [{"x": 335, "y": 231}, {"x": 345, "y": 231}, {"x": 345, "y": 221}, {"x": 335, "y": 221}], [{"x": 335, "y": 253}, {"x": 345, "y": 253}, {"x": 345, "y": 239}, {"x": 335, "y": 242}], [{"x": 335, "y": 275}, {"x": 347, "y": 275}, {"x": 345, "y": 265}, {"x": 335, "y": 265}], [{"x": 335, "y": 297}, {"x": 345, "y": 297}, {"x": 345, "y": 287}, {"x": 335, "y": 287}], [{"x": 335, "y": 319}, {"x": 345, "y": 319}, {"x": 349, "y": 309}, {"x": 335, "y": 309}], [{"x": 335, "y": 341}, {"x": 345, "y": 341}, {"x": 345, "y": 331}, {"x": 335, "y": 331}], [{"x": 335, "y": 363}, {"x": 345, "y": 363}, {"x": 345, "y": 353}, {"x": 335, "y": 353}], [{"x": 335, "y": 385}, {"x": 345, "y": 385}, {"x": 345, "y": 375}, {"x": 335, "y": 375}], [{"x": 335, "y": 407}, {"x": 345, "y": 407}, {"x": 345, "y": 397}, {"x": 335, "y": 397}], [{"x": 335, "y": 433}, {"x": 345, "y": 431}, {"x": 345, "y": 417}, {"x": 335, "y": 419}], [{"x": 334, "y": 451}, {"x": 345, "y": 451}, {"x": 345, "y": 441}, {"x": 335, "y": 441}], [{"x": 335, "y": 473}, {"x": 345, "y": 473}, {"x": 345, "y": 463}, {"x": 335, "y": 463}], [{"x": 335, "y": 495}, {"x": 345, "y": 495}, {"x": 345, "y": 485}, {"x": 335, "y": 485}], [{"x": 335, "y": 517}, {"x": 345, "y": 517}, {"x": 345, "y": 507}, {"x": 335, "y": 507}], [{"x": 335, "y": 539}, {"x": 345, "y": 539}, {"x": 345, "y": 529}, {"x": 335, "y": 529}], [{"x": 335, "y": 561}, {"x": 345, "y": 562}, {"x": 345, "y": 551}, {"x": 335, "y": 551}], [{"x": 335, "y": 583}, {"x": 345, "y": 583}, {"x": 345, "y": 573}, {"x": 335, "y": 573}], [{"x": 335, "y": 605}, {"x": 345, "y": 605}, {"x": 345, "y": 595}, {"x": 335, "y": 595}], [{"x": 335, "y": 627}, {"x": 345, "y": 627}, {"x": 345, "y": 617}, {"x": 335, "y": 617}], [{"x": 335, "y": 649}, {"x": 345, "y": 649}, {"x": 345, "y": 639}, {"x": 335, "y": 639}], [{"x": 335, "y": 671}, {"x": 345, "y": 671}, {"x": 345, "y": 661}, {"x": 335, "y": 661}], [{"x": 335, "y": 693}, {"x": 345, "y": 693}, {"x": 345, "y": 683}, {"x": 335, "y": 683}], [{"x": 335, "y": 715}, {"x": 345, "y": 715}, {"x": 345, "y": 705}, {"x": 335, "y": 705}], [{"x": 335, "y": 737}, {"x": 345, "y": 737}, {"x": 345, "y": 727}, {"x": 335, "y": 727}], [{"x": 335, "y": 759}, {"x": 345, "y": 759}, {"x": 345, "y": 749}, {"x": 335, "y": 749}], [{"x": 335, "y": 781}, {"x": 345, "y": 781}, {"x": 345, "y": 771}, {"x": 335, "y": 771}], [{"x": 335, "y": 803}, {"x": 345, "y": 803}, {"x": 345, "y": 793}, {"x": 335, "y": 793}], [{"x": 335, "y": 825}, {"x": 345, "y": 825}, {"x": 345, "y": 815}, {"x": 335, "y": 815}], [{"x": 335, "y": 847}, {"x": 345, "y": 847}, {"x": 345, "y": 837}, {"x": 335, "y": 837}], [{"x": 335, "y": 869}, {"x": 345, "y": 869}, {"x": 345, "y": 859}, {"x": 335, "y": 859}], [{"x": 335, "y": 891}, {"x": 345, "y": 891}, {"x": 345, "y": 881}, {"x": 335, "y": 881}], [{"x": 335, "y": 913}, {"x": 345, "y": 913}, {"x": 345, "y": 903}, {"x": 335, "y": 903}], [{"x": 354, "y": 209}, {"x": 367, "y": 209}, {"x": 367, "y": 199}, {"x": 357, "y": 199}], [{"x": 357, "y": 231}, {"x": 370, "y": 231}, {"x": 367, "y": 221}, {"x": 357, "y": 221}], [{"x": 357, "y": 255}, {"x": 367, "y": 253}, {"x": 367, "y": 243}, {"x": 357, "y": 243}], [{"x": 357, "y": 275}, {"x": 367, "y": 275}, {"x": 367, "y": 265}, {"x": 357, "y": 265}], [{"x": 357, "y": 297}, {"x": 367, "y": 297}, {"x": 367, "y": 287}, {"x": 357, "y": 287}], [{"x": 357, "y": 319}, {"x": 367, "y": 322}, {"x": 367, "y": 309}, {"x": 357, "y": 309}], [{"x": 357, "y": 341}, {"x": 367, "y": 341}, {"x": 367, "y": 331}, {"x": 357, "y": 331}], [{"x": 357, "y": 363}, {"x": 367, "y": 363}, {"x": 367, "y": 353}, {"x": 357, "y": 353}], [{"x": 357, "y": 407}, {"x": 367, "y": 407}, {"x": 367, "y": 397}, {"x": 357, "y": 397}], [{"x": 357, "y": 429}, {"x": 368, "y": 429}, {"x": 367, "y": 419}, {"x": 357, "y": 419}], [{"x": 357, "y": 451}, {"x": 367, "y": 451}, {"x": 367, "y": 441}, {"x": 357, "y": 441}], [{"x": 357, "y": 473}, {"x": 367, "y": 473}, {"x": 367, "y": 463}, {"x": 357, "y": 463}], [{"x": 357, "y": 495}, {"x": 368, "y": 495}, {"x": 367, "y": 485}, {"x": 357, "y": 485}], [{"x": 357, "y": 517}, {"x": 367, "y": 517}, {"x": 367, "y": 507}, {"x": 357, "y": 507}], [{"x": 357, "y": 539}, {"x": 367, "y": 539}, {"x": 367, "y": 529}, {"x": 357, "y": 529}], [{"x": 357, "y": 561}, {"x": 367, "y": 561}, {"x": 367, "y": 551}, {"x": 357, "y": 551}], [{"x": 354, "y": 583}, {"x": 370, "y": 583}, {"x": 367, "y": 573}, {"x": 357, "y": 573}], [{"x": 357, "y": 605}, {"x": 368, "y": 605}, {"x": 371, "y": 595}, {"x": 357, "y": 595}], [{"x": 357, "y": 627}, {"x": 367, "y": 627}, {"x": 367, "y": 617}, {"x": 356, "y": 617}], [{"x": 357, "y": 649}, {"x": 367, "y": 653}, {"x": 367, "y": 639}, {"x": 357, "y": 639}], [{"x": 357, "y": 671}, {"x": 367, "y": 671}, {"x": 371, "y": 661}, {"x": 357, "y": 661}], [{"x": 357, "y": 693}, {"x": 367, "y": 695}, {"x": 367, "y": 683}, {"x": 357, "y": 683}], [{"x": 357, "y": 715}, {"x": 367, "y": 715}, {"x": 367, "y": 705}, {"x": 357, "y": 705}], [{"x": 357, "y": 737}, {"x": 367, "y": 737}, {"x": 367, "y": 727}, {"x": 357, "y": 727}], [{"x": 356, "y": 759}, {"x": 367, "y": 759}, {"x": 367, "y": 749}, {"x": 357, "y": 749}], [{"x": 357, "y": 784}, {"x": 367, "y": 781}, {"x": 367, "y": 771}, {"x": 357, "y": 771}], [{"x": 357, "y": 803}, {"x": 367, "y": 803}, {"x": 367, "y": 793}, {"x": 355, "y": 793}], [{"x": 357, "y": 825}, {"x": 367, "y": 825}, {"x": 367, "y": 815}, {"x": 357, "y": 815}], [{"x": 357, "y": 847}, {"x": 367, "y": 847}, {"x": 367, "y": 837}, {"x": 357, "y": 837}], [{"x": 357, "y": 869}, {"x": 367, "y": 869}, {"x": 367, "y": 859}, {"x": 357, "y": 859}], [{"x": 357, "y": 891}, {"x": 367, "y": 891}, {"x": 367, "y": 881}, {"x": 357, "y": 881}], [{"x": 357, "y": 913}, {"x": 367, "y": 913}, {"x": 367, "y": 903}, {"x": 357, "y": 903}], [{"x": 357, "y": 935}, {"x": 367, "y": 935}, {"x": 367, "y": 925}, {"x": 357, "y": 925}], [{"x": 379, "y": 231}, {"x": 389, "y": 231}, {"x": 389, "y": 221}, {"x": 379, "y": 221}], [{"x": 379, "y": 253}, {"x": 389, "y": 253}, {"x": 389, "y": 243}, {"x": 378, "y": 243}], [{"x": 379, "y": 277}, {"x": 389, "y": 275}, {"x": 389, "y": 265}, {"x": 379, "y": 264}], [{"x": 379, "y": 297}, {"x": 389, "y": 297}, {"x": 389, "y": 287}, {"x": 379, "y": 287}], [{"x": 379, "y": 319}, {"x": 389, "y": 322}, {"x": 389, "y": 309}, {"x": 379, "y": 309}], [{"x": 379, "y": 341}, {"x": 389, "y": 341}, {"x": 389, "y": 331}, {"x": 379, "y": 331}], [{"x": 379, "y": 363}, {"x": 389, "y": 363}, {"x": 389, "y": 353}, {"x": 379, "y": 353}], [{"x": 379, "y": 385}, {"x": 389, "y": 385}, {"x": 389, "y": 375}, {"x": 379, "y": 375}], [{"x": 379, "y": 407}, {"x": 389, "y": 407}, {"x": 389, "y": 397}, {"x": 379, "y": 397}], [{"x": 379, "y": 429}, {"x": 389, "y": 429}, {"x": 389, "y": 419}, {"x": 379, "y": 419}], [{"x": 379, "y": 451}, {"x": 389, "y": 451}, {"x": 389, "y": 441}, {"x": 379, "y": 441}], [{"x": 379, "y": 473}, {"x": 389, "y": 473}, {"x": 389, "y": 463}, {"x": 379, "y": 463}], [{"x": 379, "y": 495}, {"x": 389, "y": 495}, {"x": 389, "y": 485}, {"x": 379, "y": 485}], [{"x": 379, "y": 517}, {"x": 389, "y": 517}, {"x": 393, "y": 507}, {"x": 379, "y": 507}], [{"x": 379, "y": 539}, {"x": 389, "y": 539}, {"x": 389, "y": 529}, {"x": 379, "y": 529}], [{"x": 379, "y": 561}, {"x": 389, "y": 561}, {"x": 389, "y": 551}, {"x": 379, "y": 551}], [{"x": 379, "y": 605}, {"x": 389, "y": 605}, {"x": 393, "y": 595}, {"x": 379, "y": 595}], [{"x": 379, "y": 627}, {"x": 389, "y": 628}, {"x": 389, "y": 617}, {"x": 379, "y": 617}], [{"x": 379, "y": 649}, {"x": 389, "y": 649}, {"x": 389, "y": 639}, {"x": 379, "y": 639}], [{"x": 379, "y": 671}, {"x": 389, "y": 671}, {"x": 389, "y": 661}, {"x": 379, "y": 661}], [{"x": 379, "y": 693}, {"x": 389, "y": 693}, {"x": 389, "y": 683}, {"x": 379, "y": 683}], [{"x": 379, "y": 715}, {"x": 389, "y": 715}, {"x": 389, "y": 705}, {"x": 379, "y": 705}], [{"x": 379, "y": 737}, {"x": 389, "y": 737}, {"x": 389, "y": 727}, {"x": 379, "y": 727}], [{"x": 379, "y": 759}, {"x": 389, "y": 759}, {"x": 389, "y": 749}, {"x": 379, "y": 749}], [{"x": 379, "y": 781}, {"x": 389, "y": 781}, {"x": 389, "y": 771}, {"x": 379, "y": 771}], [{"x": 375, "y": 803}, {"x": 389, "y": 803}, {"x": 389, "y": 793}, {"x": 379, "y": 793}], [{"x": 379, "y": 825}, {"x": 389, "y": 825}, {"x": 389, "y": 815}, {"x": 379, "y": 815}], [{"x": 379, "y": 847}, {"x": 389, "y": 847}, {"x": 390, "y": 837}, {"x": 379, "y": 837}], [{"x": 379, "y": 869}, {"x": 389, "y": 869}, {"x": 389, "y": 859}, {"x": 379, "y": 859}], [{"x": 379, "y": 891}, {"x": 389, "y": 891}, {"x": 389, "y": 881}, {"x": 379, "y": 881}], [{"x": 379, "y": 913}, {"x": 389, "y": 913}, {"x": 389, "y": 903}, {"x": 379, "y": 903}], [{"x": 379, "y": 935}, {"x": 389, "y": 935}, {"x": 389, "y": 925}, {"x": 379, "y": 925}], [{"x": 401, "y": 231}, {"x": 411, "y": 231}, {"x": 411, "y": 221}, {"x": 401, "y": 221}], [{"x": 401, "y": 256}, {"x": 411, "y": 253}, {"x": 411, "y": 243}, {"x": 401, "y": 243}], [{"x": 401, "y": 275}, {"x": 411, "y": 275}, {"x": 411, "y": 265}, {"x": 401, "y": 265}], [{"x": 401, "y": 297}, {"x": 413, "y": 297}, {"x": 411, "y": 287}, {"x": 401, "y": 287}], [{"x": 401, "y": 319}, {"x": 411, "y": 319}, {"x": 411, "y": 309}, {"x": 401, "y": 309}], [{"x": 401, "y": 341}, {"x": 411, "y": 341}, {"x": 411, "y": 331}, {"x": 401, "y": 331}], [{"x": 401, "y": 363}, {"x": 411, "y": 363}, {"x": 411, "y": 352}, {"x": 401, "y": 353}], [{"x": 401, "y": 385}, {"x": 411, "y": 385}, {"x": 411, "y": 375}, {"x": 401, "y": 375}], [{"x": 401, "y": 407}, {"x": 411, "y": 407}, {"x": 411, "y": 397}, {"x": 401, "y": 397}], [{"x": 401, "y": 429}, {"x": 413, "y": 429}, {"x": 411, "y": 419}, {"x": 401, "y": 419}], [{"x": 401, "y": 451}, {"x": 411, "y": 451}, {"x": 411, "y": 441}, {"x": 401, "y": 441}], [{"x": 401, "y": 474}, {"x": 411, "y": 473}, {"x": 411, "y": 463}, {"x": 401, "y": 463}], [{"x": 401, "y": 495}, {"x": 411, "y": 495}, {"x": 411, "y": 485}, {"x": 398, "y": 485}], [{"x": 401, "y": 518}, {"x": 411, "y": 517}, {"x": 411, "y": 507}, {"x": 399, "y": 507}], [{"x": 401, "y": 539}, {"x": 411, "y": 539}, {"x": 411, "y": 529}, {"x": 401, "y": 529}], [{"x": 401, "y": 561}, {"x": 411, "y": 561}, {"x": 411, "y": 551}, {"x": 401, "y": 551}], [{"x": 401, "y": 583}, {"x": 411, "y": 583}, {"x": 411, "y": 573}, {"x": 401, "y": 573}], [{"x": 401, "y": 608}, {"x": 411, "y": 605}, {"x": 411, "y": 595}, {"x": 401, "y": 595}], [{"x": 401, "y": 627}, {"x": 411, "y": 627}, {"x": 411, "y": 617}, {"x": 401, "y": 617}], [{"x": 401, "y": 649}, {"x": 411, "y": 649}, {"x": 411, "y": 639}, {"x": 401, "y": 639}], [{"x": 401, "y": 671}, {"x": 411, "y": 671}, {"x": 411, "y": 661}, {"x": 401, "y": 661}], [{"x": 401, "y": 693}, {"x": 411, "y": 693}, {"x": 411, "y": 683}, {"x": 401, "y": 683}], [{"x": 401, "y": 715}, {"x": 411, "y": 715}, {"x": 411, "y": 705}, {"x": 401, "y": 705}], [{"x": 401, "y": 737}, {"x": 411, "y": 737}, {"x": 411, "y": 727}, {"x": 401, "y": 727}], [{"x": 401, "y": 759}, {"x": 411, "y": 761}, {"x": 411, "y": 749}, {"x": 401, "y": 749}], [{"x": 401, "y": 781}, {"x": 411, "y": 781}, {"x": 411, "y": 771}, {"x": 401, "y": 771}], [{"x": 401, "y": 803}, {"x": 411, "y": 803}, {"x": 411, "y": 793}, {"x": 401, "y": 793}], [{"x": 401, "y": 825}, {"x": 411, "y": 825}, {"x": 411, "y": 815}, {"x": 401, "y": 815}], [{"x": 401, "y": 847}, {"x": 411, "y": 847}, {"x": 411, "y": 837}, {"x": 401, "y": 837}], [{"x": 401, "y": 869}, {"x": 411, "y": 869}, {"x": 411, "y": 859}, {"x": 401, "y": 859}], [{"x": 401, "y": 891}, {"x": 411, "y": 891}, {"x": 411, "y": 881}, {"x": 401, "y": 881}], [{"x": 401, "y": 913}, {"x": 411, "y": 913}, {"x": 411, "y": 903}, {"x": 401, "y": 903}], [{"x": 401, "y": 935}, {"x": 411, "y": 935}, {"x": 411, "y": 925}, {"x": 401, "y": 925}], [{"x": 423, "y": 231}, {"x": 433, "y": 231}, {"x": 433, "y": 221}, {"x": 423, "y": 221}], [{"x": 423, "y": 253}, {"x": 433, "y": 256}, {"x": 433, "y": 243}, {"x": 423, "y": 243}], [{"x": 423, "y": 275}, {"x": 433, "y": 275}, {"x": 433, "y": 265}, {"x": 423, "y": 265}], [{"x": 423, "y": 297}, {"x": 433, "y": 297}, {"x": 433, "y": 287}, {"x": 420, "y": 287}], [{"x": 423, "y": 319}, {"x": 433, "y": 319}, {"x": 433, "y": 309}, {"x": 423, "y": 309}], [{"x": 423, "y": 341}, {"x": 433, "y": 341}, {"x": 436, "y": 331}, {"x": 423, "y": 331}], [{"x": 423, "y": 363}, {"x": 433, "y": 363}, {"x": 433, "y": 353}, {"x": 423, "y": 353}], [{"x": 423, "y": 385}, {"x": 433, "y": 385}, {"x": 436, "y": 375}, {"x": 419, "y": 375}], [{"x": 423, "y": 407}, {"x": 433, "y": 407}, {"x": 433, "y": 397}, {"x": 423, "y": 397}], [{"x": 423, "y": 429}, {"x": 433, "y": 429}, {"x": 433, "y": 419}, {"x": 423, "y": 419}], [{"x": 423, "y": 451}, {"x": 433, "y": 451}, {"x": 436, "y": 441}, {"x": 423, "y": 441}], [{"x": 423, "y": 473}, {"x": 433, "y": 473}, {"x": 433, "y": 463}, {"x": 422, "y": 463}], [{"x": 423, "y": 495}, {"x": 433, "y": 495}, {"x": 433, "y": 485}, {"x": 423, "y": 485}], [{"x": 423, "y": 517}, {"x": 433, "y": 517}, {"x": 433, "y": 507}, {"x": 423, "y": 507}], [{"x": 423, "y": 540}, {"x": 433, "y": 539}, {"x": 433, "y": 529}, {"x": 423, "y": 529}], [{"x": 423, "y": 561}, {"x": 433, "y": 561}, {"x": 433, "y": 551}, {"x": 423, "y": 551}], [{"x": 423, "y": 583}, {"x": 436, "y": 583}, {"x": 433, "y": 573}, {"x": 423, "y": 573}], [{"x": 423, "y": 605}, {"x": 433, "y": 605}, {"x": 434, "y": 595}, {"x": 419, "y": 595}], [{"x": 423, "y": 627}, {"x": 433, "y": 627}, {"x": 433, "y": 617}, {"x": 423, "y": 617}], [{"x": 423, "y": 649}, {"x": 433, "y": 649}, {"x": 433, "y": 639}, {"x": 423, "y": 639}], [{"x": 423, "y": 671}, {"x": 433, "y": 671}, {"x": 433, "y": 661}, {"x": 423, "y": 661}], [{"x": 423, "y": 693}, {"x": 433, "y": 693}, {"x": 433, "y": 683}, {"x": 423, "y": 683}], [{"x": 423, "y": 715}, {"x": 437, "y": 715}, {"x": 433, "y": 705}, {"x": 423, "y": 705}], [{"x": 423, "y": 737}, {"x": 433, "y": 737}, {"x": 433, "y": 727}, {"x": 423, "y": 727}], [{"x": 423, "y": 760}, {"x": 433, "y": 759}, {"x": 433, "y": 749}, {"x": 423, "y": 749}], [{"x": 423, "y": 781}, {"x": 433, "y": 781}, {"x": 433, "y": 771}, {"x": 423, "y": 771}], [{"x": 423, "y": 803}, {"x": 433, "y": 803}, {"x": 433, "y": 793}, {"x": 423, "y": 793}], [{"x": 423, "y": 825}, {"x": 433, "y": 825}, {"x": 433, "y": 815}, {"x": 423, "y": 815}], [{"x": 423, "y": 847}, {"x": 433, "y": 847}, {"x": 433, "y": 837}, {"x": 423, "y": 837}], [{"x": 423, "y": 869}, {"x": 433, "y": 869}, {"x": 433, "y": 858}, {"x": 423, "y": 859}], [{"x": 423, "y": 891}, {"x": 433, "y": 891}, {"x": 433, "y": 881}, {"x": 423, "y": 881}], [{"x": 423, "y": 915}, {"x": 433, "y": 913}, {"x": 433, "y": 902}, {"x": 420, "y": 903}], [{"x": 423, "y": 935}, {"x": 433, "y": 935}, {"x": 433, "y": 925}, {"x": 423, "y": 925}], [{"x": 445, "y": 231}, {"x": 455, "y": 231}, {"x": 459, "y": 221}, {"x": 445, "y": 221}], [{"x": 445, "y": 253}, {"x": 455, "y": 253}, {"x": 455, "y": 243}, {"x": 445, "y": 243}], [{"x": 445, "y": 275}, {"x": 455, "y": 275}, {"x": 455, "y": 265}, {"x": 445, "y": 265}], [{"x": 445, "y": 297}, {"x": 455, "y": 297}, {"x": 455, "y": 287}, {"x": 445, "y": 287}], [{"x": 445, "y": 319}, {"x": 455, "y": 319}, {"x": 455, "y": 309}, {"x": 442, "y": 309}], [{"x": 445, "y": 341}, {"x": 455, "y": 341}, {"x": 455, "y": 331}, {"x": 445, "y": 331}], [{"x": 445, "y": 363}, {"x": 455, "y": 363}, {"x": 455, "y": 353}, {"x": 445, "y": 353}], [{"x": 445, "y": 385}, {"x": 455, "y": 385}, {"x": 455, "y": 375}, {"x": 445, "y": 372}], [{"x": 445, "y": 407}, {"x": 458, "y": 407}, {"x": 455, "y": 397}, {"x": 445, "y": 397}], [{"x": 445, "y": 429}, {"x": 455, "y": 429}, {"x": 455, "y": 419}, {"x": 445, "y": 419}], [{"x": 445, "y": 451}, {"x": 455, "y": 451}, {"x": 455, "y": 441}, {"x": 445, "y": 441}], [{"x": 445, "y": 473}, {"x": 455, "y": 473}, {"x": 457, "y": 463}, {"x": 445, "y": 463}], [{"x": 445, "y": 495}, {"x": 455, "y": 495}, {"x": 455, "y": 485}, {"x": 445, "y": 485}], [{"x": 445, "y": 517}, {"x": 455, "y": 517}, {"x": 455, "y": 507}, {"x": 445, "y": 507}], [{"x": 445, "y": 539}, {"x": 455, "y": 539}, {"x": 455, "y": 529}, {"x": 445, "y": 528}], [{"x": 445, "y": 583}, {"x": 455, "y": 583}, {"x": 455, "y": 573}, {"x": 445, "y": 573}], [{"x": 441, "y": 605}, {"x": 455, "y": 605}, {"x": 455, "y": 595}, {"x": 445, "y": 595}], [{"x": 445, "y": 627}, {"x": 455, "y": 627}, {"x": 455, "y": 617}, {"x": 445, "y": 617}], [{"x": 445, "y": 649}, {"x": 455, "y": 649}, {"x": 455, "y": 637}, {"x": 445, "y": 639}], [{"x": 445, "y": 671}, {"x": 455, "y": 671}, {"x": 455, "y": 661}, {"x": 445, "y": 661}], [{"x": 445, "y": 693}, {"x": 455, "y": 693}, {"x": 458, "y": 683}, {"x": 445, "y": 683}], [{"x": 445, "y": 715}, {"x": 455, "y": 715}, {"x": 455, "y": 705}, {"x": 445, "y": 705}], [{"x": 445, "y": 737}, {"x": 455, "y": 737}, {"x": 455, "y": 727}, {"x": 445, "y": 727}], [{"x": 445, "y": 759}, {"x": 455, "y": 759}, {"x": 455, "y": 749}, {"x": 445, "y": 749}], [{"x": 445, "y": 781}, {"x": 455, "y": 781}, {"x": 455, "y": 771}, {"x": 445, "y": 771}], [{"x": 442, "y": 803}, {"x": 455, "y": 803}, {"x": 455, "y": 793}, {"x": 445, "y": 793}], [{"x": 445, "y": 825}, {"x": 455, "y": 826}, {"x": 455, "y": 815}, {"x": 445, "y": 815}], [{"x": 445, "y": 847}, {"x": 455, "y": 847}, {"x": 455, "y": 837}, {"x": 445, "y": 837}], [{"x": 445, "y": 869}, {"x": 455, "y": 869}, {"x": 455, "y": 859}, {"x": 445, "y": 859}], [{"x": 445, "y": 891}, {"x": 455, "y": 895}, {"x": 455, "y": 881}, {"x": 445, "y": 881}], [{"x": 445, "y": 938}, {"x": 455, "y": 935}, {"x": 455, "y": 925}, {"x": 445, "y": 925}], [{"x": 467, "y": 231}, {"x": 477, "y": 234}, {"x": 477, "y": 221}, {"x": 467, "y": 221}], [{"x": 467, "y": 253}, {"x": 477, "y": 253}, {"x": 477, "y": 243}, {"x": 467, "y": 243}], [{"x": 467, "y": 275}, {"x": 477, "y": 275}, {"x": 477, "y": 265}, {"x": 467, "y": 265}], [{"x": 467, "y": 297}, {"x": 477, "y": 297}, {"x": 477, "y": 287}, {"x": 467, "y": 287}], [{"x": 467, "y": 319}, {"x": 477, "y": 319}, {"x": 477, "y": 309}, {"x": 467, "y": 309}], [{"x": 467, "y": 341}, {"x": 477, "y": 341}, {"x": 477, "y": 331}, {"x": 467, "y": 331}], [{"x": 467, "y": 363}, {"x": 477, "y": 363}, {"x": 477, "y": 353}, {"x": 467, "y": 353}], [{"x": 467, "y": 385}, {"x": 477, "y": 385}, {"x": 477, "y": 375}, {"x": 467, "y": 375}], [{"x": 467, "y": 407}, {"x": 477, "y": 407}, {"x": 477, "y": 397}, {"x": 467, "y": 397}], [{"x": 467, "y": 429}, {"x": 477, "y": 429}, {"x": 481, "y": 419}, {"x": 467, "y": 419}], [{"x": 467, "y": 451}, {"x": 477, "y": 451}, {"x": 477, "y": 441}, {"x": 467, "y": 441}], [{"x": 467, "y": 473}, {"x": 477, "y": 473}, {"x": 477, "y": 463}, {"x": 467, "y": 463}], [{"x": 465, "y": 495}, {"x": 477, "y": 499}, {"x": 477, "y": 485}, {"x": 466, "y": 485}], [{"x": 467, "y": 517}, {"x": 477, "y": 517}, {"x": 477, "y": 507}, {"x": 467, "y": 507}], [{"x": 467, "y": 539}, {"x": 477, "y": 539}, {"x": 477, "y": 529}, {"x": 467, "y": 529}], [{"x": 467, "y": 561}, {"x": 478, "y": 561}, {"x": 477, "y": 551}, {"x": 467, "y": 551}], [{"x": 467, "y": 583}, {"x": 478, "y": 587}, {"x": 477, "y": 573}, {"x": 467, "y": 573}], [{"x": 467, "y": 605}, {"x": 477, "y": 605}, {"x": 477, "y": 595}, {"x": 467, "y": 595}], [{"x": 467, "y": 627}, {"x": 477, "y": 627}, {"x": 477, "y": 617}, {"x": 467, "y": 617}], [{"x": 467, "y": 649}, {"x": 477, "y": 649}, {"x": 477, "y": 639}, {"x": 467, "y": 639}], [{"x": 467, "y": 671}, {"x": 477, "y": 671}, {"x": 477, "y": 661}, {"x": 467, "y": 661}], [{"x": 467, "y": 693}, {"x": 477, "y": 693}, {"x": 477, "y": 683}, {"x": 467, "y": 683}], [{"x": 467, "y": 715}, {"x": 477, "y": 715}, {"x": 477, "y": 705}, {"x": 467, "y": 705}], [{"x": 467, "y": 737}, {"x": 477, "y": 737}, {"x": 477, "y": 727}, {"x": 467, "y": 727}], [{"x": 467, "y": 759}, {"x": 477, "y": 759}, {"x": 477, "y": 749}, {"x": 467, "y": 749}], [{"x": 467, "y": 781}, {"x": 477, "y": 783}, {"x": 477, "y": 771}, {"x": 467, "y": 771}], [{"x": 467, "y": 803}, {"x": 477, "y": 803}, {"x": 477, "y": 793}, {"x": 467, "y": 793}], [{"x": 467, "y": 825}, {"x": 477, "y": 825}, {"x": 477, "y": 815}, {"x": 467, "y": 815}], [{"x": 467, "y": 848}, {"x": 477, "y": 847}, {"x": 477, "y": 837}, {"x": 467, "y": 837}], [{"x": 467, "y": 869}, {"x": 477, "y": 869}, {"x": 477, "y": 859}, {"x": 467, "y": 859}], [{"x": 467, "y": 891}, {"x": 477, "y": 891}, {"x": 477, "y": 881}, {"x": 467, "y": 881}], [{"x": 467, "y": 913}, {"x": 477, "y": 913}, {"x": 477, "y": 903}, {"x": 467, "y": 903}], [{"x": 467, "y": 935}, {"x": 477, "y": 935}, {"x": 477, "y": 925}, {"x": 467, "y": 925}], [{"x": 467, "y": 958}, {"x": 477, "y": 957}, {"x": 477, "y": 947}, {"x": 467, "y": 947}], [{"x": 489, "y": 232}, {"x": 499, "y": 231}, {"x": 499, "y": 221}, {"x": 489, "y": 221}], [{"x": 486, "y": 253}, {"x": 499, "y": 253}, {"x": 499, "y": 243}, {"x": 489, "y": 243}], [{"x": 489, "y": 275}, {"x": 499, "y": 275}, {"x": 499, "y": 265}, {"x": 489, "y": 265}], [{"x": 489, "y": 297}, {"x": 499, "y": 297}, {"x": 499, "y": 287}, {"x": 489, "y": 287}], [{"x": 489, "y": 319}, {"x": 499, "y": 319}, {"x": 499, "y": 309}, {"x": 489, "y": 309}], [{"x": 489, "y": 341}, {"x": 499, "y": 341}, {"x": 499, "y": 331}, {"x": 489, "y": 331}], [{"x": 489, "y": 363}, {"x": 501, "y": 363}, {"x": 499, "y": 353}, {"x": 489, "y": 353}], [{"x": 489, "y": 385}, {"x": 499, "y": 385}, {"x": 499, "y": 375}, {"x": 489, "y": 375}], [{"x": 489, "y": 409}, {"x": 501, "y": 407}, {"x": 499, "y": 397}, {"x": 489, "y": 397}], [{"x": 489, "y": 429}, {"x": 500, "y": 429}, {"x": 499, "y": 419}, {"x": 489, "y": 419}], [{"x": 489, "y": 451}, {"x": 499, "y": 451}, {"x": 499, "y": 441}, {"x": 489, "y": 441}], [{"x": 489, "y": 473}, {"x": 499, "y": 473}, {"x": 499, "y": 463}, {"x": 489, "y": 463}], [{"x": 489, "y": 495}, {"x": 499, "y": 495}, {"x": 499, "y": 485}, {"x": 489, "y": 484}], [{"x": 489, "y": 517}, {"x": 499, "y": 517}, {"x": 499, "y": 507}, {"x": 489, "y": 507}], [{"x": 489, "y": 539}, {"x": 499, "y": 539}, {"x": 499, "y": 529}, {"x": 489, "y": 529}], [{"x": 489, "y": 563}, {"x": 499, "y": 561}, {"x": 499, "y": 551}, {"x": 487, "y": 551}], [{"x": 489, "y": 583}, {"x": 502, "y": 583}, {"x": 499, "y": 573}, {"x": 489, "y": 573}], [{"x": 489, "y": 605}, {"x": 499, "y": 605}, {"x": 499, "y": 595}, {"x": 489, "y": 594}], [{"x": 489, "y": 627}, {"x": 499, "y": 627}, {"x": 499, "y": 617}, {"x": 489, "y": 614}], [{"x": 489, "y": 649}, {"x": 499, "y": 649}, {"x": 499, "y": 639}, {"x": 489, "y": 639}], [{"x": 489, "y": 671}, {"x": 499, "y": 671}, {"x": 499, "y": 661}, {"x": 489, "y": 661}], [{"x": 489, "y": 693}, {"x": 499, "y": 693}, {"x": 499, "y": 683}, {"x": 489, "y": 683}], [{"x": 489, "y": 715}, {"x": 499, "y": 715}, {"x": 499, "y": 705}, {"x": 489, "y": 705}], [{"x": 489, "y": 737}, {"x": 499, "y": 737}, {"x": 499, "y": 727}, {"x": 489, "y": 727}], [{"x": 489, "y": 759}, {"x": 499, "y": 759}, {"x": 499, "y": 749}, {"x": 489, "y": 749}], [{"x": 489, "y": 781}, {"x": 499, "y": 783}, {"x": 499, "y": 771}, {"x": 489, "y": 771}], [{"x": 489, "y": 803}, {"x": 499, "y": 803}, {"x": 499, "y": 793}, {"x": 489, "y": 793}], [{"x": 489, "y": 825}, {"x": 499, "y": 825}, {"x": 499, "y": 815}, {"x": 489, "y": 815}], [{"x": 489, "y": 847}, {"x": 499, "y": 847}, {"x": 499, "y": 837}, {"x": 489, "y": 837}], [{"x": 489, "y": 869}, {"x": 499, "y": 869}, {"x": 499, "y": 859}, {"x": 489, "y": 859}], [{"x": 489, "y": 891}, {"x": 499, "y": 891}, {"x": 499, "y": 881}, {"x": 489, "y": 881}], [{"x": 489, "y": 913}, {"x": 499, "y": 913}, {"x": 499, "y": 903}, {"x": 489, "y": 903}], [{"x": 489, "y": 935}, {"x": 499, "y": 935}, {"x": 499, "y": 925}, {"x": 489, "y": 925}], [{"x": 486, "y": 957}, {"x": 499, "y": 957}, {"x": 499, "y": 947}, {"x": 489, "y": 947}], [{"x": 511, "y": 231}, {"x": 521, "y": 231}, {"x": 521, "y": 221}, {"x": 511, "y": 221}], [{"x": 511, "y": 253}, {"x": 521, "y": 254}, {"x": 521, "y": 243}, {"x": 511, "y": 243}], [{"x": 510, "y": 276}, {"x": 521, "y": 275}, {"x": 521, "y": 265}, {"x": 511, "y": 265}], [{"x": 511, "y": 297}, {"x": 521, "y": 297}, {"x": 521, "y": 287}, {"x": 511, "y": 287}], [{"x": 511, "y": 319}, {"x": 521, "y": 319}, {"x": 521, "y": 309}, {"x": 511, "y": 305}], [{"x": 511, "y": 341}, {"x": 521, "y": 341}, {"x": 521, "y": 331}, {"x": 511, "y": 331}], [{"x": 511, "y": 363}, {"x": 521, "y": 363}, {"x": 521, "y": 353}, {"x": 511, "y": 353}], [{"x": 511, "y": 385}, {"x": 521, "y": 385}, {"x": 521, "y": 375}, {"x": 511, "y": 375}], [{"x": 511, "y": 407}, {"x": 521, "y": 407}, {"x": 521, "y": 397}, {"x": 511, "y": 397}], [{"x": 511, "y": 429}, {"x": 523, "y": 429}, {"x": 521, "y": 419}, {"x": 511, "y": 419}], [{"x": 511, "y": 451}, {"x": 521, "y": 451}, {"x": 521, "y": 441}, {"x": 511, "y": 441}], [{"x": 511, "y": 473}, {"x": 521, "y": 473}, {"x": 521, "y": 463}, {"x": 508, "y": 463}], [{"x": 511, "y": 495}, {"x": 521, "y": 495}, {"x": 521, "y": 485}, {"x": 511, "y": 485}], [{"x": 511, "y": 517}, {"x": 521, "y": 517}, {"x": 521, "y": 507}, {"x": 511, "y": 505}], [{"x": 511, "y": 539}, {"x": 521, "y": 542}, {"x": 521, "y": 529}, {"x": 511, "y": 529}], [{"x": 511, "y": 561}, {"x": 521, "y": 561}, {"x": 521, "y": 551}, {"x": 511, "y": 551}], [{"x": 511, "y": 583}, {"x": 521, "y": 583}, {"x": 521, "y": 573}, {"x": 511, "y": 573}], [{"x": 511, "y": 605}, {"x": 521, "y": 605}, {"x": 521, "y": 595}, {"x": 511, "y": 595}], [{"x": 511, "y": 627}, {"x": 521, "y": 627}, {"x": 521, "y": 617}, {"x": 511, "y": 617}], [{"x": 511, "y": 649}, {"x": 521, "y": 649}, {"x": 521, "y": 639}, {"x": 511, "y": 639}], [{"x": 511, "y": 671}, {"x": 521, "y": 671}, {"x": 521, "y": 661}, {"x": 511, "y": 661}], [{"x": 511, "y": 693}, {"x": 521, "y": 693}, {"x": 521, "y": 683}, {"x": 511, "y": 683}], [{"x": 511, "y": 715}, {"x": 521, "y": 715}, {"x": 521, "y": 705}, {"x": 507, "y": 705}], [{"x": 511, "y": 737}, {"x": 521, "y": 737}, {"x": 521, "y": 727}, {"x": 511, "y": 727}], [{"x": 511, "y": 759}, {"x": 521, "y": 759}, {"x": 521, "y": 749}, {"x": 511, "y": 749}], [{"x": 511, "y": 781}, {"x": 521, "y": 781}, {"x": 521, "y": 771}, {"x": 511, "y": 767}], [{"x": 511, "y": 803}, {"x": 521, "y": 803}, {"x": 521, "y": 793}, {"x": 511, "y": 793}], [{"x": 511, "y": 825}, {"x": 521, "y": 825}, {"x": 521, "y": 815}, {"x": 511, "y": 815}], [{"x": 511, "y": 847}, {"x": 521, "y": 847}, {"x": 521, "y": 837}, {"x": 511, "y": 837}], [{"x": 511, "y": 869}, {"x": 521, "y": 869}, {"x": 521, "y": 859}, {"x": 511, "y": 859}], [{"x": 511, "y": 891}, {"x": 521, "y": 891}, {"x": 521, "y": 881}, {"x": 511, "y": 881}], [{"x": 511, "y": 913}, {"x": 521, "y": 913}, {"x": 521, "y": 903}, {"x": 511, "y": 903}], [{"x": 511, "y": 935}, {"x": 521, "y": 935}, {"x": 521, "y": 925}, {"x": 511, "y": 925}], [{"x": 511, "y": 957}, {"x": 521, "y": 957}, {"x": 525, "y": 947}, {"x": 507, "y": 947}], [{"x": 533, "y": 231}, {"x": 543, "y": 231}, {"x": 543, "y": 221}, {"x": 533, "y": 221}], [{"x": 533, "y": 253}, {"x": 543, "y": 253}, {"x": 543, "y": 243}, {"x": 533, "y": 243}], [{"x": 533, "y": 275}, {"x": 543, "y": 275}, {"x": 543, "y": 265}, {"x": 533, "y": 265}], [{"x": 533, "y": 297}, {"x": 543, "y": 297}, {"x": 543, "y": 287}, {"x": 533, "y": 287}], [{"x": 533, "y": 319}, {"x": 543, "y": 319}, {"x": 544, "y": 309}, {"x": 533, "y": 309}], [{"x": 533, "y": 341}, {"x": 543, "y": 341}, {"x": 543, "y": 331}, {"x": 533, "y": 331}], [{"x": 533, "y": 365}, {"x": 543, "y": 363}, {"x": 543, "y": 353}, {"x": 533, "y": 353}], [{"x": 533, "y": 385}, {"x": 543, "y": 385}, {"x": 543, "y": 375}, {"x": 533, "y": 375}], [{"x": 533, "y": 407}, {"x": 543, "y": 407}, {"x": 543, "y": 397}, {"x": 533, "y": 397}], [{"x": 533, "y": 429}, {"x": 543, "y": 429}, {"x": 543, "y": 419}, {"x": 533, "y": 417}], [{"x": 533, "y": 451}, {"x": 543, "y": 453}, {"x": 543, "y": 441}, {"x": 533, "y": 441}], [{"x": 533, "y": 473}, {"x": 543, "y": 473}, {"x": 543, "y": 463}, {"x": 533, "y": 463}], [{"x": 533, "y": 495}, {"x": 543, "y": 495}, {"x": 543, "y": 485}, {"x": 533, "y": 485}], [{"x": 533, "y": 517}, {"x": 545, "y": 517}, {"x": 543, "y": 507}, {"x": 533, "y": 507}], [{"x": 533, "y": 539}, {"x": 543, "y": 539}, {"x": 543, "y": 529}, {"x": 533, "y": 529}], [{"x": 533, "y": 561}, {"x": 543, "y": 561}, {"x": 543, "y": 551}, {"x": 533, "y": 551}], [{"x": 533, "y": 583}, {"x": 543, "y": 583}, {"x": 543, "y": 573}, {"x": 533, "y": 573}], [{"x": 530, "y": 605}, {"x": 546, "y": 605}, {"x": 543, "y": 595}, {"x": 533, "y": 595}], [{"x": 533, "y": 627}, {"x": 543, "y": 627}, {"x": 543, "y": 617}, {"x": 533, "y": 617}], [{"x": 533, "y": 649}, {"x": 543, "y": 649}, {"x": 543, "y": 639}, {"x": 533, "y": 639}], [{"x": 533, "y": 674}, {"x": 543, "y": 671}, {"x": 543, "y": 661}, {"x": 533, "y": 661}], [{"x": 533, "y": 693}, {"x": 543, "y": 693}, {"x": 546, "y": 683}, {"x": 533, "y": 683}], [{"x": 533, "y": 715}, {"x": 547, "y": 715}, {"x": 543, "y": 705}, {"x": 529, "y": 705}], [{"x": 533, "y": 737}, {"x": 543, "y": 737}, {"x": 543, "y": 727}, {"x": 533, "y": 727}], [{"x": 533, "y": 759}, {"x": 543, "y": 759}, {"x": 543, "y": 749}, {"x": 533, "y": 749}], [{"x": 533, "y": 781}, {"x": 543, "y": 781}, {"x": 547, "y": 771}, {"x": 533, "y": 771}], [{"x": 533, "y": 803}, {"x": 543, "y": 803}, {"x": 543, "y": 793}, {"x": 533, "y": 793}], [{"x": 533, "y": 825}, {"x": 543, "y": 825}, {"x": 543, "y": 815}, {"x": 533, "y": 815}], [{"x": 533, "y": 847}, {"x": 543, "y": 847}, {"x": 543, "y": 834}, {"x": 533, "y": 837}], [{"x": 533, "y": 869}, {"x": 543, "y": 869}, {"x": 543, "y": 859}, {"x": 533, "y": 859}], [{"x": 533, "y": 891}, {"x": 543, "y": 892}, {"x": 543, "y": 881}, {"x": 533, "y": 881}], [{"x": 533, "y": 913}, {"x": 543, "y": 916}, {"x": 543, "y": 903}, {"x": 533, "y": 903}], [{"x": 533, "y": 935}, {"x": 543, "y": 935}, {"x": 543, "y": 925}, {"x": 533, "y": 925}], [{"x": 555, "y": 231}, {"x": 565, "y": 231}, {"x": 569, "y": 221}, {"x": 555, "y": 221}], [{"x": 555, "y": 253}, {"x": 565, "y": 253}, {"x": 567, "y": 243}, {"x": 555, "y": 243}], [{"x": 555, "y": 275}, {"x": 565, "y": 275}, {"x": 565, "y": 265}, {"x": 555, "y": 265}], [{"x": 555, "y": 297}, {"x": 567, "y": 297}, {"x": 565, "y": 287}, {"x": 555, "y": 287}], [{"x": 555, "y": 322}, {"x": 565, "y": 319}, {"x": 565, "y": 309}, {"x": 555, "y": 309}], [{"x": 555, "y": 341}, {"x": 565, "y": 341}, {"x": 565, "y": 331}, {"x": 555, "y": 331}], [{"x": 555, "y": 363}, {"x": 565, "y": 363}, {"x": 565, "y": 353}, {"x": 555, "y": 353}], [{"x": 555, "y": 385}, {"x": 565, "y": 385}, {"x": 565, "y": 375}, {"x": 555, "y": 371}], [{"x": 555, "y": 407}, {"x": 565, "y": 407}, {"x": 565, "y": 397}, {"x": 555, "y": 397}], [{"x": 555, "y": 429}, {"x": 565, "y": 429}, {"x": 565, "y": 419}, {"x": 555, "y": 419}], [{"x": 555, "y": 451}, {"x": 565, "y": 451}, {"x": 565, "y": 441}, {"x": 555, "y": 441}], [{"x": 555, "y": 473}, {"x": 565, "y": 473}, {"x": 565, "y": 463}, {"x": 555, "y": 463}], [{"x": 555, "y": 495}, {"x": 565, "y": 495}, {"x": 565, "y": 485}, {"x": 555, "y": 485}], [{"x": 555, "y": 517}, {"x": 565, "y": 517}, {"x": 565, "y": 507}, {"x": 552, "y": 507}], [{"x": 555, "y": 539}, {"x": 565, "y": 539}, {"x": 565, "y": 529}, {"x": 555, "y": 529}], [{"x": 555, "y": 561}, {"x": 565, "y": 561}, {"x": 565, "y": 551}, {"x": 555, "y": 551}], [{"x": 555, "y": 583}, {"x": 565, "y": 583}, {"x": 565, "y": 573}, {"x": 555, "y": 573}], [{"x": 555, "y": 605}, {"x": 565, "y": 605}, {"x": 565, "y": 595}, {"x": 555, "y": 595}], [{"x": 555, "y": 627}, {"x": 565, "y": 627}, {"x": 565, "y": 617}, {"x": 555, "y": 617}], [{"x": 555, "y": 649}, {"x": 565, "y": 649}, {"x": 565, "y": 639}, {"x": 555, "y": 639}], [{"x": 555, "y": 671}, {"x": 565, "y": 671}, {"x": 565, "y": 661}, {"x": 555, "y": 661}], [{"x": 555, "y": 693}, {"x": 567, "y": 694}, {"x": 568, "y": 679}, {"x": 555, "y": 683}], [{"x": 555, "y": 719}, {"x": 565, "y": 715}, {"x": 565, "y": 705}, {"x": 555, "y": 705}], [{"x": 555, "y": 737}, {"x": 565, "y": 737}, {"x": 565, "y": 727}, {"x": 555, "y": 727}], [{"x": 555, "y": 759}, {"x": 565, "y": 759}, {"x": 565, "y": 749}, {"x": 555, "y": 749}], [{"x": 555, "y": 781}, {"x": 565, "y": 781}, {"x": 565, "y": 771}, {"x": 555, "y": 771}], [{"x": 555, "y": 803}, {"x": 565, "y": 803}, {"x": 565, "y": 793}, {"x": 555, "y": 793}], [{"x": 555, "y": 825}, {"x": 565, "y": 825}, {"x": 565, "y": 815}, {"x": 555, "y": 815}], [{"x": 555, "y": 847}, {"x": 565, "y": 847}, {"x": 565, "y": 833}, {"x": 555, "y": 837}], [{"x": 555, "y": 869}, {"x": 565, "y": 869}, {"x": 565, "y": 859}, {"x": 555, "y": 859}], [{"x": 555, "y": 891}, {"x": 565, "y": 891}, {"x": 565, "y": 881}, {"x": 555, "y": 881}], [{"x": 555, "y": 913}, {"x": 565, "y": 913}, {"x": 565, "y": 903}, {"x": 555, "y": 903}], [{"x": 555, "y": 935}, {"x": 565, "y": 935}, {"x": 565, "y": 925}, {"x": 555, "y": 925}], [{"x": 577, "y": 231}, {"x": 587, "y": 231}, {"x": 587, "y": 221}, {"x": 577, "y": 221}], [{"x": 577, "y": 254}, {"x": 587, "y": 253}, {"x": 587, "y": 243}, {"x": 577, "y": 243}], [{"x": 577, "y": 275}, {"x": 587, "y": 275}, {"x": 591, "y": 265}, {"x": 577, "y": 265}], [{"x": 577, "y": 297}, {"x": 587, "y": 297}, {"x": 587, "y": 287}, {"x": 577, "y": 287}], [{"x": 577, "y": 319}, {"x": 587, "y": 322}, {"x": 590, "y": 309}, {"x": 575, "y": 309}], [{"x": 577, "y": 341}, {"x": 587, "y": 341}, {"x": 587, "y": 331}, {"x": 577, "y": 331}], [{"x": 577, "y": 363}, {"x": 587, "y": 363}, {"x": 587, "y": 353}, {"x": 577, "y": 353}], [{"x": 577, "y": 385}, {"x": 588, "y": 385}, {"x": 587, "y": 375}, {"x": 577, "y": 375}], [{"x": 577, "y": 407}, {"x": 589, "y": 407}, {"x": 587, "y": 397}, {"x": 577, "y": 397}], [{"x": 577, "y": 429}, {"x": 587, "y": 429}, {"x": 587, "y": 419}, {"x": 577, "y": 419}], [{"x": 577, "y": 451}, {"x": 587, "y": 451}, {"x": 587, "y": 441}, {"x": 577, "y": 441}], [{"x": 577, "y": 473}, {"x": 587, "y": 473}, {"x": 587, "y": 463}, {"x": 577, "y": 463}], [{"x": 577, "y": 495}, {"x": 587, "y": 495}, {"x": 587, "y": 485}, {"x": 577, "y": 485}], [{"x": 577, "y": 517}, {"x": 587, "y": 517}, {"x": 587, "y": 507}, {"x": 577, "y": 507}], [{"x": 577, "y": 539}, {"x": 587, "y": 539}, {"x": 587, "y": 529}, {"x": 577, "y": 529}], [{"x": 577, "y": 561}, {"x": 587, "y": 561}, {"x": 587, "y": 551}, {"x": 575, "y": 551}], [{"x": 577, "y": 583}, {"x": 587, "y": 583}, {"x": 587, "y": 573}, {"x": 577, "y": 573}], [{"x": 577, "y": 605}, {"x": 587, "y": 605}, {"x": 587, "y": 595}, {"x": 577, "y": 595}], [{"x": 577, "y": 627}, {"x": 587, "y": 627}, {"x": 587, "y": 617}, {"x": 577, "y": 617}], [{"x": 577, "y": 649}, {"x": 587, "y": 649}, {"x": 587, "y": 639}, {"x": 573, "y": 635}], [{"x": 577, "y": 671}, {"x": 587, "y": 671}, {"x": 587, "y": 661}, {"x": 577, "y": 661}], [{"x": 577, "y": 693}, {"x": 587, "y": 693}, {"x": 587, "y": 683}, {"x": 577, "y": 683}], [{"x": 577, "y": 715}, {"x": 587, "y": 715}, {"x": 587, "y": 705}, {"x": 577, "y": 705}], [{"x": 577, "y": 737}, {"x": 587, "y": 737}, {"x": 591, "y": 727}, {"x": 577, "y": 727}], [{"x": 577, "y": 759}, {"x": 587, "y": 759}, {"x": 587, "y": 749}, {"x": 577, "y": 749}], [{"x": 577, "y": 781}, {"x": 587, "y": 781}, {"x": 587, "y": 771}, {"x": 577, "y": 771}], [{"x": 577, "y": 803}, {"x": 587, "y": 803}, {"x": 587, "y": 793}, {"x": 577, "y": 793}], [{"x": 577, "y": 825}, {"x": 587, "y": 825}, {"x": 587, "y": 815}, {"x": 577, "y": 815}], [{"x": 577, "y": 847}, {"x": 587, "y": 847}, {"x": 587, "y": 837}, {"x": 577, "y": 837}], [{"x": 577, "y": 869}, {"x": 587, "y": 869}, {"x": 587, "y": 859}, {"x": 577, "y": 859}], [{"x": 577, "y": 891}, {"x": 587, "y": 891}, {"x": 587, "y": 881}, {"x": 577, "y": 881}], [{"x": 577, "y": 913}, {"x": 587, "y": 913}, {"x": 587, "y": 903}, {"x": 577, "y": 903}], [{"x": 577, "y": 935}, {"x": 587, "y": 935}, {"x": 587, "y": 925}, {"x": 577, "y": 925}], [{"x": 599, "y": 231}, {"x": 609, "y": 231}, {"x": 609, "y": 221}, {"x": 599, "y": 221}], [{"x": 599, "y": 253}, {"x": 609, "y": 253}, {"x": 609, "y": 243}, {"x": 599, "y": 243}], [{"x": 599, "y": 275}, {"x": 609, "y": 275}, {"x": 610, "y": 265}, {"x": 599, "y": 265}], [{"x": 599, "y": 297}, {"x": 609, "y": 297}, {"x": 609, "y": 287}, {"x": 599, "y": 287}], [{"x": 599, "y": 319}, {"x": 609, "y": 319}, {"x": 609, "y": 309}, {"x": 599, "y": 309}], [{"x": 599, "y": 341}, {"x": 613, "y": 341}, {"x": 609, "y": 331}, {"x": 599, "y": 331}], [{"x": 599, "y": 363}, {"x": 609, "y": 363}, {"x": 609, "y": 353}, {"x": 599, "y": 350}], [{"x": 599, "y": 385}, {"x": 609, "y": 385}, {"x": 609, "y": 375}, {"x": 599, "y": 375}], [{"x": 599, "y": 407}, {"x": 609, "y": 407}, {"x": 609, "y": 397}, {"x": 599, "y": 397}], [{"x": 599, "y": 429}, {"x": 609, "y": 429}, {"x": 609, "y": 419}, {"x": 599, "y": 419}], [{"x": 599, "y": 451}, {"x": 609, "y": 451}, {"x": 609, "y": 441}, {"x": 599, "y": 441}], [{"x": 599, "y": 473}, {"x": 609, "y": 473}, {"x": 609, "y": 463}, {"x": 599, "y": 463}], [{"x": 599, "y": 495}, {"x": 611, "y": 495}, {"x": 610, "y": 485}, {"x": 599, "y": 485}], [{"x": 599, "y": 517}, {"x": 609, "y": 520}, {"x": 609, "y": 507}, {"x": 599, "y": 507}], [{"x": 599, "y": 539}, {"x": 609, "y": 539}, {"x": 609, "y": 529}, {"x": 599, "y": 529}], [{"x": 599, "y": 561}, {"x": 609, "y": 561}, {"x": 609, "y": 551}, {"x": 599, "y": 549}], [{"x": 599, "y": 586}, {"x": 609, "y": 583}, {"x": 609, "y": 573}, {"x": 599, "y": 573}], [{"x": 599, "y": 605}, {"x": 610, "y": 605}, {"x": 609, "y": 595}, {"x": 599, "y": 595}], [{"x": 599, "y": 627}, {"x": 609, "y": 627}, {"x": 609, "y": 617}, {"x": 599, "y": 617}], [{"x": 599, "y": 649}, {"x": 609, "y": 649}, {"x": 609, "y": 639}, {"x": 599, "y": 639}], [{"x": 599, "y": 671}, {"x": 609, "y": 671}, {"x": 609, "y": 661}, {"x": 599, "y": 661}], [{"x": 599, "y": 693}, {"x": 609, "y": 693}, {"x": 609, "y": 679}, {"x": 599, "y": 683}], [{"x": 599, "y": 715}, {"x": 609, "y": 715}, {"x": 609, "y": 705}, {"x": 599, "y": 705}], [{"x": 599, "y": 737}, {"x": 609, "y": 737}, {"x": 609, "y": 727}, {"x": 599, "y": 727}], [{"x": 599, "y": 759}, {"x": 609, "y": 759}, {"x": 609, "y": 749}, {"x": 599, "y": 749}], [{"x": 599, "y": 782}, {"x": 611, "y": 781}, {"x": 609, "y": 771}, {"x": 599, "y": 771}], [{"x": 599, "y": 803}, {"x": 609, "y": 803}, {"x": 613, "y": 791}, {"x": 599, "y": 793}], [{"x": 599, "y": 825}, {"x": 609, "y": 825}, {"x": 609, "y": 815}, {"x": 599, "y": 815}], [{"x": 599, "y": 847}, {"x": 609, "y": 847}, {"x": 609, "y": 837}, {"x": 599, "y": 834}], [{"x": 599, "y": 872}, {"x": 609, "y": 869}, {"x": 609, "y": 859}, {"x": 599, "y": 859}], [{"x": 599, "y": 891}, {"x": 609, "y": 891}, {"x": 609, "y": 881}, {"x": 599, "y": 881}], [{"x": 595, "y": 913}, {"x": 609, "y": 913}, {"x": 609, "y": 903}, {"x": 599, "y": 903}], [{"x": 621, "y": 253}, {"x": 631, "y": 253}, {"x": 631, "y": 243}, {"x": 621, "y": 243}], [{"x": 621, "y": 275}, {"x": 631, "y": 275}, {"x": 631, "y": 265}, {"x": 621, "y": 265}], [{"x": 621, "y": 297}, {"x": 631, "y": 297}, {"x": 631, "y": 287}, {"x": 619, "y": 286}], [{"x": 621, "y": 322}, {"x": 631, "y": 319}, {"x": 631, "y": 309}, {"x": 621, "y": 309}], [{"x": 621, "y": 341}, {"x": 631, "y": 341}, {"x": 631, "y": 331}, {"x": 621, "y": 331}], [{"x": 621, "y": 363}, {"x": 631, "y": 363}, {"x": 631, "y": 352}, {"x": 621, "y": 353}], [{"x": 621, "y": 385}, {"x": 631, "y": 385}, {"x": 631, "y": 375}, {"x": 621, "y": 375}], [{"x": 620, "y": 407}, {"x": 631, "y": 407}, {"x": 631, "y": 397}, {"x": 621, "y": 397}], [{"x": 621, "y": 429}, {"x": 631, "y": 429}, {"x": 631, "y": 419}, {"x": 621, "y": 419}], [{"x": 621, "y": 451}, {"x": 631, "y": 451}, {"x": 631, "y": 441}, {"x": 621, "y": 440}], [{"x": 621, "y": 473}, {"x": 631, "y": 473}, {"x": 631, "y": 463}, {"x": 621, "y": 463}], [{"x": 621, "y": 495}, {"x": 631, "y": 495}, {"x": 631, "y": 485}, {"x": 621, "y": 485}], [{"x": 621, "y": 517}, {"x": 631, "y": 517}, {"x": 631, "y": 507}, {"x": 621, "y": 507}], [{"x": 621, "y": 539}, {"x": 631, "y": 539}, {"x": 631, "y": 529}, {"x": 621, "y": 529}], [{"x": 621, "y": 561}, {"x": 631, "y": 561}, {"x": 631, "y": 551}, {"x": 621, "y": 551}], [{"x": 621, "y": 583}, {"x": 631, "y": 583}, {"x": 631, "y": 573}, {"x": 621, "y": 573}], [{"x": 621, "y": 605}, {"x": 631, "y": 605}, {"x": 631, "y": 594}, {"x": 621, "y": 595}], [{"x": 621, "y": 627}, {"x": 631, "y": 627}, {"x": 631, "y": 617}, {"x": 621, "y": 617}], [{"x": 621, "y": 649}, {"x": 631, "y": 649}, {"x": 631, "y": 639}, {"x": 621, "y": 639}], [{"x": 621, "y": 671}, {"x": 634, "y": 671}, {"x": 631, "y": 661}, {"x": 621, "y": 661}], [{"x": 621, "y": 693}, {"x": 631, "y": 693}, {"x": 631, "y": 683}, {"x": 621, "y": 683}], [{"x": 621, "y": 715}, {"x": 631, "y": 715}, {"x": 631, "y": 705}, {"x": 621, "y": 705}], [{"x": 621, "y": 737}, {"x": 631, "y": 737}, {"x": 631, "y": 727}, {"x": 621, "y": 727}], [{"x": 621, "y": 759}, {"x": 632, "y": 759}, {"x": 631, "y": 749}, {"x": 621, "y": 749}], [{"x": 621, "y": 781}, {"x": 631, "y": 781}, {"x": 631, "y": 771}, {"x": 621, "y": 771}], [{"x": 621, "y": 803}, {"x": 631, "y": 804}, {"x": 631, "y": 793}, {"x": 621, "y": 793}], [{"x": 621, "y": 825}, {"x": 631, "y": 825}, {"x": 631, "y": 815}, {"x": 621, "y": 815}], [{"x": 621, "y": 850}, {"x": 631, "y": 847}, {"x": 631, "y": 837}, {"x": 621, "y": 837}], [{"x": 621, "y": 869}, {"x": 631, "y": 869}, {"x": 631, "y": 859}, {"x": 621, "y": 859}], [{"x": 621, "y": 891}, {"x": 631, "y": 891}, {"x": 631, "y": 881}, {"x": 621, "y": 881}], [{"x": 621, "y": 913}, {"x": 634, "y": 913}, {"x": 631, "y": 903}, {"x": 620, "y": 903}], [{"x": 643, "y": 253}, {"x": 653, "y": 253}, {"x": 653, "y": 243}, {"x": 643, "y": 243}], [{"x": 643, "y": 275}, {"x": 653, "y": 275}, {"x": 653, "y": 265}, {"x": 643, "y": 262}], [{"x": 643, "y": 297}, {"x": 653, "y": 297}, {"x": 653, "y": 287}, {"x": 643, "y": 287}], [{"x": 643, "y": 319}, {"x": 653, "y": 319}, {"x": 653, "y": 309}, {"x": 643, "y": 309}], [{"x": 643, "y": 341}, {"x": 653, "y": 341}, {"x": 653, "y": 331}, {"x": 643, "y": 331}], [{"x": 642, "y": 363}, {"x": 653, "y": 363}, {"x": 653, "y": 353}, {"x": 643, "y": 353}], [{"x": 643, "y": 385}, {"x": 654, "y": 385}, {"x": 653, "y": 375}, {"x": 643, "y": 375}], [{"x": 643, "y": 407}, {"x": 653, "y": 407}, {"x": 653, "y": 397}, {"x": 643, "y": 397}], [{"x": 643, "y": 429}, {"x": 653, "y": 429}, {"x": 653, "y": 419}, {"x": 643, "y": 419}], [{"x": 643, "y": 451}, {"x": 653, "y": 451}, {"x": 653, "y": 441}, {"x": 641, "y": 441}], [{"x": 643, "y": 473}, {"x": 653, "y": 473}, {"x": 653, "y": 463}, {"x": 643, "y": 463}], [{"x": 643, "y": 495}, {"x": 653, "y": 495}, {"x": 653, "y": 485}, {"x": 643, "y": 485}], [{"x": 643, "y": 517}, {"x": 653, "y": 517}, {"x": 653, "y": 507}, {"x": 643, "y": 507}], [{"x": 643, "y": 539}, {"x": 653, "y": 539}, {"x": 653, "y": 529}, {"x": 643, "y": 529}], [{"x": 643, "y": 561}, {"x": 653, "y": 561}, {"x": 653, "y": 551}, {"x": 643, "y": 551}], [{"x": 643, "y": 583}, {"x": 653, "y": 583}, {"x": 653, "y": 573}, {"x": 643, "y": 573}], [{"x": 643, "y": 608}, {"x": 653, "y": 609}, {"x": 653, "y": 595}, {"x": 643, "y": 591}], [{"x": 643, "y": 627}, {"x": 653, "y": 627}, {"x": 653, "y": 617}, {"x": 643, "y": 617}], [{"x": 643, "y": 649}, {"x": 653, "y": 649}, {"x": 653, "y": 637}, {"x": 643, "y": 639}], [{"x": 643, "y": 671}, {"x": 653, "y": 671}, {"x": 653, "y": 661}, {"x": 643, "y": 661}], [{"x": 643, "y": 693}, {"x": 653, "y": 693}, {"x": 653, "y": 683}, {"x": 643, "y": 683}], [{"x": 643, "y": 715}, {"x": 653, "y": 715}, {"x": 653, "y": 705}, {"x": 643, "y": 705}], [{"x": 643, "y": 737}, {"x": 653, "y": 737}, {"x": 653, "y": 727}, {"x": 639, "y": 727}], [{"x": 643, "y": 759}, {"x": 657, "y": 759}, {"x": 653, "y": 749}, {"x": 643, "y": 749}], [{"x": 640, "y": 781}, {"x": 653, "y": 781}, {"x": 653, "y": 771}, {"x": 643, "y": 771}], [{"x": 643, "y": 803}, {"x": 653, "y": 803}, {"x": 653, "y": 793}, {"x": 643, "y": 793}], [{"x": 643, "y": 825}, {"x": 653, "y": 825}, {"x": 655, "y": 815}, {"x": 643, "y": 815}], [{"x": 643, "y": 847}, {"x": 653, "y": 847}, {"x": 653, "y": 834}, {"x": 643, "y": 837}], [{"x": 643, "y": 869}, {"x": 653, "y": 869}, {"x": 653, "y": 859}, {"x": 643, "y": 859}], [{"x": 643, "y": 891}, {"x": 653, "y": 891}, {"x": 653, "y": 881}, {"x": 643, "y": 881}], [{"x": 643, "y": 913}, {"x": 653, "y": 913}, {"x": 653, "y": 903}, {"x": 643, "y": 903}], [{"x": 665, "y": 253}, {"x": 675, "y": 253}, {"x": 675, "y": 243}, {"x": 665, "y": 243}], [{"x": 665, "y": 275}, {"x": 675, "y": 275}, {"x": 679, "y": 265}, {"x": 665, "y": 265}], [{"x": 665, "y": 297}, {"x": 675, "y": 297}, {"x": 677, "y": 287}, {"x": 665, "y": 287}], [{"x": 665, "y": 319}, {"x": 675, "y": 319}, {"x": 675, "y": 309}, {"x": 665, "y": 309}], [{"x": 665, "y": 341}, {"x": 675, "y": 341}, {"x": 675, "y": 331}, {"x": 663, "y": 331}], [{"x": 665, "y": 363}, {"x": 675, "y": 363}, {"x": 675, "y": 353}, {"x": 665, "y": 353}], [{"x": 665, "y": 385}, {"x": 675, "y": 385}, {"x": 675, "y": 375}, {"x": 665, "y": 375}], [{"x": 665, "y": 407}, {"x": 675, "y": 407}, {"x": 675, "y": 397}, {"x": 665, "y": 397}], [{"x": 665, "y": 429}, {"x": 675, "y": 429}, {"x": 675, "y": 419}, {"x": 665, "y": 419}], [{"x": 665, "y": 451}, {"x": 675, "y": 451}, {"x": 675, "y": 441}, {"x": 665, "y": 441}], [{"x": 665, "y": 473}, {"x": 675, "y": 473}, {"x": 675, "y": 463}, {"x": 665, "y": 463}], [{"x": 665, "y": 495}, {"x": 675, "y": 495}, {"x": 675, "y": 483}, {"x": 665, "y": 485}], [{"x": 665, "y": 517}, {"x": 675, "y": 517}, {"x": 677, "y": 507}, {"x": 665, "y": 507}], [{"x": 665, "y": 542}, {"x": 675, "y": 539}, {"x": 675, "y": 529}, {"x": 665, "y": 529}], [{"x": 665, "y": 561}, {"x": 675, "y": 561}, {"x": 675, "y": 551}, {"x": 665, "y": 551}], [{"x": 665, "y": 583}, {"x": 675, "y": 583}, {"x": 675, "y": 573}, {"x": 665, "y": 573}], [{"x": 665, "y": 605}, {"x": 675, "y": 605}, {"x": 675, "y": 595}, {"x": 665, "y": 595}], [{"x": 665, "y": 627}, {"x": 675, "y": 627}, {"x": 675, "y": 617}, {"x": 663, "y": 617}], [{"x": 665, "y": 649}, {"x": 675, "y": 649}, {"x": 675, "y": 639}, {"x": 665, "y": 639}], [{"x": 665, "y": 671}, {"x": 675, "y": 671}, {"x": 675, "y": 661}, {"x": 665, "y": 661}], [{"x": 665, "y": 693}, {"x": 675, "y": 693}, {"x": 675, "y": 683}, {"x": 665, "y": 683}], [{"x": 665, "y": 715}, {"x": 675, "y": 715}, {"x": 675, "y": 705}, {"x": 665, "y": 705}], [{"x": 665, "y": 737}, {"x": 675, "y": 737}, {"x": 675, "y": 727}, {"x": 665, "y": 727}], [{"x": 665, "y": 759}, {"x": 675, "y": 759}, {"x": 675, "y": 749}, {"x": 665, "y": 749}], [{"x": 665, "y": 781}, {"x": 675, "y": 781}, {"x": 675, "y": 771}, {"x": 665, "y": 771}], [{"x": 665, "y": 803}, {"x": 675, "y": 803}, {"x": 675, "y": 793}, {"x": 665, "y": 793}], [{"x": 665, "y": 825}, {"x": 675, "y": 825}, {"x": 675, "y": 815}, {"x": 665, "y": 815}], [{"x": 665, "y": 847}, {"x": 675, "y": 847}, {"x": 675, "y": 837}, {"x": 665, "y": 837}], [{"x": 665, "y": 869}, {"x": 675, "y": 869}, {"x": 676, "y": 859}, {"x": 665, "y": 859}], [{"x": 665, "y": 891}, {"x": 675, "y": 891}, {"x": 675, "y": 881}, {"x": 665, "y": 881}], [{"x": 661, "y": 913}, {"x": 675, "y": 913}, {"x": 675, "y": 903}, {"x": 665, "y": 903}], [{"x": 687, "y": 253}, {"x": 697, "y": 253}, {"x": 697, "y": 243}, {"x": 687, "y": 243}], [{"x": 687, "y": 275}, {"x": 697, "y": 275}, {"x": 697, "y": 265}, {"x": 687, "y": 265}], [{"x": 687, "y": 297}, {"x": 697, "y": 297}, {"x": 697, "y": 287}, {"x": 687, "y": 287}], [{"x": 687, "y": 319}, {"x": 697, "y": 319}, {"x": 697, "y": 309}, {"x": 687, "y": 309}], [{"x": 687, "y": 341}, {"x": 697, "y": 341}, {"x": 697, "y": 331}, {"x": 687, "y": 331}], [{"x": 687, "y": 363}, {"x": 697, "y": 363}, {"x": 697, "y": 353}, {"x": 687, "y": 353}], [{"x": 687, "y": 385}, {"x": 697, "y": 385}, {"x": 697, "y": 375}, {"x": 687, "y": 375}], [{"x": 683, "y": 407}, {"x": 700, "y": 407}, {"x": 697, "y": 397}, {"x": 687, "y": 397}], [{"x": 687, "y": 429}, {"x": 697, "y": 429}, {"x": 700, "y": 419}, {"x": 687, "y": 419}], [{"x": 687, "y": 451}, {"x": 697, "y": 453}, {"x": 697, "y": 441}, {"x": 687, "y": 441}], [{"x": 687, "y": 473}, {"x": 697, "y": 473}, {"x": 697, "y": 463}, {"x": 687, "y": 463}], [{"x": 687, "y": 495}, {"x": 697, "y": 495}, {"x": 697, "y": 485}, {"x": 687, "y": 485}], [{"x": 687, "y": 517}, {"x": 697, "y": 517}, {"x": 697, "y": 507}, {"x": 687, "y": 507}], [{"x": 687, "y": 561}, {"x": 697, "y": 561}, {"x": 697, "y": 551}, {"x": 687, "y": 551}], [{"x": 687, "y": 583}, {"x": 697, "y": 583}, {"x": 697, "y": 573}, {"x": 687, "y": 573}], [{"x": 687, "y": 605}, {"x": 697, "y": 605}, {"x": 697, "y": 595}, {"x": 687, "y": 595}], [{"x": 687, "y": 629}, {"x": 697, "y": 627}, {"x": 697, "y": 617}, {"x": 687, "y": 617}], [{"x": 687, "y": 649}, {"x": 697, "y": 649}, {"x": 697, "y": 639}, {"x": 687, "y": 639}], [{"x": 687, "y": 671}, {"x": 697, "y": 671}, {"x": 697, "y": 661}, {"x": 687, "y": 661}], [{"x": 687, "y": 693}, {"x": 697, "y": 693}, {"x": 697, "y": 683}, {"x": 687, "y": 683}], [{"x": 687, "y": 715}, {"x": 697, "y": 715}, {"x": 698, "y": 705}, {"x": 687, "y": 705}], [{"x": 687, "y": 737}, {"x": 697, "y": 737}, {"x": 697, "y": 727}, {"x": 686, "y": 727}], [{"x": 687, "y": 759}, {"x": 697, "y": 759}, {"x": 697, "y": 749}, {"x": 687, "y": 749}], [{"x": 687, "y": 781}, {"x": 697, "y": 781}, {"x": 697, "y": 771}, {"x": 684, "y": 771}], [{"x": 687, "y": 803}, {"x": 697, "y": 803}, {"x": 697, "y": 793}, {"x": 687, "y": 793}], [{"x": 687, "y": 825}, {"x": 697, "y": 825}, {"x": 697, "y": 815}, {"x": 687, "y": 815}], [{"x": 687, "y": 847}, {"x": 697, "y": 847}, {"x": 697, "y": 837}, {"x": 687, "y": 837}], [{"x": 684, "y": 869}, {"x": 697, "y": 869}, {"x": 697, "y": 859}, {"x": 687, "y": 859}], [{"x": 687, "y": 891}, {"x": 697, "y": 891}, {"x": 697, "y": 877}, {"x": 687, "y": 881}], [{"x": 709, "y": 253}, {"x": 719, "y": 253}, {"x": 719, "y": 243}, {"x": 709, "y": 243}], [{"x": 709, "y": 275}, {"x": 719, "y": 275}, {"x": 719, "y": 265}, {"x": 709, "y": 265}], [{"x": 709, "y": 297}, {"x": 719, "y": 297}, {"x": 719, "y": 287}, {"x": 707, "y": 287}], [{"x": 709, "y": 319}, {"x": 719, "y": 319}, {"x": 719, "y": 309}, {"x": 709, "y": 309}], [{"x": 709, "y": 341}, {"x": 719, "y": 341}, {"x": 719, "y": 331}, {"x": 709, "y": 331}], [{"x": 709, "y": 363}, {"x": 719, "y": 363}, {"x": 719, "y": 353}, {"x": 709, "y": 353}], [{"x": 709, "y": 385}, {"x": 719, "y": 385}, {"x": 719, "y": 375}, {"x": 709, "y": 375}], [{"x": 709, "y": 407}, {"x": 719, "y": 407}, {"x": 719, "y": 397}, {"x": 709, "y": 396}], [{"x": 709, "y": 429}, {"x": 719, "y": 429}, {"x": 719, "y": 419}, {"x": 709, "y": 419}], [{"x": 709, "y": 452}, {"x": 719, "y": 451}, {"x": 719, "y": 441}, {"x": 709, "y": 441}], [{"x": 709, "y": 473}, {"x": 719, "y": 473}, {"x": 723, "y": 463}, {"x": 709, "y": 463}], [{"x": 709, "y": 495}, {"x": 719, "y": 495}, {"x": 719, "y": 485}, {"x": 709, "y": 485}], [{"x": 709, "y": 517}, {"x": 719, "y": 517}, {"x": 719, "y": 507}, {"x": 709, "y": 507}], [{"x": 709, "y": 539}, {"x": 719, "y": 539}, {"x": 719, "y": 529}, {"x": 709, "y": 529}], [{"x": 709, "y": 561}, {"x": 719, "y": 561}, {"x": 719, "y": 551}, {"x": 709, "y": 551}], [{"x": 709, "y": 583}, {"x": 719, "y": 583}, {"x": 719, "y": 573}, {"x": 709, "y": 573}], [{"x": 709, "y": 605}, {"x": 719, "y": 605}, {"x": 719, "y": 595}, {"x": 709, "y": 595}], [{"x": 709, "y": 627}, {"x": 719, "y": 627}, {"x": 719, "y": 617}, {"x": 709, "y": 617}], [{"x": 709, "y": 649}, {"x": 719, "y": 649}, {"x": 719, "y": 639}, {"x": 708, "y": 639}], [{"x": 709, "y": 671}, {"x": 719, "y": 671}, {"x": 719, "y": 661}, {"x": 709, "y": 661}], [{"x": 709, "y": 693}, {"x": 719, "y": 693}, {"x": 719, "y": 683}, {"x": 709, "y": 683}], [{"x": 709, "y": 715}, {"x": 719, "y": 715}, {"x": 719, "y": 705}, {"x": 709, "y": 705}], [{"x": 709, "y": 737}, {"x": 719, "y": 737}, {"x": 719, "y": 726}, {"x": 709, "y": 727}], [{"x": 709, "y": 759}, {"x": 722, "y": 759}, {"x": 719, "y": 749}, {"x": 709, "y": 749}], [{"x": 709, "y": 781}, {"x": 719, "y": 781}, {"x": 719, "y": 771}, {"x": 709, "y": 771}], [{"x": 709, "y": 803}, {"x": 719, "y": 803}, {"x": 719, "y": 793}, {"x": 709, "y": 793}], [{"x": 709, "y": 825}, {"x": 719, "y": 825}, {"x": 719, "y": 815}, {"x": 709, "y": 815}], [{"x": 707, "y": 847}, {"x": 719, "y": 847}, {"x": 719, "y": 837}, {"x": 709, "y": 837}], [{"x": 709, "y": 869}, {"x": 723, "y": 869}, {"x": 719, "y": 859}, {"x": 709, "y": 859}], [{"x": 709, "y": 891}, {"x": 723, "y": 891}, {"x": 719, "y": 881}, {"x": 709, "y": 881}], [{"x": 731, "y": 253}, {"x": 741, "y": 253}, {"x": 741, "y": 243}, {"x": 731, "y": 243}], [{"x": 731, "y": 275}, {"x": 741, "y": 275}, {"x": 741, "y": 265}, {"x": 731, "y": 265}], [{"x": 731, "y": 297}, {"x": 741, "y": 297}, {"x": 741, "y": 287}, {"x": 731, "y": 287}], [{"x": 731, "y": 319}, {"x": 741, "y": 319}, {"x": 741, "y": 309}, {"x": 731, "y": 309}], [{"x": 731, "y": 341}, {"x": 741, "y": 341}, {"x": 741, "y": 330}, {"x": 731, "y": 331}], [{"x": 731, "y": 363}, {"x": 741, "y": 363}, {"x": 741, "y": 353}, {"x": 731, "y": 353}], [{"x": 727, "y": 385}, {"x": 741, "y": 385}, {"x": 743, "y": 375}, {"x": 731, "y": 375}], [{"x": 731, "y": 407}, {"x": 741, "y": 407}, {"x": 741, "y": 397}, {"x": 731, "y": 397}], [{"x": 731, "y": 429}, {"x": 741, "y": 429}, {"x": 741, "y": 419}, {"x": 731, "y": 415}], [{"x": 731, "y": 451}, {"x": 741, "y": 451}, {"x": 741, "y": 441}, {"x": 731, "y": 441}], [{"x": 731, "y": 473}, {"x": 741, "y": 473}, {"x": 741, "y": 463}, {"x": 729, "y": 463}], [{"x": 731, "y": 495}, {"x": 741, "y": 495}, {"x": 741, "y": 485}, {"x": 731, "y": 485}], [{"x": 731, "y": 517}, {"x": 741, "y": 517}, {"x": 741, "y": 505}, {"x": 731, "y": 507}], [{"x": 731, "y": 539}, {"x": 742, "y": 539}, {"x": 741, "y": 529}, {"x": 731, "y": 529}], [{"x": 731, "y": 565}, {"x": 741, "y": 563}, {"x": 741, "y": 551}, {"x": 731, "y": 548}], [{"x": 731, "y": 583}, {"x": 741, "y": 583}, {"x": 741, "y": 573}, {"x": 731, "y": 573}], [{"x": 731, "y": 605}, {"x": 741, "y": 605}, {"x": 741, "y": 595}, {"x": 731, "y": 595}], [{"x": 731, "y": 627}, {"x": 741, "y": 627}, {"x": 741, "y": 617}, {"x": 731, "y": 617}], [{"x": 731, "y": 649}, {"x": 741, "y": 649}, {"x": 741, "y": 639}, {"x": 731, "y": 639}], [{"x": 731, "y": 671}, {"x": 741, "y": 671}, {"x": 741, "y": 661}, {"x": 731, "y": 661}], [{"x": 731, "y": 693}, {"x": 741, "y": 693}, {"x": 741, "y": 683}, {"x": 731, "y": 683}], [{"x": 731, "y": 715}, {"x": 741, "y": 715}, {"x": 741, "y": 705}, {"x": 731, "y": 705}], [{"x": 731, "y": 737}, {"x": 741, "y": 737}, {"x": 741, "y": 727}, {"x": 731, "y": 727}], [{"x": 731, "y": 759}, {"x": 741, "y": 759}, {"x": 741, "y": 749}, {"x": 731, "y": 749}], [{"x": 731, "y": 781}, {"x": 741, "y": 784}, {"x": 741, "y": 771}, {"x": 731, "y": 771}], [{"x": 731, "y": 803}, {"x": 741, "y": 803}, {"x": 742, "y": 793}, {"x": 731, "y": 793}], [{"x": 731, "y": 825}, {"x": 741, "y": 825}, {"x": 741, "y": 815}, {"x": 731, "y": 815}], [{"x": 731, "y": 847}, {"x": 741, "y": 847}, {"x": 741, "y": 836}, {"x": 731, "y": 837}], [{"x": 731, "y": 869}, {"x": 741, "y": 869}, {"x": 741, "y": 859}, {"x": 731, "y": 859}], [{"x": 731, "y": 891}, {"x": 741, "y": 891}, {"x": 741, "y": 878}, {"x": 731, "y": 881}], [{"x": 751, "y": 253}, {"x": 763, "y": 253}, {"x": 763, "y": 243}, {"x": 753, "y": 242}], [{"x": 753, "y": 275}, {"x": 763, "y": 275}, {"x": 763, "y": 265}, {"x": 753, "y": 265}], [{"x": 749, "y": 297}, {"x": 763, "y": 297}, {"x": 763, "y": 287}, {"x": 753, "y": 287}], [{"x": 753, "y": 319}, {"x": 763, "y": 319}, {"x": 763, "y": 309}, {"x": 753, "y": 309}], [{"x": 753, "y": 341}, {"x": 763, "y": 342}, {"x": 767, "y": 331}, {"x": 753, "y": 331}], [{"x": 753, "y": 364}, {"x": 763, "y": 363}, {"x": 763, "y": 353}, {"x": 753, "y": 353}], [{"x": 753, "y": 385}, {"x": 763, "y": 385}, {"x": 763, "y": 375}, {"x": 753, "y": 375}], [{"x": 753, "y": 407}, {"x": 763, "y": 407}, {"x": 763, "y": 397}, {"x": 753, "y": 397}], [{"x": 753, "y": 429}, {"x": 763, "y": 429}, {"x": 763, "y": 419}, {"x": 753, "y": 419}], [{"x": 753, "y": 451}, {"x": 763, "y": 451}, {"x": 763, "y": 441}, {"x": 753, "y": 441}], [{"x": 753, "y": 473}, {"x": 763, "y": 473}, {"x": 763, "y": 463}, {"x": 753, "y": 463}], [{"x": 753, "y": 495}, {"x": 763, "y": 495}, {"x": 763, "y": 485}, {"x": 753, "y": 485}], [{"x": 753, "y": 517}, {"x": 763, "y": 517}, {"x": 763, "y": 507}, {"x": 753, "y": 507}], [{"x": 753, "y": 543}, {"x": 763, "y": 539}, {"x": 763, "y": 529}, {"x": 753, "y": 529}], [{"x": 753, "y": 561}, {"x": 766, "y": 561}, {"x": 763, "y": 551}, {"x": 753, "y": 551}], [{"x": 753, "y": 583}, {"x": 763, "y": 583}, {"x": 763, "y": 573}, {"x": 753, "y": 573}], [{"x": 753, "y": 605}, {"x": 763, "y": 605}, {"x": 763, "y": 595}, {"x": 753, "y": 595}], [{"x": 753, "y": 627}, {"x": 763, "y": 627}, {"x": 763, "y": 617}, {"x": 753, "y": 617}], [{"x": 753, "y": 649}, {"x": 763, "y": 649}, {"x": 763, "y": 639}, {"x": 753, "y": 639}], [{"x": 753, "y": 671}, {"x": 763, "y": 671}, {"x": 763, "y": 661}, {"x": 753, "y": 661}], [{"x": 753, "y": 695}, {"x": 763, "y": 693}, {"x": 763, "y": 683}, {"x": 753, "y": 683}], [{"x": 753, "y": 715}, {"x": 763, "y": 715}, {"x": 763, "y": 705}, {"x": 753, "y": 705}], [{"x": 753, "y": 737}, {"x": 763, "y": 737}, {"x": 763, "y": 727}, {"x": 753, "y": 727}], [{"x": 752, "y": 759}, {"x": 763, "y": 763}, {"x": 763, "y": 749}, {"x": 753, "y": 749}], [{"x": 753, "y": 781}, {"x": 763, "y": 781}, {"x": 763, "y": 771}, {"x": 753, "y": 771}], [{"x": 753, "y": 803}, {"x": 763, "y": 803}, {"x": 763, "y": 793}, {"x": 753, "y": 793}], [{"x": 753, "y": 825}, {"x": 763, "y": 827}, {"x": 763, "y": 815}, {"x": 753, "y": 815}], [{"x": 753, "y": 847}, {"x": 763, "y": 847}, {"x": 764, "y": 837}, {"x": 753, "y": 837}], [{"x": 753, "y": 869}, {"x": 763, "y": 869}, {"x": 763, "y": 859}, {"x": 753, "y": 857}], [{"x": 753, "y": 891}, {"x": 763, "y": 891}, {"x": 763, "y": 881}, {"x": 753, "y": 881}], [{"x": 775, "y": 627}, {"x": 785, "y": 627}, {"x": 785, "y": 617}, {"x": 775, "y": 617}], [{"x": 775, "y": 649}, {"x": 785, "y": 649}, {"x": 785, "y": 639}, {"x": 775, "y": 639}], [{"x": 775, "y": 671}, {"x": 785, "y": 671}, {"x": 785, "y": 661}, {"x": 775, "y": 660}], [{"x": 775, "y": 693}, {"x": 785, "y": 693}, {"x": 785, "y": 683}, {"x": 775, "y": 683}], [{"x": 775, "y": 715}, {"x": 785, "y": 715}, {"x": 785, "y": 705}, {"x": 775, "y": 705}], [{"x": 772, "y": 737}, {"x": 785, "y": 737}, {"x": 785, "y": 727}, {"x": 775, "y": 727}], [{"x": 775, "y": 759}, {"x": 785, "y": 759}, {"x": 785, "y": 749}, {"x": 775, "y": 749}], [{"x": 772, "y": 781}, {"x": 785, "y": 781}, {"x": 785, "y": 771}, {"x": 775, "y": 771}], [{"x": 775, "y": 803}, {"x": 785, "y": 803}, {"x": 785, "y": 791}, {"x": 775, "y": 793}], [{"x": 775, "y": 825}, {"x": 785, "y": 825}, {"x": 785, "y": 814}, {"x": 775, "y": 815}], [{"x": 775, "y": 847}, {"x": 785, "y": 847}, {"x": 785, "y": 837}, {"x": 774, "y": 837}], [{"x": 775, "y": 869}, {"x": 789, "y": 871}, {"x": 785, "y": 857}, {"x": 775, "y": 859}], [{"x": 797, "y": 737}, {"x": 808, "y": 737}, {"x": 807, "y": 727}, {"x": 797, "y": 727}], [{"x": 797, "y": 759}, {"x": 807, "y": 759}, {"x": 807, "y": 749}, {"x": 797, "y": 749}], [{"x": 797, "y": 781}, {"x": 807, "y": 781}, {"x": 807, "y": 771}, {"x": 797, "y": 771}], [{"x": 797, "y": 803}, {"x": 807, "y": 803}, {"x": 807, "y": 793}, {"x": 797, "y": 793}], [{"x": 797, "y": 825}, {"x": 807, "y": 825}, {"x": 807, "y": 815}, {"x": 797, "y": 815}], [{"x": 795, "y": 847}, {"x": 807, "y": 847}, {"x": 807, "y": 837}, {"x": 797, "y": 837}], [{"x": 797, "y": 869}, {"x": 807, "y": 872}, {"x": 807, "y": 859}, {"x": 797, "y": 859}], [{"x": 819, "y": 847}, {"x": 833, "y": 847}, {"x": 829, "y": 837}, {"x": 819, "y": 837}], [{"x": 819, "y": 869}, {"x": 829, "y": 869}, {"x": 829, "y": 857}, {"x": 819, "y": 859}]]}