{"type": "CGSHOP2023_Instance", "name": "maze_74_50_05_00", "n": 60, "outer_boundary": [{"x": 21, "y": 43}, {"x": 100, "y": 8}, {"x": 191, "y": 36}, {"x": 199, "y": 100}, {"x": 164, "y": 194}, {"x": 100, "y": 152}, {"x": 29, "y": 158}, {"x": 22, "y": 100}], "holes": [[{"x": 49, "y": 112}, {"x": 59, "y": 112}, {"x": 59, "y": 102}, {"x": 49, "y": 102}], [{"x": 71, "y": 46}, {"x": 81, "y": 46}, {"x": 81, "y": 36}, {"x": 71, "y": 36}], [{"x": 71, "y": 134}, {"x": 81, "y": 134}, {"x": 81, "y": 124}, {"x": 71, "y": 124}], [{"x": 93, "y": 68}, {"x": 103, "y": 68}, {"x": 103, "y": 58}, {"x": 93, "y": 58}], [{"x": 93, "y": 112}, {"x": 103, "y": 112}, {"x": 103, "y": 102}, {"x": 93, "y": 102}], [{"x": 137, "y": 46}, {"x": 147, "y": 46}, {"x": 147, "y": 36}, {"x": 137, "y": 36}], [{"x": 137, "y": 90}, {"x": 147, "y": 90}, {"x": 147, "y": 80}, {"x": 137, "y": 80}], [{"x": 137, "y": 112}, {"x": 147, "y": 112}, {"x": 147, "y": 102}, {"x": 137, "y": 102}], [{"x": 137, "y": 134}, {"x": 147, "y": 134}, {"x": 147, "y": 124}, {"x": 137, "y": 124}], [{"x": 137, "y": 156}, {"x": 147, "y": 156}, {"x": 147, "y": 146}, {"x": 137, "y": 146}], [{"x": 159, "y": 68}, {"x": 169, "y": 68}, {"x": 169, "y": 58}, {"x": 159, "y": 58}], [{"x": 159, "y": 134}, {"x": 169, "y": 134}, {"x": 169, "y": 124}, {"x": 159, "y": 124}], [{"x": 159, "y": 156}, {"x": 169, "y": 156}, {"x": 169, "y": 146}, {"x": 159, "y": 146}]]}