{"type": "CGSHOP2023_Instance", "name": "maze_124_50_01_005", "n": 100, "outer_boundary": [{"x": 34, "y": 25}, {"x": 100, "y": 34}, {"x": 168, "y": 24}, {"x": 179, "y": 100}, {"x": 190, "y": 189}, {"x": 100, "y": 180}, {"x": 19, "y": 168}, {"x": 50, "y": 100}], "holes": [[{"x": 47, "y": 150}, {"x": 57, "y": 150}, {"x": 57, "y": 140}, {"x": 46, "y": 140}], [{"x": 69, "y": 62}, {"x": 80, "y": 62}, {"x": 79, "y": 52}, {"x": 69, "y": 52}], [{"x": 69, "y": 84}, {"x": 79, "y": 84}, {"x": 79, "y": 74}, {"x": 69, "y": 74}], [{"x": 69, "y": 128}, {"x": 79, "y": 128}, {"x": 79, "y": 116}, {"x": 69, "y": 118}], [{"x": 69, "y": 150}, {"x": 79, "y": 154}, {"x": 79, "y": 140}, {"x": 68, "y": 140}], [{"x": 91, "y": 62}, {"x": 101, "y": 62}, {"x": 105, "y": 52}, {"x": 91, "y": 52}], [{"x": 91, "y": 84}, {"x": 101, "y": 84}, {"x": 101, "y": 74}, {"x": 91, "y": 74}], [{"x": 91, "y": 106}, {"x": 101, "y": 106}, {"x": 101, "y": 96}, {"x": 91, "y": 96}], [{"x": 91, "y": 128}, {"x": 101, "y": 128}, {"x": 101, "y": 118}, {"x": 91, "y": 118}], [{"x": 91, "y": 154}, {"x": 101, "y": 150}, {"x": 101, "y": 140}, {"x": 91, "y": 140}], [{"x": 113, "y": 62}, {"x": 123, "y": 62}, {"x": 123, "y": 52}, {"x": 113, "y": 52}], [{"x": 113, "y": 128}, {"x": 123, "y": 128}, {"x": 123, "y": 118}, {"x": 113, "y": 118}], [{"x": 113, "y": 150}, {"x": 123, "y": 150}, {"x": 123, "y": 140}, {"x": 113, "y": 140}], [{"x": 135, "y": 62}, {"x": 145, "y": 65}, {"x": 145, "y": 52}, {"x": 135, "y": 52}], [{"x": 135, "y": 84}, {"x": 145, "y": 84}, {"x": 145, "y": 74}, {"x": 135, "y": 74}], [{"x": 133, "y": 106}, {"x": 145, "y": 106}, {"x": 145, "y": 96}, {"x": 135, "y": 96}], [{"x": 135, "y": 128}, {"x": 145, "y": 128}, {"x": 148, "y": 118}, {"x": 135, "y": 118}], [{"x": 135, "y": 172}, {"x": 145, "y": 172}, {"x": 145, "y": 162}, {"x": 135, "y": 162}], [{"x": 157, "y": 84}, {"x": 167, "y": 84}, {"x": 167, "y": 74}, {"x": 157, "y": 74}], [{"x": 157, "y": 106}, {"x": 167, "y": 106}, {"x": 167, "y": 96}, {"x": 157, "y": 96}], [{"x": 157, "y": 128}, {"x": 167, "y": 128}, {"x": 167, "y": 118}, {"x": 157, "y": 117}], [{"x": 157, "y": 150}, {"x": 167, "y": 150}, {"x": 167, "y": 140}, {"x": 157, "y": 140}], [{"x": 157, "y": 172}, {"x": 167, "y": 172}, {"x": 167, "y": 162}, {"x": 157, "y": 162}]]}