{"type": "CGSHOP2023_Instance", "name": "maze_4759_250_01_001", "n": 3808, "outer_boundary": [{"x": 223, "y": 110}, {"x": 500, "y": 168}, {"x": 821, "y": 73}, {"x": 849, "y": 500}, {"x": 777, "y": 906}, {"x": 500, "y": 945}, {"x": 95, "y": 960}, {"x": 147, "y": 500}], "holes": [[{"x": 123, "y": 815}, {"x": 133, "y": 815}, {"x": 133, "y": 805}, {"x": 123, "y": 805}], [{"x": 123, "y": 859}, {"x": 133, "y": 859}, {"x": 133, "y": 849}, {"x": 123, "y": 849}], [{"x": 123, "y": 903}, {"x": 133, "y": 903}, {"x": 133, "y": 893}, {"x": 123, "y": 893}], [{"x": 123, "y": 925}, {"x": 133, "y": 925}, {"x": 133, "y": 915}, {"x": 123, "y": 915}], [{"x": 123, "y": 947}, {"x": 133, "y": 947}, {"x": 133, "y": 937}, {"x": 123, "y": 937}], [{"x": 145, "y": 595}, {"x": 155, "y": 595}, {"x": 155, "y": 585}, {"x": 145, "y": 585}], [{"x": 145, "y": 617}, {"x": 155, "y": 617}, {"x": 155, "y": 605}, {"x": 145, "y": 607}], [{"x": 145, "y": 639}, {"x": 155, "y": 639}, {"x": 155, "y": 629}, {"x": 145, "y": 629}], [{"x": 145, "y": 661}, {"x": 155, "y": 661}, {"x": 155, "y": 651}, {"x": 145, "y": 651}], [{"x": 145, "y": 683}, {"x": 155, "y": 683}, {"x": 155, "y": 673}, {"x": 145, "y": 673}], [{"x": 145, "y": 727}, {"x": 155, "y": 727}, {"x": 155, "y": 717}, {"x": 145, "y": 717}], [{"x": 145, "y": 749}, {"x": 155, "y": 749}, {"x": 155, "y": 739}, {"x": 145, "y": 739}], [{"x": 145, "y": 771}, {"x": 155, "y": 771}, {"x": 155, "y": 761}, {"x": 145, "y": 761}], [{"x": 145, "y": 793}, {"x": 155, "y": 793}, {"x": 155, "y": 783}, {"x": 145, "y": 783}], [{"x": 145, "y": 815}, {"x": 155, "y": 815}, {"x": 155, "y": 805}, {"x": 145, "y": 805}], [{"x": 145, "y": 837}, {"x": 155, "y": 837}, {"x": 155, "y": 827}, {"x": 145, "y": 827}], [{"x": 145, "y": 859}, {"x": 155, "y": 859}, {"x": 155, "y": 849}, {"x": 142, "y": 849}], [{"x": 145, "y": 903}, {"x": 155, "y": 903}, {"x": 155, "y": 893}, {"x": 145, "y": 893}], [{"x": 145, "y": 925}, {"x": 155, "y": 925}, {"x": 155, "y": 915}, {"x": 145, "y": 915}], [{"x": 167, "y": 463}, {"x": 177, "y": 463}, {"x": 177, "y": 453}, {"x": 167, "y": 453}], [{"x": 167, "y": 485}, {"x": 177, "y": 485}, {"x": 177, "y": 475}, {"x": 167, "y": 475}], [{"x": 167, "y": 507}, {"x": 177, "y": 507}, {"x": 177, "y": 497}, {"x": 167, "y": 497}], [{"x": 167, "y": 573}, {"x": 177, "y": 573}, {"x": 177, "y": 563}, {"x": 167, "y": 563}], [{"x": 167, "y": 595}, {"x": 177, "y": 595}, {"x": 177, "y": 585}, {"x": 167, "y": 585}], [{"x": 167, "y": 617}, {"x": 177, "y": 617}, {"x": 177, "y": 607}, {"x": 167, "y": 607}], [{"x": 167, "y": 639}, {"x": 177, "y": 639}, {"x": 177, "y": 629}, {"x": 167, "y": 629}], [{"x": 167, "y": 661}, {"x": 177, "y": 661}, {"x": 177, "y": 651}, {"x": 167, "y": 651}], [{"x": 167, "y": 683}, {"x": 177, "y": 683}, {"x": 177, "y": 673}, {"x": 167, "y": 673}], [{"x": 167, "y": 705}, {"x": 177, "y": 705}, {"x": 177, "y": 695}, {"x": 167, "y": 695}], [{"x": 167, "y": 727}, {"x": 180, "y": 727}, {"x": 177, "y": 717}, {"x": 167, "y": 717}], [{"x": 167, "y": 749}, {"x": 177, "y": 749}, {"x": 177, "y": 739}, {"x": 167, "y": 739}], [{"x": 167, "y": 771}, {"x": 177, "y": 771}, {"x": 177, "y": 761}, {"x": 167, "y": 761}], [{"x": 167, "y": 793}, {"x": 177, "y": 793}, {"x": 177, "y": 783}, {"x": 167, "y": 783}], [{"x": 167, "y": 815}, {"x": 177, "y": 815}, {"x": 177, "y": 805}, {"x": 167, "y": 805}], [{"x": 167, "y": 837}, {"x": 177, "y": 837}, {"x": 177, "y": 827}, {"x": 167, "y": 827}], [{"x": 167, "y": 859}, {"x": 177, "y": 859}, {"x": 177, "y": 849}, {"x": 167, "y": 849}], [{"x": 167, "y": 881}, {"x": 177, "y": 881}, {"x": 177, "y": 871}, {"x": 167, "y": 871}], [{"x": 167, "y": 903}, {"x": 177, "y": 903}, {"x": 177, "y": 893}, {"x": 167, "y": 893}], [{"x": 167, "y": 947}, {"x": 177, "y": 947}, {"x": 177, "y": 937}, {"x": 167, "y": 937}], [{"x": 189, "y": 353}, {"x": 199, "y": 353}, {"x": 199, "y": 343}, {"x": 189, "y": 343}], [{"x": 189, "y": 375}, {"x": 199, "y": 375}, {"x": 199, "y": 365}, {"x": 189, "y": 365}], [{"x": 189, "y": 397}, {"x": 199, "y": 397}, {"x": 199, "y": 387}, {"x": 189, "y": 387}], [{"x": 189, "y": 419}, {"x": 199, "y": 419}, {"x": 199, "y": 409}, {"x": 189, "y": 409}], [{"x": 189, "y": 441}, {"x": 199, "y": 441}, {"x": 199, "y": 431}, {"x": 189, "y": 431}], [{"x": 189, "y": 463}, {"x": 201, "y": 463}, {"x": 199, "y": 453}, {"x": 189, "y": 453}], [{"x": 189, "y": 507}, {"x": 199, "y": 507}, {"x": 199, "y": 497}, {"x": 189, "y": 497}], [{"x": 189, "y": 529}, {"x": 199, "y": 529}, {"x": 199, "y": 519}, {"x": 189, "y": 519}], [{"x": 189, "y": 551}, {"x": 199, "y": 551}, {"x": 199, "y": 541}, {"x": 189, "y": 541}], [{"x": 189, "y": 573}, {"x": 199, "y": 573}, {"x": 199, "y": 563}, {"x": 189, "y": 563}], [{"x": 189, "y": 595}, {"x": 199, "y": 595}, {"x": 199, "y": 585}, {"x": 189, "y": 585}], [{"x": 189, "y": 617}, {"x": 199, "y": 617}, {"x": 199, "y": 607}, {"x": 189, "y": 607}], [{"x": 189, "y": 639}, {"x": 199, "y": 639}, {"x": 199, "y": 629}, {"x": 189, "y": 629}], [{"x": 189, "y": 683}, {"x": 199, "y": 683}, {"x": 199, "y": 673}, {"x": 189, "y": 673}], [{"x": 189, "y": 705}, {"x": 199, "y": 705}, {"x": 199, "y": 695}, {"x": 189, "y": 695}], [{"x": 189, "y": 727}, {"x": 199, "y": 727}, {"x": 199, "y": 717}, {"x": 189, "y": 717}], [{"x": 189, "y": 749}, {"x": 199, "y": 749}, {"x": 199, "y": 739}, {"x": 189, "y": 739}], [{"x": 189, "y": 771}, {"x": 199, "y": 771}, {"x": 199, "y": 761}, {"x": 189, "y": 761}], [{"x": 189, "y": 793}, {"x": 199, "y": 793}, {"x": 199, "y": 783}, {"x": 189, "y": 783}], [{"x": 189, "y": 815}, {"x": 199, "y": 815}, {"x": 199, "y": 805}, {"x": 189, "y": 805}], [{"x": 189, "y": 837}, {"x": 199, "y": 837}, {"x": 199, "y": 824}, {"x": 189, "y": 827}], [{"x": 189, "y": 859}, {"x": 199, "y": 859}, {"x": 199, "y": 849}, {"x": 189, "y": 849}], [{"x": 189, "y": 881}, {"x": 199, "y": 884}, {"x": 199, "y": 871}, {"x": 189, "y": 871}], [{"x": 189, "y": 903}, {"x": 199, "y": 903}, {"x": 199, "y": 893}, {"x": 189, "y": 893}], [{"x": 189, "y": 925}, {"x": 199, "y": 925}, {"x": 199, "y": 915}, {"x": 189, "y": 915}], [{"x": 189, "y": 947}, {"x": 199, "y": 947}, {"x": 199, "y": 937}, {"x": 189, "y": 937}], [{"x": 211, "y": 221}, {"x": 221, "y": 221}, {"x": 221, "y": 211}, {"x": 211, "y": 211}], [{"x": 211, "y": 243}, {"x": 221, "y": 243}, {"x": 221, "y": 233}, {"x": 211, "y": 233}], [{"x": 211, "y": 265}, {"x": 221, "y": 265}, {"x": 221, "y": 255}, {"x": 211, "y": 255}], [{"x": 211, "y": 287}, {"x": 221, "y": 287}, {"x": 221, "y": 277}, {"x": 211, "y": 277}], [{"x": 211, "y": 309}, {"x": 221, "y": 309}, {"x": 221, "y": 299}, {"x": 211, "y": 299}], [{"x": 211, "y": 331}, {"x": 221, "y": 331}, {"x": 221, "y": 321}, {"x": 211, "y": 321}], [{"x": 211, "y": 353}, {"x": 221, "y": 353}, {"x": 221, "y": 343}, {"x": 211, "y": 343}], [{"x": 211, "y": 375}, {"x": 221, "y": 375}, {"x": 221, "y": 365}, {"x": 211, "y": 365}], [{"x": 211, "y": 397}, {"x": 221, "y": 397}, {"x": 221, "y": 387}, {"x": 211, "y": 387}], [{"x": 211, "y": 419}, {"x": 221, "y": 419}, {"x": 221, "y": 409}, {"x": 211, "y": 409}], [{"x": 211, "y": 441}, {"x": 221, "y": 441}, {"x": 221, "y": 431}, {"x": 211, "y": 431}], [{"x": 211, "y": 463}, {"x": 221, "y": 463}, {"x": 221, "y": 453}, {"x": 211, "y": 453}], [{"x": 211, "y": 485}, {"x": 221, "y": 485}, {"x": 221, "y": 475}, {"x": 211, "y": 475}], [{"x": 211, "y": 507}, {"x": 221, "y": 507}, {"x": 221, "y": 497}, {"x": 211, "y": 497}], [{"x": 211, "y": 529}, {"x": 221, "y": 529}, {"x": 221, "y": 519}, {"x": 211, "y": 519}], [{"x": 211, "y": 551}, {"x": 221, "y": 551}, {"x": 221, "y": 541}, {"x": 211, "y": 541}], [{"x": 211, "y": 595}, {"x": 221, "y": 595}, {"x": 221, "y": 585}, {"x": 211, "y": 585}], [{"x": 211, "y": 617}, {"x": 221, "y": 617}, {"x": 221, "y": 607}, {"x": 211, "y": 607}], [{"x": 211, "y": 639}, {"x": 221, "y": 639}, {"x": 221, "y": 629}, {"x": 211, "y": 626}], [{"x": 211, "y": 661}, {"x": 221, "y": 661}, {"x": 221, "y": 651}, {"x": 211, "y": 651}], [{"x": 211, "y": 683}, {"x": 221, "y": 683}, {"x": 221, "y": 673}, {"x": 211, "y": 673}], [{"x": 211, "y": 705}, {"x": 221, "y": 705}, {"x": 221, "y": 695}, {"x": 211, "y": 695}], [{"x": 211, "y": 727}, {"x": 221, "y": 727}, {"x": 221, "y": 717}, {"x": 211, "y": 717}], [{"x": 211, "y": 749}, {"x": 221, "y": 749}, {"x": 221, "y": 739}, {"x": 211, "y": 739}], [{"x": 211, "y": 771}, {"x": 221, "y": 771}, {"x": 221, "y": 761}, {"x": 211, "y": 761}], [{"x": 211, "y": 793}, {"x": 221, "y": 793}, {"x": 221, "y": 783}, {"x": 211, "y": 783}], [{"x": 211, "y": 818}, {"x": 221, "y": 815}, {"x": 221, "y": 805}, {"x": 211, "y": 805}], [{"x": 211, "y": 859}, {"x": 221, "y": 859}, {"x": 221, "y": 849}, {"x": 211, "y": 849}], [{"x": 211, "y": 881}, {"x": 221, "y": 881}, {"x": 221, "y": 871}, {"x": 211, "y": 871}], [{"x": 211, "y": 903}, {"x": 221, "y": 903}, {"x": 221, "y": 893}, {"x": 211, "y": 893}], [{"x": 211, "y": 925}, {"x": 221, "y": 925}, {"x": 221, "y": 915}, {"x": 211, "y": 915}], [{"x": 211, "y": 947}, {"x": 221, "y": 947}, {"x": 221, "y": 937}, {"x": 211, "y": 937}], [{"x": 233, "y": 133}, {"x": 243, "y": 133}, {"x": 243, "y": 123}, {"x": 233, "y": 123}], [{"x": 233, "y": 155}, {"x": 243, "y": 155}, {"x": 243, "y": 145}, {"x": 233, "y": 145}], [{"x": 233, "y": 177}, {"x": 243, "y": 177}, {"x": 243, "y": 167}, {"x": 233, "y": 167}], [{"x": 233, "y": 199}, {"x": 243, "y": 199}, {"x": 243, "y": 189}, {"x": 233, "y": 189}], [{"x": 233, "y": 221}, {"x": 243, "y": 221}, {"x": 243, "y": 211}, {"x": 233, "y": 211}], [{"x": 233, "y": 243}, {"x": 243, "y": 243}, {"x": 243, "y": 233}, {"x": 233, "y": 233}], [{"x": 233, "y": 265}, {"x": 243, "y": 265}, {"x": 243, "y": 255}, {"x": 233, "y": 255}], [{"x": 233, "y": 287}, {"x": 243, "y": 287}, {"x": 243, "y": 277}, {"x": 233, "y": 277}], [{"x": 233, "y": 309}, {"x": 243, "y": 309}, {"x": 243, "y": 299}, {"x": 233, "y": 299}], [{"x": 233, "y": 353}, {"x": 243, "y": 353}, {"x": 243, "y": 343}, {"x": 233, "y": 343}], [{"x": 233, "y": 375}, {"x": 243, "y": 375}, {"x": 243, "y": 365}, {"x": 233, "y": 365}], [{"x": 233, "y": 397}, {"x": 243, "y": 397}, {"x": 243, "y": 387}, {"x": 233, "y": 387}], [{"x": 233, "y": 419}, {"x": 243, "y": 419}, {"x": 243, "y": 409}, {"x": 233, "y": 409}], [{"x": 233, "y": 441}, {"x": 243, "y": 441}, {"x": 243, "y": 431}, {"x": 233, "y": 431}], [{"x": 233, "y": 463}, {"x": 243, "y": 463}, {"x": 243, "y": 453}, {"x": 233, "y": 453}], [{"x": 233, "y": 485}, {"x": 243, "y": 485}, {"x": 243, "y": 475}, {"x": 233, "y": 475}], [{"x": 233, "y": 507}, {"x": 243, "y": 507}, {"x": 243, "y": 497}, {"x": 233, "y": 497}], [{"x": 233, "y": 529}, {"x": 243, "y": 529}, {"x": 243, "y": 519}, {"x": 233, "y": 519}], [{"x": 233, "y": 551}, {"x": 243, "y": 551}, {"x": 243, "y": 541}, {"x": 233, "y": 541}], [{"x": 233, "y": 573}, {"x": 243, "y": 573}, {"x": 243, "y": 563}, {"x": 233, "y": 563}], [{"x": 233, "y": 595}, {"x": 243, "y": 595}, {"x": 243, "y": 585}, {"x": 233, "y": 585}], [{"x": 233, "y": 617}, {"x": 243, "y": 617}, {"x": 243, "y": 607}, {"x": 233, "y": 607}], [{"x": 233, "y": 639}, {"x": 243, "y": 639}, {"x": 243, "y": 629}, {"x": 233, "y": 629}], [{"x": 233, "y": 661}, {"x": 243, "y": 661}, {"x": 243, "y": 651}, {"x": 233, "y": 651}], [{"x": 233, "y": 683}, {"x": 243, "y": 683}, {"x": 243, "y": 673}, {"x": 233, "y": 673}], [{"x": 233, "y": 705}, {"x": 243, "y": 705}, {"x": 243, "y": 695}, {"x": 233, "y": 695}], [{"x": 233, "y": 727}, {"x": 243, "y": 727}, {"x": 243, "y": 717}, {"x": 233, "y": 717}], [{"x": 233, "y": 749}, {"x": 243, "y": 749}, {"x": 243, "y": 739}, {"x": 233, "y": 739}], [{"x": 233, "y": 771}, {"x": 243, "y": 771}, {"x": 243, "y": 761}, {"x": 233, "y": 761}], [{"x": 233, "y": 793}, {"x": 243, "y": 793}, {"x": 243, "y": 783}, {"x": 233, "y": 783}], [{"x": 233, "y": 815}, {"x": 243, "y": 815}, {"x": 243, "y": 805}, {"x": 233, "y": 805}], [{"x": 233, "y": 837}, {"x": 243, "y": 837}, {"x": 243, "y": 827}, {"x": 233, "y": 827}], [{"x": 233, "y": 859}, {"x": 243, "y": 859}, {"x": 243, "y": 849}, {"x": 233, "y": 849}], [{"x": 233, "y": 881}, {"x": 243, "y": 881}, {"x": 243, "y": 871}, {"x": 233, "y": 871}], [{"x": 233, "y": 903}, {"x": 243, "y": 903}, {"x": 243, "y": 893}, {"x": 233, "y": 893}], [{"x": 233, "y": 947}, {"x": 243, "y": 947}, {"x": 243, "y": 937}, {"x": 233, "y": 937}], [{"x": 255, "y": 155}, {"x": 265, "y": 155}, {"x": 265, "y": 145}, {"x": 255, "y": 145}], [{"x": 255, "y": 177}, {"x": 265, "y": 177}, {"x": 265, "y": 167}, {"x": 255, "y": 167}], [{"x": 255, "y": 199}, {"x": 265, "y": 199}, {"x": 265, "y": 189}, {"x": 255, "y": 189}], [{"x": 255, "y": 221}, {"x": 265, "y": 221}, {"x": 265, "y": 211}, {"x": 255, "y": 211}], [{"x": 255, "y": 243}, {"x": 265, "y": 243}, {"x": 265, "y": 233}, {"x": 255, "y": 233}], [{"x": 255, "y": 265}, {"x": 265, "y": 265}, {"x": 265, "y": 255}, {"x": 255, "y": 255}], [{"x": 255, "y": 287}, {"x": 265, "y": 287}, {"x": 265, "y": 277}, {"x": 255, "y": 277}], [{"x": 255, "y": 309}, {"x": 265, "y": 309}, {"x": 265, "y": 299}, {"x": 255, "y": 299}], [{"x": 255, "y": 331}, {"x": 265, "y": 331}, {"x": 265, "y": 321}, {"x": 253, "y": 321}], [{"x": 255, "y": 353}, {"x": 265, "y": 353}, {"x": 265, "y": 343}, {"x": 255, "y": 343}], [{"x": 255, "y": 375}, {"x": 265, "y": 375}, {"x": 265, "y": 365}, {"x": 255, "y": 365}], [{"x": 255, "y": 397}, {"x": 265, "y": 397}, {"x": 265, "y": 387}, {"x": 255, "y": 387}], [{"x": 255, "y": 441}, {"x": 265, "y": 441}, {"x": 265, "y": 431}, {"x": 255, "y": 431}], [{"x": 255, "y": 463}, {"x": 265, "y": 463}, {"x": 265, "y": 453}, {"x": 255, "y": 453}], [{"x": 255, "y": 485}, {"x": 265, "y": 485}, {"x": 265, "y": 475}, {"x": 255, "y": 475}], [{"x": 255, "y": 507}, {"x": 265, "y": 507}, {"x": 265, "y": 497}, {"x": 255, "y": 497}], [{"x": 255, "y": 529}, {"x": 265, "y": 529}, {"x": 265, "y": 519}, {"x": 255, "y": 519}], [{"x": 255, "y": 551}, {"x": 265, "y": 551}, {"x": 265, "y": 541}, {"x": 255, "y": 541}], [{"x": 255, "y": 573}, {"x": 265, "y": 573}, {"x": 265, "y": 563}, {"x": 255, "y": 563}], [{"x": 255, "y": 595}, {"x": 265, "y": 595}, {"x": 265, "y": 585}, {"x": 255, "y": 585}], [{"x": 255, "y": 617}, {"x": 265, "y": 617}, {"x": 265, "y": 607}, {"x": 255, "y": 607}], [{"x": 255, "y": 639}, {"x": 265, "y": 639}, {"x": 265, "y": 629}, {"x": 255, "y": 629}], [{"x": 255, "y": 661}, {"x": 265, "y": 661}, {"x": 265, "y": 651}, {"x": 255, "y": 651}], [{"x": 255, "y": 683}, {"x": 265, "y": 683}, {"x": 265, "y": 673}, {"x": 255, "y": 673}], [{"x": 255, "y": 705}, {"x": 265, "y": 705}, {"x": 265, "y": 695}, {"x": 255, "y": 695}], [{"x": 255, "y": 749}, {"x": 265, "y": 749}, {"x": 265, "y": 739}, {"x": 255, "y": 739}], [{"x": 255, "y": 771}, {"x": 265, "y": 771}, {"x": 265, "y": 761}, {"x": 255, "y": 761}], [{"x": 255, "y": 793}, {"x": 265, "y": 793}, {"x": 265, "y": 783}, {"x": 255, "y": 783}], [{"x": 255, "y": 815}, {"x": 265, "y": 815}, {"x": 265, "y": 805}, {"x": 255, "y": 805}], [{"x": 255, "y": 837}, {"x": 265, "y": 837}, {"x": 265, "y": 827}, {"x": 255, "y": 827}], [{"x": 255, "y": 859}, {"x": 265, "y": 859}, {"x": 265, "y": 849}, {"x": 255, "y": 849}], [{"x": 255, "y": 881}, {"x": 265, "y": 881}, {"x": 265, "y": 871}, {"x": 255, "y": 871}], [{"x": 255, "y": 903}, {"x": 265, "y": 903}, {"x": 265, "y": 893}, {"x": 255, "y": 893}], [{"x": 255, "y": 925}, {"x": 265, "y": 925}, {"x": 265, "y": 915}, {"x": 255, "y": 915}], [{"x": 255, "y": 947}, {"x": 265, "y": 947}, {"x": 265, "y": 937}, {"x": 255, "y": 937}], [{"x": 277, "y": 155}, {"x": 287, "y": 155}, {"x": 287, "y": 145}, {"x": 277, "y": 145}], [{"x": 277, "y": 177}, {"x": 287, "y": 177}, {"x": 287, "y": 167}, {"x": 277, "y": 167}], [{"x": 277, "y": 199}, {"x": 287, "y": 199}, {"x": 287, "y": 189}, {"x": 277, "y": 189}], [{"x": 277, "y": 221}, {"x": 287, "y": 221}, {"x": 287, "y": 211}, {"x": 277, "y": 211}], [{"x": 277, "y": 246}, {"x": 287, "y": 243}, {"x": 287, "y": 233}, {"x": 277, "y": 233}], [{"x": 277, "y": 265}, {"x": 287, "y": 265}, {"x": 287, "y": 255}, {"x": 277, "y": 255}], [{"x": 277, "y": 287}, {"x": 287, "y": 287}, {"x": 287, "y": 277}, {"x": 277, "y": 277}], [{"x": 277, "y": 309}, {"x": 287, "y": 309}, {"x": 287, "y": 299}, {"x": 277, "y": 299}], [{"x": 277, "y": 331}, {"x": 287, "y": 331}, {"x": 287, "y": 321}, {"x": 277, "y": 321}], [{"x": 277, "y": 353}, {"x": 287, "y": 353}, {"x": 287, "y": 343}, {"x": 277, "y": 343}], [{"x": 277, "y": 375}, {"x": 287, "y": 375}, {"x": 287, "y": 365}, {"x": 277, "y": 365}], [{"x": 277, "y": 397}, {"x": 287, "y": 397}, {"x": 287, "y": 387}, {"x": 277, "y": 387}], [{"x": 277, "y": 419}, {"x": 287, "y": 419}, {"x": 287, "y": 409}, {"x": 277, "y": 409}], [{"x": 277, "y": 441}, {"x": 287, "y": 441}, {"x": 287, "y": 431}, {"x": 277, "y": 431}], [{"x": 277, "y": 463}, {"x": 287, "y": 463}, {"x": 287, "y": 453}, {"x": 277, "y": 453}], [{"x": 277, "y": 485}, {"x": 287, "y": 485}, {"x": 287, "y": 475}, {"x": 277, "y": 475}], [{"x": 277, "y": 507}, {"x": 287, "y": 507}, {"x": 287, "y": 497}, {"x": 277, "y": 497}], [{"x": 277, "y": 529}, {"x": 287, "y": 529}, {"x": 287, "y": 519}, {"x": 277, "y": 519}], [{"x": 277, "y": 551}, {"x": 287, "y": 551}, {"x": 287, "y": 541}, {"x": 277, "y": 541}], [{"x": 277, "y": 573}, {"x": 287, "y": 573}, {"x": 287, "y": 563}, {"x": 277, "y": 563}], [{"x": 277, "y": 595}, {"x": 287, "y": 595}, {"x": 287, "y": 585}, {"x": 277, "y": 585}], [{"x": 277, "y": 617}, {"x": 287, "y": 617}, {"x": 287, "y": 607}, {"x": 277, "y": 607}], [{"x": 277, "y": 639}, {"x": 287, "y": 639}, {"x": 287, "y": 629}, {"x": 277, "y": 629}], [{"x": 277, "y": 661}, {"x": 287, "y": 661}, {"x": 287, "y": 651}, {"x": 277, "y": 651}], [{"x": 277, "y": 683}, {"x": 287, "y": 683}, {"x": 287, "y": 673}, {"x": 277, "y": 673}], [{"x": 277, "y": 705}, {"x": 287, "y": 705}, {"x": 287, "y": 695}, {"x": 277, "y": 695}], [{"x": 277, "y": 727}, {"x": 287, "y": 727}, {"x": 287, "y": 717}, {"x": 277, "y": 717}], [{"x": 277, "y": 749}, {"x": 287, "y": 749}, {"x": 287, "y": 739}, {"x": 277, "y": 739}], [{"x": 277, "y": 771}, {"x": 287, "y": 771}, {"x": 287, "y": 761}, {"x": 277, "y": 761}], [{"x": 277, "y": 793}, {"x": 287, "y": 793}, {"x": 287, "y": 783}, {"x": 277, "y": 783}], [{"x": 277, "y": 815}, {"x": 287, "y": 815}, {"x": 287, "y": 805}, {"x": 277, "y": 805}], [{"x": 277, "y": 837}, {"x": 287, "y": 837}, {"x": 287, "y": 827}, {"x": 277, "y": 827}], [{"x": 277, "y": 859}, {"x": 287, "y": 859}, {"x": 287, "y": 849}, {"x": 277, "y": 849}], [{"x": 273, "y": 881}, {"x": 287, "y": 881}, {"x": 287, "y": 871}, {"x": 277, "y": 871}], [{"x": 277, "y": 903}, {"x": 287, "y": 903}, {"x": 287, "y": 893}, {"x": 277, "y": 893}], [{"x": 277, "y": 925}, {"x": 287, "y": 925}, {"x": 287, "y": 915}, {"x": 277, "y": 915}], [{"x": 299, "y": 177}, {"x": 309, "y": 177}, {"x": 309, "y": 167}, {"x": 299, "y": 167}], [{"x": 299, "y": 199}, {"x": 309, "y": 199}, {"x": 309, "y": 189}, {"x": 299, "y": 189}], [{"x": 299, "y": 221}, {"x": 309, "y": 221}, {"x": 309, "y": 211}, {"x": 299, "y": 211}], [{"x": 299, "y": 243}, {"x": 309, "y": 243}, {"x": 309, "y": 233}, {"x": 299, "y": 233}], [{"x": 299, "y": 265}, {"x": 309, "y": 265}, {"x": 309, "y": 255}, {"x": 299, "y": 255}], [{"x": 299, "y": 309}, {"x": 309, "y": 309}, {"x": 309, "y": 299}, {"x": 299, "y": 299}], [{"x": 299, "y": 331}, {"x": 309, "y": 331}, {"x": 309, "y": 321}, {"x": 299, "y": 321}], [{"x": 299, "y": 353}, {"x": 309, "y": 353}, {"x": 309, "y": 343}, {"x": 299, "y": 343}], [{"x": 299, "y": 375}, {"x": 309, "y": 375}, {"x": 309, "y": 365}, {"x": 299, "y": 365}], [{"x": 299, "y": 397}, {"x": 309, "y": 397}, {"x": 309, "y": 387}, {"x": 299, "y": 387}], [{"x": 299, "y": 419}, {"x": 309, "y": 419}, {"x": 309, "y": 409}, {"x": 299, "y": 409}], [{"x": 299, "y": 441}, {"x": 309, "y": 441}, {"x": 309, "y": 431}, {"x": 299, "y": 431}], [{"x": 299, "y": 463}, {"x": 309, "y": 463}, {"x": 309, "y": 453}, {"x": 299, "y": 453}], [{"x": 299, "y": 507}, {"x": 309, "y": 507}, {"x": 309, "y": 497}, {"x": 299, "y": 497}], [{"x": 299, "y": 529}, {"x": 309, "y": 529}, {"x": 309, "y": 519}, {"x": 299, "y": 519}], [{"x": 299, "y": 551}, {"x": 309, "y": 551}, {"x": 309, "y": 541}, {"x": 299, "y": 541}], [{"x": 299, "y": 573}, {"x": 309, "y": 573}, {"x": 309, "y": 563}, {"x": 299, "y": 563}], [{"x": 299, "y": 595}, {"x": 309, "y": 595}, {"x": 309, "y": 585}, {"x": 299, "y": 585}], [{"x": 299, "y": 617}, {"x": 309, "y": 617}, {"x": 309, "y": 607}, {"x": 299, "y": 607}], [{"x": 299, "y": 639}, {"x": 309, "y": 639}, {"x": 309, "y": 629}, {"x": 299, "y": 629}], [{"x": 299, "y": 661}, {"x": 309, "y": 661}, {"x": 309, "y": 651}, {"x": 299, "y": 651}], [{"x": 299, "y": 683}, {"x": 312, "y": 683}, {"x": 309, "y": 673}, {"x": 299, "y": 673}], [{"x": 299, "y": 705}, {"x": 309, "y": 705}, {"x": 309, "y": 695}, {"x": 299, "y": 695}], [{"x": 299, "y": 727}, {"x": 309, "y": 727}, {"x": 309, "y": 717}, {"x": 299, "y": 717}], [{"x": 299, "y": 771}, {"x": 310, "y": 771}, {"x": 309, "y": 761}, {"x": 299, "y": 761}], [{"x": 299, "y": 793}, {"x": 309, "y": 793}, {"x": 309, "y": 783}, {"x": 299, "y": 783}], [{"x": 299, "y": 815}, {"x": 309, "y": 815}, {"x": 309, "y": 805}, {"x": 299, "y": 805}], [{"x": 299, "y": 837}, {"x": 309, "y": 837}, {"x": 309, "y": 827}, {"x": 299, "y": 827}], [{"x": 299, "y": 859}, {"x": 309, "y": 859}, {"x": 309, "y": 845}, {"x": 299, "y": 849}], [{"x": 299, "y": 903}, {"x": 309, "y": 903}, {"x": 309, "y": 893}, {"x": 299, "y": 893}], [{"x": 299, "y": 925}, {"x": 309, "y": 925}, {"x": 309, "y": 911}, {"x": 299, "y": 915}], [{"x": 321, "y": 177}, {"x": 331, "y": 177}, {"x": 331, "y": 167}, {"x": 321, "y": 167}], [{"x": 321, "y": 221}, {"x": 331, "y": 221}, {"x": 331, "y": 211}, {"x": 321, "y": 211}], [{"x": 321, "y": 243}, {"x": 331, "y": 243}, {"x": 331, "y": 233}, {"x": 321, "y": 233}], [{"x": 321, "y": 265}, {"x": 331, "y": 265}, {"x": 331, "y": 255}, {"x": 321, "y": 255}], [{"x": 321, "y": 287}, {"x": 331, "y": 287}, {"x": 331, "y": 277}, {"x": 321, "y": 277}], [{"x": 321, "y": 309}, {"x": 331, "y": 309}, {"x": 331, "y": 299}, {"x": 321, "y": 299}], [{"x": 321, "y": 353}, {"x": 331, "y": 353}, {"x": 331, "y": 343}, {"x": 321, "y": 343}], [{"x": 321, "y": 377}, {"x": 331, "y": 375}, {"x": 331, "y": 365}, {"x": 321, "y": 365}], [{"x": 321, "y": 397}, {"x": 331, "y": 397}, {"x": 331, "y": 387}, {"x": 321, "y": 387}], [{"x": 321, "y": 419}, {"x": 331, "y": 419}, {"x": 331, "y": 409}, {"x": 321, "y": 409}], [{"x": 321, "y": 441}, {"x": 331, "y": 441}, {"x": 331, "y": 431}, {"x": 321, "y": 431}], [{"x": 318, "y": 463}, {"x": 331, "y": 463}, {"x": 331, "y": 453}, {"x": 321, "y": 453}], [{"x": 321, "y": 485}, {"x": 331, "y": 485}, {"x": 331, "y": 475}, {"x": 321, "y": 475}], [{"x": 321, "y": 529}, {"x": 331, "y": 529}, {"x": 331, "y": 519}, {"x": 321, "y": 519}], [{"x": 321, "y": 551}, {"x": 331, "y": 551}, {"x": 331, "y": 541}, {"x": 321, "y": 538}], [{"x": 321, "y": 573}, {"x": 331, "y": 573}, {"x": 331, "y": 563}, {"x": 321, "y": 563}], [{"x": 321, "y": 595}, {"x": 331, "y": 595}, {"x": 331, "y": 585}, {"x": 321, "y": 585}], [{"x": 321, "y": 617}, {"x": 331, "y": 617}, {"x": 331, "y": 607}, {"x": 321, "y": 607}], [{"x": 321, "y": 639}, {"x": 331, "y": 639}, {"x": 331, "y": 629}, {"x": 321, "y": 629}], [{"x": 321, "y": 661}, {"x": 331, "y": 661}, {"x": 331, "y": 651}, {"x": 321, "y": 651}], [{"x": 321, "y": 683}, {"x": 331, "y": 683}, {"x": 331, "y": 673}, {"x": 321, "y": 673}], [{"x": 321, "y": 705}, {"x": 331, "y": 705}, {"x": 331, "y": 695}, {"x": 321, "y": 695}], [{"x": 321, "y": 727}, {"x": 331, "y": 727}, {"x": 331, "y": 717}, {"x": 321, "y": 717}], [{"x": 321, "y": 749}, {"x": 331, "y": 749}, {"x": 331, "y": 739}, {"x": 321, "y": 739}], [{"x": 321, "y": 771}, {"x": 331, "y": 771}, {"x": 331, "y": 761}, {"x": 321, "y": 761}], [{"x": 321, "y": 793}, {"x": 331, "y": 793}, {"x": 331, "y": 783}, {"x": 321, "y": 783}], [{"x": 321, "y": 815}, {"x": 331, "y": 815}, {"x": 331, "y": 805}, {"x": 321, "y": 805}], [{"x": 321, "y": 837}, {"x": 331, "y": 837}, {"x": 331, "y": 827}, {"x": 321, "y": 827}], [{"x": 321, "y": 859}, {"x": 331, "y": 859}, {"x": 331, "y": 849}, {"x": 321, "y": 849}], [{"x": 321, "y": 881}, {"x": 331, "y": 881}, {"x": 331, "y": 871}, {"x": 321, "y": 871}], [{"x": 321, "y": 903}, {"x": 331, "y": 903}, {"x": 331, "y": 893}, {"x": 321, "y": 893}], [{"x": 321, "y": 925}, {"x": 331, "y": 925}, {"x": 331, "y": 915}, {"x": 321, "y": 915}], [{"x": 343, "y": 155}, {"x": 353, "y": 155}, {"x": 353, "y": 145}, {"x": 343, "y": 145}], [{"x": 343, "y": 177}, {"x": 353, "y": 177}, {"x": 353, "y": 167}, {"x": 343, "y": 167}], [{"x": 343, "y": 199}, {"x": 353, "y": 199}, {"x": 353, "y": 189}, {"x": 343, "y": 189}], [{"x": 343, "y": 221}, {"x": 353, "y": 221}, {"x": 353, "y": 211}, {"x": 343, "y": 211}], [{"x": 343, "y": 243}, {"x": 353, "y": 243}, {"x": 353, "y": 233}, {"x": 343, "y": 233}], [{"x": 343, "y": 265}, {"x": 353, "y": 265}, {"x": 353, "y": 255}, {"x": 343, "y": 255}], [{"x": 343, "y": 287}, {"x": 353, "y": 287}, {"x": 353, "y": 277}, {"x": 343, "y": 277}], [{"x": 343, "y": 309}, {"x": 353, "y": 309}, {"x": 353, "y": 299}, {"x": 343, "y": 299}], [{"x": 343, "y": 331}, {"x": 353, "y": 331}, {"x": 353, "y": 321}, {"x": 343, "y": 321}], [{"x": 343, "y": 353}, {"x": 353, "y": 353}, {"x": 353, "y": 343}, {"x": 343, "y": 343}], [{"x": 343, "y": 375}, {"x": 353, "y": 375}, {"x": 353, "y": 365}, {"x": 343, "y": 365}], [{"x": 343, "y": 397}, {"x": 354, "y": 397}, {"x": 353, "y": 387}, {"x": 343, "y": 387}], [{"x": 343, "y": 419}, {"x": 353, "y": 419}, {"x": 353, "y": 409}, {"x": 343, "y": 409}], [{"x": 343, "y": 441}, {"x": 353, "y": 441}, {"x": 353, "y": 431}, {"x": 343, "y": 431}], [{"x": 343, "y": 463}, {"x": 353, "y": 463}, {"x": 353, "y": 453}, {"x": 343, "y": 453}], [{"x": 343, "y": 485}, {"x": 353, "y": 485}, {"x": 353, "y": 475}, {"x": 343, "y": 475}], [{"x": 343, "y": 507}, {"x": 353, "y": 507}, {"x": 353, "y": 497}, {"x": 343, "y": 497}], [{"x": 343, "y": 529}, {"x": 353, "y": 529}, {"x": 353, "y": 519}, {"x": 343, "y": 519}], [{"x": 343, "y": 551}, {"x": 353, "y": 551}, {"x": 353, "y": 541}, {"x": 343, "y": 541}], [{"x": 343, "y": 573}, {"x": 353, "y": 573}, {"x": 353, "y": 563}, {"x": 343, "y": 563}], [{"x": 343, "y": 595}, {"x": 353, "y": 595}, {"x": 353, "y": 585}, {"x": 343, "y": 585}], [{"x": 343, "y": 639}, {"x": 353, "y": 639}, {"x": 353, "y": 629}, {"x": 341, "y": 629}], [{"x": 343, "y": 661}, {"x": 353, "y": 661}, {"x": 353, "y": 651}, {"x": 343, "y": 651}], [{"x": 343, "y": 683}, {"x": 353, "y": 683}, {"x": 353, "y": 673}, {"x": 343, "y": 673}], [{"x": 343, "y": 705}, {"x": 353, "y": 705}, {"x": 353, "y": 695}, {"x": 343, "y": 695}], [{"x": 343, "y": 727}, {"x": 353, "y": 727}, {"x": 353, "y": 717}, {"x": 343, "y": 717}], [{"x": 343, "y": 771}, {"x": 353, "y": 771}, {"x": 353, "y": 761}, {"x": 343, "y": 761}], [{"x": 343, "y": 793}, {"x": 353, "y": 793}, {"x": 353, "y": 783}, {"x": 343, "y": 783}], [{"x": 343, "y": 815}, {"x": 353, "y": 815}, {"x": 353, "y": 805}, {"x": 343, "y": 805}], [{"x": 343, "y": 837}, {"x": 353, "y": 837}, {"x": 353, "y": 827}, {"x": 343, "y": 827}], [{"x": 343, "y": 859}, {"x": 353, "y": 859}, {"x": 353, "y": 849}, {"x": 343, "y": 849}], [{"x": 343, "y": 881}, {"x": 353, "y": 881}, {"x": 353, "y": 871}, {"x": 343, "y": 871}], [{"x": 343, "y": 903}, {"x": 355, "y": 903}, {"x": 353, "y": 893}, {"x": 343, "y": 893}], [{"x": 365, "y": 177}, {"x": 375, "y": 177}, {"x": 375, "y": 167}, {"x": 365, "y": 167}], [{"x": 365, "y": 199}, {"x": 375, "y": 199}, {"x": 375, "y": 189}, {"x": 365, "y": 189}], [{"x": 365, "y": 221}, {"x": 375, "y": 221}, {"x": 375, "y": 211}, {"x": 365, "y": 211}], [{"x": 365, "y": 243}, {"x": 375, "y": 243}, {"x": 375, "y": 233}, {"x": 365, "y": 233}], [{"x": 365, "y": 265}, {"x": 375, "y": 265}, {"x": 375, "y": 255}, {"x": 365, "y": 255}], [{"x": 365, "y": 288}, {"x": 375, "y": 287}, {"x": 375, "y": 277}, {"x": 365, "y": 277}], [{"x": 365, "y": 309}, {"x": 375, "y": 309}, {"x": 375, "y": 299}, {"x": 365, "y": 299}], [{"x": 365, "y": 331}, {"x": 375, "y": 331}, {"x": 375, "y": 321}, {"x": 365, "y": 321}], [{"x": 365, "y": 353}, {"x": 375, "y": 353}, {"x": 375, "y": 343}, {"x": 365, "y": 343}], [{"x": 365, "y": 375}, {"x": 375, "y": 375}, {"x": 375, "y": 365}, {"x": 365, "y": 365}], [{"x": 365, "y": 397}, {"x": 375, "y": 397}, {"x": 375, "y": 387}, {"x": 365, "y": 387}], [{"x": 365, "y": 419}, {"x": 375, "y": 419}, {"x": 375, "y": 409}, {"x": 365, "y": 409}], [{"x": 365, "y": 441}, {"x": 375, "y": 441}, {"x": 375, "y": 431}, {"x": 365, "y": 431}], [{"x": 365, "y": 463}, {"x": 375, "y": 463}, {"x": 375, "y": 453}, {"x": 365, "y": 453}], [{"x": 365, "y": 485}, {"x": 375, "y": 485}, {"x": 375, "y": 475}, {"x": 365, "y": 475}], [{"x": 365, "y": 507}, {"x": 375, "y": 507}, {"x": 375, "y": 497}, {"x": 365, "y": 497}], [{"x": 365, "y": 529}, {"x": 375, "y": 529}, {"x": 375, "y": 519}, {"x": 365, "y": 519}], [{"x": 365, "y": 551}, {"x": 375, "y": 551}, {"x": 375, "y": 541}, {"x": 365, "y": 541}], [{"x": 365, "y": 573}, {"x": 375, "y": 573}, {"x": 375, "y": 563}, {"x": 365, "y": 563}], [{"x": 365, "y": 639}, {"x": 375, "y": 639}, {"x": 375, "y": 629}, {"x": 365, "y": 629}], [{"x": 365, "y": 661}, {"x": 375, "y": 661}, {"x": 375, "y": 651}, {"x": 365, "y": 651}], [{"x": 365, "y": 705}, {"x": 375, "y": 705}, {"x": 375, "y": 695}, {"x": 365, "y": 695}], [{"x": 365, "y": 727}, {"x": 375, "y": 727}, {"x": 375, "y": 717}, {"x": 365, "y": 717}], [{"x": 365, "y": 749}, {"x": 375, "y": 749}, {"x": 375, "y": 739}, {"x": 365, "y": 739}], [{"x": 365, "y": 771}, {"x": 375, "y": 771}, {"x": 375, "y": 761}, {"x": 365, "y": 761}], [{"x": 365, "y": 793}, {"x": 375, "y": 793}, {"x": 375, "y": 783}, {"x": 365, "y": 783}], [{"x": 365, "y": 815}, {"x": 375, "y": 815}, {"x": 375, "y": 805}, {"x": 365, "y": 805}], [{"x": 365, "y": 837}, {"x": 375, "y": 837}, {"x": 375, "y": 827}, {"x": 365, "y": 827}], [{"x": 365, "y": 859}, {"x": 375, "y": 859}, {"x": 375, "y": 849}, {"x": 365, "y": 849}], [{"x": 365, "y": 881}, {"x": 375, "y": 881}, {"x": 375, "y": 871}, {"x": 365, "y": 871}], [{"x": 365, "y": 903}, {"x": 375, "y": 903}, {"x": 375, "y": 893}, {"x": 365, "y": 893}], [{"x": 365, "y": 925}, {"x": 375, "y": 925}, {"x": 375, "y": 915}, {"x": 365, "y": 915}], [{"x": 387, "y": 177}, {"x": 397, "y": 177}, {"x": 397, "y": 167}, {"x": 387, "y": 167}], [{"x": 387, "y": 199}, {"x": 397, "y": 199}, {"x": 397, "y": 189}, {"x": 387, "y": 189}], [{"x": 387, "y": 221}, {"x": 397, "y": 221}, {"x": 397, "y": 211}, {"x": 387, "y": 211}], [{"x": 387, "y": 243}, {"x": 397, "y": 243}, {"x": 397, "y": 233}, {"x": 387, "y": 233}], [{"x": 387, "y": 265}, {"x": 397, "y": 265}, {"x": 397, "y": 255}, {"x": 387, "y": 255}], [{"x": 387, "y": 287}, {"x": 397, "y": 287}, {"x": 399, "y": 277}, {"x": 387, "y": 277}], [{"x": 387, "y": 331}, {"x": 397, "y": 331}, {"x": 397, "y": 321}, {"x": 387, "y": 321}], [{"x": 387, "y": 353}, {"x": 397, "y": 353}, {"x": 397, "y": 343}, {"x": 387, "y": 343}], [{"x": 387, "y": 375}, {"x": 397, "y": 375}, {"x": 397, "y": 365}, {"x": 387, "y": 365}], [{"x": 387, "y": 419}, {"x": 397, "y": 419}, {"x": 397, "y": 409}, {"x": 387, "y": 409}], [{"x": 387, "y": 441}, {"x": 397, "y": 441}, {"x": 397, "y": 431}, {"x": 387, "y": 431}], [{"x": 387, "y": 463}, {"x": 397, "y": 463}, {"x": 397, "y": 453}, {"x": 387, "y": 453}], [{"x": 387, "y": 485}, {"x": 397, "y": 485}, {"x": 397, "y": 475}, {"x": 387, "y": 475}], [{"x": 387, "y": 507}, {"x": 397, "y": 507}, {"x": 397, "y": 497}, {"x": 387, "y": 497}], [{"x": 387, "y": 551}, {"x": 397, "y": 551}, {"x": 397, "y": 541}, {"x": 387, "y": 541}], [{"x": 387, "y": 573}, {"x": 397, "y": 573}, {"x": 397, "y": 563}, {"x": 387, "y": 563}], [{"x": 387, "y": 595}, {"x": 397, "y": 595}, {"x": 397, "y": 585}, {"x": 387, "y": 585}], [{"x": 387, "y": 617}, {"x": 397, "y": 617}, {"x": 397, "y": 607}, {"x": 387, "y": 607}], [{"x": 387, "y": 639}, {"x": 397, "y": 639}, {"x": 397, "y": 629}, {"x": 387, "y": 629}], [{"x": 387, "y": 661}, {"x": 397, "y": 661}, {"x": 401, "y": 651}, {"x": 387, "y": 651}], [{"x": 387, "y": 683}, {"x": 397, "y": 683}, {"x": 397, "y": 673}, {"x": 387, "y": 673}], [{"x": 387, "y": 705}, {"x": 397, "y": 705}, {"x": 397, "y": 695}, {"x": 387, "y": 695}], [{"x": 387, "y": 727}, {"x": 397, "y": 727}, {"x": 397, "y": 717}, {"x": 387, "y": 717}], [{"x": 387, "y": 749}, {"x": 397, "y": 749}, {"x": 397, "y": 739}, {"x": 387, "y": 739}], [{"x": 387, "y": 771}, {"x": 397, "y": 771}, {"x": 397, "y": 761}, {"x": 387, "y": 761}], [{"x": 387, "y": 815}, {"x": 397, "y": 815}, {"x": 397, "y": 805}, {"x": 387, "y": 805}], [{"x": 387, "y": 837}, {"x": 397, "y": 837}, {"x": 397, "y": 827}, {"x": 387, "y": 827}], [{"x": 387, "y": 859}, {"x": 397, "y": 859}, {"x": 397, "y": 849}, {"x": 387, "y": 849}], [{"x": 387, "y": 881}, {"x": 397, "y": 881}, {"x": 397, "y": 871}, {"x": 387, "y": 871}], [{"x": 387, "y": 903}, {"x": 397, "y": 903}, {"x": 397, "y": 893}, {"x": 387, "y": 893}], [{"x": 387, "y": 925}, {"x": 397, "y": 925}, {"x": 397, "y": 915}, {"x": 387, "y": 915}], [{"x": 409, "y": 177}, {"x": 421, "y": 177}, {"x": 419, "y": 167}, {"x": 409, "y": 167}], [{"x": 409, "y": 199}, {"x": 419, "y": 199}, {"x": 419, "y": 189}, {"x": 409, "y": 189}], [{"x": 409, "y": 221}, {"x": 419, "y": 221}, {"x": 419, "y": 211}, {"x": 409, "y": 211}], [{"x": 409, "y": 243}, {"x": 419, "y": 243}, {"x": 419, "y": 233}, {"x": 409, "y": 233}], [{"x": 409, "y": 287}, {"x": 419, "y": 287}, {"x": 419, "y": 277}, {"x": 409, "y": 277}], [{"x": 409, "y": 309}, {"x": 419, "y": 309}, {"x": 419, "y": 299}, {"x": 409, "y": 299}], [{"x": 409, "y": 331}, {"x": 419, "y": 331}, {"x": 419, "y": 321}, {"x": 409, "y": 321}], [{"x": 409, "y": 353}, {"x": 419, "y": 353}, {"x": 419, "y": 343}, {"x": 409, "y": 343}], [{"x": 409, "y": 375}, {"x": 419, "y": 375}, {"x": 419, "y": 365}, {"x": 409, "y": 365}], [{"x": 409, "y": 397}, {"x": 419, "y": 397}, {"x": 419, "y": 387}, {"x": 409, "y": 387}], [{"x": 409, "y": 419}, {"x": 419, "y": 419}, {"x": 419, "y": 409}, {"x": 409, "y": 409}], [{"x": 409, "y": 441}, {"x": 419, "y": 441}, {"x": 419, "y": 431}, {"x": 409, "y": 431}], [{"x": 409, "y": 463}, {"x": 419, "y": 463}, {"x": 419, "y": 453}, {"x": 409, "y": 453}], [{"x": 409, "y": 485}, {"x": 419, "y": 485}, {"x": 419, "y": 475}, {"x": 409, "y": 475}], [{"x": 409, "y": 507}, {"x": 419, "y": 507}, {"x": 419, "y": 497}, {"x": 409, "y": 497}], [{"x": 409, "y": 529}, {"x": 419, "y": 529}, {"x": 419, "y": 519}, {"x": 409, "y": 519}], [{"x": 409, "y": 551}, {"x": 419, "y": 551}, {"x": 419, "y": 541}, {"x": 409, "y": 541}], [{"x": 409, "y": 573}, {"x": 419, "y": 573}, {"x": 419, "y": 563}, {"x": 409, "y": 563}], [{"x": 409, "y": 595}, {"x": 419, "y": 595}, {"x": 419, "y": 585}, {"x": 409, "y": 585}], [{"x": 409, "y": 617}, {"x": 419, "y": 617}, {"x": 419, "y": 607}, {"x": 409, "y": 607}], [{"x": 409, "y": 639}, {"x": 419, "y": 639}, {"x": 419, "y": 629}, {"x": 409, "y": 629}], [{"x": 409, "y": 661}, {"x": 419, "y": 661}, {"x": 419, "y": 651}, {"x": 409, "y": 651}], [{"x": 409, "y": 683}, {"x": 419, "y": 683}, {"x": 419, "y": 673}, {"x": 409, "y": 673}], [{"x": 409, "y": 705}, {"x": 419, "y": 705}, {"x": 419, "y": 695}, {"x": 409, "y": 695}], [{"x": 409, "y": 749}, {"x": 419, "y": 749}, {"x": 419, "y": 739}, {"x": 409, "y": 739}], [{"x": 409, "y": 771}, {"x": 419, "y": 771}, {"x": 419, "y": 761}, {"x": 409, "y": 761}], [{"x": 409, "y": 793}, {"x": 419, "y": 793}, {"x": 419, "y": 783}, {"x": 409, "y": 783}], [{"x": 409, "y": 815}, {"x": 419, "y": 815}, {"x": 419, "y": 805}, {"x": 409, "y": 805}], [{"x": 409, "y": 837}, {"x": 419, "y": 837}, {"x": 419, "y": 827}, {"x": 409, "y": 827}], [{"x": 409, "y": 859}, {"x": 419, "y": 859}, {"x": 419, "y": 849}, {"x": 409, "y": 849}], [{"x": 409, "y": 881}, {"x": 419, "y": 881}, {"x": 419, "y": 871}, {"x": 409, "y": 871}], [{"x": 431, "y": 177}, {"x": 441, "y": 177}, {"x": 441, "y": 167}, {"x": 431, "y": 167}], [{"x": 431, "y": 199}, {"x": 441, "y": 199}, {"x": 441, "y": 189}, {"x": 427, "y": 189}], [{"x": 431, "y": 221}, {"x": 441, "y": 221}, {"x": 441, "y": 211}, {"x": 431, "y": 211}], [{"x": 431, "y": 243}, {"x": 441, "y": 243}, {"x": 441, "y": 233}, {"x": 431, "y": 233}], [{"x": 431, "y": 265}, {"x": 441, "y": 265}, {"x": 441, "y": 255}, {"x": 431, "y": 255}], [{"x": 431, "y": 287}, {"x": 441, "y": 287}, {"x": 441, "y": 277}, {"x": 431, "y": 277}], [{"x": 431, "y": 309}, {"x": 441, "y": 309}, {"x": 441, "y": 299}, {"x": 431, "y": 299}], [{"x": 431, "y": 331}, {"x": 441, "y": 331}, {"x": 441, "y": 321}, {"x": 431, "y": 321}], [{"x": 431, "y": 353}, {"x": 441, "y": 353}, {"x": 441, "y": 343}, {"x": 431, "y": 343}], [{"x": 431, "y": 375}, {"x": 441, "y": 375}, {"x": 441, "y": 365}, {"x": 431, "y": 365}], [{"x": 431, "y": 397}, {"x": 441, "y": 397}, {"x": 441, "y": 387}, {"x": 431, "y": 387}], [{"x": 431, "y": 419}, {"x": 441, "y": 419}, {"x": 441, "y": 409}, {"x": 431, "y": 409}], [{"x": 431, "y": 463}, {"x": 441, "y": 463}, {"x": 441, "y": 453}, {"x": 431, "y": 449}], [{"x": 431, "y": 485}, {"x": 441, "y": 485}, {"x": 441, "y": 475}, {"x": 431, "y": 475}], [{"x": 431, "y": 507}, {"x": 441, "y": 507}, {"x": 441, "y": 497}, {"x": 431, "y": 497}], [{"x": 431, "y": 551}, {"x": 441, "y": 551}, {"x": 441, "y": 541}, {"x": 431, "y": 541}], [{"x": 431, "y": 573}, {"x": 441, "y": 573}, {"x": 441, "y": 563}, {"x": 431, "y": 563}], [{"x": 431, "y": 595}, {"x": 441, "y": 595}, {"x": 441, "y": 585}, {"x": 431, "y": 585}], [{"x": 431, "y": 617}, {"x": 441, "y": 617}, {"x": 441, "y": 607}, {"x": 431, "y": 607}], [{"x": 431, "y": 639}, {"x": 441, "y": 639}, {"x": 441, "y": 629}, {"x": 431, "y": 629}], [{"x": 431, "y": 661}, {"x": 441, "y": 661}, {"x": 441, "y": 651}, {"x": 431, "y": 651}], [{"x": 431, "y": 683}, {"x": 441, "y": 683}, {"x": 441, "y": 673}, {"x": 431, "y": 673}], [{"x": 431, "y": 705}, {"x": 441, "y": 705}, {"x": 441, "y": 695}, {"x": 431, "y": 695}], [{"x": 431, "y": 749}, {"x": 441, "y": 749}, {"x": 441, "y": 739}, {"x": 431, "y": 739}], [{"x": 431, "y": 773}, {"x": 441, "y": 771}, {"x": 441, "y": 761}, {"x": 431, "y": 761}], [{"x": 431, "y": 793}, {"x": 441, "y": 793}, {"x": 441, "y": 783}, {"x": 431, "y": 783}], [{"x": 431, "y": 859}, {"x": 441, "y": 859}, {"x": 441, "y": 849}, {"x": 431, "y": 849}], [{"x": 431, "y": 881}, {"x": 441, "y": 881}, {"x": 441, "y": 871}, {"x": 431, "y": 871}], [{"x": 431, "y": 903}, {"x": 441, "y": 903}, {"x": 441, "y": 893}, {"x": 431, "y": 893}], [{"x": 431, "y": 925}, {"x": 441, "y": 925}, {"x": 441, "y": 915}, {"x": 431, "y": 915}], [{"x": 453, "y": 199}, {"x": 463, "y": 199}, {"x": 463, "y": 189}, {"x": 453, "y": 189}], [{"x": 453, "y": 221}, {"x": 463, "y": 221}, {"x": 463, "y": 211}, {"x": 453, "y": 211}], [{"x": 453, "y": 243}, {"x": 463, "y": 243}, {"x": 463, "y": 233}, {"x": 453, "y": 233}], [{"x": 453, "y": 265}, {"x": 463, "y": 265}, {"x": 463, "y": 254}, {"x": 453, "y": 255}], [{"x": 453, "y": 287}, {"x": 463, "y": 287}, {"x": 463, "y": 277}, {"x": 453, "y": 277}], [{"x": 453, "y": 309}, {"x": 463, "y": 309}, {"x": 463, "y": 299}, {"x": 453, "y": 299}], [{"x": 453, "y": 353}, {"x": 463, "y": 353}, {"x": 463, "y": 343}, {"x": 453, "y": 343}], [{"x": 453, "y": 397}, {"x": 463, "y": 397}, {"x": 463, "y": 387}, {"x": 453, "y": 387}], [{"x": 453, "y": 419}, {"x": 463, "y": 419}, {"x": 463, "y": 409}, {"x": 453, "y": 409}], [{"x": 453, "y": 441}, {"x": 463, "y": 441}, {"x": 463, "y": 431}, {"x": 451, "y": 431}], [{"x": 453, "y": 463}, {"x": 466, "y": 463}, {"x": 463, "y": 453}, {"x": 453, "y": 453}], [{"x": 453, "y": 487}, {"x": 463, "y": 485}, {"x": 463, "y": 475}, {"x": 452, "y": 475}], [{"x": 453, "y": 507}, {"x": 463, "y": 507}, {"x": 463, "y": 497}, {"x": 453, "y": 497}], [{"x": 453, "y": 529}, {"x": 463, "y": 529}, {"x": 463, "y": 519}, {"x": 453, "y": 519}], [{"x": 453, "y": 573}, {"x": 463, "y": 573}, {"x": 463, "y": 563}, {"x": 453, "y": 563}], [{"x": 453, "y": 595}, {"x": 463, "y": 595}, {"x": 463, "y": 585}, {"x": 453, "y": 585}], [{"x": 453, "y": 617}, {"x": 463, "y": 617}, {"x": 466, "y": 607}, {"x": 453, "y": 607}], [{"x": 453, "y": 639}, {"x": 463, "y": 639}, {"x": 463, "y": 629}, {"x": 453, "y": 629}], [{"x": 453, "y": 661}, {"x": 463, "y": 661}, {"x": 463, "y": 651}, {"x": 453, "y": 651}], [{"x": 453, "y": 683}, {"x": 463, "y": 683}, {"x": 463, "y": 673}, {"x": 453, "y": 673}], [{"x": 453, "y": 705}, {"x": 463, "y": 705}, {"x": 463, "y": 695}, {"x": 453, "y": 695}], [{"x": 453, "y": 727}, {"x": 463, "y": 727}, {"x": 463, "y": 717}, {"x": 453, "y": 717}], [{"x": 453, "y": 749}, {"x": 463, "y": 749}, {"x": 463, "y": 739}, {"x": 453, "y": 739}], [{"x": 453, "y": 771}, {"x": 463, "y": 771}, {"x": 463, "y": 761}, {"x": 453, "y": 761}], [{"x": 453, "y": 793}, {"x": 463, "y": 793}, {"x": 463, "y": 783}, {"x": 453, "y": 783}], [{"x": 453, "y": 815}, {"x": 463, "y": 815}, {"x": 463, "y": 805}, {"x": 453, "y": 805}], [{"x": 453, "y": 837}, {"x": 463, "y": 837}, {"x": 463, "y": 827}, {"x": 453, "y": 827}], [{"x": 453, "y": 859}, {"x": 463, "y": 859}, {"x": 463, "y": 849}, {"x": 453, "y": 849}], [{"x": 453, "y": 881}, {"x": 463, "y": 881}, {"x": 463, "y": 871}, {"x": 453, "y": 871}], [{"x": 453, "y": 903}, {"x": 463, "y": 903}, {"x": 463, "y": 893}, {"x": 453, "y": 893}], [{"x": 453, "y": 925}, {"x": 463, "y": 925}, {"x": 463, "y": 915}, {"x": 453, "y": 915}], [{"x": 475, "y": 199}, {"x": 485, "y": 199}, {"x": 485, "y": 189}, {"x": 475, "y": 189}], [{"x": 475, "y": 243}, {"x": 485, "y": 243}, {"x": 485, "y": 233}, {"x": 475, "y": 233}], [{"x": 475, "y": 265}, {"x": 485, "y": 265}, {"x": 485, "y": 255}, {"x": 473, "y": 255}], [{"x": 475, "y": 287}, {"x": 485, "y": 287}, {"x": 485, "y": 277}, {"x": 475, "y": 277}], [{"x": 475, "y": 309}, {"x": 485, "y": 309}, {"x": 485, "y": 299}, {"x": 475, "y": 299}], [{"x": 475, "y": 331}, {"x": 485, "y": 331}, {"x": 485, "y": 321}, {"x": 475, "y": 321}], [{"x": 475, "y": 353}, {"x": 485, "y": 353}, {"x": 485, "y": 343}, {"x": 475, "y": 343}], [{"x": 475, "y": 375}, {"x": 485, "y": 375}, {"x": 485, "y": 365}, {"x": 475, "y": 365}], [{"x": 475, "y": 397}, {"x": 485, "y": 397}, {"x": 485, "y": 387}, {"x": 475, "y": 387}], [{"x": 475, "y": 419}, {"x": 485, "y": 419}, {"x": 485, "y": 409}, {"x": 475, "y": 409}], [{"x": 475, "y": 441}, {"x": 485, "y": 441}, {"x": 485, "y": 431}, {"x": 475, "y": 431}], [{"x": 475, "y": 463}, {"x": 485, "y": 463}, {"x": 485, "y": 453}, {"x": 475, "y": 453}], [{"x": 471, "y": 488}, {"x": 485, "y": 485}, {"x": 485, "y": 475}, {"x": 475, "y": 475}], [{"x": 475, "y": 507}, {"x": 485, "y": 507}, {"x": 485, "y": 497}, {"x": 475, "y": 497}], [{"x": 475, "y": 529}, {"x": 485, "y": 529}, {"x": 485, "y": 519}, {"x": 475, "y": 519}], [{"x": 475, "y": 551}, {"x": 485, "y": 551}, {"x": 485, "y": 541}, {"x": 475, "y": 541}], [{"x": 475, "y": 573}, {"x": 485, "y": 573}, {"x": 485, "y": 563}, {"x": 475, "y": 563}], [{"x": 475, "y": 617}, {"x": 485, "y": 617}, {"x": 485, "y": 607}, {"x": 475, "y": 607}], [{"x": 475, "y": 639}, {"x": 485, "y": 639}, {"x": 485, "y": 629}, {"x": 475, "y": 629}], [{"x": 475, "y": 661}, {"x": 485, "y": 661}, {"x": 485, "y": 651}, {"x": 475, "y": 651}], [{"x": 475, "y": 683}, {"x": 485, "y": 683}, {"x": 485, "y": 673}, {"x": 475, "y": 673}], [{"x": 475, "y": 705}, {"x": 485, "y": 705}, {"x": 485, "y": 695}, {"x": 475, "y": 695}], [{"x": 475, "y": 727}, {"x": 485, "y": 727}, {"x": 485, "y": 717}, {"x": 475, "y": 717}], [{"x": 475, "y": 749}, {"x": 485, "y": 749}, {"x": 485, "y": 739}, {"x": 475, "y": 739}], [{"x": 475, "y": 771}, {"x": 485, "y": 771}, {"x": 485, "y": 761}, {"x": 475, "y": 761}], [{"x": 475, "y": 793}, {"x": 485, "y": 793}, {"x": 485, "y": 783}, {"x": 475, "y": 783}], [{"x": 475, "y": 815}, {"x": 485, "y": 815}, {"x": 485, "y": 805}, {"x": 475, "y": 805}], [{"x": 475, "y": 837}, {"x": 485, "y": 837}, {"x": 485, "y": 827}, {"x": 475, "y": 827}], [{"x": 475, "y": 859}, {"x": 485, "y": 859}, {"x": 485, "y": 849}, {"x": 475, "y": 849}], [{"x": 475, "y": 881}, {"x": 485, "y": 881}, {"x": 485, "y": 871}, {"x": 475, "y": 871}], [{"x": 475, "y": 903}, {"x": 485, "y": 903}, {"x": 485, "y": 893}, {"x": 475, "y": 893}], [{"x": 475, "y": 925}, {"x": 485, "y": 925}, {"x": 485, "y": 915}, {"x": 475, "y": 915}], [{"x": 497, "y": 199}, {"x": 507, "y": 199}, {"x": 507, "y": 189}, {"x": 497, "y": 189}], [{"x": 497, "y": 221}, {"x": 507, "y": 221}, {"x": 507, "y": 211}, {"x": 497, "y": 211}], [{"x": 497, "y": 265}, {"x": 507, "y": 265}, {"x": 507, "y": 255}, {"x": 497, "y": 255}], [{"x": 497, "y": 287}, {"x": 507, "y": 287}, {"x": 507, "y": 277}, {"x": 497, "y": 277}], [{"x": 497, "y": 309}, {"x": 507, "y": 309}, {"x": 507, "y": 299}, {"x": 497, "y": 299}], [{"x": 497, "y": 331}, {"x": 507, "y": 331}, {"x": 507, "y": 321}, {"x": 497, "y": 321}], [{"x": 497, "y": 353}, {"x": 507, "y": 353}, {"x": 507, "y": 343}, {"x": 497, "y": 343}], [{"x": 497, "y": 375}, {"x": 507, "y": 375}, {"x": 507, "y": 365}, {"x": 497, "y": 365}], [{"x": 493, "y": 397}, {"x": 507, "y": 397}, {"x": 507, "y": 387}, {"x": 497, "y": 387}], [{"x": 497, "y": 419}, {"x": 507, "y": 419}, {"x": 507, "y": 409}, {"x": 497, "y": 409}], [{"x": 497, "y": 441}, {"x": 507, "y": 441}, {"x": 507, "y": 431}, {"x": 497, "y": 431}], [{"x": 497, "y": 463}, {"x": 507, "y": 463}, {"x": 507, "y": 453}, {"x": 497, "y": 453}], [{"x": 497, "y": 485}, {"x": 507, "y": 485}, {"x": 507, "y": 475}, {"x": 497, "y": 475}], [{"x": 497, "y": 507}, {"x": 507, "y": 507}, {"x": 507, "y": 497}, {"x": 497, "y": 497}], [{"x": 497, "y": 529}, {"x": 507, "y": 529}, {"x": 507, "y": 519}, {"x": 497, "y": 519}], [{"x": 497, "y": 551}, {"x": 507, "y": 551}, {"x": 507, "y": 541}, {"x": 497, "y": 541}], [{"x": 497, "y": 573}, {"x": 507, "y": 573}, {"x": 507, "y": 563}, {"x": 497, "y": 563}], [{"x": 497, "y": 617}, {"x": 507, "y": 617}, {"x": 507, "y": 607}, {"x": 497, "y": 607}], [{"x": 497, "y": 639}, {"x": 507, "y": 639}, {"x": 507, "y": 629}, {"x": 497, "y": 629}], [{"x": 497, "y": 661}, {"x": 507, "y": 661}, {"x": 507, "y": 651}, {"x": 497, "y": 651}], [{"x": 497, "y": 683}, {"x": 507, "y": 683}, {"x": 507, "y": 673}, {"x": 497, "y": 673}], [{"x": 497, "y": 749}, {"x": 507, "y": 749}, {"x": 507, "y": 739}, {"x": 497, "y": 739}], [{"x": 497, "y": 771}, {"x": 507, "y": 771}, {"x": 507, "y": 761}, {"x": 497, "y": 761}], [{"x": 497, "y": 793}, {"x": 507, "y": 793}, {"x": 507, "y": 783}, {"x": 497, "y": 783}], [{"x": 497, "y": 815}, {"x": 507, "y": 815}, {"x": 507, "y": 805}, {"x": 497, "y": 805}], [{"x": 497, "y": 859}, {"x": 507, "y": 859}, {"x": 507, "y": 849}, {"x": 497, "y": 849}], [{"x": 497, "y": 881}, {"x": 507, "y": 881}, {"x": 507, "y": 871}, {"x": 497, "y": 871}], [{"x": 497, "y": 903}, {"x": 507, "y": 903}, {"x": 507, "y": 893}, {"x": 497, "y": 893}], [{"x": 497, "y": 925}, {"x": 507, "y": 925}, {"x": 507, "y": 915}, {"x": 497, "y": 915}], [{"x": 519, "y": 199}, {"x": 529, "y": 199}, {"x": 529, "y": 189}, {"x": 519, "y": 189}], [{"x": 519, "y": 243}, {"x": 529, "y": 243}, {"x": 529, "y": 233}, {"x": 519, "y": 233}], [{"x": 519, "y": 265}, {"x": 529, "y": 265}, {"x": 529, "y": 255}, {"x": 519, "y": 255}], [{"x": 519, "y": 287}, {"x": 529, "y": 287}, {"x": 529, "y": 277}, {"x": 519, "y": 277}], [{"x": 519, "y": 309}, {"x": 529, "y": 309}, {"x": 529, "y": 299}, {"x": 519, "y": 299}], [{"x": 519, "y": 331}, {"x": 529, "y": 331}, {"x": 529, "y": 321}, {"x": 519, "y": 321}], [{"x": 519, "y": 353}, {"x": 529, "y": 353}, {"x": 529, "y": 343}, {"x": 519, "y": 343}], [{"x": 519, "y": 375}, {"x": 529, "y": 375}, {"x": 529, "y": 365}, {"x": 519, "y": 365}], [{"x": 519, "y": 397}, {"x": 529, "y": 397}, {"x": 529, "y": 387}, {"x": 519, "y": 387}], [{"x": 519, "y": 419}, {"x": 529, "y": 419}, {"x": 529, "y": 409}, {"x": 519, "y": 409}], [{"x": 519, "y": 441}, {"x": 529, "y": 441}, {"x": 529, "y": 431}, {"x": 519, "y": 431}], [{"x": 519, "y": 463}, {"x": 529, "y": 463}, {"x": 529, "y": 453}, {"x": 519, "y": 453}], [{"x": 519, "y": 507}, {"x": 529, "y": 507}, {"x": 529, "y": 497}, {"x": 519, "y": 497}], [{"x": 519, "y": 529}, {"x": 529, "y": 529}, {"x": 529, "y": 519}, {"x": 519, "y": 519}], [{"x": 519, "y": 551}, {"x": 529, "y": 551}, {"x": 529, "y": 541}, {"x": 519, "y": 541}], [{"x": 519, "y": 573}, {"x": 529, "y": 573}, {"x": 529, "y": 563}, {"x": 519, "y": 563}], [{"x": 519, "y": 595}, {"x": 529, "y": 595}, {"x": 529, "y": 585}, {"x": 519, "y": 585}], [{"x": 519, "y": 639}, {"x": 529, "y": 639}, {"x": 529, "y": 629}, {"x": 519, "y": 629}], [{"x": 519, "y": 661}, {"x": 529, "y": 661}, {"x": 529, "y": 651}, {"x": 519, "y": 651}], [{"x": 519, "y": 683}, {"x": 529, "y": 683}, {"x": 533, "y": 673}, {"x": 519, "y": 673}], [{"x": 519, "y": 705}, {"x": 529, "y": 705}, {"x": 529, "y": 695}, {"x": 519, "y": 695}], [{"x": 519, "y": 727}, {"x": 529, "y": 727}, {"x": 529, "y": 717}, {"x": 519, "y": 717}], [{"x": 519, "y": 749}, {"x": 529, "y": 749}, {"x": 529, "y": 739}, {"x": 519, "y": 739}], [{"x": 519, "y": 771}, {"x": 529, "y": 771}, {"x": 529, "y": 761}, {"x": 519, "y": 761}], [{"x": 519, "y": 793}, {"x": 529, "y": 793}, {"x": 529, "y": 783}, {"x": 519, "y": 783}], [{"x": 519, "y": 815}, {"x": 529, "y": 815}, {"x": 529, "y": 805}, {"x": 519, "y": 805}], [{"x": 519, "y": 837}, {"x": 529, "y": 837}, {"x": 529, "y": 827}, {"x": 519, "y": 827}], [{"x": 519, "y": 859}, {"x": 529, "y": 859}, {"x": 529, "y": 849}, {"x": 519, "y": 849}], [{"x": 519, "y": 881}, {"x": 529, "y": 881}, {"x": 529, "y": 871}, {"x": 519, "y": 871}], [{"x": 519, "y": 903}, {"x": 529, "y": 903}, {"x": 529, "y": 893}, {"x": 519, "y": 893}], [{"x": 519, "y": 925}, {"x": 529, "y": 925}, {"x": 529, "y": 915}, {"x": 519, "y": 915}], [{"x": 541, "y": 177}, {"x": 551, "y": 177}, {"x": 551, "y": 167}, {"x": 541, "y": 167}], [{"x": 541, "y": 199}, {"x": 551, "y": 199}, {"x": 551, "y": 189}, {"x": 541, "y": 189}], [{"x": 541, "y": 221}, {"x": 551, "y": 221}, {"x": 551, "y": 211}, {"x": 541, "y": 211}], [{"x": 541, "y": 243}, {"x": 551, "y": 243}, {"x": 551, "y": 233}, {"x": 541, "y": 233}], [{"x": 541, "y": 265}, {"x": 551, "y": 265}, {"x": 551, "y": 255}, {"x": 541, "y": 255}], [{"x": 541, "y": 287}, {"x": 551, "y": 287}, {"x": 551, "y": 277}, {"x": 541, "y": 277}], [{"x": 541, "y": 309}, {"x": 551, "y": 309}, {"x": 551, "y": 299}, {"x": 541, "y": 299}], [{"x": 541, "y": 331}, {"x": 551, "y": 331}, {"x": 551, "y": 321}, {"x": 541, "y": 321}], [{"x": 541, "y": 353}, {"x": 551, "y": 353}, {"x": 551, "y": 341}, {"x": 541, "y": 343}], [{"x": 541, "y": 375}, {"x": 551, "y": 375}, {"x": 551, "y": 365}, {"x": 541, "y": 365}], [{"x": 541, "y": 397}, {"x": 551, "y": 397}, {"x": 551, "y": 387}, {"x": 541, "y": 387}], [{"x": 540, "y": 419}, {"x": 551, "y": 419}, {"x": 551, "y": 409}, {"x": 541, "y": 409}], [{"x": 541, "y": 441}, {"x": 551, "y": 441}, {"x": 551, "y": 431}, {"x": 541, "y": 431}], [{"x": 541, "y": 463}, {"x": 551, "y": 463}, {"x": 551, "y": 453}, {"x": 541, "y": 453}], [{"x": 541, "y": 485}, {"x": 551, "y": 485}, {"x": 551, "y": 475}, {"x": 541, "y": 475}], [{"x": 541, "y": 507}, {"x": 551, "y": 507}, {"x": 551, "y": 497}, {"x": 541, "y": 497}], [{"x": 541, "y": 551}, {"x": 551, "y": 551}, {"x": 551, "y": 541}, {"x": 541, "y": 541}], [{"x": 541, "y": 573}, {"x": 551, "y": 573}, {"x": 551, "y": 563}, {"x": 541, "y": 563}], [{"x": 541, "y": 595}, {"x": 551, "y": 595}, {"x": 551, "y": 585}, {"x": 541, "y": 585}], [{"x": 541, "y": 617}, {"x": 551, "y": 617}, {"x": 551, "y": 607}, {"x": 541, "y": 607}], [{"x": 541, "y": 639}, {"x": 551, "y": 639}, {"x": 551, "y": 629}, {"x": 541, "y": 629}], [{"x": 541, "y": 683}, {"x": 551, "y": 683}, {"x": 551, "y": 673}, {"x": 541, "y": 673}], [{"x": 541, "y": 705}, {"x": 551, "y": 705}, {"x": 551, "y": 695}, {"x": 541, "y": 695}], [{"x": 541, "y": 727}, {"x": 551, "y": 727}, {"x": 551, "y": 717}, {"x": 541, "y": 717}], [{"x": 541, "y": 749}, {"x": 551, "y": 749}, {"x": 551, "y": 739}, {"x": 541, "y": 739}], [{"x": 541, "y": 771}, {"x": 551, "y": 771}, {"x": 551, "y": 761}, {"x": 541, "y": 761}], [{"x": 541, "y": 793}, {"x": 551, "y": 793}, {"x": 551, "y": 783}, {"x": 541, "y": 783}], [{"x": 541, "y": 815}, {"x": 551, "y": 815}, {"x": 551, "y": 805}, {"x": 541, "y": 805}], [{"x": 541, "y": 837}, {"x": 551, "y": 837}, {"x": 551, "y": 827}, {"x": 541, "y": 827}], [{"x": 541, "y": 859}, {"x": 551, "y": 859}, {"x": 551, "y": 849}, {"x": 541, "y": 849}], [{"x": 541, "y": 881}, {"x": 551, "y": 881}, {"x": 551, "y": 871}, {"x": 541, "y": 871}], [{"x": 541, "y": 903}, {"x": 551, "y": 903}, {"x": 551, "y": 893}, {"x": 541, "y": 893}], [{"x": 541, "y": 925}, {"x": 551, "y": 925}, {"x": 551, "y": 915}, {"x": 541, "y": 915}], [{"x": 563, "y": 177}, {"x": 573, "y": 177}, {"x": 573, "y": 167}, {"x": 563, "y": 167}], [{"x": 563, "y": 199}, {"x": 573, "y": 199}, {"x": 573, "y": 189}, {"x": 563, "y": 189}], [{"x": 563, "y": 221}, {"x": 573, "y": 221}, {"x": 573, "y": 211}, {"x": 563, "y": 211}], [{"x": 563, "y": 243}, {"x": 573, "y": 243}, {"x": 573, "y": 233}, {"x": 563, "y": 233}], [{"x": 563, "y": 265}, {"x": 573, "y": 265}, {"x": 573, "y": 255}, {"x": 563, "y": 255}], [{"x": 563, "y": 287}, {"x": 573, "y": 287}, {"x": 573, "y": 277}, {"x": 563, "y": 277}], [{"x": 563, "y": 309}, {"x": 573, "y": 309}, {"x": 573, "y": 299}, {"x": 563, "y": 299}], [{"x": 563, "y": 331}, {"x": 573, "y": 331}, {"x": 573, "y": 321}, {"x": 563, "y": 321}], [{"x": 563, "y": 353}, {"x": 573, "y": 353}, {"x": 573, "y": 343}, {"x": 563, "y": 343}], [{"x": 563, "y": 375}, {"x": 573, "y": 375}, {"x": 573, "y": 365}, {"x": 563, "y": 365}], [{"x": 563, "y": 397}, {"x": 573, "y": 397}, {"x": 573, "y": 387}, {"x": 563, "y": 387}], [{"x": 563, "y": 419}, {"x": 573, "y": 419}, {"x": 573, "y": 409}, {"x": 563, "y": 409}], [{"x": 563, "y": 441}, {"x": 573, "y": 441}, {"x": 573, "y": 431}, {"x": 563, "y": 431}], [{"x": 563, "y": 463}, {"x": 573, "y": 463}, {"x": 573, "y": 453}, {"x": 563, "y": 453}], [{"x": 563, "y": 529}, {"x": 573, "y": 529}, {"x": 573, "y": 519}, {"x": 563, "y": 519}], [{"x": 563, "y": 551}, {"x": 573, "y": 551}, {"x": 573, "y": 541}, {"x": 563, "y": 541}], [{"x": 563, "y": 573}, {"x": 573, "y": 573}, {"x": 573, "y": 563}, {"x": 563, "y": 563}], [{"x": 563, "y": 595}, {"x": 573, "y": 595}, {"x": 573, "y": 585}, {"x": 563, "y": 585}], [{"x": 563, "y": 617}, {"x": 573, "y": 617}, {"x": 573, "y": 607}, {"x": 563, "y": 607}], [{"x": 563, "y": 639}, {"x": 573, "y": 639}, {"x": 573, "y": 629}, {"x": 563, "y": 629}], [{"x": 563, "y": 661}, {"x": 573, "y": 661}, {"x": 573, "y": 651}, {"x": 563, "y": 650}], [{"x": 563, "y": 687}, {"x": 573, "y": 683}, {"x": 573, "y": 673}, {"x": 563, "y": 673}], [{"x": 563, "y": 705}, {"x": 573, "y": 705}, {"x": 573, "y": 695}, {"x": 563, "y": 695}], [{"x": 563, "y": 727}, {"x": 573, "y": 727}, {"x": 573, "y": 717}, {"x": 563, "y": 717}], [{"x": 563, "y": 749}, {"x": 573, "y": 749}, {"x": 573, "y": 739}, {"x": 563, "y": 739}], [{"x": 563, "y": 771}, {"x": 573, "y": 771}, {"x": 573, "y": 761}, {"x": 563, "y": 761}], [{"x": 563, "y": 793}, {"x": 574, "y": 793}, {"x": 573, "y": 783}, {"x": 563, "y": 783}], [{"x": 563, "y": 815}, {"x": 573, "y": 815}, {"x": 573, "y": 805}, {"x": 563, "y": 805}], [{"x": 563, "y": 837}, {"x": 573, "y": 837}, {"x": 573, "y": 827}, {"x": 563, "y": 827}], [{"x": 563, "y": 859}, {"x": 573, "y": 859}, {"x": 573, "y": 849}, {"x": 563, "y": 849}], [{"x": 563, "y": 881}, {"x": 573, "y": 881}, {"x": 573, "y": 871}, {"x": 563, "y": 871}], [{"x": 563, "y": 903}, {"x": 573, "y": 903}, {"x": 573, "y": 893}, {"x": 563, "y": 893}], [{"x": 563, "y": 925}, {"x": 573, "y": 925}, {"x": 573, "y": 915}, {"x": 563, "y": 915}], [{"x": 585, "y": 177}, {"x": 595, "y": 177}, {"x": 595, "y": 167}, {"x": 585, "y": 167}], [{"x": 585, "y": 199}, {"x": 595, "y": 199}, {"x": 595, "y": 189}, {"x": 585, "y": 189}], [{"x": 585, "y": 221}, {"x": 595, "y": 221}, {"x": 595, "y": 211}, {"x": 585, "y": 211}], [{"x": 585, "y": 265}, {"x": 595, "y": 265}, {"x": 595, "y": 255}, {"x": 585, "y": 255}], [{"x": 585, "y": 287}, {"x": 595, "y": 287}, {"x": 595, "y": 277}, {"x": 585, "y": 277}], [{"x": 585, "y": 309}, {"x": 599, "y": 309}, {"x": 598, "y": 299}, {"x": 585, "y": 299}], [{"x": 585, "y": 331}, {"x": 595, "y": 331}, {"x": 595, "y": 321}, {"x": 585, "y": 321}], [{"x": 585, "y": 353}, {"x": 595, "y": 353}, {"x": 595, "y": 343}, {"x": 585, "y": 343}], [{"x": 585, "y": 375}, {"x": 595, "y": 375}, {"x": 595, "y": 365}, {"x": 585, "y": 365}], [{"x": 585, "y": 397}, {"x": 595, "y": 397}, {"x": 595, "y": 387}, {"x": 585, "y": 387}], [{"x": 585, "y": 441}, {"x": 595, "y": 441}, {"x": 595, "y": 431}, {"x": 585, "y": 431}], [{"x": 585, "y": 465}, {"x": 595, "y": 463}, {"x": 595, "y": 453}, {"x": 585, "y": 453}], [{"x": 585, "y": 485}, {"x": 595, "y": 485}, {"x": 595, "y": 475}, {"x": 585, "y": 475}], [{"x": 585, "y": 507}, {"x": 595, "y": 507}, {"x": 595, "y": 497}, {"x": 585, "y": 497}], [{"x": 585, "y": 529}, {"x": 595, "y": 530}, {"x": 595, "y": 519}, {"x": 585, "y": 519}], [{"x": 585, "y": 551}, {"x": 595, "y": 551}, {"x": 595, "y": 541}, {"x": 585, "y": 541}], [{"x": 585, "y": 573}, {"x": 595, "y": 573}, {"x": 595, "y": 563}, {"x": 585, "y": 563}], [{"x": 585, "y": 595}, {"x": 595, "y": 595}, {"x": 595, "y": 585}, {"x": 585, "y": 585}], [{"x": 585, "y": 617}, {"x": 595, "y": 617}, {"x": 595, "y": 607}, {"x": 585, "y": 607}], [{"x": 585, "y": 639}, {"x": 595, "y": 639}, {"x": 595, "y": 629}, {"x": 585, "y": 629}], [{"x": 585, "y": 709}, {"x": 595, "y": 705}, {"x": 595, "y": 695}, {"x": 585, "y": 695}], [{"x": 585, "y": 727}, {"x": 595, "y": 727}, {"x": 595, "y": 717}, {"x": 585, "y": 717}], [{"x": 585, "y": 749}, {"x": 595, "y": 749}, {"x": 595, "y": 739}, {"x": 585, "y": 739}], [{"x": 585, "y": 771}, {"x": 595, "y": 771}, {"x": 595, "y": 761}, {"x": 585, "y": 758}], [{"x": 585, "y": 793}, {"x": 595, "y": 793}, {"x": 595, "y": 783}, {"x": 585, "y": 783}], [{"x": 585, "y": 815}, {"x": 595, "y": 815}, {"x": 595, "y": 805}, {"x": 585, "y": 805}], [{"x": 585, "y": 837}, {"x": 595, "y": 837}, {"x": 595, "y": 827}, {"x": 585, "y": 827}], [{"x": 585, "y": 859}, {"x": 595, "y": 859}, {"x": 595, "y": 849}, {"x": 585, "y": 849}], [{"x": 585, "y": 881}, {"x": 595, "y": 881}, {"x": 595, "y": 871}, {"x": 585, "y": 871}], [{"x": 585, "y": 903}, {"x": 595, "y": 903}, {"x": 595, "y": 893}, {"x": 585, "y": 893}], [{"x": 607, "y": 155}, {"x": 617, "y": 155}, {"x": 617, "y": 142}, {"x": 607, "y": 145}], [{"x": 607, "y": 177}, {"x": 617, "y": 177}, {"x": 617, "y": 167}, {"x": 607, "y": 167}], [{"x": 607, "y": 199}, {"x": 617, "y": 199}, {"x": 617, "y": 189}, {"x": 607, "y": 189}], [{"x": 607, "y": 221}, {"x": 617, "y": 221}, {"x": 617, "y": 211}, {"x": 607, "y": 211}], [{"x": 607, "y": 245}, {"x": 617, "y": 243}, {"x": 617, "y": 233}, {"x": 607, "y": 233}], [{"x": 607, "y": 265}, {"x": 617, "y": 265}, {"x": 617, "y": 255}, {"x": 607, "y": 255}], [{"x": 607, "y": 287}, {"x": 617, "y": 287}, {"x": 617, "y": 277}, {"x": 607, "y": 277}], [{"x": 607, "y": 309}, {"x": 617, "y": 309}, {"x": 617, "y": 299}, {"x": 607, "y": 299}], [{"x": 607, "y": 331}, {"x": 617, "y": 331}, {"x": 617, "y": 321}, {"x": 607, "y": 321}], [{"x": 607, "y": 357}, {"x": 617, "y": 353}, {"x": 617, "y": 343}, {"x": 607, "y": 343}], [{"x": 607, "y": 375}, {"x": 617, "y": 375}, {"x": 617, "y": 365}, {"x": 607, "y": 365}], [{"x": 607, "y": 397}, {"x": 617, "y": 397}, {"x": 617, "y": 387}, {"x": 607, "y": 387}], [{"x": 607, "y": 419}, {"x": 617, "y": 419}, {"x": 617, "y": 409}, {"x": 607, "y": 409}], [{"x": 607, "y": 441}, {"x": 617, "y": 441}, {"x": 617, "y": 431}, {"x": 607, "y": 431}], [{"x": 607, "y": 463}, {"x": 617, "y": 463}, {"x": 617, "y": 453}, {"x": 607, "y": 453}], [{"x": 607, "y": 485}, {"x": 617, "y": 485}, {"x": 617, "y": 475}, {"x": 607, "y": 475}], [{"x": 607, "y": 507}, {"x": 617, "y": 507}, {"x": 617, "y": 497}, {"x": 607, "y": 497}], [{"x": 607, "y": 529}, {"x": 617, "y": 529}, {"x": 617, "y": 519}, {"x": 607, "y": 519}], [{"x": 607, "y": 551}, {"x": 617, "y": 551}, {"x": 617, "y": 541}, {"x": 607, "y": 541}], [{"x": 607, "y": 573}, {"x": 617, "y": 573}, {"x": 617, "y": 563}, {"x": 607, "y": 563}], [{"x": 607, "y": 595}, {"x": 617, "y": 595}, {"x": 617, "y": 585}, {"x": 607, "y": 585}], [{"x": 607, "y": 617}, {"x": 617, "y": 617}, {"x": 617, "y": 607}, {"x": 607, "y": 607}], [{"x": 607, "y": 639}, {"x": 617, "y": 639}, {"x": 617, "y": 629}, {"x": 607, "y": 629}], [{"x": 607, "y": 661}, {"x": 617, "y": 661}, {"x": 617, "y": 651}, {"x": 607, "y": 651}], [{"x": 607, "y": 705}, {"x": 617, "y": 705}, {"x": 617, "y": 695}, {"x": 607, "y": 695}], [{"x": 607, "y": 727}, {"x": 617, "y": 727}, {"x": 617, "y": 717}, {"x": 607, "y": 717}], [{"x": 607, "y": 749}, {"x": 617, "y": 749}, {"x": 617, "y": 739}, {"x": 607, "y": 739}], [{"x": 607, "y": 771}, {"x": 617, "y": 771}, {"x": 617, "y": 761}, {"x": 607, "y": 761}], [{"x": 607, "y": 793}, {"x": 617, "y": 793}, {"x": 617, "y": 783}, {"x": 607, "y": 783}], [{"x": 607, "y": 815}, {"x": 617, "y": 815}, {"x": 617, "y": 805}, {"x": 607, "y": 805}], [{"x": 607, "y": 837}, {"x": 617, "y": 837}, {"x": 617, "y": 827}, {"x": 607, "y": 827}], [{"x": 607, "y": 859}, {"x": 617, "y": 859}, {"x": 617, "y": 849}, {"x": 607, "y": 849}], [{"x": 607, "y": 881}, {"x": 617, "y": 881}, {"x": 617, "y": 871}, {"x": 607, "y": 871}], [{"x": 607, "y": 903}, {"x": 617, "y": 903}, {"x": 617, "y": 893}, {"x": 607, "y": 893}], [{"x": 629, "y": 155}, {"x": 639, "y": 155}, {"x": 639, "y": 145}, {"x": 629, "y": 145}], [{"x": 629, "y": 177}, {"x": 639, "y": 177}, {"x": 639, "y": 167}, {"x": 629, "y": 167}], [{"x": 629, "y": 243}, {"x": 639, "y": 243}, {"x": 643, "y": 233}, {"x": 629, "y": 233}], [{"x": 629, "y": 287}, {"x": 639, "y": 287}, {"x": 639, "y": 277}, {"x": 629, "y": 277}], [{"x": 629, "y": 309}, {"x": 639, "y": 309}, {"x": 639, "y": 299}, {"x": 629, "y": 299}], [{"x": 629, "y": 331}, {"x": 639, "y": 331}, {"x": 639, "y": 321}, {"x": 629, "y": 321}], [{"x": 629, "y": 353}, {"x": 639, "y": 353}, {"x": 639, "y": 343}, {"x": 629, "y": 343}], [{"x": 629, "y": 375}, {"x": 639, "y": 375}, {"x": 639, "y": 365}, {"x": 629, "y": 365}], [{"x": 629, "y": 397}, {"x": 639, "y": 397}, {"x": 639, "y": 387}, {"x": 629, "y": 387}], [{"x": 629, "y": 419}, {"x": 639, "y": 421}, {"x": 639, "y": 409}, {"x": 629, "y": 409}], [{"x": 629, "y": 441}, {"x": 639, "y": 441}, {"x": 639, "y": 431}, {"x": 629, "y": 431}], [{"x": 629, "y": 463}, {"x": 639, "y": 463}, {"x": 639, "y": 453}, {"x": 629, "y": 453}], [{"x": 629, "y": 485}, {"x": 639, "y": 485}, {"x": 639, "y": 475}, {"x": 629, "y": 475}], [{"x": 629, "y": 507}, {"x": 639, "y": 507}, {"x": 639, "y": 497}, {"x": 629, "y": 497}], [{"x": 629, "y": 529}, {"x": 639, "y": 529}, {"x": 639, "y": 519}, {"x": 629, "y": 519}], [{"x": 629, "y": 551}, {"x": 639, "y": 551}, {"x": 639, "y": 541}, {"x": 629, "y": 541}], [{"x": 629, "y": 595}, {"x": 639, "y": 595}, {"x": 639, "y": 585}, {"x": 629, "y": 581}], [{"x": 629, "y": 617}, {"x": 639, "y": 617}, {"x": 639, "y": 607}, {"x": 629, "y": 607}], [{"x": 629, "y": 639}, {"x": 643, "y": 639}, {"x": 639, "y": 629}, {"x": 629, "y": 629}], [{"x": 629, "y": 661}, {"x": 639, "y": 661}, {"x": 639, "y": 651}, {"x": 629, "y": 651}], [{"x": 629, "y": 683}, {"x": 639, "y": 683}, {"x": 639, "y": 673}, {"x": 629, "y": 673}], [{"x": 629, "y": 705}, {"x": 639, "y": 705}, {"x": 641, "y": 695}, {"x": 629, "y": 695}], [{"x": 629, "y": 749}, {"x": 639, "y": 749}, {"x": 639, "y": 739}, {"x": 629, "y": 739}], [{"x": 629, "y": 793}, {"x": 639, "y": 793}, {"x": 639, "y": 783}, {"x": 629, "y": 783}], [{"x": 629, "y": 815}, {"x": 639, "y": 815}, {"x": 639, "y": 805}, {"x": 629, "y": 805}], [{"x": 629, "y": 837}, {"x": 639, "y": 837}, {"x": 639, "y": 827}, {"x": 629, "y": 827}], [{"x": 629, "y": 859}, {"x": 639, "y": 859}, {"x": 639, "y": 849}, {"x": 629, "y": 849}], [{"x": 629, "y": 881}, {"x": 639, "y": 881}, {"x": 639, "y": 871}, {"x": 629, "y": 871}], [{"x": 629, "y": 903}, {"x": 639, "y": 903}, {"x": 639, "y": 893}, {"x": 629, "y": 893}], [{"x": 651, "y": 155}, {"x": 661, "y": 155}, {"x": 661, "y": 145}, {"x": 651, "y": 145}], [{"x": 651, "y": 221}, {"x": 661, "y": 221}, {"x": 661, "y": 211}, {"x": 651, "y": 211}], [{"x": 651, "y": 265}, {"x": 661, "y": 265}, {"x": 661, "y": 255}, {"x": 651, "y": 255}], [{"x": 651, "y": 287}, {"x": 661, "y": 287}, {"x": 661, "y": 277}, {"x": 651, "y": 277}], [{"x": 651, "y": 309}, {"x": 661, "y": 309}, {"x": 661, "y": 299}, {"x": 651, "y": 299}], [{"x": 651, "y": 353}, {"x": 665, "y": 353}, {"x": 661, "y": 343}, {"x": 651, "y": 343}], [{"x": 651, "y": 397}, {"x": 661, "y": 399}, {"x": 661, "y": 387}, {"x": 651, "y": 387}], [{"x": 651, "y": 419}, {"x": 661, "y": 419}, {"x": 661, "y": 409}, {"x": 651, "y": 409}], [{"x": 651, "y": 463}, {"x": 661, "y": 463}, {"x": 661, "y": 453}, {"x": 651, "y": 453}], [{"x": 651, "y": 485}, {"x": 661, "y": 485}, {"x": 661, "y": 475}, {"x": 651, "y": 475}], [{"x": 651, "y": 507}, {"x": 661, "y": 507}, {"x": 661, "y": 497}, {"x": 651, "y": 493}], [{"x": 651, "y": 529}, {"x": 661, "y": 529}, {"x": 661, "y": 519}, {"x": 651, "y": 519}], [{"x": 651, "y": 573}, {"x": 661, "y": 573}, {"x": 661, "y": 563}, {"x": 651, "y": 563}], [{"x": 651, "y": 595}, {"x": 661, "y": 595}, {"x": 661, "y": 585}, {"x": 651, "y": 585}], [{"x": 651, "y": 617}, {"x": 661, "y": 617}, {"x": 661, "y": 607}, {"x": 651, "y": 607}], [{"x": 651, "y": 639}, {"x": 661, "y": 639}, {"x": 661, "y": 629}, {"x": 651, "y": 629}], [{"x": 651, "y": 661}, {"x": 661, "y": 661}, {"x": 661, "y": 651}, {"x": 651, "y": 651}], [{"x": 651, "y": 683}, {"x": 661, "y": 683}, {"x": 661, "y": 673}, {"x": 651, "y": 673}], [{"x": 651, "y": 705}, {"x": 661, "y": 705}, {"x": 661, "y": 695}, {"x": 651, "y": 695}], [{"x": 651, "y": 727}, {"x": 661, "y": 727}, {"x": 661, "y": 717}, {"x": 651, "y": 717}], [{"x": 651, "y": 749}, {"x": 661, "y": 749}, {"x": 661, "y": 739}, {"x": 651, "y": 739}], [{"x": 651, "y": 771}, {"x": 661, "y": 771}, {"x": 661, "y": 761}, {"x": 651, "y": 761}], [{"x": 651, "y": 815}, {"x": 661, "y": 815}, {"x": 661, "y": 805}, {"x": 651, "y": 805}], [{"x": 651, "y": 837}, {"x": 661, "y": 837}, {"x": 661, "y": 827}, {"x": 651, "y": 827}], [{"x": 651, "y": 860}, {"x": 661, "y": 859}, {"x": 661, "y": 849}, {"x": 651, "y": 849}], [{"x": 651, "y": 881}, {"x": 661, "y": 881}, {"x": 661, "y": 871}, {"x": 651, "y": 871}], [{"x": 651, "y": 903}, {"x": 661, "y": 903}, {"x": 661, "y": 893}, {"x": 651, "y": 893}], [{"x": 673, "y": 155}, {"x": 687, "y": 155}, {"x": 683, "y": 145}, {"x": 673, "y": 145}], [{"x": 673, "y": 177}, {"x": 683, "y": 177}, {"x": 683, "y": 167}, {"x": 673, "y": 167}], [{"x": 673, "y": 199}, {"x": 683, "y": 199}, {"x": 683, "y": 189}, {"x": 673, "y": 189}], [{"x": 673, "y": 221}, {"x": 683, "y": 221}, {"x": 683, "y": 211}, {"x": 673, "y": 211}], [{"x": 673, "y": 243}, {"x": 683, "y": 243}, {"x": 683, "y": 233}, {"x": 673, "y": 233}], [{"x": 673, "y": 265}, {"x": 683, "y": 265}, {"x": 683, "y": 255}, {"x": 673, "y": 255}], [{"x": 673, "y": 287}, {"x": 683, "y": 287}, {"x": 683, "y": 277}, {"x": 673, "y": 277}], [{"x": 673, "y": 309}, {"x": 683, "y": 309}, {"x": 683, "y": 299}, {"x": 673, "y": 299}], [{"x": 673, "y": 331}, {"x": 683, "y": 331}, {"x": 683, "y": 321}, {"x": 673, "y": 321}], [{"x": 673, "y": 353}, {"x": 683, "y": 353}, {"x": 683, "y": 343}, {"x": 673, "y": 343}], [{"x": 673, "y": 397}, {"x": 683, "y": 397}, {"x": 683, "y": 387}, {"x": 673, "y": 387}], [{"x": 673, "y": 419}, {"x": 683, "y": 419}, {"x": 683, "y": 409}, {"x": 673, "y": 409}], [{"x": 673, "y": 441}, {"x": 683, "y": 441}, {"x": 683, "y": 431}, {"x": 673, "y": 431}], [{"x": 673, "y": 463}, {"x": 683, "y": 463}, {"x": 683, "y": 453}, {"x": 673, "y": 453}], [{"x": 673, "y": 485}, {"x": 683, "y": 485}, {"x": 683, "y": 475}, {"x": 673, "y": 475}], [{"x": 673, "y": 507}, {"x": 683, "y": 511}, {"x": 683, "y": 497}, {"x": 673, "y": 497}], [{"x": 673, "y": 529}, {"x": 683, "y": 529}, {"x": 683, "y": 519}, {"x": 673, "y": 519}], [{"x": 673, "y": 551}, {"x": 683, "y": 551}, {"x": 683, "y": 541}, {"x": 673, "y": 541}], [{"x": 673, "y": 573}, {"x": 683, "y": 573}, {"x": 683, "y": 563}, {"x": 673, "y": 563}], [{"x": 673, "y": 595}, {"x": 683, "y": 595}, {"x": 683, "y": 585}, {"x": 673, "y": 585}], [{"x": 673, "y": 617}, {"x": 683, "y": 617}, {"x": 683, "y": 607}, {"x": 673, "y": 607}], [{"x": 673, "y": 661}, {"x": 683, "y": 661}, {"x": 683, "y": 651}, {"x": 673, "y": 651}], [{"x": 673, "y": 683}, {"x": 683, "y": 683}, {"x": 683, "y": 673}, {"x": 673, "y": 673}], [{"x": 673, "y": 705}, {"x": 683, "y": 705}, {"x": 683, "y": 695}, {"x": 673, "y": 695}], [{"x": 673, "y": 727}, {"x": 683, "y": 727}, {"x": 683, "y": 717}, {"x": 673, "y": 717}], [{"x": 673, "y": 749}, {"x": 683, "y": 749}, {"x": 683, "y": 739}, {"x": 673, "y": 739}], [{"x": 673, "y": 771}, {"x": 683, "y": 771}, {"x": 683, "y": 761}, {"x": 673, "y": 761}], [{"x": 673, "y": 793}, {"x": 683, "y": 793}, {"x": 683, "y": 783}, {"x": 673, "y": 783}], [{"x": 673, "y": 815}, {"x": 683, "y": 815}, {"x": 683, "y": 805}, {"x": 673, "y": 805}], [{"x": 673, "y": 837}, {"x": 683, "y": 837}, {"x": 683, "y": 827}, {"x": 673, "y": 827}], [{"x": 673, "y": 859}, {"x": 683, "y": 859}, {"x": 683, "y": 849}, {"x": 673, "y": 849}], [{"x": 673, "y": 881}, {"x": 683, "y": 881}, {"x": 683, "y": 871}, {"x": 673, "y": 871}], [{"x": 695, "y": 133}, {"x": 705, "y": 133}, {"x": 705, "y": 123}, {"x": 695, "y": 123}], [{"x": 695, "y": 155}, {"x": 705, "y": 155}, {"x": 705, "y": 145}, {"x": 695, "y": 145}], [{"x": 692, "y": 199}, {"x": 705, "y": 199}, {"x": 705, "y": 189}, {"x": 695, "y": 189}], [{"x": 695, "y": 221}, {"x": 705, "y": 221}, {"x": 705, "y": 211}, {"x": 695, "y": 211}], [{"x": 695, "y": 243}, {"x": 705, "y": 243}, {"x": 705, "y": 233}, {"x": 695, "y": 233}], [{"x": 695, "y": 265}, {"x": 705, "y": 265}, {"x": 705, "y": 255}, {"x": 695, "y": 255}], [{"x": 695, "y": 287}, {"x": 705, "y": 287}, {"x": 705, "y": 277}, {"x": 695, "y": 277}], [{"x": 695, "y": 309}, {"x": 705, "y": 309}, {"x": 705, "y": 299}, {"x": 695, "y": 299}], [{"x": 695, "y": 331}, {"x": 705, "y": 331}, {"x": 705, "y": 321}, {"x": 695, "y": 321}], [{"x": 695, "y": 353}, {"x": 705, "y": 353}, {"x": 705, "y": 343}, {"x": 695, "y": 343}], [{"x": 695, "y": 375}, {"x": 705, "y": 375}, {"x": 705, "y": 365}, {"x": 695, "y": 365}], [{"x": 695, "y": 397}, {"x": 705, "y": 397}, {"x": 705, "y": 387}, {"x": 695, "y": 387}], [{"x": 695, "y": 419}, {"x": 705, "y": 419}, {"x": 705, "y": 409}, {"x": 695, "y": 409}], [{"x": 695, "y": 441}, {"x": 705, "y": 441}, {"x": 705, "y": 431}, {"x": 695, "y": 431}], [{"x": 695, "y": 463}, {"x": 705, "y": 463}, {"x": 705, "y": 453}, {"x": 695, "y": 453}], [{"x": 695, "y": 485}, {"x": 705, "y": 485}, {"x": 705, "y": 475}, {"x": 695, "y": 475}], [{"x": 695, "y": 507}, {"x": 705, "y": 507}, {"x": 705, "y": 497}, {"x": 695, "y": 497}], [{"x": 695, "y": 529}, {"x": 705, "y": 529}, {"x": 705, "y": 519}, {"x": 695, "y": 519}], [{"x": 695, "y": 551}, {"x": 705, "y": 551}, {"x": 705, "y": 541}, {"x": 695, "y": 541}], [{"x": 695, "y": 573}, {"x": 705, "y": 573}, {"x": 705, "y": 563}, {"x": 695, "y": 563}], [{"x": 695, "y": 595}, {"x": 705, "y": 595}, {"x": 705, "y": 585}, {"x": 695, "y": 585}], [{"x": 695, "y": 617}, {"x": 705, "y": 617}, {"x": 705, "y": 607}, {"x": 695, "y": 607}], [{"x": 695, "y": 639}, {"x": 705, "y": 639}, {"x": 705, "y": 629}, {"x": 695, "y": 629}], [{"x": 695, "y": 661}, {"x": 705, "y": 661}, {"x": 705, "y": 651}, {"x": 695, "y": 651}], [{"x": 695, "y": 683}, {"x": 705, "y": 683}, {"x": 705, "y": 673}, {"x": 695, "y": 673}], [{"x": 695, "y": 705}, {"x": 705, "y": 705}, {"x": 705, "y": 695}, {"x": 695, "y": 695}], [{"x": 695, "y": 749}, {"x": 705, "y": 749}, {"x": 705, "y": 739}, {"x": 695, "y": 739}], [{"x": 695, "y": 771}, {"x": 705, "y": 771}, {"x": 705, "y": 761}, {"x": 695, "y": 761}], [{"x": 695, "y": 793}, {"x": 705, "y": 793}, {"x": 705, "y": 783}, {"x": 695, "y": 783}], [{"x": 695, "y": 815}, {"x": 705, "y": 815}, {"x": 705, "y": 805}, {"x": 695, "y": 805}], [{"x": 695, "y": 837}, {"x": 705, "y": 837}, {"x": 705, "y": 827}, {"x": 695, "y": 827}], [{"x": 695, "y": 859}, {"x": 705, "y": 859}, {"x": 705, "y": 849}, {"x": 695, "y": 849}], [{"x": 695, "y": 881}, {"x": 705, "y": 881}, {"x": 705, "y": 871}, {"x": 695, "y": 871}], [{"x": 695, "y": 903}, {"x": 705, "y": 903}, {"x": 705, "y": 893}, {"x": 695, "y": 893}], [{"x": 717, "y": 133}, {"x": 727, "y": 133}, {"x": 727, "y": 123}, {"x": 717, "y": 123}], [{"x": 717, "y": 155}, {"x": 727, "y": 155}, {"x": 729, "y": 145}, {"x": 717, "y": 145}], [{"x": 717, "y": 177}, {"x": 727, "y": 177}, {"x": 727, "y": 167}, {"x": 717, "y": 167}], [{"x": 717, "y": 199}, {"x": 727, "y": 199}, {"x": 727, "y": 189}, {"x": 717, "y": 189}], [{"x": 717, "y": 221}, {"x": 727, "y": 221}, {"x": 727, "y": 211}, {"x": 717, "y": 211}], [{"x": 717, "y": 243}, {"x": 727, "y": 243}, {"x": 727, "y": 233}, {"x": 717, "y": 233}], [{"x": 717, "y": 265}, {"x": 727, "y": 265}, {"x": 727, "y": 255}, {"x": 717, "y": 255}], [{"x": 717, "y": 287}, {"x": 727, "y": 287}, {"x": 727, "y": 277}, {"x": 717, "y": 277}], [{"x": 717, "y": 309}, {"x": 727, "y": 309}, {"x": 727, "y": 299}, {"x": 717, "y": 299}], [{"x": 717, "y": 331}, {"x": 727, "y": 331}, {"x": 727, "y": 321}, {"x": 717, "y": 321}], [{"x": 717, "y": 353}, {"x": 727, "y": 353}, {"x": 727, "y": 343}, {"x": 717, "y": 343}], [{"x": 717, "y": 397}, {"x": 727, "y": 397}, {"x": 727, "y": 387}, {"x": 717, "y": 387}], [{"x": 717, "y": 419}, {"x": 727, "y": 419}, {"x": 727, "y": 409}, {"x": 717, "y": 409}], [{"x": 717, "y": 441}, {"x": 727, "y": 441}, {"x": 727, "y": 431}, {"x": 717, "y": 431}], [{"x": 717, "y": 463}, {"x": 727, "y": 463}, {"x": 727, "y": 453}, {"x": 717, "y": 453}], [{"x": 717, "y": 485}, {"x": 727, "y": 485}, {"x": 727, "y": 475}, {"x": 717, "y": 475}], [{"x": 717, "y": 507}, {"x": 727, "y": 507}, {"x": 727, "y": 497}, {"x": 717, "y": 497}], [{"x": 717, "y": 551}, {"x": 727, "y": 551}, {"x": 727, "y": 541}, {"x": 717, "y": 541}], [{"x": 717, "y": 573}, {"x": 727, "y": 573}, {"x": 727, "y": 563}, {"x": 717, "y": 563}], [{"x": 717, "y": 595}, {"x": 727, "y": 595}, {"x": 727, "y": 585}, {"x": 717, "y": 585}], [{"x": 717, "y": 617}, {"x": 727, "y": 617}, {"x": 731, "y": 607}, {"x": 717, "y": 607}], [{"x": 717, "y": 639}, {"x": 727, "y": 639}, {"x": 727, "y": 629}, {"x": 717, "y": 629}], [{"x": 717, "y": 661}, {"x": 727, "y": 661}, {"x": 727, "y": 651}, {"x": 717, "y": 651}], [{"x": 717, "y": 683}, {"x": 727, "y": 683}, {"x": 727, "y": 673}, {"x": 717, "y": 673}], [{"x": 717, "y": 705}, {"x": 727, "y": 705}, {"x": 727, "y": 695}, {"x": 717, "y": 695}], [{"x": 717, "y": 727}, {"x": 727, "y": 727}, {"x": 727, "y": 717}, {"x": 717, "y": 717}], [{"x": 717, "y": 749}, {"x": 727, "y": 749}, {"x": 727, "y": 739}, {"x": 717, "y": 739}], [{"x": 717, "y": 771}, {"x": 727, "y": 771}, {"x": 727, "y": 761}, {"x": 717, "y": 761}], [{"x": 717, "y": 793}, {"x": 727, "y": 793}, {"x": 727, "y": 783}, {"x": 717, "y": 783}], [{"x": 717, "y": 815}, {"x": 727, "y": 815}, {"x": 727, "y": 805}, {"x": 717, "y": 805}], [{"x": 717, "y": 859}, {"x": 727, "y": 859}, {"x": 727, "y": 849}, {"x": 717, "y": 849}], [{"x": 717, "y": 881}, {"x": 727, "y": 881}, {"x": 727, "y": 871}, {"x": 717, "y": 871}], [{"x": 717, "y": 903}, {"x": 727, "y": 903}, {"x": 727, "y": 893}, {"x": 717, "y": 893}], [{"x": 739, "y": 133}, {"x": 749, "y": 133}, {"x": 749, "y": 123}, {"x": 739, "y": 119}], [{"x": 739, "y": 155}, {"x": 749, "y": 155}, {"x": 749, "y": 145}, {"x": 739, "y": 145}], [{"x": 739, "y": 177}, {"x": 749, "y": 177}, {"x": 749, "y": 167}, {"x": 739, "y": 167}], [{"x": 739, "y": 199}, {"x": 749, "y": 199}, {"x": 749, "y": 189}, {"x": 739, "y": 189}], [{"x": 739, "y": 221}, {"x": 749, "y": 221}, {"x": 749, "y": 211}, {"x": 739, "y": 211}], [{"x": 739, "y": 243}, {"x": 749, "y": 243}, {"x": 749, "y": 233}, {"x": 739, "y": 233}], [{"x": 739, "y": 265}, {"x": 749, "y": 265}, {"x": 749, "y": 255}, {"x": 739, "y": 255}], [{"x": 739, "y": 287}, {"x": 749, "y": 287}, {"x": 749, "y": 277}, {"x": 739, "y": 277}], [{"x": 739, "y": 309}, {"x": 749, "y": 309}, {"x": 749, "y": 299}, {"x": 739, "y": 299}], [{"x": 739, "y": 331}, {"x": 749, "y": 331}, {"x": 749, "y": 319}, {"x": 739, "y": 321}], [{"x": 739, "y": 353}, {"x": 749, "y": 353}, {"x": 749, "y": 343}, {"x": 739, "y": 343}], [{"x": 739, "y": 375}, {"x": 749, "y": 375}, {"x": 749, "y": 365}, {"x": 739, "y": 365}], [{"x": 739, "y": 397}, {"x": 749, "y": 397}, {"x": 749, "y": 387}, {"x": 739, "y": 387}], [{"x": 739, "y": 419}, {"x": 749, "y": 419}, {"x": 749, "y": 409}, {"x": 739, "y": 409}], [{"x": 739, "y": 441}, {"x": 749, "y": 441}, {"x": 749, "y": 431}, {"x": 739, "y": 431}], [{"x": 739, "y": 463}, {"x": 749, "y": 463}, {"x": 749, "y": 453}, {"x": 739, "y": 453}], [{"x": 739, "y": 529}, {"x": 749, "y": 529}, {"x": 749, "y": 519}, {"x": 739, "y": 519}], [{"x": 739, "y": 551}, {"x": 749, "y": 551}, {"x": 749, "y": 541}, {"x": 739, "y": 541}], [{"x": 739, "y": 573}, {"x": 749, "y": 573}, {"x": 749, "y": 563}, {"x": 739, "y": 563}], [{"x": 739, "y": 595}, {"x": 749, "y": 595}, {"x": 749, "y": 585}, {"x": 739, "y": 585}], [{"x": 739, "y": 617}, {"x": 749, "y": 617}, {"x": 749, "y": 607}, {"x": 739, "y": 607}], [{"x": 739, "y": 639}, {"x": 749, "y": 639}, {"x": 749, "y": 629}, {"x": 739, "y": 629}], [{"x": 739, "y": 661}, {"x": 749, "y": 661}, {"x": 749, "y": 651}, {"x": 739, "y": 651}], [{"x": 736, "y": 683}, {"x": 749, "y": 683}, {"x": 749, "y": 673}, {"x": 739, "y": 673}], [{"x": 739, "y": 705}, {"x": 749, "y": 705}, {"x": 749, "y": 695}, {"x": 739, "y": 695}], [{"x": 739, "y": 727}, {"x": 749, "y": 727}, {"x": 749, "y": 717}, {"x": 739, "y": 717}], [{"x": 739, "y": 749}, {"x": 749, "y": 749}, {"x": 749, "y": 739}, {"x": 739, "y": 739}], [{"x": 739, "y": 771}, {"x": 749, "y": 771}, {"x": 749, "y": 761}, {"x": 739, "y": 761}], [{"x": 739, "y": 793}, {"x": 749, "y": 793}, {"x": 749, "y": 783}, {"x": 739, "y": 783}], [{"x": 739, "y": 815}, {"x": 749, "y": 815}, {"x": 749, "y": 805}, {"x": 739, "y": 805}], [{"x": 739, "y": 837}, {"x": 749, "y": 837}, {"x": 749, "y": 827}, {"x": 739, "y": 827}], [{"x": 739, "y": 881}, {"x": 749, "y": 881}, {"x": 749, "y": 871}, {"x": 739, "y": 871}], [{"x": 739, "y": 903}, {"x": 749, "y": 903}, {"x": 749, "y": 893}, {"x": 739, "y": 893}], [{"x": 761, "y": 111}, {"x": 771, "y": 111}, {"x": 771, "y": 101}, {"x": 761, "y": 101}], [{"x": 761, "y": 133}, {"x": 771, "y": 133}, {"x": 771, "y": 123}, {"x": 761, "y": 123}], [{"x": 761, "y": 177}, {"x": 771, "y": 177}, {"x": 771, "y": 167}, {"x": 761, "y": 167}], [{"x": 761, "y": 199}, {"x": 771, "y": 199}, {"x": 771, "y": 189}, {"x": 761, "y": 189}], [{"x": 761, "y": 221}, {"x": 771, "y": 221}, {"x": 771, "y": 211}, {"x": 761, "y": 211}], [{"x": 761, "y": 243}, {"x": 771, "y": 243}, {"x": 771, "y": 233}, {"x": 761, "y": 233}], [{"x": 761, "y": 265}, {"x": 771, "y": 265}, {"x": 771, "y": 255}, {"x": 761, "y": 255}], [{"x": 761, "y": 287}, {"x": 771, "y": 287}, {"x": 771, "y": 277}, {"x": 761, "y": 277}], [{"x": 761, "y": 309}, {"x": 771, "y": 309}, {"x": 771, "y": 299}, {"x": 761, "y": 299}], [{"x": 761, "y": 331}, {"x": 771, "y": 331}, {"x": 771, "y": 321}, {"x": 761, "y": 321}], [{"x": 761, "y": 353}, {"x": 771, "y": 353}, {"x": 771, "y": 343}, {"x": 761, "y": 343}], [{"x": 761, "y": 419}, {"x": 771, "y": 419}, {"x": 771, "y": 409}, {"x": 761, "y": 409}], [{"x": 761, "y": 441}, {"x": 771, "y": 441}, {"x": 771, "y": 431}, {"x": 761, "y": 431}], [{"x": 761, "y": 463}, {"x": 771, "y": 463}, {"x": 771, "y": 453}, {"x": 761, "y": 453}], [{"x": 761, "y": 485}, {"x": 771, "y": 485}, {"x": 771, "y": 475}, {"x": 761, "y": 475}], [{"x": 761, "y": 507}, {"x": 771, "y": 507}, {"x": 771, "y": 497}, {"x": 761, "y": 497}], [{"x": 761, "y": 551}, {"x": 771, "y": 551}, {"x": 771, "y": 541}, {"x": 761, "y": 541}], [{"x": 761, "y": 573}, {"x": 771, "y": 573}, {"x": 771, "y": 563}, {"x": 761, "y": 563}], [{"x": 761, "y": 595}, {"x": 771, "y": 595}, {"x": 771, "y": 585}, {"x": 761, "y": 585}], [{"x": 761, "y": 617}, {"x": 771, "y": 617}, {"x": 771, "y": 607}, {"x": 761, "y": 607}], [{"x": 761, "y": 639}, {"x": 771, "y": 639}, {"x": 771, "y": 629}, {"x": 761, "y": 629}], [{"x": 761, "y": 661}, {"x": 771, "y": 661}, {"x": 771, "y": 651}, {"x": 761, "y": 651}], [{"x": 761, "y": 683}, {"x": 771, "y": 683}, {"x": 771, "y": 673}, {"x": 760, "y": 673}], [{"x": 761, "y": 705}, {"x": 771, "y": 705}, {"x": 771, "y": 695}, {"x": 761, "y": 695}], [{"x": 761, "y": 727}, {"x": 771, "y": 727}, {"x": 771, "y": 717}, {"x": 761, "y": 717}], [{"x": 761, "y": 749}, {"x": 771, "y": 749}, {"x": 771, "y": 739}, {"x": 761, "y": 739}], [{"x": 761, "y": 771}, {"x": 771, "y": 771}, {"x": 771, "y": 761}, {"x": 761, "y": 761}], [{"x": 761, "y": 815}, {"x": 771, "y": 815}, {"x": 771, "y": 805}, {"x": 761, "y": 805}], [{"x": 761, "y": 837}, {"x": 771, "y": 837}, {"x": 771, "y": 827}, {"x": 761, "y": 827}], [{"x": 761, "y": 859}, {"x": 771, "y": 861}, {"x": 771, "y": 849}, {"x": 761, "y": 849}], [{"x": 761, "y": 881}, {"x": 771, "y": 881}, {"x": 771, "y": 871}, {"x": 761, "y": 871}], [{"x": 783, "y": 111}, {"x": 793, "y": 111}, {"x": 793, "y": 101}, {"x": 783, "y": 101}], [{"x": 783, "y": 133}, {"x": 793, "y": 133}, {"x": 793, "y": 123}, {"x": 783, "y": 123}], [{"x": 783, "y": 155}, {"x": 793, "y": 155}, {"x": 793, "y": 145}, {"x": 783, "y": 145}], [{"x": 783, "y": 177}, {"x": 793, "y": 177}, {"x": 793, "y": 167}, {"x": 783, "y": 167}], [{"x": 783, "y": 243}, {"x": 793, "y": 243}, {"x": 793, "y": 233}, {"x": 783, "y": 233}], [{"x": 783, "y": 265}, {"x": 793, "y": 265}, {"x": 793, "y": 255}, {"x": 783, "y": 255}], [{"x": 783, "y": 287}, {"x": 793, "y": 287}, {"x": 793, "y": 277}, {"x": 783, "y": 277}], [{"x": 783, "y": 309}, {"x": 793, "y": 309}, {"x": 793, "y": 299}, {"x": 783, "y": 299}], [{"x": 783, "y": 331}, {"x": 793, "y": 331}, {"x": 793, "y": 321}, {"x": 783, "y": 321}], [{"x": 783, "y": 353}, {"x": 793, "y": 353}, {"x": 793, "y": 343}, {"x": 783, "y": 343}], [{"x": 783, "y": 397}, {"x": 793, "y": 397}, {"x": 793, "y": 387}, {"x": 783, "y": 387}], [{"x": 783, "y": 419}, {"x": 793, "y": 419}, {"x": 793, "y": 409}, {"x": 783, "y": 409}], [{"x": 783, "y": 441}, {"x": 793, "y": 441}, {"x": 793, "y": 431}, {"x": 783, "y": 431}], [{"x": 783, "y": 463}, {"x": 793, "y": 463}, {"x": 793, "y": 453}, {"x": 783, "y": 453}], [{"x": 783, "y": 485}, {"x": 793, "y": 485}, {"x": 793, "y": 475}, {"x": 783, "y": 475}], [{"x": 783, "y": 507}, {"x": 793, "y": 507}, {"x": 793, "y": 497}, {"x": 783, "y": 497}], [{"x": 783, "y": 529}, {"x": 793, "y": 529}, {"x": 793, "y": 519}, {"x": 783, "y": 519}], [{"x": 783, "y": 551}, {"x": 793, "y": 551}, {"x": 793, "y": 541}, {"x": 783, "y": 541}], [{"x": 783, "y": 573}, {"x": 793, "y": 573}, {"x": 793, "y": 563}, {"x": 783, "y": 563}], [{"x": 783, "y": 595}, {"x": 793, "y": 595}, {"x": 793, "y": 585}, {"x": 783, "y": 585}], [{"x": 783, "y": 617}, {"x": 793, "y": 617}, {"x": 793, "y": 607}, {"x": 783, "y": 607}], [{"x": 783, "y": 639}, {"x": 793, "y": 639}, {"x": 793, "y": 629}, {"x": 783, "y": 629}], [{"x": 783, "y": 661}, {"x": 793, "y": 661}, {"x": 793, "y": 651}, {"x": 783, "y": 651}], [{"x": 783, "y": 683}, {"x": 793, "y": 683}, {"x": 793, "y": 673}, {"x": 783, "y": 673}], [{"x": 783, "y": 705}, {"x": 793, "y": 705}, {"x": 793, "y": 695}, {"x": 783, "y": 695}], [{"x": 783, "y": 727}, {"x": 793, "y": 727}, {"x": 793, "y": 717}, {"x": 783, "y": 717}], [{"x": 783, "y": 749}, {"x": 794, "y": 749}, {"x": 793, "y": 739}, {"x": 783, "y": 739}], [{"x": 783, "y": 771}, {"x": 793, "y": 771}, {"x": 793, "y": 761}, {"x": 783, "y": 761}], [{"x": 805, "y": 111}, {"x": 815, "y": 111}, {"x": 815, "y": 101}, {"x": 805, "y": 101}], [{"x": 805, "y": 133}, {"x": 815, "y": 133}, {"x": 815, "y": 123}, {"x": 805, "y": 123}], [{"x": 805, "y": 177}, {"x": 815, "y": 177}, {"x": 815, "y": 167}, {"x": 805, "y": 167}], [{"x": 805, "y": 199}, {"x": 815, "y": 199}, {"x": 815, "y": 189}, {"x": 805, "y": 189}], [{"x": 805, "y": 221}, {"x": 815, "y": 221}, {"x": 815, "y": 211}, {"x": 805, "y": 211}], [{"x": 805, "y": 243}, {"x": 815, "y": 243}, {"x": 815, "y": 233}, {"x": 805, "y": 233}], [{"x": 805, "y": 265}, {"x": 815, "y": 265}, {"x": 815, "y": 255}, {"x": 805, "y": 255}], [{"x": 805, "y": 287}, {"x": 815, "y": 287}, {"x": 815, "y": 277}, {"x": 805, "y": 277}], [{"x": 805, "y": 309}, {"x": 815, "y": 309}, {"x": 815, "y": 299}, {"x": 805, "y": 299}], [{"x": 805, "y": 331}, {"x": 815, "y": 331}, {"x": 815, "y": 321}, {"x": 805, "y": 321}], [{"x": 805, "y": 353}, {"x": 815, "y": 353}, {"x": 815, "y": 343}, {"x": 805, "y": 343}], [{"x": 805, "y": 375}, {"x": 815, "y": 375}, {"x": 815, "y": 365}, {"x": 805, "y": 365}], [{"x": 805, "y": 397}, {"x": 815, "y": 397}, {"x": 815, "y": 387}, {"x": 805, "y": 387}], [{"x": 805, "y": 419}, {"x": 815, "y": 419}, {"x": 815, "y": 409}, {"x": 805, "y": 409}], [{"x": 805, "y": 463}, {"x": 815, "y": 463}, {"x": 815, "y": 453}, {"x": 805, "y": 453}], [{"x": 805, "y": 485}, {"x": 815, "y": 485}, {"x": 815, "y": 475}, {"x": 805, "y": 475}], [{"x": 805, "y": 507}, {"x": 815, "y": 507}, {"x": 815, "y": 497}, {"x": 805, "y": 497}], [{"x": 805, "y": 551}, {"x": 815, "y": 551}, {"x": 815, "y": 541}, {"x": 805, "y": 541}], [{"x": 805, "y": 573}, {"x": 815, "y": 573}, {"x": 815, "y": 563}, {"x": 805, "y": 563}], [{"x": 805, "y": 595}, {"x": 815, "y": 595}, {"x": 815, "y": 585}, {"x": 805, "y": 585}], [{"x": 805, "y": 617}, {"x": 815, "y": 617}, {"x": 815, "y": 607}, {"x": 805, "y": 607}], [{"x": 805, "y": 639}, {"x": 818, "y": 639}, {"x": 815, "y": 629}, {"x": 805, "y": 629}], [{"x": 827, "y": 441}, {"x": 837, "y": 441}, {"x": 837, "y": 431}, {"x": 827, "y": 431}], [{"x": 827, "y": 463}, {"x": 837, "y": 463}, {"x": 837, "y": 453}, {"x": 827, "y": 453}], [{"x": 827, "y": 485}, {"x": 837, "y": 485}, {"x": 838, "y": 475}, {"x": 827, "y": 475}], [{"x": 827, "y": 507}, {"x": 837, "y": 507}, {"x": 837, "y": 497}, {"x": 827, "y": 497}]]}