{"type": "CGSHOP2023_Instance", "name": "maze_2604_250_05_00", "n": 2084, "outer_boundary": [{"x": 217, "y": 2}, {"x": 500, "y": 117}, {"x": 951, "y": 135}, {"x": 812, "y": 500}, {"x": 780, "y": 899}, {"x": 500, "y": 863}, {"x": 77, "y": 789}, {"x": 44, "y": 500}], "holes": [[{"x": 72, "y": 458}, {"x": 82, "y": 458}, {"x": 82, "y": 448}, {"x": 72, "y": 448}], [{"x": 72, "y": 502}, {"x": 82, "y": 502}, {"x": 82, "y": 492}, {"x": 72, "y": 492}], [{"x": 72, "y": 524}, {"x": 82, "y": 524}, {"x": 82, "y": 514}, {"x": 72, "y": 514}], [{"x": 72, "y": 612}, {"x": 82, "y": 612}, {"x": 82, "y": 602}, {"x": 72, "y": 602}], [{"x": 72, "y": 656}, {"x": 82, "y": 656}, {"x": 82, "y": 646}, {"x": 72, "y": 646}], [{"x": 72, "y": 678}, {"x": 82, "y": 678}, {"x": 82, "y": 668}, {"x": 72, "y": 668}], [{"x": 94, "y": 392}, {"x": 104, "y": 392}, {"x": 104, "y": 382}, {"x": 94, "y": 382}], [{"x": 94, "y": 414}, {"x": 104, "y": 414}, {"x": 104, "y": 404}, {"x": 94, "y": 404}], [{"x": 94, "y": 436}, {"x": 104, "y": 436}, {"x": 104, "y": 426}, {"x": 94, "y": 426}], [{"x": 94, "y": 480}, {"x": 104, "y": 480}, {"x": 104, "y": 470}, {"x": 94, "y": 470}], [{"x": 94, "y": 502}, {"x": 104, "y": 502}, {"x": 104, "y": 492}, {"x": 94, "y": 492}], [{"x": 94, "y": 546}, {"x": 104, "y": 546}, {"x": 104, "y": 536}, {"x": 94, "y": 536}], [{"x": 94, "y": 612}, {"x": 104, "y": 612}, {"x": 104, "y": 602}, {"x": 94, "y": 602}], [{"x": 94, "y": 634}, {"x": 104, "y": 634}, {"x": 104, "y": 624}, {"x": 94, "y": 624}], [{"x": 94, "y": 656}, {"x": 104, "y": 656}, {"x": 104, "y": 646}, {"x": 94, "y": 646}], [{"x": 116, "y": 348}, {"x": 126, "y": 348}, {"x": 126, "y": 338}, {"x": 116, "y": 338}], [{"x": 116, "y": 370}, {"x": 126, "y": 370}, {"x": 126, "y": 360}, {"x": 116, "y": 360}], [{"x": 116, "y": 392}, {"x": 126, "y": 392}, {"x": 126, "y": 382}, {"x": 116, "y": 382}], [{"x": 116, "y": 414}, {"x": 126, "y": 414}, {"x": 126, "y": 404}, {"x": 116, "y": 404}], [{"x": 116, "y": 436}, {"x": 126, "y": 436}, {"x": 126, "y": 426}, {"x": 116, "y": 426}], [{"x": 116, "y": 480}, {"x": 126, "y": 480}, {"x": 126, "y": 470}, {"x": 116, "y": 470}], [{"x": 116, "y": 502}, {"x": 126, "y": 502}, {"x": 126, "y": 492}, {"x": 116, "y": 492}], [{"x": 116, "y": 524}, {"x": 126, "y": 524}, {"x": 126, "y": 514}, {"x": 116, "y": 514}], [{"x": 116, "y": 546}, {"x": 126, "y": 546}, {"x": 126, "y": 536}, {"x": 116, "y": 536}], [{"x": 116, "y": 634}, {"x": 126, "y": 634}, {"x": 126, "y": 624}, {"x": 116, "y": 624}], [{"x": 116, "y": 656}, {"x": 126, "y": 656}, {"x": 126, "y": 646}, {"x": 116, "y": 646}], [{"x": 116, "y": 700}, {"x": 126, "y": 700}, {"x": 126, "y": 690}, {"x": 116, "y": 690}], [{"x": 116, "y": 788}, {"x": 126, "y": 788}, {"x": 126, "y": 778}, {"x": 116, "y": 778}], [{"x": 138, "y": 304}, {"x": 148, "y": 304}, {"x": 148, "y": 294}, {"x": 138, "y": 294}], [{"x": 138, "y": 326}, {"x": 148, "y": 326}, {"x": 148, "y": 316}, {"x": 138, "y": 316}], [{"x": 138, "y": 436}, {"x": 148, "y": 436}, {"x": 148, "y": 426}, {"x": 138, "y": 426}], [{"x": 138, "y": 524}, {"x": 148, "y": 524}, {"x": 148, "y": 514}, {"x": 138, "y": 514}], [{"x": 138, "y": 568}, {"x": 148, "y": 568}, {"x": 148, "y": 558}, {"x": 138, "y": 558}], [{"x": 138, "y": 634}, {"x": 148, "y": 634}, {"x": 148, "y": 624}, {"x": 138, "y": 624}], [{"x": 138, "y": 700}, {"x": 148, "y": 700}, {"x": 148, "y": 690}, {"x": 138, "y": 690}], [{"x": 160, "y": 216}, {"x": 170, "y": 216}, {"x": 170, "y": 206}, {"x": 160, "y": 206}], [{"x": 160, "y": 238}, {"x": 170, "y": 238}, {"x": 170, "y": 228}, {"x": 160, "y": 228}], [{"x": 160, "y": 260}, {"x": 170, "y": 260}, {"x": 170, "y": 250}, {"x": 160, "y": 250}], [{"x": 160, "y": 304}, {"x": 170, "y": 304}, {"x": 170, "y": 294}, {"x": 160, "y": 294}], [{"x": 160, "y": 326}, {"x": 170, "y": 326}, {"x": 170, "y": 316}, {"x": 160, "y": 316}], [{"x": 160, "y": 348}, {"x": 170, "y": 348}, {"x": 170, "y": 338}, {"x": 160, "y": 338}], [{"x": 160, "y": 370}, {"x": 170, "y": 370}, {"x": 170, "y": 360}, {"x": 160, "y": 360}], [{"x": 160, "y": 414}, {"x": 170, "y": 414}, {"x": 170, "y": 404}, {"x": 160, "y": 404}], [{"x": 160, "y": 436}, {"x": 170, "y": 436}, {"x": 170, "y": 426}, {"x": 160, "y": 426}], [{"x": 160, "y": 458}, {"x": 170, "y": 458}, {"x": 170, "y": 448}, {"x": 160, "y": 448}], [{"x": 160, "y": 524}, {"x": 170, "y": 524}, {"x": 170, "y": 514}, {"x": 160, "y": 514}], [{"x": 160, "y": 634}, {"x": 170, "y": 634}, {"x": 170, "y": 624}, {"x": 160, "y": 624}], [{"x": 160, "y": 656}, {"x": 170, "y": 656}, {"x": 170, "y": 646}, {"x": 160, "y": 646}], [{"x": 160, "y": 678}, {"x": 170, "y": 678}, {"x": 170, "y": 668}, {"x": 160, "y": 668}], [{"x": 160, "y": 722}, {"x": 170, "y": 722}, {"x": 170, "y": 712}, {"x": 160, "y": 712}], [{"x": 160, "y": 766}, {"x": 170, "y": 766}, {"x": 170, "y": 756}, {"x": 160, "y": 756}], [{"x": 182, "y": 150}, {"x": 192, "y": 150}, {"x": 192, "y": 140}, {"x": 182, "y": 140}], [{"x": 182, "y": 172}, {"x": 192, "y": 172}, {"x": 192, "y": 162}, {"x": 182, "y": 162}], [{"x": 182, "y": 194}, {"x": 192, "y": 194}, {"x": 192, "y": 184}, {"x": 182, "y": 184}], [{"x": 182, "y": 216}, {"x": 192, "y": 216}, {"x": 192, "y": 206}, {"x": 182, "y": 206}], [{"x": 182, "y": 238}, {"x": 192, "y": 238}, {"x": 192, "y": 228}, {"x": 182, "y": 228}], [{"x": 182, "y": 260}, {"x": 192, "y": 260}, {"x": 192, "y": 250}, {"x": 182, "y": 250}], [{"x": 182, "y": 304}, {"x": 192, "y": 304}, {"x": 192, "y": 294}, {"x": 182, "y": 294}], [{"x": 182, "y": 348}, {"x": 192, "y": 348}, {"x": 192, "y": 338}, {"x": 182, "y": 338}], [{"x": 182, "y": 370}, {"x": 192, "y": 370}, {"x": 192, "y": 360}, {"x": 182, "y": 360}], [{"x": 182, "y": 436}, {"x": 192, "y": 436}, {"x": 192, "y": 426}, {"x": 182, "y": 426}], [{"x": 182, "y": 480}, {"x": 192, "y": 480}, {"x": 192, "y": 470}, {"x": 182, "y": 470}], [{"x": 182, "y": 546}, {"x": 192, "y": 546}, {"x": 192, "y": 536}, {"x": 182, "y": 536}], [{"x": 182, "y": 590}, {"x": 192, "y": 590}, {"x": 192, "y": 580}, {"x": 182, "y": 580}], [{"x": 182, "y": 612}, {"x": 192, "y": 612}, {"x": 192, "y": 602}, {"x": 182, "y": 602}], [{"x": 182, "y": 700}, {"x": 192, "y": 700}, {"x": 192, "y": 690}, {"x": 182, "y": 690}], [{"x": 182, "y": 722}, {"x": 192, "y": 722}, {"x": 192, "y": 712}, {"x": 182, "y": 712}], [{"x": 182, "y": 744}, {"x": 192, "y": 744}, {"x": 192, "y": 734}, {"x": 182, "y": 734}], [{"x": 204, "y": 84}, {"x": 214, "y": 84}, {"x": 214, "y": 74}, {"x": 204, "y": 74}], [{"x": 204, "y": 150}, {"x": 214, "y": 150}, {"x": 214, "y": 140}, {"x": 204, "y": 140}], [{"x": 204, "y": 282}, {"x": 214, "y": 282}, {"x": 214, "y": 272}, {"x": 204, "y": 272}], [{"x": 204, "y": 304}, {"x": 214, "y": 304}, {"x": 214, "y": 294}, {"x": 204, "y": 294}], [{"x": 204, "y": 326}, {"x": 214, "y": 326}, {"x": 214, "y": 316}, {"x": 204, "y": 316}], [{"x": 204, "y": 370}, {"x": 214, "y": 370}, {"x": 214, "y": 360}, {"x": 204, "y": 360}], [{"x": 204, "y": 392}, {"x": 214, "y": 392}, {"x": 214, "y": 382}, {"x": 204, "y": 382}], [{"x": 204, "y": 590}, {"x": 214, "y": 590}, {"x": 214, "y": 580}, {"x": 204, "y": 580}], [{"x": 204, "y": 722}, {"x": 214, "y": 722}, {"x": 214, "y": 712}, {"x": 204, "y": 712}], [{"x": 204, "y": 744}, {"x": 214, "y": 744}, {"x": 214, "y": 734}, {"x": 204, "y": 734}], [{"x": 204, "y": 766}, {"x": 214, "y": 766}, {"x": 214, "y": 756}, {"x": 204, "y": 756}], [{"x": 204, "y": 788}, {"x": 214, "y": 788}, {"x": 214, "y": 778}, {"x": 204, "y": 778}], [{"x": 226, "y": 62}, {"x": 236, "y": 62}, {"x": 236, "y": 52}, {"x": 226, "y": 52}], [{"x": 226, "y": 150}, {"x": 236, "y": 150}, {"x": 236, "y": 140}, {"x": 226, "y": 140}], [{"x": 226, "y": 194}, {"x": 236, "y": 194}, {"x": 236, "y": 184}, {"x": 226, "y": 184}], [{"x": 226, "y": 260}, {"x": 236, "y": 260}, {"x": 236, "y": 250}, {"x": 226, "y": 250}], [{"x": 226, "y": 282}, {"x": 236, "y": 282}, {"x": 236, "y": 272}, {"x": 226, "y": 272}], [{"x": 226, "y": 326}, {"x": 236, "y": 326}, {"x": 236, "y": 316}, {"x": 226, "y": 316}], [{"x": 226, "y": 370}, {"x": 236, "y": 370}, {"x": 236, "y": 360}, {"x": 226, "y": 360}], [{"x": 226, "y": 392}, {"x": 236, "y": 392}, {"x": 236, "y": 382}, {"x": 226, "y": 382}], [{"x": 226, "y": 436}, {"x": 236, "y": 436}, {"x": 236, "y": 426}, {"x": 226, "y": 426}], [{"x": 226, "y": 480}, {"x": 236, "y": 480}, {"x": 236, "y": 470}, {"x": 226, "y": 470}], [{"x": 226, "y": 502}, {"x": 236, "y": 502}, {"x": 236, "y": 492}, {"x": 226, "y": 492}], [{"x": 226, "y": 546}, {"x": 236, "y": 546}, {"x": 236, "y": 536}, {"x": 226, "y": 536}], [{"x": 226, "y": 590}, {"x": 236, "y": 590}, {"x": 236, "y": 580}, {"x": 226, "y": 580}], [{"x": 226, "y": 634}, {"x": 236, "y": 634}, {"x": 236, "y": 624}, {"x": 226, "y": 624}], [{"x": 226, "y": 722}, {"x": 236, "y": 722}, {"x": 236, "y": 712}, {"x": 226, "y": 712}], [{"x": 226, "y": 766}, {"x": 236, "y": 766}, {"x": 236, "y": 756}, {"x": 226, "y": 756}], [{"x": 248, "y": 40}, {"x": 258, "y": 40}, {"x": 258, "y": 30}, {"x": 248, "y": 30}], [{"x": 248, "y": 84}, {"x": 258, "y": 84}, {"x": 258, "y": 74}, {"x": 248, "y": 74}], [{"x": 248, "y": 106}, {"x": 258, "y": 106}, {"x": 258, "y": 96}, {"x": 248, "y": 96}], [{"x": 248, "y": 150}, {"x": 258, "y": 150}, {"x": 258, "y": 140}, {"x": 248, "y": 140}], [{"x": 248, "y": 172}, {"x": 258, "y": 172}, {"x": 258, "y": 162}, {"x": 248, "y": 162}], [{"x": 248, "y": 194}, {"x": 258, "y": 194}, {"x": 258, "y": 184}, {"x": 248, "y": 184}], [{"x": 248, "y": 238}, {"x": 258, "y": 238}, {"x": 258, "y": 228}, {"x": 248, "y": 228}], [{"x": 248, "y": 260}, {"x": 258, "y": 260}, {"x": 258, "y": 250}, {"x": 248, "y": 250}], [{"x": 248, "y": 326}, {"x": 258, "y": 326}, {"x": 258, "y": 316}, {"x": 248, "y": 316}], [{"x": 248, "y": 370}, {"x": 258, "y": 370}, {"x": 258, "y": 360}, {"x": 248, "y": 360}], [{"x": 248, "y": 414}, {"x": 258, "y": 414}, {"x": 258, "y": 404}, {"x": 248, "y": 404}], [{"x": 248, "y": 458}, {"x": 258, "y": 458}, {"x": 258, "y": 448}, {"x": 248, "y": 448}], [{"x": 248, "y": 480}, {"x": 258, "y": 480}, {"x": 258, "y": 470}, {"x": 248, "y": 470}], [{"x": 248, "y": 502}, {"x": 258, "y": 502}, {"x": 258, "y": 492}, {"x": 248, "y": 492}], [{"x": 248, "y": 546}, {"x": 258, "y": 546}, {"x": 258, "y": 536}, {"x": 248, "y": 536}], [{"x": 248, "y": 568}, {"x": 258, "y": 568}, {"x": 258, "y": 558}, {"x": 248, "y": 558}], [{"x": 248, "y": 612}, {"x": 258, "y": 612}, {"x": 258, "y": 602}, {"x": 248, "y": 602}], [{"x": 248, "y": 634}, {"x": 258, "y": 634}, {"x": 258, "y": 624}, {"x": 248, "y": 624}], [{"x": 248, "y": 656}, {"x": 258, "y": 656}, {"x": 258, "y": 646}, {"x": 248, "y": 646}], [{"x": 248, "y": 678}, {"x": 258, "y": 678}, {"x": 258, "y": 668}, {"x": 248, "y": 668}], [{"x": 248, "y": 722}, {"x": 258, "y": 722}, {"x": 258, "y": 712}, {"x": 248, "y": 712}], [{"x": 248, "y": 744}, {"x": 258, "y": 744}, {"x": 258, "y": 734}, {"x": 248, "y": 734}], [{"x": 248, "y": 766}, {"x": 258, "y": 766}, {"x": 258, "y": 756}, {"x": 248, "y": 756}], [{"x": 270, "y": 84}, {"x": 280, "y": 84}, {"x": 280, "y": 74}, {"x": 270, "y": 74}], [{"x": 270, "y": 106}, {"x": 280, "y": 106}, {"x": 280, "y": 96}, {"x": 270, "y": 96}], [{"x": 270, "y": 150}, {"x": 280, "y": 150}, {"x": 280, "y": 140}, {"x": 270, "y": 140}], [{"x": 270, "y": 238}, {"x": 280, "y": 238}, {"x": 280, "y": 228}, {"x": 270, "y": 228}], [{"x": 270, "y": 304}, {"x": 280, "y": 304}, {"x": 280, "y": 294}, {"x": 270, "y": 294}], [{"x": 270, "y": 326}, {"x": 280, "y": 326}, {"x": 280, "y": 316}, {"x": 270, "y": 316}], [{"x": 270, "y": 436}, {"x": 280, "y": 436}, {"x": 280, "y": 426}, {"x": 270, "y": 426}], [{"x": 270, "y": 502}, {"x": 280, "y": 502}, {"x": 280, "y": 492}, {"x": 270, "y": 492}], [{"x": 270, "y": 524}, {"x": 280, "y": 524}, {"x": 280, "y": 514}, {"x": 270, "y": 514}], [{"x": 270, "y": 546}, {"x": 280, "y": 546}, {"x": 280, "y": 536}, {"x": 270, "y": 536}], [{"x": 270, "y": 634}, {"x": 280, "y": 634}, {"x": 280, "y": 624}, {"x": 270, "y": 624}], [{"x": 270, "y": 656}, {"x": 280, "y": 656}, {"x": 280, "y": 646}, {"x": 270, "y": 646}], [{"x": 270, "y": 678}, {"x": 280, "y": 678}, {"x": 280, "y": 668}, {"x": 270, "y": 668}], [{"x": 270, "y": 722}, {"x": 280, "y": 722}, {"x": 280, "y": 712}, {"x": 270, "y": 712}], [{"x": 270, "y": 744}, {"x": 280, "y": 744}, {"x": 280, "y": 734}, {"x": 270, "y": 734}], [{"x": 270, "y": 766}, {"x": 280, "y": 766}, {"x": 280, "y": 756}, {"x": 270, "y": 756}], [{"x": 270, "y": 788}, {"x": 280, "y": 788}, {"x": 280, "y": 778}, {"x": 270, "y": 778}], [{"x": 270, "y": 810}, {"x": 280, "y": 810}, {"x": 280, "y": 800}, {"x": 270, "y": 800}], [{"x": 292, "y": 62}, {"x": 302, "y": 62}, {"x": 302, "y": 52}, {"x": 292, "y": 52}], [{"x": 292, "y": 84}, {"x": 302, "y": 84}, {"x": 302, "y": 74}, {"x": 292, "y": 74}], [{"x": 292, "y": 128}, {"x": 302, "y": 128}, {"x": 302, "y": 118}, {"x": 292, "y": 118}], [{"x": 292, "y": 150}, {"x": 302, "y": 150}, {"x": 302, "y": 140}, {"x": 292, "y": 140}], [{"x": 292, "y": 194}, {"x": 302, "y": 194}, {"x": 302, "y": 184}, {"x": 292, "y": 184}], [{"x": 292, "y": 282}, {"x": 302, "y": 282}, {"x": 302, "y": 272}, {"x": 292, "y": 272}], [{"x": 292, "y": 304}, {"x": 302, "y": 304}, {"x": 302, "y": 294}, {"x": 292, "y": 294}], [{"x": 292, "y": 348}, {"x": 302, "y": 348}, {"x": 302, "y": 338}, {"x": 292, "y": 338}], [{"x": 292, "y": 392}, {"x": 302, "y": 392}, {"x": 302, "y": 382}, {"x": 292, "y": 382}], [{"x": 292, "y": 436}, {"x": 302, "y": 436}, {"x": 302, "y": 426}, {"x": 292, "y": 426}], [{"x": 292, "y": 480}, {"x": 302, "y": 480}, {"x": 302, "y": 470}, {"x": 292, "y": 470}], [{"x": 292, "y": 502}, {"x": 302, "y": 502}, {"x": 302, "y": 492}, {"x": 292, "y": 492}], [{"x": 292, "y": 524}, {"x": 302, "y": 524}, {"x": 302, "y": 514}, {"x": 292, "y": 514}], [{"x": 292, "y": 568}, {"x": 302, "y": 568}, {"x": 302, "y": 558}, {"x": 292, "y": 558}], [{"x": 292, "y": 590}, {"x": 302, "y": 590}, {"x": 302, "y": 580}, {"x": 292, "y": 580}], [{"x": 292, "y": 612}, {"x": 302, "y": 612}, {"x": 302, "y": 602}, {"x": 292, "y": 602}], [{"x": 292, "y": 634}, {"x": 302, "y": 634}, {"x": 302, "y": 624}, {"x": 292, "y": 624}], [{"x": 292, "y": 678}, {"x": 302, "y": 678}, {"x": 302, "y": 668}, {"x": 292, "y": 668}], [{"x": 292, "y": 744}, {"x": 302, "y": 744}, {"x": 302, "y": 734}, {"x": 292, "y": 734}], [{"x": 292, "y": 810}, {"x": 302, "y": 810}, {"x": 302, "y": 800}, {"x": 292, "y": 800}], [{"x": 314, "y": 84}, {"x": 324, "y": 84}, {"x": 324, "y": 74}, {"x": 314, "y": 74}], [{"x": 314, "y": 150}, {"x": 324, "y": 150}, {"x": 324, "y": 140}, {"x": 314, "y": 140}], [{"x": 314, "y": 172}, {"x": 324, "y": 172}, {"x": 324, "y": 162}, {"x": 314, "y": 162}], [{"x": 314, "y": 194}, {"x": 324, "y": 194}, {"x": 324, "y": 184}, {"x": 314, "y": 184}], [{"x": 314, "y": 216}, {"x": 324, "y": 216}, {"x": 324, "y": 206}, {"x": 314, "y": 206}], [{"x": 314, "y": 238}, {"x": 324, "y": 238}, {"x": 324, "y": 228}, {"x": 314, "y": 228}], [{"x": 314, "y": 260}, {"x": 324, "y": 260}, {"x": 324, "y": 250}, {"x": 314, "y": 250}], [{"x": 314, "y": 282}, {"x": 324, "y": 282}, {"x": 324, "y": 272}, {"x": 314, "y": 272}], [{"x": 314, "y": 304}, {"x": 324, "y": 304}, {"x": 324, "y": 294}, {"x": 314, "y": 294}], [{"x": 314, "y": 326}, {"x": 324, "y": 326}, {"x": 324, "y": 316}, {"x": 314, "y": 316}], [{"x": 314, "y": 370}, {"x": 324, "y": 370}, {"x": 324, "y": 360}, {"x": 314, "y": 360}], [{"x": 314, "y": 436}, {"x": 324, "y": 436}, {"x": 324, "y": 426}, {"x": 314, "y": 426}], [{"x": 314, "y": 480}, {"x": 324, "y": 480}, {"x": 324, "y": 470}, {"x": 314, "y": 470}], [{"x": 314, "y": 502}, {"x": 324, "y": 502}, {"x": 324, "y": 492}, {"x": 314, "y": 492}], [{"x": 314, "y": 590}, {"x": 324, "y": 590}, {"x": 324, "y": 580}, {"x": 314, "y": 580}], [{"x": 314, "y": 612}, {"x": 324, "y": 612}, {"x": 324, "y": 602}, {"x": 314, "y": 602}], [{"x": 314, "y": 678}, {"x": 324, "y": 678}, {"x": 324, "y": 668}, {"x": 314, "y": 668}], [{"x": 314, "y": 700}, {"x": 324, "y": 700}, {"x": 324, "y": 690}, {"x": 314, "y": 690}], [{"x": 314, "y": 744}, {"x": 324, "y": 744}, {"x": 324, "y": 734}, {"x": 314, "y": 734}], [{"x": 314, "y": 766}, {"x": 324, "y": 766}, {"x": 324, "y": 756}, {"x": 314, "y": 756}], [{"x": 314, "y": 810}, {"x": 324, "y": 810}, {"x": 324, "y": 800}, {"x": 314, "y": 800}], [{"x": 336, "y": 106}, {"x": 346, "y": 106}, {"x": 346, "y": 96}, {"x": 336, "y": 96}], [{"x": 336, "y": 194}, {"x": 346, "y": 194}, {"x": 346, "y": 184}, {"x": 336, "y": 184}], [{"x": 336, "y": 238}, {"x": 346, "y": 238}, {"x": 346, "y": 228}, {"x": 336, "y": 228}], [{"x": 336, "y": 260}, {"x": 346, "y": 260}, {"x": 346, "y": 250}, {"x": 336, "y": 250}], [{"x": 336, "y": 348}, {"x": 346, "y": 348}, {"x": 346, "y": 338}, {"x": 336, "y": 338}], [{"x": 336, "y": 370}, {"x": 346, "y": 370}, {"x": 346, "y": 360}, {"x": 336, "y": 360}], [{"x": 336, "y": 414}, {"x": 346, "y": 414}, {"x": 346, "y": 404}, {"x": 336, "y": 404}], [{"x": 336, "y": 436}, {"x": 346, "y": 436}, {"x": 346, "y": 426}, {"x": 336, "y": 426}], [{"x": 336, "y": 458}, {"x": 346, "y": 458}, {"x": 346, "y": 448}, {"x": 336, "y": 448}], [{"x": 336, "y": 546}, {"x": 346, "y": 546}, {"x": 346, "y": 536}, {"x": 336, "y": 536}], [{"x": 336, "y": 568}, {"x": 346, "y": 568}, {"x": 346, "y": 558}, {"x": 336, "y": 558}], [{"x": 336, "y": 590}, {"x": 346, "y": 590}, {"x": 346, "y": 580}, {"x": 336, "y": 580}], [{"x": 336, "y": 612}, {"x": 346, "y": 612}, {"x": 346, "y": 602}, {"x": 336, "y": 602}], [{"x": 336, "y": 634}, {"x": 346, "y": 634}, {"x": 346, "y": 624}, {"x": 336, "y": 624}], [{"x": 336, "y": 700}, {"x": 346, "y": 700}, {"x": 346, "y": 690}, {"x": 336, "y": 690}], [{"x": 336, "y": 766}, {"x": 346, "y": 766}, {"x": 346, "y": 756}, {"x": 336, "y": 756}], [{"x": 336, "y": 810}, {"x": 346, "y": 810}, {"x": 346, "y": 800}, {"x": 336, "y": 800}], [{"x": 358, "y": 150}, {"x": 368, "y": 150}, {"x": 368, "y": 140}, {"x": 358, "y": 140}], [{"x": 358, "y": 172}, {"x": 368, "y": 172}, {"x": 368, "y": 162}, {"x": 358, "y": 162}], [{"x": 358, "y": 194}, {"x": 368, "y": 194}, {"x": 368, "y": 184}, {"x": 358, "y": 184}], [{"x": 358, "y": 216}, {"x": 368, "y": 216}, {"x": 368, "y": 206}, {"x": 358, "y": 206}], [{"x": 358, "y": 238}, {"x": 368, "y": 238}, {"x": 368, "y": 228}, {"x": 358, "y": 228}], [{"x": 358, "y": 260}, {"x": 368, "y": 260}, {"x": 368, "y": 250}, {"x": 358, "y": 250}], [{"x": 358, "y": 304}, {"x": 368, "y": 304}, {"x": 368, "y": 294}, {"x": 358, "y": 294}], [{"x": 358, "y": 326}, {"x": 368, "y": 326}, {"x": 368, "y": 316}, {"x": 358, "y": 316}], [{"x": 358, "y": 348}, {"x": 368, "y": 348}, {"x": 368, "y": 338}, {"x": 358, "y": 338}], [{"x": 358, "y": 414}, {"x": 368, "y": 414}, {"x": 368, "y": 404}, {"x": 358, "y": 404}], [{"x": 358, "y": 436}, {"x": 368, "y": 436}, {"x": 368, "y": 426}, {"x": 358, "y": 426}], [{"x": 358, "y": 480}, {"x": 368, "y": 480}, {"x": 368, "y": 470}, {"x": 358, "y": 470}], [{"x": 358, "y": 524}, {"x": 368, "y": 524}, {"x": 368, "y": 514}, {"x": 358, "y": 514}], [{"x": 358, "y": 568}, {"x": 368, "y": 568}, {"x": 368, "y": 558}, {"x": 358, "y": 558}], [{"x": 358, "y": 612}, {"x": 368, "y": 612}, {"x": 368, "y": 602}, {"x": 358, "y": 602}], [{"x": 358, "y": 678}, {"x": 368, "y": 678}, {"x": 368, "y": 668}, {"x": 358, "y": 668}], [{"x": 358, "y": 700}, {"x": 368, "y": 700}, {"x": 368, "y": 690}, {"x": 358, "y": 690}], [{"x": 358, "y": 766}, {"x": 368, "y": 766}, {"x": 368, "y": 756}, {"x": 358, "y": 756}], [{"x": 358, "y": 788}, {"x": 368, "y": 788}, {"x": 368, "y": 778}, {"x": 358, "y": 778}], [{"x": 358, "y": 810}, {"x": 368, "y": 810}, {"x": 368, "y": 800}, {"x": 358, "y": 800}], [{"x": 380, "y": 106}, {"x": 390, "y": 106}, {"x": 390, "y": 96}, {"x": 380, "y": 96}], [{"x": 380, "y": 150}, {"x": 390, "y": 150}, {"x": 390, "y": 140}, {"x": 380, "y": 140}], [{"x": 380, "y": 216}, {"x": 390, "y": 216}, {"x": 390, "y": 206}, {"x": 380, "y": 206}], [{"x": 380, "y": 238}, {"x": 390, "y": 238}, {"x": 390, "y": 228}, {"x": 380, "y": 228}], [{"x": 380, "y": 282}, {"x": 390, "y": 282}, {"x": 390, "y": 272}, {"x": 380, "y": 272}], [{"x": 380, "y": 304}, {"x": 390, "y": 304}, {"x": 390, "y": 294}, {"x": 380, "y": 294}], [{"x": 380, "y": 348}, {"x": 390, "y": 348}, {"x": 390, "y": 338}, {"x": 380, "y": 338}], [{"x": 380, "y": 370}, {"x": 390, "y": 370}, {"x": 390, "y": 360}, {"x": 380, "y": 360}], [{"x": 380, "y": 480}, {"x": 390, "y": 480}, {"x": 390, "y": 470}, {"x": 380, "y": 470}], [{"x": 380, "y": 568}, {"x": 390, "y": 568}, {"x": 390, "y": 558}, {"x": 380, "y": 558}], [{"x": 380, "y": 634}, {"x": 390, "y": 634}, {"x": 390, "y": 624}, {"x": 380, "y": 624}], [{"x": 380, "y": 656}, {"x": 390, "y": 656}, {"x": 390, "y": 646}, {"x": 380, "y": 646}], [{"x": 380, "y": 766}, {"x": 390, "y": 766}, {"x": 390, "y": 756}, {"x": 380, "y": 756}], [{"x": 380, "y": 788}, {"x": 390, "y": 788}, {"x": 390, "y": 778}, {"x": 380, "y": 778}], [{"x": 380, "y": 810}, {"x": 390, "y": 810}, {"x": 390, "y": 800}, {"x": 380, "y": 800}], [{"x": 380, "y": 832}, {"x": 390, "y": 832}, {"x": 390, "y": 822}, {"x": 380, "y": 822}], [{"x": 402, "y": 128}, {"x": 412, "y": 128}, {"x": 412, "y": 118}, {"x": 402, "y": 118}], [{"x": 402, "y": 172}, {"x": 412, "y": 172}, {"x": 412, "y": 162}, {"x": 402, "y": 162}], [{"x": 402, "y": 194}, {"x": 412, "y": 194}, {"x": 412, "y": 184}, {"x": 402, "y": 184}], [{"x": 402, "y": 216}, {"x": 412, "y": 216}, {"x": 412, "y": 206}, {"x": 402, "y": 206}], [{"x": 402, "y": 238}, {"x": 412, "y": 238}, {"x": 412, "y": 228}, {"x": 402, "y": 228}], [{"x": 402, "y": 260}, {"x": 412, "y": 260}, {"x": 412, "y": 250}, {"x": 402, "y": 250}], [{"x": 402, "y": 282}, {"x": 412, "y": 282}, {"x": 412, "y": 272}, {"x": 402, "y": 272}], [{"x": 402, "y": 304}, {"x": 412, "y": 304}, {"x": 412, "y": 294}, {"x": 402, "y": 294}], [{"x": 402, "y": 326}, {"x": 412, "y": 326}, {"x": 412, "y": 316}, {"x": 402, "y": 316}], [{"x": 402, "y": 370}, {"x": 412, "y": 370}, {"x": 412, "y": 360}, {"x": 402, "y": 360}], [{"x": 402, "y": 436}, {"x": 412, "y": 436}, {"x": 412, "y": 426}, {"x": 402, "y": 426}], [{"x": 402, "y": 458}, {"x": 412, "y": 458}, {"x": 412, "y": 448}, {"x": 402, "y": 448}], [{"x": 402, "y": 480}, {"x": 412, "y": 480}, {"x": 412, "y": 470}, {"x": 402, "y": 470}], [{"x": 402, "y": 524}, {"x": 412, "y": 524}, {"x": 412, "y": 514}, {"x": 402, "y": 514}], [{"x": 402, "y": 590}, {"x": 412, "y": 590}, {"x": 412, "y": 580}, {"x": 402, "y": 580}], [{"x": 402, "y": 634}, {"x": 412, "y": 634}, {"x": 412, "y": 624}, {"x": 402, "y": 624}], [{"x": 402, "y": 656}, {"x": 412, "y": 656}, {"x": 412, "y": 646}, {"x": 402, "y": 646}], [{"x": 402, "y": 678}, {"x": 412, "y": 678}, {"x": 412, "y": 668}, {"x": 402, "y": 668}], [{"x": 402, "y": 700}, {"x": 412, "y": 700}, {"x": 412, "y": 690}, {"x": 402, "y": 690}], [{"x": 402, "y": 722}, {"x": 412, "y": 722}, {"x": 412, "y": 712}, {"x": 402, "y": 712}], [{"x": 402, "y": 744}, {"x": 412, "y": 744}, {"x": 412, "y": 734}, {"x": 402, "y": 734}], [{"x": 424, "y": 194}, {"x": 434, "y": 194}, {"x": 434, "y": 184}, {"x": 424, "y": 184}], [{"x": 424, "y": 216}, {"x": 434, "y": 216}, {"x": 434, "y": 206}, {"x": 424, "y": 206}], [{"x": 424, "y": 282}, {"x": 434, "y": 282}, {"x": 434, "y": 272}, {"x": 424, "y": 272}], [{"x": 424, "y": 304}, {"x": 434, "y": 304}, {"x": 434, "y": 294}, {"x": 424, "y": 294}], [{"x": 424, "y": 326}, {"x": 434, "y": 326}, {"x": 434, "y": 316}, {"x": 424, "y": 316}], [{"x": 424, "y": 502}, {"x": 434, "y": 502}, {"x": 434, "y": 492}, {"x": 424, "y": 492}], [{"x": 424, "y": 568}, {"x": 434, "y": 568}, {"x": 434, "y": 558}, {"x": 424, "y": 558}], [{"x": 424, "y": 590}, {"x": 434, "y": 590}, {"x": 434, "y": 580}, {"x": 424, "y": 580}], [{"x": 424, "y": 634}, {"x": 434, "y": 634}, {"x": 434, "y": 624}, {"x": 424, "y": 624}], [{"x": 424, "y": 678}, {"x": 434, "y": 678}, {"x": 434, "y": 668}, {"x": 424, "y": 668}], [{"x": 424, "y": 722}, {"x": 434, "y": 722}, {"x": 434, "y": 712}, {"x": 424, "y": 712}], [{"x": 424, "y": 744}, {"x": 434, "y": 744}, {"x": 434, "y": 734}, {"x": 424, "y": 734}], [{"x": 424, "y": 766}, {"x": 434, "y": 766}, {"x": 434, "y": 756}, {"x": 424, "y": 756}], [{"x": 446, "y": 150}, {"x": 456, "y": 150}, {"x": 456, "y": 140}, {"x": 446, "y": 140}], [{"x": 446, "y": 194}, {"x": 456, "y": 194}, {"x": 456, "y": 184}, {"x": 446, "y": 184}], [{"x": 446, "y": 216}, {"x": 456, "y": 216}, {"x": 456, "y": 206}, {"x": 446, "y": 206}], [{"x": 446, "y": 238}, {"x": 456, "y": 238}, {"x": 456, "y": 228}, {"x": 446, "y": 228}], [{"x": 446, "y": 260}, {"x": 456, "y": 260}, {"x": 456, "y": 250}, {"x": 446, "y": 250}], [{"x": 446, "y": 304}, {"x": 456, "y": 304}, {"x": 456, "y": 294}, {"x": 446, "y": 294}], [{"x": 446, "y": 326}, {"x": 456, "y": 326}, {"x": 456, "y": 316}, {"x": 446, "y": 316}], [{"x": 446, "y": 370}, {"x": 456, "y": 370}, {"x": 456, "y": 360}, {"x": 446, "y": 360}], [{"x": 446, "y": 392}, {"x": 456, "y": 392}, {"x": 456, "y": 382}, {"x": 446, "y": 382}], [{"x": 446, "y": 480}, {"x": 456, "y": 480}, {"x": 456, "y": 470}, {"x": 446, "y": 470}], [{"x": 446, "y": 502}, {"x": 456, "y": 502}, {"x": 456, "y": 492}, {"x": 446, "y": 492}], [{"x": 446, "y": 524}, {"x": 456, "y": 524}, {"x": 456, "y": 514}, {"x": 446, "y": 514}], [{"x": 446, "y": 546}, {"x": 456, "y": 546}, {"x": 456, "y": 536}, {"x": 446, "y": 536}], [{"x": 446, "y": 590}, {"x": 456, "y": 590}, {"x": 456, "y": 580}, {"x": 446, "y": 580}], [{"x": 446, "y": 634}, {"x": 456, "y": 634}, {"x": 456, "y": 624}, {"x": 446, "y": 624}], [{"x": 446, "y": 744}, {"x": 456, "y": 744}, {"x": 456, "y": 734}, {"x": 446, "y": 734}], [{"x": 446, "y": 766}, {"x": 456, "y": 766}, {"x": 456, "y": 756}, {"x": 446, "y": 756}], [{"x": 446, "y": 788}, {"x": 456, "y": 788}, {"x": 456, "y": 778}, {"x": 446, "y": 778}], [{"x": 446, "y": 810}, {"x": 456, "y": 810}, {"x": 456, "y": 800}, {"x": 446, "y": 800}], [{"x": 446, "y": 832}, {"x": 456, "y": 832}, {"x": 456, "y": 822}, {"x": 446, "y": 822}], [{"x": 468, "y": 128}, {"x": 478, "y": 128}, {"x": 478, "y": 118}, {"x": 468, "y": 118}], [{"x": 468, "y": 150}, {"x": 478, "y": 150}, {"x": 478, "y": 140}, {"x": 468, "y": 140}], [{"x": 468, "y": 238}, {"x": 478, "y": 238}, {"x": 478, "y": 228}, {"x": 468, "y": 228}], [{"x": 468, "y": 282}, {"x": 478, "y": 282}, {"x": 478, "y": 272}, {"x": 468, "y": 272}], [{"x": 468, "y": 304}, {"x": 478, "y": 304}, {"x": 478, "y": 294}, {"x": 468, "y": 294}], [{"x": 468, "y": 326}, {"x": 478, "y": 326}, {"x": 478, "y": 316}, {"x": 468, "y": 316}], [{"x": 468, "y": 414}, {"x": 478, "y": 414}, {"x": 478, "y": 404}, {"x": 468, "y": 404}], [{"x": 468, "y": 436}, {"x": 478, "y": 436}, {"x": 478, "y": 426}, {"x": 468, "y": 426}], [{"x": 468, "y": 458}, {"x": 478, "y": 458}, {"x": 478, "y": 448}, {"x": 468, "y": 448}], [{"x": 468, "y": 480}, {"x": 478, "y": 480}, {"x": 478, "y": 470}, {"x": 468, "y": 470}], [{"x": 468, "y": 524}, {"x": 478, "y": 524}, {"x": 478, "y": 514}, {"x": 468, "y": 514}], [{"x": 468, "y": 546}, {"x": 478, "y": 546}, {"x": 478, "y": 536}, {"x": 468, "y": 536}], [{"x": 468, "y": 568}, {"x": 478, "y": 568}, {"x": 478, "y": 558}, {"x": 468, "y": 558}], [{"x": 468, "y": 634}, {"x": 478, "y": 634}, {"x": 478, "y": 624}, {"x": 468, "y": 624}], [{"x": 468, "y": 656}, {"x": 478, "y": 656}, {"x": 478, "y": 646}, {"x": 468, "y": 646}], [{"x": 468, "y": 678}, {"x": 478, "y": 678}, {"x": 478, "y": 668}, {"x": 468, "y": 668}], [{"x": 468, "y": 700}, {"x": 478, "y": 700}, {"x": 478, "y": 690}, {"x": 468, "y": 690}], [{"x": 468, "y": 722}, {"x": 478, "y": 722}, {"x": 478, "y": 712}, {"x": 468, "y": 712}], [{"x": 468, "y": 744}, {"x": 478, "y": 744}, {"x": 478, "y": 734}, {"x": 468, "y": 734}], [{"x": 468, "y": 832}, {"x": 478, "y": 832}, {"x": 478, "y": 822}, {"x": 468, "y": 822}], [{"x": 490, "y": 150}, {"x": 500, "y": 150}, {"x": 500, "y": 140}, {"x": 490, "y": 140}], [{"x": 490, "y": 238}, {"x": 500, "y": 238}, {"x": 500, "y": 228}, {"x": 490, "y": 228}], [{"x": 490, "y": 326}, {"x": 500, "y": 326}, {"x": 500, "y": 316}, {"x": 490, "y": 316}], [{"x": 490, "y": 348}, {"x": 500, "y": 348}, {"x": 500, "y": 338}, {"x": 490, "y": 338}], [{"x": 490, "y": 414}, {"x": 500, "y": 414}, {"x": 500, "y": 404}, {"x": 490, "y": 404}], [{"x": 490, "y": 436}, {"x": 500, "y": 436}, {"x": 500, "y": 426}, {"x": 490, "y": 426}], [{"x": 490, "y": 458}, {"x": 500, "y": 458}, {"x": 500, "y": 448}, {"x": 490, "y": 448}], [{"x": 490, "y": 480}, {"x": 500, "y": 480}, {"x": 500, "y": 470}, {"x": 490, "y": 470}], [{"x": 490, "y": 524}, {"x": 500, "y": 524}, {"x": 500, "y": 514}, {"x": 490, "y": 514}], [{"x": 490, "y": 634}, {"x": 500, "y": 634}, {"x": 500, "y": 624}, {"x": 490, "y": 624}], [{"x": 490, "y": 700}, {"x": 500, "y": 700}, {"x": 500, "y": 690}, {"x": 490, "y": 690}], [{"x": 490, "y": 766}, {"x": 500, "y": 766}, {"x": 500, "y": 756}, {"x": 490, "y": 756}], [{"x": 490, "y": 788}, {"x": 500, "y": 788}, {"x": 500, "y": 778}, {"x": 490, "y": 778}], [{"x": 490, "y": 810}, {"x": 500, "y": 810}, {"x": 500, "y": 800}, {"x": 490, "y": 800}], [{"x": 490, "y": 854}, {"x": 500, "y": 854}, {"x": 500, "y": 844}, {"x": 490, "y": 844}], [{"x": 512, "y": 172}, {"x": 522, "y": 172}, {"x": 522, "y": 162}, {"x": 512, "y": 162}], [{"x": 512, "y": 194}, {"x": 522, "y": 194}, {"x": 522, "y": 184}, {"x": 512, "y": 184}], [{"x": 512, "y": 282}, {"x": 522, "y": 282}, {"x": 522, "y": 272}, {"x": 512, "y": 272}], [{"x": 512, "y": 458}, {"x": 522, "y": 458}, {"x": 522, "y": 448}, {"x": 512, "y": 448}], [{"x": 512, "y": 502}, {"x": 522, "y": 502}, {"x": 522, "y": 492}, {"x": 512, "y": 492}], [{"x": 512, "y": 612}, {"x": 522, "y": 612}, {"x": 522, "y": 602}, {"x": 512, "y": 602}], [{"x": 512, "y": 634}, {"x": 522, "y": 634}, {"x": 522, "y": 624}, {"x": 512, "y": 624}], [{"x": 512, "y": 678}, {"x": 522, "y": 678}, {"x": 522, "y": 668}, {"x": 512, "y": 668}], [{"x": 512, "y": 744}, {"x": 522, "y": 744}, {"x": 522, "y": 734}, {"x": 512, "y": 734}], [{"x": 512, "y": 788}, {"x": 522, "y": 788}, {"x": 522, "y": 778}, {"x": 512, "y": 778}], [{"x": 512, "y": 832}, {"x": 522, "y": 832}, {"x": 522, "y": 822}, {"x": 512, "y": 822}], [{"x": 534, "y": 172}, {"x": 544, "y": 172}, {"x": 544, "y": 162}, {"x": 534, "y": 162}], [{"x": 534, "y": 194}, {"x": 544, "y": 194}, {"x": 544, "y": 184}, {"x": 534, "y": 184}], [{"x": 534, "y": 216}, {"x": 544, "y": 216}, {"x": 544, "y": 206}, {"x": 534, "y": 206}], [{"x": 534, "y": 260}, {"x": 544, "y": 260}, {"x": 544, "y": 250}, {"x": 534, "y": 250}], [{"x": 534, "y": 348}, {"x": 544, "y": 348}, {"x": 544, "y": 338}, {"x": 534, "y": 338}], [{"x": 534, "y": 392}, {"x": 544, "y": 392}, {"x": 544, "y": 382}, {"x": 534, "y": 382}], [{"x": 534, "y": 414}, {"x": 544, "y": 414}, {"x": 544, "y": 404}, {"x": 534, "y": 404}], [{"x": 534, "y": 480}, {"x": 544, "y": 480}, {"x": 544, "y": 470}, {"x": 534, "y": 470}], [{"x": 534, "y": 502}, {"x": 544, "y": 502}, {"x": 544, "y": 492}, {"x": 534, "y": 492}], [{"x": 534, "y": 634}, {"x": 544, "y": 634}, {"x": 544, "y": 624}, {"x": 534, "y": 624}], [{"x": 534, "y": 700}, {"x": 544, "y": 700}, {"x": 544, "y": 690}, {"x": 534, "y": 690}], [{"x": 534, "y": 744}, {"x": 544, "y": 744}, {"x": 544, "y": 734}, {"x": 534, "y": 734}], [{"x": 534, "y": 854}, {"x": 544, "y": 854}, {"x": 544, "y": 844}, {"x": 534, "y": 844}], [{"x": 556, "y": 238}, {"x": 566, "y": 238}, {"x": 566, "y": 228}, {"x": 556, "y": 228}], [{"x": 556, "y": 326}, {"x": 566, "y": 326}, {"x": 566, "y": 316}, {"x": 556, "y": 316}], [{"x": 556, "y": 392}, {"x": 566, "y": 392}, {"x": 566, "y": 382}, {"x": 556, "y": 382}], [{"x": 556, "y": 524}, {"x": 566, "y": 524}, {"x": 566, "y": 514}, {"x": 556, "y": 514}], [{"x": 556, "y": 546}, {"x": 566, "y": 546}, {"x": 566, "y": 536}, {"x": 556, "y": 536}], [{"x": 556, "y": 590}, {"x": 566, "y": 590}, {"x": 566, "y": 580}, {"x": 556, "y": 580}], [{"x": 556, "y": 612}, {"x": 566, "y": 612}, {"x": 566, "y": 602}, {"x": 556, "y": 602}], [{"x": 556, "y": 656}, {"x": 566, "y": 656}, {"x": 566, "y": 646}, {"x": 556, "y": 646}], [{"x": 556, "y": 744}, {"x": 566, "y": 744}, {"x": 566, "y": 734}, {"x": 556, "y": 734}], [{"x": 556, "y": 832}, {"x": 566, "y": 832}, {"x": 566, "y": 822}, {"x": 556, "y": 822}], [{"x": 578, "y": 194}, {"x": 588, "y": 194}, {"x": 588, "y": 184}, {"x": 578, "y": 184}], [{"x": 578, "y": 370}, {"x": 588, "y": 370}, {"x": 588, "y": 360}, {"x": 578, "y": 360}], [{"x": 578, "y": 392}, {"x": 588, "y": 392}, {"x": 588, "y": 382}, {"x": 578, "y": 382}], [{"x": 578, "y": 458}, {"x": 588, "y": 458}, {"x": 588, "y": 448}, {"x": 578, "y": 448}], [{"x": 578, "y": 480}, {"x": 588, "y": 480}, {"x": 588, "y": 470}, {"x": 578, "y": 470}], [{"x": 578, "y": 612}, {"x": 588, "y": 612}, {"x": 588, "y": 602}, {"x": 578, "y": 602}], [{"x": 578, "y": 678}, {"x": 588, "y": 678}, {"x": 588, "y": 668}, {"x": 578, "y": 668}], [{"x": 578, "y": 700}, {"x": 588, "y": 700}, {"x": 588, "y": 690}, {"x": 578, "y": 690}], [{"x": 578, "y": 744}, {"x": 588, "y": 744}, {"x": 588, "y": 734}, {"x": 578, "y": 734}], [{"x": 578, "y": 788}, {"x": 588, "y": 788}, {"x": 588, "y": 778}, {"x": 578, "y": 778}], [{"x": 600, "y": 150}, {"x": 610, "y": 150}, {"x": 610, "y": 140}, {"x": 600, "y": 140}], [{"x": 600, "y": 172}, {"x": 610, "y": 172}, {"x": 610, "y": 162}, {"x": 600, "y": 162}], [{"x": 600, "y": 238}, {"x": 610, "y": 238}, {"x": 610, "y": 228}, {"x": 600, "y": 228}], [{"x": 600, "y": 260}, {"x": 610, "y": 260}, {"x": 610, "y": 250}, {"x": 600, "y": 250}], [{"x": 600, "y": 282}, {"x": 610, "y": 282}, {"x": 610, "y": 272}, {"x": 600, "y": 272}], [{"x": 600, "y": 326}, {"x": 610, "y": 326}, {"x": 610, "y": 316}, {"x": 600, "y": 316}], [{"x": 600, "y": 370}, {"x": 610, "y": 370}, {"x": 610, "y": 360}, {"x": 600, "y": 360}], [{"x": 600, "y": 392}, {"x": 610, "y": 392}, {"x": 610, "y": 382}, {"x": 600, "y": 382}], [{"x": 600, "y": 480}, {"x": 610, "y": 480}, {"x": 610, "y": 470}, {"x": 600, "y": 470}], [{"x": 600, "y": 502}, {"x": 610, "y": 502}, {"x": 610, "y": 492}, {"x": 600, "y": 492}], [{"x": 600, "y": 524}, {"x": 610, "y": 524}, {"x": 610, "y": 514}, {"x": 600, "y": 514}], [{"x": 600, "y": 568}, {"x": 610, "y": 568}, {"x": 610, "y": 558}, {"x": 600, "y": 558}], [{"x": 600, "y": 700}, {"x": 610, "y": 700}, {"x": 610, "y": 690}, {"x": 600, "y": 690}], [{"x": 600, "y": 722}, {"x": 610, "y": 722}, {"x": 610, "y": 712}, {"x": 600, "y": 712}], [{"x": 600, "y": 744}, {"x": 610, "y": 744}, {"x": 610, "y": 734}, {"x": 600, "y": 734}], [{"x": 600, "y": 832}, {"x": 610, "y": 832}, {"x": 610, "y": 822}, {"x": 600, "y": 822}], [{"x": 600, "y": 854}, {"x": 610, "y": 854}, {"x": 610, "y": 844}, {"x": 600, "y": 844}], [{"x": 622, "y": 150}, {"x": 632, "y": 150}, {"x": 632, "y": 140}, {"x": 622, "y": 140}], [{"x": 622, "y": 194}, {"x": 632, "y": 194}, {"x": 632, "y": 184}, {"x": 622, "y": 184}], [{"x": 622, "y": 238}, {"x": 632, "y": 238}, {"x": 632, "y": 228}, {"x": 622, "y": 228}], [{"x": 622, "y": 304}, {"x": 632, "y": 304}, {"x": 632, "y": 294}, {"x": 622, "y": 294}], [{"x": 622, "y": 348}, {"x": 632, "y": 348}, {"x": 632, "y": 338}, {"x": 622, "y": 338}], [{"x": 622, "y": 458}, {"x": 632, "y": 458}, {"x": 632, "y": 448}, {"x": 622, "y": 448}], [{"x": 622, "y": 480}, {"x": 632, "y": 480}, {"x": 632, "y": 470}, {"x": 622, "y": 470}], [{"x": 622, "y": 502}, {"x": 632, "y": 502}, {"x": 632, "y": 492}, {"x": 622, "y": 492}], [{"x": 622, "y": 524}, {"x": 632, "y": 524}, {"x": 632, "y": 514}, {"x": 622, "y": 514}], [{"x": 622, "y": 546}, {"x": 632, "y": 546}, {"x": 632, "y": 536}, {"x": 622, "y": 536}], [{"x": 622, "y": 590}, {"x": 632, "y": 590}, {"x": 632, "y": 580}, {"x": 622, "y": 580}], [{"x": 622, "y": 612}, {"x": 632, "y": 612}, {"x": 632, "y": 602}, {"x": 622, "y": 602}], [{"x": 622, "y": 656}, {"x": 632, "y": 656}, {"x": 632, "y": 646}, {"x": 622, "y": 646}], [{"x": 622, "y": 678}, {"x": 632, "y": 678}, {"x": 632, "y": 668}, {"x": 622, "y": 668}], [{"x": 622, "y": 700}, {"x": 632, "y": 700}, {"x": 632, "y": 690}, {"x": 622, "y": 690}], [{"x": 622, "y": 810}, {"x": 632, "y": 810}, {"x": 632, "y": 800}, {"x": 622, "y": 800}], [{"x": 622, "y": 832}, {"x": 632, "y": 832}, {"x": 632, "y": 822}, {"x": 622, "y": 822}], [{"x": 622, "y": 854}, {"x": 632, "y": 854}, {"x": 632, "y": 844}, {"x": 622, "y": 844}], [{"x": 644, "y": 150}, {"x": 654, "y": 150}, {"x": 654, "y": 140}, {"x": 644, "y": 140}], [{"x": 644, "y": 216}, {"x": 654, "y": 216}, {"x": 654, "y": 206}, {"x": 644, "y": 206}], [{"x": 644, "y": 282}, {"x": 654, "y": 282}, {"x": 654, "y": 272}, {"x": 644, "y": 272}], [{"x": 644, "y": 304}, {"x": 654, "y": 304}, {"x": 654, "y": 294}, {"x": 644, "y": 294}], [{"x": 644, "y": 326}, {"x": 654, "y": 326}, {"x": 654, "y": 316}, {"x": 644, "y": 316}], [{"x": 644, "y": 348}, {"x": 654, "y": 348}, {"x": 654, "y": 338}, {"x": 644, "y": 338}], [{"x": 644, "y": 524}, {"x": 654, "y": 524}, {"x": 654, "y": 514}, {"x": 644, "y": 514}], [{"x": 644, "y": 590}, {"x": 654, "y": 590}, {"x": 654, "y": 580}, {"x": 644, "y": 580}], [{"x": 644, "y": 656}, {"x": 654, "y": 656}, {"x": 654, "y": 646}, {"x": 644, "y": 646}], [{"x": 644, "y": 700}, {"x": 654, "y": 700}, {"x": 654, "y": 690}, {"x": 644, "y": 690}], [{"x": 644, "y": 722}, {"x": 654, "y": 722}, {"x": 654, "y": 712}, {"x": 644, "y": 712}], [{"x": 644, "y": 766}, {"x": 654, "y": 766}, {"x": 654, "y": 756}, {"x": 644, "y": 756}], [{"x": 644, "y": 854}, {"x": 654, "y": 854}, {"x": 654, "y": 844}, {"x": 644, "y": 844}], [{"x": 666, "y": 150}, {"x": 676, "y": 150}, {"x": 676, "y": 140}, {"x": 666, "y": 140}], [{"x": 666, "y": 238}, {"x": 676, "y": 238}, {"x": 676, "y": 228}, {"x": 666, "y": 228}], [{"x": 666, "y": 304}, {"x": 676, "y": 304}, {"x": 676, "y": 294}, {"x": 666, "y": 294}], [{"x": 666, "y": 370}, {"x": 676, "y": 370}, {"x": 676, "y": 360}, {"x": 666, "y": 360}], [{"x": 666, "y": 392}, {"x": 676, "y": 392}, {"x": 676, "y": 382}, {"x": 666, "y": 382}], [{"x": 666, "y": 480}, {"x": 676, "y": 480}, {"x": 676, "y": 470}, {"x": 666, "y": 470}], [{"x": 666, "y": 568}, {"x": 676, "y": 568}, {"x": 676, "y": 558}, {"x": 666, "y": 558}], [{"x": 666, "y": 612}, {"x": 676, "y": 612}, {"x": 676, "y": 602}, {"x": 666, "y": 602}], [{"x": 666, "y": 700}, {"x": 676, "y": 700}, {"x": 676, "y": 690}, {"x": 666, "y": 690}], [{"x": 666, "y": 722}, {"x": 676, "y": 722}, {"x": 676, "y": 712}, {"x": 666, "y": 712}], [{"x": 666, "y": 766}, {"x": 676, "y": 766}, {"x": 676, "y": 756}, {"x": 666, "y": 756}], [{"x": 666, "y": 854}, {"x": 676, "y": 854}, {"x": 676, "y": 844}, {"x": 666, "y": 844}], [{"x": 666, "y": 876}, {"x": 676, "y": 876}, {"x": 676, "y": 866}, {"x": 666, "y": 866}], [{"x": 688, "y": 172}, {"x": 698, "y": 172}, {"x": 698, "y": 162}, {"x": 688, "y": 162}], [{"x": 688, "y": 260}, {"x": 698, "y": 260}, {"x": 698, "y": 250}, {"x": 688, "y": 250}], [{"x": 688, "y": 282}, {"x": 698, "y": 282}, {"x": 698, "y": 272}, {"x": 688, "y": 272}], [{"x": 688, "y": 304}, {"x": 698, "y": 304}, {"x": 698, "y": 294}, {"x": 688, "y": 294}], [{"x": 688, "y": 370}, {"x": 698, "y": 370}, {"x": 698, "y": 360}, {"x": 688, "y": 360}], [{"x": 688, "y": 414}, {"x": 698, "y": 414}, {"x": 698, "y": 404}, {"x": 688, "y": 404}], [{"x": 688, "y": 436}, {"x": 698, "y": 436}, {"x": 698, "y": 426}, {"x": 688, "y": 426}], [{"x": 688, "y": 458}, {"x": 698, "y": 458}, {"x": 698, "y": 448}, {"x": 688, "y": 448}], [{"x": 688, "y": 568}, {"x": 698, "y": 568}, {"x": 698, "y": 558}, {"x": 688, "y": 558}], [{"x": 688, "y": 612}, {"x": 698, "y": 612}, {"x": 698, "y": 602}, {"x": 688, "y": 602}], [{"x": 688, "y": 634}, {"x": 698, "y": 634}, {"x": 698, "y": 624}, {"x": 688, "y": 624}], [{"x": 688, "y": 700}, {"x": 698, "y": 700}, {"x": 698, "y": 690}, {"x": 688, "y": 690}], [{"x": 688, "y": 788}, {"x": 698, "y": 788}, {"x": 698, "y": 778}, {"x": 688, "y": 778}], [{"x": 688, "y": 810}, {"x": 698, "y": 810}, {"x": 698, "y": 800}, {"x": 688, "y": 800}], [{"x": 688, "y": 832}, {"x": 698, "y": 832}, {"x": 698, "y": 822}, {"x": 688, "y": 822}], [{"x": 710, "y": 150}, {"x": 720, "y": 150}, {"x": 720, "y": 140}, {"x": 710, "y": 140}], [{"x": 710, "y": 194}, {"x": 720, "y": 194}, {"x": 720, "y": 184}, {"x": 710, "y": 184}], [{"x": 710, "y": 282}, {"x": 720, "y": 282}, {"x": 720, "y": 272}, {"x": 710, "y": 272}], [{"x": 710, "y": 304}, {"x": 720, "y": 304}, {"x": 720, "y": 294}, {"x": 710, "y": 294}], [{"x": 710, "y": 326}, {"x": 720, "y": 326}, {"x": 720, "y": 316}, {"x": 710, "y": 316}], [{"x": 710, "y": 436}, {"x": 720, "y": 436}, {"x": 720, "y": 426}, {"x": 710, "y": 426}], [{"x": 710, "y": 568}, {"x": 720, "y": 568}, {"x": 720, "y": 558}, {"x": 710, "y": 558}], [{"x": 710, "y": 590}, {"x": 720, "y": 590}, {"x": 720, "y": 580}, {"x": 710, "y": 580}], [{"x": 710, "y": 612}, {"x": 720, "y": 612}, {"x": 720, "y": 602}, {"x": 710, "y": 602}], [{"x": 710, "y": 634}, {"x": 720, "y": 634}, {"x": 720, "y": 624}, {"x": 710, "y": 624}], [{"x": 710, "y": 656}, {"x": 720, "y": 656}, {"x": 720, "y": 646}, {"x": 710, "y": 646}], [{"x": 710, "y": 722}, {"x": 720, "y": 722}, {"x": 720, "y": 712}, {"x": 710, "y": 712}], [{"x": 710, "y": 788}, {"x": 720, "y": 788}, {"x": 720, "y": 778}, {"x": 710, "y": 778}], [{"x": 710, "y": 854}, {"x": 720, "y": 854}, {"x": 720, "y": 844}, {"x": 710, "y": 844}], [{"x": 732, "y": 172}, {"x": 742, "y": 172}, {"x": 742, "y": 162}, {"x": 732, "y": 162}], [{"x": 732, "y": 326}, {"x": 742, "y": 326}, {"x": 742, "y": 316}, {"x": 732, "y": 316}], [{"x": 732, "y": 348}, {"x": 742, "y": 348}, {"x": 742, "y": 338}, {"x": 732, "y": 338}], [{"x": 732, "y": 436}, {"x": 742, "y": 436}, {"x": 742, "y": 426}, {"x": 732, "y": 426}], [{"x": 732, "y": 480}, {"x": 742, "y": 480}, {"x": 742, "y": 470}, {"x": 732, "y": 470}], [{"x": 732, "y": 590}, {"x": 742, "y": 590}, {"x": 742, "y": 580}, {"x": 732, "y": 580}], [{"x": 732, "y": 612}, {"x": 742, "y": 612}, {"x": 742, "y": 602}, {"x": 732, "y": 602}], [{"x": 732, "y": 634}, {"x": 742, "y": 634}, {"x": 742, "y": 624}, {"x": 732, "y": 624}], [{"x": 732, "y": 656}, {"x": 742, "y": 656}, {"x": 742, "y": 646}, {"x": 732, "y": 646}], [{"x": 732, "y": 832}, {"x": 742, "y": 832}, {"x": 742, "y": 822}, {"x": 732, "y": 822}], [{"x": 732, "y": 876}, {"x": 742, "y": 876}, {"x": 742, "y": 866}, {"x": 732, "y": 866}], [{"x": 754, "y": 238}, {"x": 764, "y": 238}, {"x": 764, "y": 228}, {"x": 754, "y": 228}], [{"x": 754, "y": 282}, {"x": 764, "y": 282}, {"x": 764, "y": 272}, {"x": 754, "y": 272}], [{"x": 754, "y": 348}, {"x": 764, "y": 348}, {"x": 764, "y": 338}, {"x": 754, "y": 338}], [{"x": 754, "y": 370}, {"x": 764, "y": 370}, {"x": 764, "y": 360}, {"x": 754, "y": 360}], [{"x": 754, "y": 436}, {"x": 764, "y": 436}, {"x": 764, "y": 426}, {"x": 754, "y": 426}], [{"x": 754, "y": 458}, {"x": 764, "y": 458}, {"x": 764, "y": 448}, {"x": 754, "y": 448}], [{"x": 754, "y": 480}, {"x": 764, "y": 480}, {"x": 764, "y": 470}, {"x": 754, "y": 470}], [{"x": 754, "y": 502}, {"x": 764, "y": 502}, {"x": 764, "y": 492}, {"x": 754, "y": 492}], [{"x": 754, "y": 524}, {"x": 764, "y": 524}, {"x": 764, "y": 514}, {"x": 754, "y": 514}], [{"x": 754, "y": 568}, {"x": 764, "y": 568}, {"x": 764, "y": 558}, {"x": 754, "y": 558}], [{"x": 754, "y": 590}, {"x": 764, "y": 590}, {"x": 764, "y": 580}, {"x": 754, "y": 580}], [{"x": 754, "y": 634}, {"x": 764, "y": 634}, {"x": 764, "y": 624}, {"x": 754, "y": 624}], [{"x": 754, "y": 656}, {"x": 764, "y": 656}, {"x": 764, "y": 646}, {"x": 754, "y": 646}], [{"x": 754, "y": 678}, {"x": 764, "y": 678}, {"x": 764, "y": 668}, {"x": 754, "y": 668}], [{"x": 754, "y": 722}, {"x": 764, "y": 722}, {"x": 764, "y": 712}, {"x": 754, "y": 712}], [{"x": 754, "y": 766}, {"x": 764, "y": 766}, {"x": 764, "y": 756}, {"x": 754, "y": 756}], [{"x": 754, "y": 788}, {"x": 764, "y": 788}, {"x": 764, "y": 778}, {"x": 754, "y": 778}], [{"x": 754, "y": 832}, {"x": 764, "y": 832}, {"x": 764, "y": 822}, {"x": 754, "y": 822}], [{"x": 754, "y": 854}, {"x": 764, "y": 854}, {"x": 764, "y": 844}, {"x": 754, "y": 844}], [{"x": 776, "y": 194}, {"x": 786, "y": 194}, {"x": 786, "y": 184}, {"x": 776, "y": 184}], [{"x": 776, "y": 238}, {"x": 786, "y": 238}, {"x": 786, "y": 228}, {"x": 776, "y": 228}], [{"x": 776, "y": 348}, {"x": 786, "y": 348}, {"x": 786, "y": 338}, {"x": 776, "y": 338}], [{"x": 776, "y": 392}, {"x": 786, "y": 392}, {"x": 786, "y": 382}, {"x": 776, "y": 382}], [{"x": 776, "y": 414}, {"x": 786, "y": 414}, {"x": 786, "y": 404}, {"x": 776, "y": 404}], [{"x": 776, "y": 436}, {"x": 786, "y": 436}, {"x": 786, "y": 426}, {"x": 776, "y": 426}], [{"x": 776, "y": 458}, {"x": 786, "y": 458}, {"x": 786, "y": 448}, {"x": 776, "y": 448}], [{"x": 776, "y": 480}, {"x": 786, "y": 480}, {"x": 786, "y": 470}, {"x": 776, "y": 470}], [{"x": 776, "y": 546}, {"x": 786, "y": 546}, {"x": 786, "y": 536}, {"x": 776, "y": 536}], [{"x": 776, "y": 568}, {"x": 786, "y": 568}, {"x": 786, "y": 558}, {"x": 776, "y": 558}], [{"x": 776, "y": 634}, {"x": 786, "y": 634}, {"x": 786, "y": 624}, {"x": 776, "y": 624}], [{"x": 776, "y": 722}, {"x": 786, "y": 722}, {"x": 786, "y": 712}, {"x": 776, "y": 712}], [{"x": 798, "y": 216}, {"x": 808, "y": 216}, {"x": 808, "y": 206}, {"x": 798, "y": 206}], [{"x": 798, "y": 348}, {"x": 808, "y": 348}, {"x": 808, "y": 338}, {"x": 798, "y": 338}], [{"x": 798, "y": 414}, {"x": 808, "y": 414}, {"x": 808, "y": 404}, {"x": 798, "y": 404}], [{"x": 798, "y": 458}, {"x": 808, "y": 458}, {"x": 808, "y": 448}, {"x": 798, "y": 448}], [{"x": 798, "y": 480}, {"x": 808, "y": 480}, {"x": 808, "y": 470}, {"x": 798, "y": 470}], [{"x": 820, "y": 238}, {"x": 830, "y": 238}, {"x": 830, "y": 228}, {"x": 820, "y": 228}], [{"x": 820, "y": 414}, {"x": 830, "y": 414}, {"x": 830, "y": 404}, {"x": 820, "y": 404}], [{"x": 842, "y": 150}, {"x": 852, "y": 150}, {"x": 852, "y": 140}, {"x": 842, "y": 140}], [{"x": 842, "y": 304}, {"x": 852, "y": 304}, {"x": 852, "y": 294}, {"x": 842, "y": 294}], [{"x": 842, "y": 326}, {"x": 852, "y": 326}, {"x": 852, "y": 316}, {"x": 842, "y": 316}], [{"x": 842, "y": 348}, {"x": 852, "y": 348}, {"x": 852, "y": 338}, {"x": 842, "y": 338}], [{"x": 842, "y": 370}, {"x": 852, "y": 370}, {"x": 852, "y": 360}, {"x": 842, "y": 360}], [{"x": 864, "y": 172}, {"x": 874, "y": 172}, {"x": 874, "y": 162}, {"x": 864, "y": 162}], [{"x": 864, "y": 260}, {"x": 874, "y": 260}, {"x": 874, "y": 250}, {"x": 864, "y": 250}], [{"x": 864, "y": 282}, {"x": 874, "y": 282}, {"x": 874, "y": 272}, {"x": 864, "y": 272}], [{"x": 864, "y": 304}, {"x": 874, "y": 304}, {"x": 874, "y": 294}, {"x": 864, "y": 294}], [{"x": 886, "y": 150}, {"x": 896, "y": 150}, {"x": 896, "y": 140}, {"x": 886, "y": 140}], [{"x": 886, "y": 172}, {"x": 896, "y": 172}, {"x": 896, "y": 162}, {"x": 886, "y": 162}], [{"x": 886, "y": 194}, {"x": 896, "y": 194}, {"x": 896, "y": 184}, {"x": 886, "y": 184}], [{"x": 886, "y": 238}, {"x": 896, "y": 238}, {"x": 896, "y": 228}, {"x": 886, "y": 228}], [{"x": 908, "y": 150}, {"x": 918, "y": 150}, {"x": 918, "y": 140}, {"x": 908, "y": 140}], [{"x": 908, "y": 172}, {"x": 918, "y": 172}, {"x": 918, "y": 162}, {"x": 908, "y": 162}], [{"x": 908, "y": 194}, {"x": 918, "y": 194}, {"x": 918, "y": 184}, {"x": 908, "y": 184}]]}