{"type": "CGSHOP2023_Instance", "name": "maze_154_50_001_001", "n": 124, "outer_boundary": [{"x": 20, "y": 45}, {"x": 100, "y": 9}, {"x": 182, "y": 46}, {"x": 191, "y": 100}, {"x": 151, "y": 169}, {"x": 100, "y": 172}, {"x": 23, "y": 153}, {"x": 19, "y": 100}], "holes": [[{"x": 47, "y": 69}, {"x": 57, "y": 69}, {"x": 57, "y": 59}, {"x": 47, "y": 59}], [{"x": 47, "y": 91}, {"x": 57, "y": 91}, {"x": 57, "y": 81}, {"x": 47, "y": 81}], [{"x": 47, "y": 113}, {"x": 57, "y": 113}, {"x": 57, "y": 103}, {"x": 47, "y": 103}], [{"x": 47, "y": 135}, {"x": 57, "y": 135}, {"x": 57, "y": 125}, {"x": 47, "y": 125}], [{"x": 69, "y": 47}, {"x": 79, "y": 47}, {"x": 83, "y": 37}, {"x": 69, "y": 37}], [{"x": 69, "y": 69}, {"x": 79, "y": 69}, {"x": 79, "y": 59}, {"x": 69, "y": 59}], [{"x": 69, "y": 91}, {"x": 79, "y": 91}, {"x": 79, "y": 81}, {"x": 69, "y": 81}], [{"x": 69, "y": 113}, {"x": 79, "y": 113}, {"x": 79, "y": 103}, {"x": 69, "y": 103}], [{"x": 69, "y": 135}, {"x": 79, "y": 135}, {"x": 79, "y": 125}, {"x": 69, "y": 125}], [{"x": 91, "y": 47}, {"x": 101, "y": 47}, {"x": 101, "y": 37}, {"x": 91, "y": 37}], [{"x": 91, "y": 69}, {"x": 101, "y": 69}, {"x": 101, "y": 59}, {"x": 91, "y": 59}], [{"x": 91, "y": 91}, {"x": 101, "y": 91}, {"x": 101, "y": 81}, {"x": 91, "y": 81}], [{"x": 91, "y": 113}, {"x": 101, "y": 113}, {"x": 101, "y": 103}, {"x": 91, "y": 103}], [{"x": 91, "y": 135}, {"x": 101, "y": 135}, {"x": 101, "y": 125}, {"x": 91, "y": 125}], [{"x": 91, "y": 157}, {"x": 101, "y": 157}, {"x": 101, "y": 147}, {"x": 91, "y": 147}], [{"x": 113, "y": 47}, {"x": 123, "y": 47}, {"x": 123, "y": 37}, {"x": 113, "y": 37}], [{"x": 113, "y": 69}, {"x": 123, "y": 69}, {"x": 123, "y": 59}, {"x": 113, "y": 59}], [{"x": 113, "y": 91}, {"x": 123, "y": 91}, {"x": 123, "y": 81}, {"x": 113, "y": 81}], [{"x": 113, "y": 113}, {"x": 123, "y": 113}, {"x": 123, "y": 103}, {"x": 113, "y": 103}], [{"x": 113, "y": 135}, {"x": 123, "y": 135}, {"x": 123, "y": 125}, {"x": 113, "y": 125}], [{"x": 113, "y": 157}, {"x": 123, "y": 157}, {"x": 123, "y": 147}, {"x": 113, "y": 147}], [{"x": 135, "y": 69}, {"x": 145, "y": 69}, {"x": 145, "y": 59}, {"x": 135, "y": 59}], [{"x": 135, "y": 91}, {"x": 145, "y": 91}, {"x": 145, "y": 81}, {"x": 135, "y": 81}], [{"x": 135, "y": 113}, {"x": 145, "y": 113}, {"x": 145, "y": 103}, {"x": 135, "y": 103}], [{"x": 135, "y": 135}, {"x": 145, "y": 135}, {"x": 145, "y": 125}, {"x": 135, "y": 125}], [{"x": 135, "y": 157}, {"x": 145, "y": 157}, {"x": 145, "y": 147}, {"x": 135, "y": 147}], [{"x": 157, "y": 69}, {"x": 167, "y": 69}, {"x": 167, "y": 56}, {"x": 157, "y": 59}], [{"x": 157, "y": 91}, {"x": 167, "y": 91}, {"x": 167, "y": 81}, {"x": 157, "y": 81}], [{"x": 157, "y": 113}, {"x": 167, "y": 113}, {"x": 167, "y": 103}, {"x": 157, "y": 103}]]}