{"type": "CGSHOP2023_Instance", "name": "maze_3634_250_025_01", "n": 2908, "outer_boundary": [{"x": 205, "y": 119}, {"x": 500, "y": 249}, {"x": 755, "y": 40}, {"x": 762, "y": 500}, {"x": 984, "y": 781}, {"x": 500, "y": 930}, {"x": 130, "y": 877}, {"x": 94, "y": 500}], "holes": [[{"x": 122, "y": 452}, {"x": 132, "y": 452}, {"x": 132, "y": 442}, {"x": 122, "y": 442}], [{"x": 122, "y": 474}, {"x": 136, "y": 474}, {"x": 132, "y": 464}, {"x": 122, "y": 464}], [{"x": 122, "y": 500}, {"x": 132, "y": 496}, {"x": 132, "y": 486}, {"x": 122, "y": 486}], [{"x": 122, "y": 518}, {"x": 132, "y": 518}, {"x": 132, "y": 505}, {"x": 122, "y": 508}], [{"x": 122, "y": 562}, {"x": 132, "y": 562}, {"x": 132, "y": 552}, {"x": 122, "y": 552}], [{"x": 122, "y": 584}, {"x": 132, "y": 584}, {"x": 132, "y": 574}, {"x": 122, "y": 574}], [{"x": 122, "y": 606}, {"x": 132, "y": 606}, {"x": 132, "y": 596}, {"x": 120, "y": 596}], [{"x": 120, "y": 628}, {"x": 132, "y": 628}, {"x": 132, "y": 618}, {"x": 122, "y": 618}], [{"x": 122, "y": 650}, {"x": 132, "y": 654}, {"x": 132, "y": 640}, {"x": 122, "y": 640}], [{"x": 122, "y": 672}, {"x": 132, "y": 672}, {"x": 135, "y": 662}, {"x": 122, "y": 662}], [{"x": 122, "y": 694}, {"x": 132, "y": 694}, {"x": 133, "y": 684}, {"x": 122, "y": 684}], [{"x": 144, "y": 408}, {"x": 158, "y": 408}, {"x": 154, "y": 398}, {"x": 144, "y": 398}], [{"x": 144, "y": 430}, {"x": 154, "y": 430}, {"x": 154, "y": 420}, {"x": 142, "y": 420}], [{"x": 144, "y": 474}, {"x": 154, "y": 474}, {"x": 155, "y": 464}, {"x": 144, "y": 464}], [{"x": 144, "y": 496}, {"x": 154, "y": 496}, {"x": 154, "y": 486}, {"x": 144, "y": 486}], [{"x": 144, "y": 521}, {"x": 154, "y": 518}, {"x": 154, "y": 507}, {"x": 144, "y": 504}], [{"x": 144, "y": 540}, {"x": 157, "y": 540}, {"x": 154, "y": 530}, {"x": 144, "y": 530}], [{"x": 144, "y": 562}, {"x": 154, "y": 562}, {"x": 154, "y": 552}, {"x": 144, "y": 552}], [{"x": 143, "y": 587}, {"x": 154, "y": 584}, {"x": 154, "y": 574}, {"x": 144, "y": 572}], [{"x": 144, "y": 628}, {"x": 154, "y": 628}, {"x": 154, "y": 618}, {"x": 144, "y": 618}], [{"x": 144, "y": 650}, {"x": 154, "y": 650}, {"x": 157, "y": 640}, {"x": 144, "y": 640}], [{"x": 144, "y": 672}, {"x": 154, "y": 672}, {"x": 154, "y": 662}, {"x": 144, "y": 660}], [{"x": 144, "y": 694}, {"x": 154, "y": 694}, {"x": 154, "y": 684}, {"x": 144, "y": 684}], [{"x": 144, "y": 716}, {"x": 154, "y": 716}, {"x": 154, "y": 706}, {"x": 144, "y": 706}], [{"x": 144, "y": 738}, {"x": 154, "y": 738}, {"x": 154, "y": 728}, {"x": 140, "y": 728}], [{"x": 140, "y": 760}, {"x": 154, "y": 760}, {"x": 154, "y": 750}, {"x": 144, "y": 750}], [{"x": 140, "y": 782}, {"x": 154, "y": 782}, {"x": 154, "y": 772}, {"x": 144, "y": 772}], [{"x": 143, "y": 826}, {"x": 154, "y": 826}, {"x": 154, "y": 816}, {"x": 144, "y": 816}], [{"x": 144, "y": 848}, {"x": 154, "y": 848}, {"x": 154, "y": 838}, {"x": 144, "y": 838}], [{"x": 144, "y": 870}, {"x": 154, "y": 872}, {"x": 155, "y": 860}, {"x": 144, "y": 860}], [{"x": 166, "y": 298}, {"x": 176, "y": 299}, {"x": 176, "y": 288}, {"x": 166, "y": 288}], [{"x": 166, "y": 320}, {"x": 176, "y": 320}, {"x": 178, "y": 310}, {"x": 166, "y": 310}], [{"x": 166, "y": 344}, {"x": 176, "y": 342}, {"x": 176, "y": 329}, {"x": 166, "y": 332}], [{"x": 166, "y": 364}, {"x": 176, "y": 364}, {"x": 176, "y": 354}, {"x": 166, "y": 354}], [{"x": 166, "y": 386}, {"x": 176, "y": 386}, {"x": 176, "y": 375}, {"x": 166, "y": 376}], [{"x": 166, "y": 408}, {"x": 176, "y": 408}, {"x": 176, "y": 398}, {"x": 166, "y": 398}], [{"x": 166, "y": 430}, {"x": 176, "y": 432}, {"x": 176, "y": 420}, {"x": 166, "y": 420}], [{"x": 166, "y": 452}, {"x": 179, "y": 452}, {"x": 176, "y": 442}, {"x": 166, "y": 439}], [{"x": 165, "y": 474}, {"x": 177, "y": 474}, {"x": 177, "y": 464}, {"x": 166, "y": 464}], [{"x": 166, "y": 499}, {"x": 176, "y": 496}, {"x": 176, "y": 486}, {"x": 166, "y": 486}], [{"x": 166, "y": 584}, {"x": 176, "y": 584}, {"x": 176, "y": 574}, {"x": 166, "y": 571}], [{"x": 164, "y": 606}, {"x": 176, "y": 606}, {"x": 176, "y": 593}, {"x": 166, "y": 596}], [{"x": 166, "y": 631}, {"x": 176, "y": 628}, {"x": 179, "y": 618}, {"x": 166, "y": 618}], [{"x": 166, "y": 650}, {"x": 176, "y": 650}, {"x": 176, "y": 640}, {"x": 166, "y": 640}], [{"x": 166, "y": 694}, {"x": 176, "y": 694}, {"x": 176, "y": 684}, {"x": 166, "y": 684}], [{"x": 165, "y": 716}, {"x": 176, "y": 716}, {"x": 177, "y": 706}, {"x": 166, "y": 706}], [{"x": 166, "y": 738}, {"x": 176, "y": 738}, {"x": 176, "y": 728}, {"x": 166, "y": 728}], [{"x": 166, "y": 760}, {"x": 176, "y": 761}, {"x": 176, "y": 750}, {"x": 166, "y": 750}], [{"x": 166, "y": 782}, {"x": 178, "y": 782}, {"x": 176, "y": 772}, {"x": 166, "y": 772}], [{"x": 166, "y": 826}, {"x": 176, "y": 826}, {"x": 176, "y": 812}, {"x": 166, "y": 816}], [{"x": 166, "y": 848}, {"x": 176, "y": 848}, {"x": 176, "y": 838}, {"x": 166, "y": 838}], [{"x": 166, "y": 870}, {"x": 178, "y": 870}, {"x": 176, "y": 860}, {"x": 166, "y": 860}], [{"x": 188, "y": 276}, {"x": 198, "y": 276}, {"x": 198, "y": 266}, {"x": 188, "y": 266}], [{"x": 184, "y": 299}, {"x": 198, "y": 298}, {"x": 198, "y": 288}, {"x": 188, "y": 288}], [{"x": 188, "y": 320}, {"x": 201, "y": 320}, {"x": 198, "y": 310}, {"x": 188, "y": 310}], [{"x": 188, "y": 345}, {"x": 198, "y": 342}, {"x": 198, "y": 328}, {"x": 188, "y": 332}], [{"x": 188, "y": 364}, {"x": 198, "y": 367}, {"x": 201, "y": 354}, {"x": 188, "y": 354}], [{"x": 188, "y": 386}, {"x": 198, "y": 386}, {"x": 198, "y": 376}, {"x": 187, "y": 376}], [{"x": 188, "y": 430}, {"x": 198, "y": 430}, {"x": 198, "y": 420}, {"x": 188, "y": 420}], [{"x": 188, "y": 452}, {"x": 198, "y": 452}, {"x": 198, "y": 442}, {"x": 187, "y": 442}], [{"x": 186, "y": 496}, {"x": 198, "y": 496}, {"x": 201, "y": 486}, {"x": 188, "y": 486}], [{"x": 188, "y": 518}, {"x": 198, "y": 518}, {"x": 201, "y": 508}, {"x": 188, "y": 508}], [{"x": 188, "y": 540}, {"x": 198, "y": 540}, {"x": 198, "y": 526}, {"x": 188, "y": 530}], [{"x": 188, "y": 562}, {"x": 198, "y": 562}, {"x": 201, "y": 552}, {"x": 188, "y": 549}], [{"x": 186, "y": 588}, {"x": 200, "y": 584}, {"x": 202, "y": 570}, {"x": 188, "y": 574}], [{"x": 188, "y": 606}, {"x": 198, "y": 606}, {"x": 198, "y": 596}, {"x": 188, "y": 596}], [{"x": 188, "y": 650}, {"x": 198, "y": 650}, {"x": 198, "y": 640}, {"x": 188, "y": 640}], [{"x": 188, "y": 672}, {"x": 198, "y": 672}, {"x": 198, "y": 662}, {"x": 188, "y": 662}], [{"x": 188, "y": 694}, {"x": 198, "y": 694}, {"x": 198, "y": 684}, {"x": 188, "y": 684}], [{"x": 188, "y": 716}, {"x": 198, "y": 716}, {"x": 198, "y": 703}, {"x": 188, "y": 706}], [{"x": 188, "y": 738}, {"x": 199, "y": 738}, {"x": 198, "y": 728}, {"x": 188, "y": 728}], [{"x": 188, "y": 760}, {"x": 198, "y": 760}, {"x": 198, "y": 750}, {"x": 188, "y": 750}], [{"x": 188, "y": 782}, {"x": 198, "y": 782}, {"x": 198, "y": 772}, {"x": 188, "y": 772}], [{"x": 188, "y": 804}, {"x": 199, "y": 804}, {"x": 198, "y": 794}, {"x": 188, "y": 794}], [{"x": 188, "y": 826}, {"x": 198, "y": 826}, {"x": 198, "y": 816}, {"x": 188, "y": 816}], [{"x": 188, "y": 848}, {"x": 198, "y": 848}, {"x": 198, "y": 838}, {"x": 188, "y": 836}], [{"x": 188, "y": 870}, {"x": 198, "y": 870}, {"x": 198, "y": 860}, {"x": 184, "y": 860}], [{"x": 210, "y": 166}, {"x": 220, "y": 166}, {"x": 220, "y": 156}, {"x": 210, "y": 156}], [{"x": 210, "y": 188}, {"x": 223, "y": 188}, {"x": 220, "y": 178}, {"x": 210, "y": 178}], [{"x": 210, "y": 210}, {"x": 220, "y": 210}, {"x": 220, "y": 200}, {"x": 210, "y": 200}], [{"x": 210, "y": 254}, {"x": 220, "y": 254}, {"x": 220, "y": 244}, {"x": 210, "y": 244}], [{"x": 210, "y": 276}, {"x": 220, "y": 278}, {"x": 221, "y": 266}, {"x": 210, "y": 266}], [{"x": 210, "y": 320}, {"x": 220, "y": 320}, {"x": 220, "y": 310}, {"x": 210, "y": 310}], [{"x": 210, "y": 342}, {"x": 220, "y": 342}, {"x": 220, "y": 332}, {"x": 210, "y": 332}], [{"x": 210, "y": 364}, {"x": 220, "y": 364}, {"x": 220, "y": 354}, {"x": 210, "y": 354}], [{"x": 210, "y": 408}, {"x": 220, "y": 408}, {"x": 220, "y": 398}, {"x": 210, "y": 398}], [{"x": 210, "y": 430}, {"x": 220, "y": 430}, {"x": 220, "y": 420}, {"x": 210, "y": 420}], [{"x": 210, "y": 452}, {"x": 220, "y": 452}, {"x": 222, "y": 442}, {"x": 210, "y": 442}], [{"x": 210, "y": 474}, {"x": 220, "y": 474}, {"x": 220, "y": 464}, {"x": 210, "y": 464}], [{"x": 210, "y": 496}, {"x": 220, "y": 496}, {"x": 220, "y": 486}, {"x": 207, "y": 486}], [{"x": 210, "y": 518}, {"x": 220, "y": 518}, {"x": 220, "y": 508}, {"x": 210, "y": 508}], [{"x": 210, "y": 584}, {"x": 220, "y": 584}, {"x": 220, "y": 574}, {"x": 210, "y": 574}], [{"x": 210, "y": 606}, {"x": 220, "y": 606}, {"x": 220, "y": 596}, {"x": 210, "y": 596}], [{"x": 210, "y": 628}, {"x": 220, "y": 628}, {"x": 220, "y": 618}, {"x": 210, "y": 618}], [{"x": 210, "y": 650}, {"x": 220, "y": 650}, {"x": 220, "y": 640}, {"x": 210, "y": 640}], [{"x": 206, "y": 672}, {"x": 220, "y": 672}, {"x": 220, "y": 662}, {"x": 206, "y": 662}], [{"x": 208, "y": 694}, {"x": 220, "y": 694}, {"x": 220, "y": 684}, {"x": 210, "y": 684}], [{"x": 210, "y": 738}, {"x": 220, "y": 738}, {"x": 220, "y": 728}, {"x": 210, "y": 728}], [{"x": 210, "y": 760}, {"x": 220, "y": 760}, {"x": 220, "y": 750}, {"x": 210, "y": 747}], [{"x": 210, "y": 804}, {"x": 220, "y": 804}, {"x": 220, "y": 794}, {"x": 210, "y": 794}], [{"x": 210, "y": 826}, {"x": 220, "y": 826}, {"x": 220, "y": 816}, {"x": 210, "y": 816}], [{"x": 210, "y": 848}, {"x": 220, "y": 848}, {"x": 222, "y": 838}, {"x": 210, "y": 838}], [{"x": 210, "y": 870}, {"x": 220, "y": 870}, {"x": 220, "y": 860}, {"x": 210, "y": 856}], [{"x": 232, "y": 166}, {"x": 242, "y": 166}, {"x": 242, "y": 156}, {"x": 232, "y": 156}], [{"x": 232, "y": 188}, {"x": 244, "y": 188}, {"x": 242, "y": 178}, {"x": 232, "y": 178}], [{"x": 232, "y": 210}, {"x": 242, "y": 210}, {"x": 242, "y": 200}, {"x": 231, "y": 200}], [{"x": 232, "y": 254}, {"x": 242, "y": 254}, {"x": 242, "y": 244}, {"x": 232, "y": 244}], [{"x": 232, "y": 276}, {"x": 242, "y": 276}, {"x": 242, "y": 266}, {"x": 232, "y": 266}], [{"x": 228, "y": 298}, {"x": 242, "y": 298}, {"x": 242, "y": 285}, {"x": 232, "y": 288}], [{"x": 232, "y": 320}, {"x": 242, "y": 320}, {"x": 242, "y": 310}, {"x": 232, "y": 310}], [{"x": 232, "y": 342}, {"x": 246, "y": 344}, {"x": 242, "y": 332}, {"x": 232, "y": 332}], [{"x": 232, "y": 364}, {"x": 245, "y": 364}, {"x": 242, "y": 354}, {"x": 232, "y": 354}], [{"x": 232, "y": 386}, {"x": 242, "y": 386}, {"x": 242, "y": 375}, {"x": 232, "y": 376}], [{"x": 232, "y": 408}, {"x": 243, "y": 408}, {"x": 242, "y": 398}, {"x": 232, "y": 398}], [{"x": 232, "y": 430}, {"x": 242, "y": 430}, {"x": 242, "y": 420}, {"x": 232, "y": 420}], [{"x": 232, "y": 452}, {"x": 242, "y": 453}, {"x": 242, "y": 442}, {"x": 232, "y": 438}], [{"x": 232, "y": 474}, {"x": 242, "y": 474}, {"x": 242, "y": 464}, {"x": 232, "y": 464}], [{"x": 232, "y": 496}, {"x": 242, "y": 496}, {"x": 242, "y": 486}, {"x": 232, "y": 486}], [{"x": 232, "y": 540}, {"x": 242, "y": 540}, {"x": 242, "y": 530}, {"x": 232, "y": 526}], [{"x": 232, "y": 584}, {"x": 242, "y": 584}, {"x": 242, "y": 574}, {"x": 232, "y": 574}], [{"x": 232, "y": 608}, {"x": 242, "y": 606}, {"x": 242, "y": 596}, {"x": 232, "y": 596}], [{"x": 232, "y": 628}, {"x": 245, "y": 628}, {"x": 244, "y": 618}, {"x": 232, "y": 618}], [{"x": 232, "y": 651}, {"x": 242, "y": 650}, {"x": 242, "y": 640}, {"x": 232, "y": 640}], [{"x": 232, "y": 672}, {"x": 242, "y": 672}, {"x": 242, "y": 662}, {"x": 232, "y": 662}], [{"x": 231, "y": 716}, {"x": 242, "y": 716}, {"x": 242, "y": 706}, {"x": 232, "y": 706}], [{"x": 232, "y": 760}, {"x": 242, "y": 760}, {"x": 242, "y": 749}, {"x": 232, "y": 750}], [{"x": 228, "y": 782}, {"x": 242, "y": 782}, {"x": 245, "y": 772}, {"x": 230, "y": 772}], [{"x": 232, "y": 804}, {"x": 246, "y": 804}, {"x": 242, "y": 793}, {"x": 232, "y": 794}], [{"x": 232, "y": 826}, {"x": 242, "y": 826}, {"x": 246, "y": 816}, {"x": 232, "y": 816}], [{"x": 254, "y": 166}, {"x": 264, "y": 169}, {"x": 264, "y": 156}, {"x": 254, "y": 156}], [{"x": 251, "y": 188}, {"x": 264, "y": 190}, {"x": 264, "y": 178}, {"x": 254, "y": 178}], [{"x": 254, "y": 210}, {"x": 264, "y": 210}, {"x": 264, "y": 200}, {"x": 254, "y": 196}], [{"x": 254, "y": 232}, {"x": 264, "y": 232}, {"x": 264, "y": 222}, {"x": 254, "y": 219}], [{"x": 254, "y": 364}, {"x": 264, "y": 364}, {"x": 267, "y": 351}, {"x": 254, "y": 353}], [{"x": 254, "y": 386}, {"x": 264, "y": 386}, {"x": 264, "y": 376}, {"x": 250, "y": 376}], [{"x": 254, "y": 408}, {"x": 264, "y": 408}, {"x": 264, "y": 394}, {"x": 254, "y": 398}], [{"x": 254, "y": 430}, {"x": 264, "y": 430}, {"x": 266, "y": 420}, {"x": 254, "y": 420}], [{"x": 254, "y": 474}, {"x": 264, "y": 474}, {"x": 264, "y": 464}, {"x": 254, "y": 464}], [{"x": 254, "y": 496}, {"x": 264, "y": 496}, {"x": 267, "y": 486}, {"x": 254, "y": 486}], [{"x": 254, "y": 518}, {"x": 264, "y": 518}, {"x": 268, "y": 506}, {"x": 254, "y": 505}], [{"x": 252, "y": 540}, {"x": 264, "y": 540}, {"x": 264, "y": 530}, {"x": 254, "y": 530}], [{"x": 254, "y": 562}, {"x": 264, "y": 562}, {"x": 265, "y": 552}, {"x": 254, "y": 552}], [{"x": 254, "y": 584}, {"x": 264, "y": 584}, {"x": 264, "y": 574}, {"x": 254, "y": 574}], [{"x": 254, "y": 606}, {"x": 264, "y": 606}, {"x": 264, "y": 596}, {"x": 254, "y": 596}], [{"x": 254, "y": 628}, {"x": 264, "y": 630}, {"x": 266, "y": 618}, {"x": 254, "y": 618}], [{"x": 254, "y": 650}, {"x": 264, "y": 654}, {"x": 264, "y": 640}, {"x": 254, "y": 640}], [{"x": 254, "y": 672}, {"x": 264, "y": 672}, {"x": 266, "y": 662}, {"x": 254, "y": 662}], [{"x": 254, "y": 694}, {"x": 264, "y": 694}, {"x": 264, "y": 684}, {"x": 254, "y": 684}], [{"x": 254, "y": 716}, {"x": 264, "y": 716}, {"x": 264, "y": 702}, {"x": 254, "y": 706}], [{"x": 254, "y": 738}, {"x": 264, "y": 738}, {"x": 264, "y": 728}, {"x": 254, "y": 728}], [{"x": 254, "y": 760}, {"x": 264, "y": 760}, {"x": 264, "y": 750}, {"x": 254, "y": 750}], [{"x": 254, "y": 782}, {"x": 264, "y": 782}, {"x": 264, "y": 768}, {"x": 254, "y": 772}], [{"x": 254, "y": 848}, {"x": 264, "y": 848}, {"x": 264, "y": 838}, {"x": 254, "y": 836}], [{"x": 254, "y": 870}, {"x": 264, "y": 870}, {"x": 264, "y": 860}, {"x": 251, "y": 860}], [{"x": 276, "y": 188}, {"x": 286, "y": 188}, {"x": 286, "y": 178}, {"x": 276, "y": 178}], [{"x": 276, "y": 232}, {"x": 286, "y": 234}, {"x": 286, "y": 222}, {"x": 276, "y": 222}], [{"x": 276, "y": 254}, {"x": 286, "y": 254}, {"x": 286, "y": 244}, {"x": 276, "y": 244}], [{"x": 276, "y": 299}, {"x": 286, "y": 298}, {"x": 286, "y": 288}, {"x": 276, "y": 288}], [{"x": 276, "y": 320}, {"x": 289, "y": 320}, {"x": 286, "y": 310}, {"x": 276, "y": 310}], [{"x": 276, "y": 344}, {"x": 286, "y": 342}, {"x": 286, "y": 332}, {"x": 276, "y": 332}], [{"x": 276, "y": 386}, {"x": 286, "y": 386}, {"x": 286, "y": 376}, {"x": 276, "y": 376}], [{"x": 276, "y": 430}, {"x": 286, "y": 430}, {"x": 286, "y": 420}, {"x": 276, "y": 420}], [{"x": 276, "y": 474}, {"x": 290, "y": 475}, {"x": 286, "y": 464}, {"x": 274, "y": 464}], [{"x": 276, "y": 496}, {"x": 286, "y": 496}, {"x": 286, "y": 486}, {"x": 276, "y": 486}], [{"x": 276, "y": 522}, {"x": 286, "y": 522}, {"x": 286, "y": 508}, {"x": 276, "y": 508}], [{"x": 276, "y": 540}, {"x": 286, "y": 540}, {"x": 286, "y": 530}, {"x": 276, "y": 530}], [{"x": 276, "y": 562}, {"x": 286, "y": 562}, {"x": 286, "y": 552}, {"x": 276, "y": 552}], [{"x": 276, "y": 584}, {"x": 286, "y": 584}, {"x": 286, "y": 574}, {"x": 276, "y": 574}], [{"x": 276, "y": 608}, {"x": 286, "y": 606}, {"x": 287, "y": 596}, {"x": 276, "y": 596}], [{"x": 276, "y": 628}, {"x": 286, "y": 628}, {"x": 286, "y": 615}, {"x": 276, "y": 618}], [{"x": 276, "y": 650}, {"x": 286, "y": 650}, {"x": 286, "y": 640}, {"x": 274, "y": 640}], [{"x": 275, "y": 672}, {"x": 290, "y": 672}, {"x": 286, "y": 662}, {"x": 276, "y": 662}], [{"x": 276, "y": 694}, {"x": 286, "y": 694}, {"x": 286, "y": 684}, {"x": 276, "y": 684}], [{"x": 276, "y": 716}, {"x": 286, "y": 716}, {"x": 286, "y": 706}, {"x": 276, "y": 706}], [{"x": 276, "y": 738}, {"x": 286, "y": 738}, {"x": 286, "y": 728}, {"x": 276, "y": 728}], [{"x": 276, "y": 760}, {"x": 287, "y": 760}, {"x": 286, "y": 750}, {"x": 273, "y": 750}], [{"x": 274, "y": 782}, {"x": 286, "y": 782}, {"x": 286, "y": 772}, {"x": 276, "y": 772}], [{"x": 276, "y": 848}, {"x": 286, "y": 848}, {"x": 286, "y": 838}, {"x": 276, "y": 838}], [{"x": 276, "y": 870}, {"x": 286, "y": 872}, {"x": 286, "y": 856}, {"x": 276, "y": 860}], [{"x": 298, "y": 210}, {"x": 308, "y": 210}, {"x": 308, "y": 200}, {"x": 298, "y": 200}], [{"x": 298, "y": 232}, {"x": 308, "y": 232}, {"x": 308, "y": 222}, {"x": 296, "y": 222}], [{"x": 298, "y": 254}, {"x": 308, "y": 254}, {"x": 308, "y": 244}, {"x": 298, "y": 244}], [{"x": 298, "y": 276}, {"x": 311, "y": 276}, {"x": 308, "y": 266}, {"x": 298, "y": 266}], [{"x": 298, "y": 298}, {"x": 308, "y": 298}, {"x": 312, "y": 288}, {"x": 298, "y": 288}], [{"x": 298, "y": 320}, {"x": 308, "y": 320}, {"x": 308, "y": 306}, {"x": 298, "y": 310}], [{"x": 298, "y": 342}, {"x": 308, "y": 342}, {"x": 308, "y": 332}, {"x": 298, "y": 332}], [{"x": 298, "y": 364}, {"x": 308, "y": 364}, {"x": 308, "y": 354}, {"x": 298, "y": 354}], [{"x": 298, "y": 386}, {"x": 308, "y": 386}, {"x": 308, "y": 376}, {"x": 298, "y": 373}], [{"x": 298, "y": 408}, {"x": 308, "y": 408}, {"x": 308, "y": 398}, {"x": 298, "y": 398}], [{"x": 298, "y": 474}, {"x": 311, "y": 474}, {"x": 308, "y": 460}, {"x": 298, "y": 464}], [{"x": 298, "y": 496}, {"x": 308, "y": 497}, {"x": 308, "y": 486}, {"x": 298, "y": 486}], [{"x": 298, "y": 540}, {"x": 308, "y": 540}, {"x": 308, "y": 530}, {"x": 298, "y": 528}], [{"x": 298, "y": 562}, {"x": 308, "y": 562}, {"x": 308, "y": 552}, {"x": 298, "y": 552}], [{"x": 298, "y": 606}, {"x": 308, "y": 610}, {"x": 308, "y": 596}, {"x": 295, "y": 596}], [{"x": 298, "y": 628}, {"x": 308, "y": 628}, {"x": 308, "y": 618}, {"x": 298, "y": 618}], [{"x": 296, "y": 650}, {"x": 309, "y": 650}, {"x": 308, "y": 640}, {"x": 298, "y": 640}], [{"x": 298, "y": 672}, {"x": 308, "y": 672}, {"x": 312, "y": 662}, {"x": 298, "y": 662}], [{"x": 298, "y": 716}, {"x": 308, "y": 716}, {"x": 308, "y": 706}, {"x": 298, "y": 706}], [{"x": 298, "y": 760}, {"x": 308, "y": 760}, {"x": 308, "y": 750}, {"x": 298, "y": 746}], [{"x": 298, "y": 782}, {"x": 308, "y": 782}, {"x": 308, "y": 772}, {"x": 298, "y": 772}], [{"x": 298, "y": 804}, {"x": 308, "y": 804}, {"x": 308, "y": 794}, {"x": 298, "y": 794}], [{"x": 294, "y": 848}, {"x": 308, "y": 848}, {"x": 308, "y": 838}, {"x": 298, "y": 836}], [{"x": 295, "y": 870}, {"x": 308, "y": 870}, {"x": 308, "y": 860}, {"x": 298, "y": 856}], [{"x": 297, "y": 892}, {"x": 308, "y": 892}, {"x": 312, "y": 879}, {"x": 298, "y": 882}], [{"x": 320, "y": 210}, {"x": 330, "y": 210}, {"x": 330, "y": 200}, {"x": 320, "y": 200}], [{"x": 320, "y": 254}, {"x": 330, "y": 254}, {"x": 330, "y": 244}, {"x": 318, "y": 244}], [{"x": 320, "y": 276}, {"x": 330, "y": 276}, {"x": 330, "y": 266}, {"x": 320, "y": 266}], [{"x": 320, "y": 298}, {"x": 330, "y": 298}, {"x": 330, "y": 288}, {"x": 320, "y": 288}], [{"x": 320, "y": 320}, {"x": 330, "y": 320}, {"x": 330, "y": 310}, {"x": 320, "y": 310}], [{"x": 320, "y": 342}, {"x": 330, "y": 342}, {"x": 330, "y": 332}, {"x": 320, "y": 332}], [{"x": 320, "y": 364}, {"x": 330, "y": 364}, {"x": 330, "y": 354}, {"x": 320, "y": 351}], [{"x": 320, "y": 386}, {"x": 330, "y": 386}, {"x": 330, "y": 376}, {"x": 320, "y": 376}], [{"x": 320, "y": 408}, {"x": 330, "y": 408}, {"x": 330, "y": 398}, {"x": 317, "y": 398}], [{"x": 320, "y": 452}, {"x": 330, "y": 452}, {"x": 330, "y": 442}, {"x": 320, "y": 442}], [{"x": 320, "y": 496}, {"x": 330, "y": 496}, {"x": 330, "y": 486}, {"x": 320, "y": 486}], [{"x": 320, "y": 518}, {"x": 330, "y": 518}, {"x": 330, "y": 504}, {"x": 320, "y": 508}], [{"x": 320, "y": 540}, {"x": 334, "y": 540}, {"x": 330, "y": 530}, {"x": 320, "y": 530}], [{"x": 320, "y": 584}, {"x": 330, "y": 584}, {"x": 330, "y": 574}, {"x": 320, "y": 574}], [{"x": 320, "y": 628}, {"x": 330, "y": 628}, {"x": 330, "y": 618}, {"x": 320, "y": 618}], [{"x": 320, "y": 652}, {"x": 330, "y": 650}, {"x": 330, "y": 640}, {"x": 320, "y": 638}], [{"x": 320, "y": 676}, {"x": 330, "y": 672}, {"x": 330, "y": 658}, {"x": 316, "y": 662}], [{"x": 320, "y": 694}, {"x": 330, "y": 694}, {"x": 330, "y": 684}, {"x": 320, "y": 684}], [{"x": 320, "y": 738}, {"x": 330, "y": 738}, {"x": 330, "y": 728}, {"x": 320, "y": 728}], [{"x": 320, "y": 760}, {"x": 330, "y": 760}, {"x": 330, "y": 750}, {"x": 320, "y": 750}], [{"x": 320, "y": 782}, {"x": 330, "y": 782}, {"x": 331, "y": 772}, {"x": 320, "y": 772}], [{"x": 320, "y": 804}, {"x": 330, "y": 804}, {"x": 330, "y": 790}, {"x": 320, "y": 794}], [{"x": 320, "y": 826}, {"x": 330, "y": 827}, {"x": 330, "y": 816}, {"x": 320, "y": 816}], [{"x": 320, "y": 848}, {"x": 330, "y": 848}, {"x": 330, "y": 838}, {"x": 320, "y": 838}], [{"x": 320, "y": 870}, {"x": 330, "y": 870}, {"x": 330, "y": 860}, {"x": 320, "y": 860}], [{"x": 320, "y": 892}, {"x": 332, "y": 892}, {"x": 330, "y": 882}, {"x": 320, "y": 882}], [{"x": 339, "y": 210}, {"x": 352, "y": 210}, {"x": 356, "y": 200}, {"x": 342, "y": 200}], [{"x": 342, "y": 232}, {"x": 352, "y": 232}, {"x": 352, "y": 222}, {"x": 339, "y": 218}], [{"x": 342, "y": 255}, {"x": 352, "y": 254}, {"x": 352, "y": 244}, {"x": 340, "y": 244}], [{"x": 342, "y": 276}, {"x": 352, "y": 276}, {"x": 352, "y": 266}, {"x": 342, "y": 265}], [{"x": 342, "y": 298}, {"x": 352, "y": 298}, {"x": 352, "y": 288}, {"x": 342, "y": 288}], [{"x": 342, "y": 364}, {"x": 352, "y": 364}, {"x": 352, "y": 354}, {"x": 342, "y": 354}], [{"x": 342, "y": 386}, {"x": 352, "y": 386}, {"x": 352, "y": 376}, {"x": 342, "y": 376}], [{"x": 342, "y": 408}, {"x": 352, "y": 408}, {"x": 352, "y": 398}, {"x": 342, "y": 397}], [{"x": 342, "y": 452}, {"x": 352, "y": 452}, {"x": 352, "y": 442}, {"x": 342, "y": 442}], [{"x": 342, "y": 518}, {"x": 352, "y": 518}, {"x": 352, "y": 508}, {"x": 342, "y": 508}], [{"x": 342, "y": 584}, {"x": 352, "y": 584}, {"x": 352, "y": 574}, {"x": 342, "y": 574}], [{"x": 342, "y": 606}, {"x": 352, "y": 610}, {"x": 355, "y": 596}, {"x": 342, "y": 594}], [{"x": 342, "y": 651}, {"x": 352, "y": 651}, {"x": 352, "y": 640}, {"x": 342, "y": 637}], [{"x": 342, "y": 672}, {"x": 352, "y": 672}, {"x": 352, "y": 662}, {"x": 342, "y": 662}], [{"x": 342, "y": 738}, {"x": 352, "y": 738}, {"x": 352, "y": 726}, {"x": 342, "y": 728}], [{"x": 342, "y": 760}, {"x": 352, "y": 760}, {"x": 352, "y": 750}, {"x": 342, "y": 750}], [{"x": 342, "y": 782}, {"x": 352, "y": 782}, {"x": 353, "y": 772}, {"x": 342, "y": 772}], [{"x": 342, "y": 804}, {"x": 352, "y": 804}, {"x": 352, "y": 794}, {"x": 342, "y": 794}], [{"x": 342, "y": 826}, {"x": 352, "y": 826}, {"x": 352, "y": 816}, {"x": 342, "y": 816}], [{"x": 340, "y": 848}, {"x": 352, "y": 848}, {"x": 352, "y": 834}, {"x": 342, "y": 838}], [{"x": 342, "y": 870}, {"x": 353, "y": 870}, {"x": 352, "y": 860}, {"x": 342, "y": 860}], [{"x": 342, "y": 892}, {"x": 352, "y": 892}, {"x": 352, "y": 882}, {"x": 342, "y": 882}], [{"x": 364, "y": 232}, {"x": 374, "y": 232}, {"x": 378, "y": 222}, {"x": 364, "y": 222}], [{"x": 362, "y": 254}, {"x": 374, "y": 254}, {"x": 376, "y": 244}, {"x": 364, "y": 244}], [{"x": 363, "y": 276}, {"x": 374, "y": 276}, {"x": 374, "y": 266}, {"x": 364, "y": 263}], [{"x": 364, "y": 298}, {"x": 374, "y": 298}, {"x": 375, "y": 288}, {"x": 364, "y": 288}], [{"x": 364, "y": 320}, {"x": 374, "y": 320}, {"x": 374, "y": 310}, {"x": 364, "y": 310}], [{"x": 364, "y": 386}, {"x": 374, "y": 386}, {"x": 374, "y": 376}, {"x": 364, "y": 376}], [{"x": 364, "y": 408}, {"x": 374, "y": 410}, {"x": 377, "y": 398}, {"x": 364, "y": 398}], [{"x": 364, "y": 430}, {"x": 374, "y": 430}, {"x": 374, "y": 420}, {"x": 364, "y": 420}], [{"x": 364, "y": 452}, {"x": 374, "y": 452}, {"x": 374, "y": 442}, {"x": 364, "y": 442}], [{"x": 364, "y": 496}, {"x": 374, "y": 496}, {"x": 374, "y": 486}, {"x": 363, "y": 486}], [{"x": 364, "y": 518}, {"x": 374, "y": 518}, {"x": 374, "y": 508}, {"x": 364, "y": 508}], [{"x": 364, "y": 540}, {"x": 374, "y": 540}, {"x": 374, "y": 530}, {"x": 364, "y": 530}], [{"x": 364, "y": 562}, {"x": 374, "y": 562}, {"x": 374, "y": 552}, {"x": 364, "y": 552}], [{"x": 364, "y": 584}, {"x": 374, "y": 584}, {"x": 377, "y": 574}, {"x": 364, "y": 574}], [{"x": 364, "y": 628}, {"x": 374, "y": 628}, {"x": 374, "y": 618}, {"x": 364, "y": 618}], [{"x": 364, "y": 650}, {"x": 374, "y": 654}, {"x": 374, "y": 640}, {"x": 364, "y": 640}], [{"x": 364, "y": 694}, {"x": 374, "y": 694}, {"x": 376, "y": 684}, {"x": 364, "y": 681}], [{"x": 364, "y": 716}, {"x": 374, "y": 716}, {"x": 374, "y": 706}, {"x": 364, "y": 706}], [{"x": 364, "y": 738}, {"x": 374, "y": 738}, {"x": 374, "y": 728}, {"x": 364, "y": 728}], [{"x": 363, "y": 804}, {"x": 374, "y": 807}, {"x": 374, "y": 794}, {"x": 361, "y": 794}], [{"x": 364, "y": 826}, {"x": 374, "y": 826}, {"x": 376, "y": 816}, {"x": 364, "y": 816}], [{"x": 364, "y": 892}, {"x": 374, "y": 892}, {"x": 374, "y": 882}, {"x": 364, "y": 882}], [{"x": 386, "y": 236}, {"x": 396, "y": 232}, {"x": 396, "y": 222}, {"x": 386, "y": 222}], [{"x": 386, "y": 276}, {"x": 396, "y": 276}, {"x": 396, "y": 266}, {"x": 386, "y": 266}], [{"x": 386, "y": 298}, {"x": 397, "y": 298}, {"x": 396, "y": 288}, {"x": 384, "y": 288}], [{"x": 386, "y": 320}, {"x": 400, "y": 320}, {"x": 398, "y": 310}, {"x": 386, "y": 310}], [{"x": 384, "y": 364}, {"x": 396, "y": 367}, {"x": 396, "y": 354}, {"x": 386, "y": 354}], [{"x": 386, "y": 386}, {"x": 396, "y": 386}, {"x": 396, "y": 376}, {"x": 386, "y": 376}], [{"x": 386, "y": 408}, {"x": 396, "y": 408}, {"x": 396, "y": 394}, {"x": 385, "y": 398}], [{"x": 386, "y": 430}, {"x": 396, "y": 430}, {"x": 396, "y": 418}, {"x": 386, "y": 420}], [{"x": 382, "y": 474}, {"x": 399, "y": 474}, {"x": 396, "y": 464}, {"x": 383, "y": 464}], [{"x": 386, "y": 518}, {"x": 396, "y": 518}, {"x": 396, "y": 508}, {"x": 386, "y": 508}], [{"x": 386, "y": 540}, {"x": 396, "y": 542}, {"x": 396, "y": 530}, {"x": 386, "y": 530}], [{"x": 386, "y": 562}, {"x": 396, "y": 562}, {"x": 396, "y": 552}, {"x": 386, "y": 552}], [{"x": 386, "y": 584}, {"x": 396, "y": 584}, {"x": 396, "y": 574}, {"x": 386, "y": 572}], [{"x": 383, "y": 606}, {"x": 396, "y": 606}, {"x": 396, "y": 596}, {"x": 386, "y": 596}], [{"x": 386, "y": 628}, {"x": 396, "y": 628}, {"x": 396, "y": 618}, {"x": 386, "y": 618}], [{"x": 386, "y": 650}, {"x": 396, "y": 650}, {"x": 396, "y": 640}, {"x": 386, "y": 640}], [{"x": 386, "y": 672}, {"x": 396, "y": 672}, {"x": 396, "y": 662}, {"x": 384, "y": 662}], [{"x": 386, "y": 694}, {"x": 396, "y": 694}, {"x": 396, "y": 684}, {"x": 386, "y": 684}], [{"x": 386, "y": 716}, {"x": 396, "y": 716}, {"x": 398, "y": 706}, {"x": 386, "y": 706}], [{"x": 386, "y": 738}, {"x": 396, "y": 738}, {"x": 399, "y": 728}, {"x": 386, "y": 728}], [{"x": 386, "y": 760}, {"x": 396, "y": 760}, {"x": 396, "y": 750}, {"x": 386, "y": 750}], [{"x": 386, "y": 804}, {"x": 396, "y": 804}, {"x": 396, "y": 794}, {"x": 386, "y": 794}], [{"x": 386, "y": 826}, {"x": 396, "y": 826}, {"x": 396, "y": 816}, {"x": 386, "y": 813}], [{"x": 386, "y": 870}, {"x": 396, "y": 870}, {"x": 396, "y": 860}, {"x": 383, "y": 860}], [{"x": 408, "y": 232}, {"x": 418, "y": 232}, {"x": 418, "y": 219}, {"x": 404, "y": 221}], [{"x": 408, "y": 276}, {"x": 418, "y": 276}, {"x": 418, "y": 266}, {"x": 408, "y": 266}], [{"x": 408, "y": 298}, {"x": 420, "y": 298}, {"x": 418, "y": 288}, {"x": 408, "y": 288}], [{"x": 408, "y": 320}, {"x": 418, "y": 320}, {"x": 418, "y": 310}, {"x": 408, "y": 310}], [{"x": 408, "y": 342}, {"x": 418, "y": 345}, {"x": 422, "y": 328}, {"x": 408, "y": 332}], [{"x": 408, "y": 386}, {"x": 418, "y": 386}, {"x": 418, "y": 376}, {"x": 408, "y": 376}], [{"x": 408, "y": 408}, {"x": 418, "y": 408}, {"x": 418, "y": 398}, {"x": 408, "y": 398}], [{"x": 408, "y": 430}, {"x": 418, "y": 434}, {"x": 418, "y": 419}, {"x": 408, "y": 420}], [{"x": 408, "y": 474}, {"x": 418, "y": 474}, {"x": 421, "y": 464}, {"x": 408, "y": 464}], [{"x": 408, "y": 496}, {"x": 418, "y": 496}, {"x": 418, "y": 486}, {"x": 408, "y": 486}], [{"x": 408, "y": 540}, {"x": 418, "y": 540}, {"x": 418, "y": 530}, {"x": 408, "y": 530}], [{"x": 408, "y": 562}, {"x": 418, "y": 562}, {"x": 418, "y": 552}, {"x": 408, "y": 552}], [{"x": 408, "y": 584}, {"x": 418, "y": 584}, {"x": 418, "y": 574}, {"x": 408, "y": 574}], [{"x": 407, "y": 606}, {"x": 418, "y": 606}, {"x": 418, "y": 596}, {"x": 408, "y": 596}], [{"x": 408, "y": 628}, {"x": 418, "y": 628}, {"x": 418, "y": 618}, {"x": 408, "y": 616}], [{"x": 408, "y": 672}, {"x": 421, "y": 672}, {"x": 418, "y": 662}, {"x": 408, "y": 662}], [{"x": 408, "y": 716}, {"x": 418, "y": 716}, {"x": 418, "y": 706}, {"x": 408, "y": 706}], [{"x": 406, "y": 760}, {"x": 418, "y": 760}, {"x": 418, "y": 750}, {"x": 408, "y": 750}], [{"x": 408, "y": 782}, {"x": 418, "y": 784}, {"x": 418, "y": 772}, {"x": 408, "y": 772}], [{"x": 408, "y": 804}, {"x": 418, "y": 804}, {"x": 418, "y": 794}, {"x": 408, "y": 794}], [{"x": 408, "y": 848}, {"x": 418, "y": 848}, {"x": 418, "y": 838}, {"x": 407, "y": 838}], [{"x": 408, "y": 872}, {"x": 418, "y": 870}, {"x": 418, "y": 860}, {"x": 406, "y": 860}], [{"x": 408, "y": 892}, {"x": 418, "y": 892}, {"x": 418, "y": 882}, {"x": 408, "y": 882}], [{"x": 430, "y": 254}, {"x": 440, "y": 254}, {"x": 440, "y": 244}, {"x": 430, "y": 241}], [{"x": 430, "y": 276}, {"x": 440, "y": 276}, {"x": 441, "y": 266}, {"x": 430, "y": 265}], [{"x": 430, "y": 298}, {"x": 440, "y": 298}, {"x": 440, "y": 288}, {"x": 430, "y": 285}], [{"x": 430, "y": 320}, {"x": 440, "y": 321}, {"x": 440, "y": 310}, {"x": 430, "y": 310}], [{"x": 427, "y": 386}, {"x": 440, "y": 386}, {"x": 440, "y": 376}, {"x": 428, "y": 372}], [{"x": 430, "y": 408}, {"x": 440, "y": 410}, {"x": 440, "y": 398}, {"x": 430, "y": 398}], [{"x": 430, "y": 430}, {"x": 440, "y": 430}, {"x": 440, "y": 418}, {"x": 430, "y": 420}], [{"x": 430, "y": 474}, {"x": 440, "y": 474}, {"x": 440, "y": 461}, {"x": 430, "y": 464}], [{"x": 430, "y": 496}, {"x": 440, "y": 500}, {"x": 440, "y": 486}, {"x": 430, "y": 486}], [{"x": 426, "y": 518}, {"x": 442, "y": 518}, {"x": 440, "y": 508}, {"x": 430, "y": 508}], [{"x": 430, "y": 562}, {"x": 440, "y": 562}, {"x": 440, "y": 552}, {"x": 430, "y": 552}], [{"x": 427, "y": 606}, {"x": 440, "y": 606}, {"x": 440, "y": 596}, {"x": 430, "y": 596}], [{"x": 427, "y": 628}, {"x": 440, "y": 628}, {"x": 440, "y": 616}, {"x": 430, "y": 618}], [{"x": 430, "y": 650}, {"x": 440, "y": 653}, {"x": 440, "y": 640}, {"x": 430, "y": 640}], [{"x": 429, "y": 672}, {"x": 440, "y": 672}, {"x": 440, "y": 662}, {"x": 430, "y": 662}], [{"x": 430, "y": 694}, {"x": 440, "y": 694}, {"x": 440, "y": 684}, {"x": 430, "y": 684}], [{"x": 430, "y": 716}, {"x": 441, "y": 716}, {"x": 440, "y": 706}, {"x": 430, "y": 706}], [{"x": 430, "y": 738}, {"x": 440, "y": 738}, {"x": 440, "y": 728}, {"x": 430, "y": 728}], [{"x": 430, "y": 760}, {"x": 440, "y": 760}, {"x": 440, "y": 750}, {"x": 430, "y": 750}], [{"x": 430, "y": 782}, {"x": 440, "y": 782}, {"x": 440, "y": 772}, {"x": 430, "y": 772}], [{"x": 430, "y": 826}, {"x": 440, "y": 826}, {"x": 440, "y": 816}, {"x": 430, "y": 816}], [{"x": 430, "y": 848}, {"x": 443, "y": 848}, {"x": 440, "y": 838}, {"x": 430, "y": 834}], [{"x": 430, "y": 892}, {"x": 440, "y": 892}, {"x": 441, "y": 882}, {"x": 428, "y": 882}], [{"x": 452, "y": 254}, {"x": 463, "y": 254}, {"x": 462, "y": 244}, {"x": 448, "y": 244}], [{"x": 451, "y": 298}, {"x": 462, "y": 298}, {"x": 462, "y": 288}, {"x": 452, "y": 288}], [{"x": 452, "y": 342}, {"x": 462, "y": 342}, {"x": 466, "y": 332}, {"x": 452, "y": 332}], [{"x": 452, "y": 364}, {"x": 462, "y": 364}, {"x": 462, "y": 354}, {"x": 452, "y": 354}], [{"x": 452, "y": 386}, {"x": 462, "y": 386}, {"x": 462, "y": 376}, {"x": 452, "y": 376}], [{"x": 450, "y": 408}, {"x": 462, "y": 408}, {"x": 462, "y": 394}, {"x": 452, "y": 398}], [{"x": 452, "y": 430}, {"x": 462, "y": 430}, {"x": 462, "y": 420}, {"x": 452, "y": 420}], [{"x": 452, "y": 496}, {"x": 462, "y": 496}, {"x": 462, "y": 486}, {"x": 452, "y": 485}], [{"x": 452, "y": 518}, {"x": 462, "y": 518}, {"x": 462, "y": 508}, {"x": 452, "y": 508}], [{"x": 452, "y": 562}, {"x": 462, "y": 564}, {"x": 462, "y": 552}, {"x": 452, "y": 552}], [{"x": 452, "y": 606}, {"x": 462, "y": 606}, {"x": 464, "y": 596}, {"x": 452, "y": 596}], [{"x": 452, "y": 628}, {"x": 462, "y": 630}, {"x": 462, "y": 618}, {"x": 450, "y": 618}], [{"x": 452, "y": 694}, {"x": 462, "y": 694}, {"x": 462, "y": 684}, {"x": 452, "y": 684}], [{"x": 452, "y": 716}, {"x": 463, "y": 716}, {"x": 466, "y": 706}, {"x": 452, "y": 706}], [{"x": 450, "y": 738}, {"x": 464, "y": 738}, {"x": 465, "y": 728}, {"x": 452, "y": 728}], [{"x": 450, "y": 760}, {"x": 462, "y": 760}, {"x": 462, "y": 750}, {"x": 452, "y": 750}], [{"x": 452, "y": 782}, {"x": 462, "y": 782}, {"x": 462, "y": 772}, {"x": 452, "y": 772}], [{"x": 452, "y": 804}, {"x": 465, "y": 804}, {"x": 464, "y": 794}, {"x": 452, "y": 794}], [{"x": 452, "y": 826}, {"x": 462, "y": 830}, {"x": 462, "y": 816}, {"x": 452, "y": 816}], [{"x": 452, "y": 870}, {"x": 462, "y": 870}, {"x": 462, "y": 860}, {"x": 452, "y": 860}], [{"x": 452, "y": 892}, {"x": 462, "y": 892}, {"x": 462, "y": 882}, {"x": 452, "y": 882}], [{"x": 452, "y": 914}, {"x": 462, "y": 914}, {"x": 462, "y": 904}, {"x": 452, "y": 904}], [{"x": 474, "y": 276}, {"x": 484, "y": 276}, {"x": 484, "y": 266}, {"x": 474, "y": 266}], [{"x": 474, "y": 298}, {"x": 484, "y": 302}, {"x": 484, "y": 288}, {"x": 471, "y": 288}], [{"x": 474, "y": 342}, {"x": 484, "y": 342}, {"x": 484, "y": 332}, {"x": 474, "y": 332}], [{"x": 474, "y": 386}, {"x": 484, "y": 386}, {"x": 484, "y": 376}, {"x": 474, "y": 376}], [{"x": 474, "y": 408}, {"x": 484, "y": 410}, {"x": 484, "y": 398}, {"x": 474, "y": 398}], [{"x": 471, "y": 452}, {"x": 484, "y": 452}, {"x": 484, "y": 441}, {"x": 474, "y": 442}], [{"x": 474, "y": 496}, {"x": 484, "y": 496}, {"x": 484, "y": 486}, {"x": 474, "y": 486}], [{"x": 474, "y": 518}, {"x": 484, "y": 518}, {"x": 484, "y": 508}, {"x": 474, "y": 508}], [{"x": 474, "y": 540}, {"x": 484, "y": 540}, {"x": 484, "y": 530}, {"x": 472, "y": 530}], [{"x": 474, "y": 562}, {"x": 484, "y": 564}, {"x": 484, "y": 552}, {"x": 474, "y": 549}], [{"x": 474, "y": 584}, {"x": 484, "y": 584}, {"x": 484, "y": 574}, {"x": 474, "y": 574}], [{"x": 470, "y": 606}, {"x": 484, "y": 610}, {"x": 484, "y": 594}, {"x": 474, "y": 596}], [{"x": 473, "y": 628}, {"x": 484, "y": 628}, {"x": 484, "y": 618}, {"x": 474, "y": 618}], [{"x": 474, "y": 650}, {"x": 484, "y": 650}, {"x": 484, "y": 640}, {"x": 474, "y": 640}], [{"x": 474, "y": 672}, {"x": 484, "y": 672}, {"x": 484, "y": 662}, {"x": 474, "y": 662}], [{"x": 474, "y": 694}, {"x": 484, "y": 694}, {"x": 484, "y": 684}, {"x": 474, "y": 684}], [{"x": 474, "y": 738}, {"x": 487, "y": 738}, {"x": 484, "y": 728}, {"x": 474, "y": 728}], [{"x": 474, "y": 760}, {"x": 484, "y": 760}, {"x": 484, "y": 750}, {"x": 474, "y": 750}], [{"x": 474, "y": 804}, {"x": 487, "y": 808}, {"x": 484, "y": 794}, {"x": 474, "y": 792}], [{"x": 474, "y": 892}, {"x": 484, "y": 892}, {"x": 484, "y": 882}, {"x": 474, "y": 882}], [{"x": 474, "y": 914}, {"x": 484, "y": 914}, {"x": 484, "y": 904}, {"x": 474, "y": 904}], [{"x": 493, "y": 320}, {"x": 506, "y": 320}, {"x": 506, "y": 310}, {"x": 496, "y": 310}], [{"x": 496, "y": 342}, {"x": 506, "y": 342}, {"x": 506, "y": 332}, {"x": 496, "y": 332}], [{"x": 496, "y": 365}, {"x": 506, "y": 364}, {"x": 506, "y": 354}, {"x": 495, "y": 354}], [{"x": 496, "y": 496}, {"x": 509, "y": 496}, {"x": 506, "y": 486}, {"x": 496, "y": 486}], [{"x": 493, "y": 540}, {"x": 510, "y": 540}, {"x": 506, "y": 530}, {"x": 496, "y": 527}], [{"x": 495, "y": 562}, {"x": 506, "y": 562}, {"x": 506, "y": 552}, {"x": 496, "y": 552}], [{"x": 496, "y": 606}, {"x": 506, "y": 606}, {"x": 506, "y": 596}, {"x": 496, "y": 596}], [{"x": 496, "y": 628}, {"x": 507, "y": 628}, {"x": 506, "y": 618}, {"x": 496, "y": 618}], [{"x": 496, "y": 650}, {"x": 506, "y": 650}, {"x": 506, "y": 640}, {"x": 496, "y": 640}], [{"x": 496, "y": 672}, {"x": 506, "y": 672}, {"x": 506, "y": 662}, {"x": 496, "y": 662}], [{"x": 496, "y": 716}, {"x": 506, "y": 716}, {"x": 506, "y": 706}, {"x": 496, "y": 706}], [{"x": 496, "y": 738}, {"x": 506, "y": 740}, {"x": 506, "y": 727}, {"x": 492, "y": 728}], [{"x": 496, "y": 760}, {"x": 506, "y": 760}, {"x": 508, "y": 750}, {"x": 496, "y": 750}], [{"x": 496, "y": 782}, {"x": 506, "y": 782}, {"x": 506, "y": 772}, {"x": 496, "y": 770}], [{"x": 496, "y": 804}, {"x": 506, "y": 804}, {"x": 506, "y": 794}, {"x": 496, "y": 794}], [{"x": 496, "y": 826}, {"x": 506, "y": 826}, {"x": 506, "y": 816}, {"x": 496, "y": 816}], [{"x": 496, "y": 848}, {"x": 506, "y": 848}, {"x": 506, "y": 838}, {"x": 496, "y": 838}], [{"x": 496, "y": 892}, {"x": 506, "y": 892}, {"x": 506, "y": 882}, {"x": 496, "y": 882}], [{"x": 496, "y": 914}, {"x": 506, "y": 914}, {"x": 506, "y": 904}, {"x": 496, "y": 904}], [{"x": 518, "y": 276}, {"x": 528, "y": 276}, {"x": 528, "y": 266}, {"x": 518, "y": 266}], [{"x": 515, "y": 320}, {"x": 529, "y": 320}, {"x": 528, "y": 310}, {"x": 518, "y": 306}], [{"x": 518, "y": 342}, {"x": 528, "y": 342}, {"x": 528, "y": 332}, {"x": 518, "y": 332}], [{"x": 518, "y": 364}, {"x": 528, "y": 364}, {"x": 528, "y": 354}, {"x": 518, "y": 354}], [{"x": 518, "y": 386}, {"x": 528, "y": 386}, {"x": 529, "y": 374}, {"x": 518, "y": 376}], [{"x": 518, "y": 408}, {"x": 528, "y": 408}, {"x": 528, "y": 398}, {"x": 518, "y": 394}], [{"x": 518, "y": 452}, {"x": 528, "y": 452}, {"x": 528, "y": 442}, {"x": 518, "y": 440}], [{"x": 518, "y": 476}, {"x": 528, "y": 474}, {"x": 528, "y": 464}, {"x": 518, "y": 464}], [{"x": 518, "y": 496}, {"x": 528, "y": 496}, {"x": 528, "y": 483}, {"x": 518, "y": 486}], [{"x": 516, "y": 544}, {"x": 528, "y": 540}, {"x": 528, "y": 530}, {"x": 518, "y": 530}], [{"x": 518, "y": 584}, {"x": 528, "y": 584}, {"x": 528, "y": 574}, {"x": 518, "y": 574}], [{"x": 518, "y": 650}, {"x": 528, "y": 650}, {"x": 528, "y": 640}, {"x": 515, "y": 640}], [{"x": 517, "y": 672}, {"x": 528, "y": 672}, {"x": 531, "y": 662}, {"x": 518, "y": 662}], [{"x": 518, "y": 694}, {"x": 528, "y": 694}, {"x": 528, "y": 684}, {"x": 518, "y": 684}], [{"x": 518, "y": 716}, {"x": 528, "y": 716}, {"x": 528, "y": 706}, {"x": 514, "y": 706}], [{"x": 518, "y": 738}, {"x": 529, "y": 738}, {"x": 528, "y": 728}, {"x": 518, "y": 724}], [{"x": 518, "y": 760}, {"x": 529, "y": 760}, {"x": 528, "y": 750}, {"x": 518, "y": 750}], [{"x": 518, "y": 782}, {"x": 532, "y": 782}, {"x": 528, "y": 772}, {"x": 518, "y": 772}], [{"x": 518, "y": 804}, {"x": 528, "y": 804}, {"x": 528, "y": 792}, {"x": 517, "y": 794}], [{"x": 518, "y": 826}, {"x": 528, "y": 826}, {"x": 528, "y": 816}, {"x": 518, "y": 816}], [{"x": 518, "y": 848}, {"x": 528, "y": 849}, {"x": 529, "y": 838}, {"x": 514, "y": 838}], [{"x": 518, "y": 892}, {"x": 528, "y": 892}, {"x": 528, "y": 882}, {"x": 518, "y": 882}], [{"x": 540, "y": 276}, {"x": 550, "y": 276}, {"x": 550, "y": 266}, {"x": 540, "y": 266}], [{"x": 540, "y": 298}, {"x": 550, "y": 298}, {"x": 550, "y": 288}, {"x": 540, "y": 288}], [{"x": 540, "y": 320}, {"x": 550, "y": 320}, {"x": 550, "y": 310}, {"x": 540, "y": 310}], [{"x": 540, "y": 364}, {"x": 550, "y": 364}, {"x": 550, "y": 354}, {"x": 540, "y": 351}], [{"x": 540, "y": 386}, {"x": 550, "y": 386}, {"x": 550, "y": 376}, {"x": 540, "y": 376}], [{"x": 540, "y": 411}, {"x": 550, "y": 408}, {"x": 550, "y": 398}, {"x": 540, "y": 398}], [{"x": 540, "y": 430}, {"x": 550, "y": 430}, {"x": 550, "y": 420}, {"x": 540, "y": 420}], [{"x": 540, "y": 452}, {"x": 550, "y": 452}, {"x": 550, "y": 442}, {"x": 540, "y": 442}], [{"x": 540, "y": 474}, {"x": 550, "y": 474}, {"x": 550, "y": 464}, {"x": 540, "y": 464}], [{"x": 540, "y": 496}, {"x": 550, "y": 496}, {"x": 550, "y": 486}, {"x": 537, "y": 486}], [{"x": 540, "y": 540}, {"x": 550, "y": 540}, {"x": 550, "y": 530}, {"x": 540, "y": 530}], [{"x": 540, "y": 562}, {"x": 551, "y": 562}, {"x": 553, "y": 552}, {"x": 540, "y": 552}], [{"x": 540, "y": 584}, {"x": 550, "y": 584}, {"x": 550, "y": 574}, {"x": 540, "y": 574}], [{"x": 540, "y": 606}, {"x": 550, "y": 610}, {"x": 550, "y": 593}, {"x": 540, "y": 596}], [{"x": 540, "y": 628}, {"x": 550, "y": 628}, {"x": 550, "y": 618}, {"x": 540, "y": 618}], [{"x": 540, "y": 650}, {"x": 550, "y": 650}, {"x": 550, "y": 640}, {"x": 540, "y": 640}], [{"x": 540, "y": 672}, {"x": 550, "y": 672}, {"x": 550, "y": 662}, {"x": 540, "y": 662}], [{"x": 540, "y": 694}, {"x": 550, "y": 694}, {"x": 550, "y": 684}, {"x": 540, "y": 684}], [{"x": 540, "y": 716}, {"x": 550, "y": 716}, {"x": 550, "y": 706}, {"x": 540, "y": 706}], [{"x": 540, "y": 760}, {"x": 550, "y": 760}, {"x": 550, "y": 750}, {"x": 540, "y": 750}], [{"x": 540, "y": 782}, {"x": 550, "y": 782}, {"x": 550, "y": 772}, {"x": 540, "y": 772}], [{"x": 538, "y": 804}, {"x": 550, "y": 804}, {"x": 550, "y": 794}, {"x": 540, "y": 794}], [{"x": 540, "y": 826}, {"x": 550, "y": 826}, {"x": 550, "y": 816}, {"x": 540, "y": 816}], [{"x": 540, "y": 848}, {"x": 550, "y": 848}, {"x": 550, "y": 838}, {"x": 540, "y": 838}], [{"x": 562, "y": 232}, {"x": 572, "y": 232}, {"x": 572, "y": 222}, {"x": 562, "y": 222}], [{"x": 562, "y": 276}, {"x": 572, "y": 276}, {"x": 572, "y": 266}, {"x": 562, "y": 266}], [{"x": 562, "y": 298}, {"x": 572, "y": 298}, {"x": 572, "y": 288}, {"x": 562, "y": 288}], [{"x": 562, "y": 342}, {"x": 572, "y": 342}, {"x": 572, "y": 332}, {"x": 562, "y": 328}], [{"x": 562, "y": 386}, {"x": 572, "y": 386}, {"x": 572, "y": 376}, {"x": 562, "y": 376}], [{"x": 562, "y": 408}, {"x": 572, "y": 408}, {"x": 572, "y": 398}, {"x": 560, "y": 398}], [{"x": 561, "y": 430}, {"x": 572, "y": 431}, {"x": 572, "y": 420}, {"x": 562, "y": 420}], [{"x": 562, "y": 452}, {"x": 572, "y": 452}, {"x": 572, "y": 442}, {"x": 562, "y": 442}], [{"x": 562, "y": 496}, {"x": 572, "y": 496}, {"x": 572, "y": 486}, {"x": 562, "y": 486}], [{"x": 558, "y": 540}, {"x": 572, "y": 540}, {"x": 572, "y": 529}, {"x": 562, "y": 530}], [{"x": 562, "y": 562}, {"x": 572, "y": 562}, {"x": 572, "y": 552}, {"x": 562, "y": 552}], [{"x": 562, "y": 584}, {"x": 572, "y": 587}, {"x": 572, "y": 574}, {"x": 562, "y": 574}], [{"x": 562, "y": 606}, {"x": 572, "y": 606}, {"x": 572, "y": 596}, {"x": 562, "y": 596}], [{"x": 562, "y": 650}, {"x": 572, "y": 650}, {"x": 572, "y": 640}, {"x": 562, "y": 640}], [{"x": 562, "y": 672}, {"x": 572, "y": 672}, {"x": 572, "y": 658}, {"x": 562, "y": 662}], [{"x": 562, "y": 694}, {"x": 572, "y": 698}, {"x": 572, "y": 684}, {"x": 562, "y": 684}], [{"x": 559, "y": 716}, {"x": 572, "y": 716}, {"x": 572, "y": 706}, {"x": 562, "y": 706}], [{"x": 562, "y": 760}, {"x": 572, "y": 760}, {"x": 572, "y": 747}, {"x": 562, "y": 750}], [{"x": 562, "y": 804}, {"x": 572, "y": 804}, {"x": 575, "y": 794}, {"x": 562, "y": 794}], [{"x": 562, "y": 826}, {"x": 572, "y": 826}, {"x": 572, "y": 816}, {"x": 562, "y": 816}], [{"x": 562, "y": 848}, {"x": 572, "y": 848}, {"x": 572, "y": 837}, {"x": 561, "y": 838}], [{"x": 562, "y": 870}, {"x": 572, "y": 870}, {"x": 572, "y": 860}, {"x": 562, "y": 860}], [{"x": 562, "y": 896}, {"x": 572, "y": 892}, {"x": 572, "y": 882}, {"x": 562, "y": 882}], [{"x": 584, "y": 210}, {"x": 594, "y": 210}, {"x": 594, "y": 200}, {"x": 584, "y": 200}], [{"x": 584, "y": 232}, {"x": 594, "y": 232}, {"x": 594, "y": 222}, {"x": 584, "y": 222}], [{"x": 584, "y": 254}, {"x": 594, "y": 254}, {"x": 594, "y": 244}, {"x": 584, "y": 244}], [{"x": 584, "y": 298}, {"x": 594, "y": 298}, {"x": 594, "y": 288}, {"x": 584, "y": 288}], [{"x": 584, "y": 323}, {"x": 597, "y": 320}, {"x": 594, "y": 310}, {"x": 584, "y": 309}], [{"x": 584, "y": 342}, {"x": 594, "y": 342}, {"x": 594, "y": 332}, {"x": 584, "y": 332}], [{"x": 584, "y": 386}, {"x": 594, "y": 386}, {"x": 594, "y": 376}, {"x": 584, "y": 376}], [{"x": 584, "y": 408}, {"x": 594, "y": 411}, {"x": 594, "y": 398}, {"x": 584, "y": 395}], [{"x": 584, "y": 430}, {"x": 594, "y": 430}, {"x": 594, "y": 420}, {"x": 584, "y": 420}], [{"x": 584, "y": 452}, {"x": 594, "y": 452}, {"x": 598, "y": 442}, {"x": 584, "y": 442}], [{"x": 584, "y": 474}, {"x": 597, "y": 474}, {"x": 594, "y": 464}, {"x": 583, "y": 464}], [{"x": 584, "y": 496}, {"x": 594, "y": 496}, {"x": 594, "y": 486}, {"x": 584, "y": 486}], [{"x": 584, "y": 518}, {"x": 594, "y": 518}, {"x": 594, "y": 508}, {"x": 584, "y": 507}], [{"x": 584, "y": 562}, {"x": 594, "y": 562}, {"x": 594, "y": 552}, {"x": 584, "y": 552}], [{"x": 584, "y": 584}, {"x": 596, "y": 584}, {"x": 594, "y": 574}, {"x": 584, "y": 574}], [{"x": 584, "y": 628}, {"x": 597, "y": 628}, {"x": 594, "y": 618}, {"x": 584, "y": 618}], [{"x": 581, "y": 672}, {"x": 594, "y": 672}, {"x": 594, "y": 662}, {"x": 581, "y": 662}], [{"x": 584, "y": 738}, {"x": 594, "y": 738}, {"x": 594, "y": 728}, {"x": 584, "y": 728}], [{"x": 584, "y": 760}, {"x": 594, "y": 760}, {"x": 594, "y": 750}, {"x": 584, "y": 750}], [{"x": 584, "y": 782}, {"x": 594, "y": 784}, {"x": 594, "y": 772}, {"x": 584, "y": 772}], [{"x": 584, "y": 804}, {"x": 594, "y": 804}, {"x": 594, "y": 794}, {"x": 584, "y": 794}], [{"x": 584, "y": 826}, {"x": 594, "y": 826}, {"x": 594, "y": 816}, {"x": 584, "y": 816}], [{"x": 584, "y": 870}, {"x": 594, "y": 870}, {"x": 594, "y": 860}, {"x": 584, "y": 860}], [{"x": 584, "y": 892}, {"x": 598, "y": 892}, {"x": 594, "y": 882}, {"x": 584, "y": 882}], [{"x": 605, "y": 188}, {"x": 616, "y": 188}, {"x": 616, "y": 178}, {"x": 606, "y": 178}], [{"x": 606, "y": 254}, {"x": 616, "y": 254}, {"x": 616, "y": 244}, {"x": 606, "y": 244}], [{"x": 606, "y": 276}, {"x": 616, "y": 276}, {"x": 616, "y": 266}, {"x": 606, "y": 265}], [{"x": 606, "y": 320}, {"x": 618, "y": 320}, {"x": 616, "y": 310}, {"x": 606, "y": 310}], [{"x": 606, "y": 364}, {"x": 616, "y": 364}, {"x": 616, "y": 354}, {"x": 606, "y": 353}], [{"x": 606, "y": 430}, {"x": 616, "y": 430}, {"x": 616, "y": 420}, {"x": 606, "y": 420}], [{"x": 606, "y": 452}, {"x": 616, "y": 452}, {"x": 616, "y": 442}, {"x": 606, "y": 442}], [{"x": 606, "y": 475}, {"x": 616, "y": 474}, {"x": 616, "y": 464}, {"x": 606, "y": 464}], [{"x": 606, "y": 496}, {"x": 616, "y": 496}, {"x": 616, "y": 486}, {"x": 606, "y": 486}], [{"x": 606, "y": 522}, {"x": 616, "y": 518}, {"x": 620, "y": 508}, {"x": 606, "y": 508}], [{"x": 606, "y": 540}, {"x": 616, "y": 540}, {"x": 616, "y": 528}, {"x": 606, "y": 530}], [{"x": 606, "y": 562}, {"x": 616, "y": 562}, {"x": 616, "y": 552}, {"x": 606, "y": 552}], [{"x": 604, "y": 584}, {"x": 616, "y": 584}, {"x": 619, "y": 574}, {"x": 606, "y": 574}], [{"x": 606, "y": 628}, {"x": 616, "y": 628}, {"x": 616, "y": 618}, {"x": 606, "y": 618}], [{"x": 606, "y": 650}, {"x": 616, "y": 650}, {"x": 616, "y": 640}, {"x": 606, "y": 640}], [{"x": 606, "y": 672}, {"x": 616, "y": 672}, {"x": 616, "y": 662}, {"x": 606, "y": 662}], [{"x": 606, "y": 716}, {"x": 616, "y": 716}, {"x": 616, "y": 706}, {"x": 606, "y": 703}], [{"x": 606, "y": 738}, {"x": 616, "y": 738}, {"x": 616, "y": 728}, {"x": 606, "y": 728}], [{"x": 606, "y": 760}, {"x": 616, "y": 760}, {"x": 616, "y": 750}, {"x": 606, "y": 750}], [{"x": 606, "y": 804}, {"x": 616, "y": 807}, {"x": 616, "y": 794}, {"x": 606, "y": 794}], [{"x": 628, "y": 166}, {"x": 638, "y": 166}, {"x": 638, "y": 156}, {"x": 628, "y": 156}], [{"x": 628, "y": 188}, {"x": 638, "y": 188}, {"x": 641, "y": 178}, {"x": 628, "y": 178}], [{"x": 628, "y": 210}, {"x": 638, "y": 210}, {"x": 638, "y": 200}, {"x": 628, "y": 200}], [{"x": 628, "y": 232}, {"x": 638, "y": 232}, {"x": 638, "y": 221}, {"x": 628, "y": 218}], [{"x": 628, "y": 258}, {"x": 638, "y": 254}, {"x": 638, "y": 243}, {"x": 628, "y": 244}], [{"x": 628, "y": 276}, {"x": 638, "y": 276}, {"x": 638, "y": 266}, {"x": 628, "y": 265}], [{"x": 628, "y": 298}, {"x": 638, "y": 298}, {"x": 638, "y": 288}, {"x": 628, "y": 288}], [{"x": 628, "y": 320}, {"x": 638, "y": 320}, {"x": 638, "y": 310}, {"x": 628, "y": 310}], [{"x": 628, "y": 364}, {"x": 638, "y": 368}, {"x": 638, "y": 354}, {"x": 628, "y": 354}], [{"x": 628, "y": 386}, {"x": 640, "y": 386}, {"x": 638, "y": 376}, {"x": 628, "y": 376}], [{"x": 628, "y": 408}, {"x": 638, "y": 408}, {"x": 638, "y": 398}, {"x": 628, "y": 398}], [{"x": 628, "y": 430}, {"x": 638, "y": 430}, {"x": 639, "y": 420}, {"x": 628, "y": 420}], [{"x": 624, "y": 452}, {"x": 638, "y": 456}, {"x": 638, "y": 442}, {"x": 628, "y": 441}], [{"x": 628, "y": 496}, {"x": 638, "y": 496}, {"x": 638, "y": 486}, {"x": 628, "y": 486}], [{"x": 628, "y": 540}, {"x": 638, "y": 540}, {"x": 638, "y": 530}, {"x": 628, "y": 530}], [{"x": 628, "y": 562}, {"x": 638, "y": 562}, {"x": 638, "y": 552}, {"x": 628, "y": 552}], [{"x": 628, "y": 584}, {"x": 638, "y": 586}, {"x": 638, "y": 574}, {"x": 628, "y": 574}], [{"x": 628, "y": 606}, {"x": 639, "y": 606}, {"x": 638, "y": 596}, {"x": 628, "y": 596}], [{"x": 625, "y": 630}, {"x": 638, "y": 628}, {"x": 638, "y": 618}, {"x": 628, "y": 618}], [{"x": 628, "y": 652}, {"x": 638, "y": 650}, {"x": 638, "y": 640}, {"x": 628, "y": 640}], [{"x": 628, "y": 672}, {"x": 638, "y": 672}, {"x": 638, "y": 660}, {"x": 624, "y": 662}], [{"x": 628, "y": 716}, {"x": 638, "y": 716}, {"x": 638, "y": 706}, {"x": 628, "y": 706}], [{"x": 628, "y": 738}, {"x": 638, "y": 738}, {"x": 638, "y": 728}, {"x": 628, "y": 727}], [{"x": 628, "y": 782}, {"x": 638, "y": 782}, {"x": 638, "y": 772}, {"x": 628, "y": 772}], [{"x": 628, "y": 804}, {"x": 638, "y": 804}, {"x": 638, "y": 794}, {"x": 628, "y": 794}], [{"x": 628, "y": 826}, {"x": 638, "y": 826}, {"x": 638, "y": 816}, {"x": 628, "y": 816}], [{"x": 628, "y": 849}, {"x": 638, "y": 848}, {"x": 638, "y": 838}, {"x": 628, "y": 838}], [{"x": 628, "y": 870}, {"x": 638, "y": 870}, {"x": 638, "y": 860}, {"x": 626, "y": 860}], [{"x": 650, "y": 166}, {"x": 660, "y": 166}, {"x": 660, "y": 156}, {"x": 650, "y": 156}], [{"x": 650, "y": 188}, {"x": 660, "y": 188}, {"x": 660, "y": 174}, {"x": 650, "y": 177}], [{"x": 650, "y": 232}, {"x": 660, "y": 232}, {"x": 660, "y": 222}, {"x": 650, "y": 222}], [{"x": 650, "y": 254}, {"x": 660, "y": 254}, {"x": 660, "y": 244}, {"x": 650, "y": 244}], [{"x": 650, "y": 276}, {"x": 660, "y": 277}, {"x": 660, "y": 265}, {"x": 650, "y": 266}], [{"x": 650, "y": 298}, {"x": 660, "y": 298}, {"x": 660, "y": 288}, {"x": 650, "y": 288}], [{"x": 650, "y": 320}, {"x": 660, "y": 320}, {"x": 661, "y": 310}, {"x": 650, "y": 310}], [{"x": 650, "y": 342}, {"x": 660, "y": 342}, {"x": 660, "y": 332}, {"x": 650, "y": 332}], [{"x": 650, "y": 364}, {"x": 660, "y": 364}, {"x": 660, "y": 354}, {"x": 650, "y": 354}], [{"x": 650, "y": 386}, {"x": 660, "y": 386}, {"x": 660, "y": 376}, {"x": 650, "y": 376}], [{"x": 650, "y": 474}, {"x": 660, "y": 475}, {"x": 660, "y": 464}, {"x": 650, "y": 464}], [{"x": 650, "y": 496}, {"x": 660, "y": 496}, {"x": 660, "y": 486}, {"x": 650, "y": 486}], [{"x": 650, "y": 518}, {"x": 660, "y": 518}, {"x": 660, "y": 507}, {"x": 650, "y": 508}], [{"x": 650, "y": 540}, {"x": 660, "y": 540}, {"x": 660, "y": 530}, {"x": 650, "y": 530}], [{"x": 650, "y": 562}, {"x": 660, "y": 562}, {"x": 660, "y": 552}, {"x": 650, "y": 552}], [{"x": 650, "y": 584}, {"x": 660, "y": 584}, {"x": 660, "y": 574}, {"x": 650, "y": 574}], [{"x": 650, "y": 609}, {"x": 660, "y": 606}, {"x": 660, "y": 596}, {"x": 650, "y": 596}], [{"x": 650, "y": 628}, {"x": 660, "y": 629}, {"x": 660, "y": 616}, {"x": 650, "y": 618}], [{"x": 650, "y": 672}, {"x": 660, "y": 672}, {"x": 660, "y": 662}, {"x": 650, "y": 662}], [{"x": 646, "y": 696}, {"x": 660, "y": 694}, {"x": 660, "y": 684}, {"x": 650, "y": 684}], [{"x": 650, "y": 718}, {"x": 660, "y": 716}, {"x": 662, "y": 706}, {"x": 650, "y": 706}], [{"x": 650, "y": 760}, {"x": 660, "y": 760}, {"x": 660, "y": 750}, {"x": 650, "y": 750}], [{"x": 650, "y": 782}, {"x": 660, "y": 782}, {"x": 660, "y": 772}, {"x": 650, "y": 772}], [{"x": 650, "y": 804}, {"x": 660, "y": 804}, {"x": 660, "y": 794}, {"x": 650, "y": 794}], [{"x": 650, "y": 826}, {"x": 660, "y": 826}, {"x": 660, "y": 815}, {"x": 650, "y": 816}], [{"x": 648, "y": 870}, {"x": 661, "y": 870}, {"x": 660, "y": 860}, {"x": 647, "y": 860}], [{"x": 672, "y": 144}, {"x": 682, "y": 144}, {"x": 682, "y": 134}, {"x": 672, "y": 134}], [{"x": 672, "y": 166}, {"x": 682, "y": 166}, {"x": 682, "y": 152}, {"x": 672, "y": 156}], [{"x": 672, "y": 210}, {"x": 682, "y": 212}, {"x": 682, "y": 200}, {"x": 672, "y": 200}], [{"x": 672, "y": 276}, {"x": 682, "y": 277}, {"x": 682, "y": 266}, {"x": 672, "y": 266}], [{"x": 671, "y": 320}, {"x": 682, "y": 320}, {"x": 682, "y": 310}, {"x": 672, "y": 310}], [{"x": 672, "y": 344}, {"x": 686, "y": 342}, {"x": 682, "y": 332}, {"x": 672, "y": 331}], [{"x": 672, "y": 364}, {"x": 682, "y": 364}, {"x": 682, "y": 354}, {"x": 672, "y": 354}], [{"x": 672, "y": 390}, {"x": 682, "y": 386}, {"x": 683, "y": 376}, {"x": 669, "y": 376}], [{"x": 672, "y": 408}, {"x": 682, "y": 408}, {"x": 682, "y": 398}, {"x": 672, "y": 396}], [{"x": 672, "y": 452}, {"x": 684, "y": 454}, {"x": 684, "y": 442}, {"x": 672, "y": 442}], [{"x": 672, "y": 496}, {"x": 682, "y": 496}, {"x": 682, "y": 486}, {"x": 672, "y": 486}], [{"x": 668, "y": 518}, {"x": 682, "y": 518}, {"x": 682, "y": 508}, {"x": 672, "y": 508}], [{"x": 668, "y": 562}, {"x": 682, "y": 562}, {"x": 682, "y": 552}, {"x": 672, "y": 552}], [{"x": 672, "y": 586}, {"x": 682, "y": 584}, {"x": 682, "y": 574}, {"x": 672, "y": 574}], [{"x": 672, "y": 606}, {"x": 682, "y": 606}, {"x": 682, "y": 596}, {"x": 672, "y": 596}], [{"x": 672, "y": 628}, {"x": 682, "y": 628}, {"x": 682, "y": 618}, {"x": 672, "y": 618}], [{"x": 672, "y": 650}, {"x": 682, "y": 650}, {"x": 682, "y": 640}, {"x": 668, "y": 640}], [{"x": 672, "y": 672}, {"x": 682, "y": 672}, {"x": 684, "y": 662}, {"x": 672, "y": 662}], [{"x": 672, "y": 694}, {"x": 682, "y": 694}, {"x": 682, "y": 684}, {"x": 672, "y": 684}], [{"x": 672, "y": 720}, {"x": 682, "y": 716}, {"x": 682, "y": 706}, {"x": 672, "y": 706}], [{"x": 670, "y": 738}, {"x": 682, "y": 738}, {"x": 682, "y": 728}, {"x": 672, "y": 728}], [{"x": 672, "y": 782}, {"x": 682, "y": 786}, {"x": 682, "y": 772}, {"x": 672, "y": 772}], [{"x": 672, "y": 826}, {"x": 682, "y": 830}, {"x": 682, "y": 816}, {"x": 672, "y": 816}], [{"x": 694, "y": 124}, {"x": 708, "y": 122}, {"x": 704, "y": 112}, {"x": 694, "y": 112}], [{"x": 694, "y": 144}, {"x": 704, "y": 144}, {"x": 704, "y": 134}, {"x": 694, "y": 134}], [{"x": 694, "y": 166}, {"x": 704, "y": 166}, {"x": 704, "y": 156}, {"x": 694, "y": 156}], [{"x": 694, "y": 188}, {"x": 704, "y": 188}, {"x": 704, "y": 178}, {"x": 694, "y": 178}], [{"x": 694, "y": 210}, {"x": 704, "y": 210}, {"x": 704, "y": 200}, {"x": 694, "y": 200}], [{"x": 694, "y": 232}, {"x": 704, "y": 232}, {"x": 704, "y": 222}, {"x": 694, "y": 222}], [{"x": 694, "y": 254}, {"x": 704, "y": 254}, {"x": 704, "y": 244}, {"x": 693, "y": 244}], [{"x": 694, "y": 276}, {"x": 704, "y": 276}, {"x": 704, "y": 266}, {"x": 694, "y": 266}], [{"x": 694, "y": 298}, {"x": 704, "y": 298}, {"x": 704, "y": 288}, {"x": 694, "y": 288}], [{"x": 694, "y": 320}, {"x": 704, "y": 320}, {"x": 704, "y": 310}, {"x": 694, "y": 310}], [{"x": 694, "y": 364}, {"x": 704, "y": 364}, {"x": 704, "y": 354}, {"x": 694, "y": 354}], [{"x": 692, "y": 386}, {"x": 704, "y": 388}, {"x": 704, "y": 376}, {"x": 694, "y": 376}], [{"x": 694, "y": 408}, {"x": 704, "y": 408}, {"x": 704, "y": 398}, {"x": 694, "y": 398}], [{"x": 694, "y": 430}, {"x": 704, "y": 430}, {"x": 704, "y": 420}, {"x": 694, "y": 420}], [{"x": 694, "y": 452}, {"x": 704, "y": 452}, {"x": 704, "y": 442}, {"x": 694, "y": 442}], [{"x": 694, "y": 496}, {"x": 704, "y": 496}, {"x": 704, "y": 485}, {"x": 694, "y": 486}], [{"x": 694, "y": 518}, {"x": 704, "y": 518}, {"x": 704, "y": 508}, {"x": 694, "y": 507}], [{"x": 694, "y": 562}, {"x": 704, "y": 562}, {"x": 705, "y": 552}, {"x": 694, "y": 552}], [{"x": 694, "y": 606}, {"x": 704, "y": 607}, {"x": 704, "y": 596}, {"x": 694, "y": 596}], [{"x": 694, "y": 628}, {"x": 704, "y": 628}, {"x": 704, "y": 618}, {"x": 694, "y": 618}], [{"x": 691, "y": 672}, {"x": 704, "y": 672}, {"x": 704, "y": 662}, {"x": 694, "y": 662}], [{"x": 694, "y": 697}, {"x": 704, "y": 694}, {"x": 704, "y": 684}, {"x": 694, "y": 684}], [{"x": 694, "y": 716}, {"x": 705, "y": 716}, {"x": 704, "y": 706}, {"x": 694, "y": 706}], [{"x": 694, "y": 760}, {"x": 704, "y": 761}, {"x": 704, "y": 750}, {"x": 694, "y": 749}], [{"x": 694, "y": 782}, {"x": 704, "y": 782}, {"x": 704, "y": 772}, {"x": 694, "y": 772}], [{"x": 694, "y": 804}, {"x": 704, "y": 804}, {"x": 704, "y": 794}, {"x": 694, "y": 794}], [{"x": 694, "y": 848}, {"x": 704, "y": 848}, {"x": 704, "y": 838}, {"x": 694, "y": 838}], [{"x": 716, "y": 100}, {"x": 726, "y": 100}, {"x": 726, "y": 90}, {"x": 716, "y": 90}], [{"x": 716, "y": 122}, {"x": 726, "y": 122}, {"x": 726, "y": 112}, {"x": 716, "y": 112}], [{"x": 714, "y": 144}, {"x": 726, "y": 144}, {"x": 726, "y": 131}, {"x": 716, "y": 131}], [{"x": 716, "y": 166}, {"x": 726, "y": 166}, {"x": 726, "y": 156}, {"x": 716, "y": 156}], [{"x": 716, "y": 188}, {"x": 726, "y": 190}, {"x": 726, "y": 178}, {"x": 716, "y": 178}], [{"x": 716, "y": 210}, {"x": 726, "y": 210}, {"x": 726, "y": 200}, {"x": 716, "y": 200}], [{"x": 716, "y": 232}, {"x": 726, "y": 232}, {"x": 726, "y": 222}, {"x": 716, "y": 222}], [{"x": 716, "y": 254}, {"x": 726, "y": 258}, {"x": 726, "y": 244}, {"x": 716, "y": 244}], [{"x": 716, "y": 276}, {"x": 726, "y": 276}, {"x": 726, "y": 266}, {"x": 716, "y": 266}], [{"x": 716, "y": 298}, {"x": 726, "y": 298}, {"x": 726, "y": 288}, {"x": 716, "y": 288}], [{"x": 716, "y": 320}, {"x": 730, "y": 320}, {"x": 726, "y": 310}, {"x": 716, "y": 310}], [{"x": 715, "y": 342}, {"x": 726, "y": 345}, {"x": 726, "y": 332}, {"x": 716, "y": 331}], [{"x": 716, "y": 386}, {"x": 726, "y": 386}, {"x": 726, "y": 376}, {"x": 716, "y": 376}], [{"x": 714, "y": 408}, {"x": 726, "y": 408}, {"x": 726, "y": 398}, {"x": 716, "y": 398}], [{"x": 716, "y": 430}, {"x": 726, "y": 430}, {"x": 726, "y": 420}, {"x": 716, "y": 420}], [{"x": 716, "y": 452}, {"x": 726, "y": 452}, {"x": 726, "y": 441}, {"x": 712, "y": 442}], [{"x": 716, "y": 474}, {"x": 726, "y": 474}, {"x": 726, "y": 464}, {"x": 716, "y": 464}], [{"x": 713, "y": 496}, {"x": 726, "y": 496}, {"x": 726, "y": 483}, {"x": 716, "y": 486}], [{"x": 716, "y": 518}, {"x": 726, "y": 518}, {"x": 726, "y": 508}, {"x": 716, "y": 508}], [{"x": 716, "y": 562}, {"x": 726, "y": 562}, {"x": 726, "y": 551}, {"x": 716, "y": 552}], [{"x": 716, "y": 584}, {"x": 726, "y": 584}, {"x": 726, "y": 574}, {"x": 713, "y": 574}], [{"x": 716, "y": 606}, {"x": 726, "y": 606}, {"x": 726, "y": 596}, {"x": 716, "y": 596}], [{"x": 716, "y": 628}, {"x": 726, "y": 628}, {"x": 726, "y": 618}, {"x": 716, "y": 618}], [{"x": 716, "y": 650}, {"x": 728, "y": 650}, {"x": 726, "y": 640}, {"x": 716, "y": 640}], [{"x": 716, "y": 760}, {"x": 726, "y": 760}, {"x": 726, "y": 748}, {"x": 716, "y": 750}], [{"x": 716, "y": 782}, {"x": 726, "y": 782}, {"x": 726, "y": 772}, {"x": 716, "y": 772}], [{"x": 716, "y": 826}, {"x": 726, "y": 828}, {"x": 726, "y": 816}, {"x": 716, "y": 816}], [{"x": 716, "y": 848}, {"x": 726, "y": 848}, {"x": 729, "y": 838}, {"x": 715, "y": 837}], [{"x": 738, "y": 78}, {"x": 748, "y": 78}, {"x": 748, "y": 68}, {"x": 735, "y": 68}], [{"x": 738, "y": 166}, {"x": 748, "y": 166}, {"x": 748, "y": 156}, {"x": 738, "y": 156}], [{"x": 738, "y": 188}, {"x": 748, "y": 188}, {"x": 749, "y": 178}, {"x": 738, "y": 178}], [{"x": 738, "y": 232}, {"x": 748, "y": 232}, {"x": 748, "y": 222}, {"x": 738, "y": 222}], [{"x": 738, "y": 276}, {"x": 748, "y": 276}, {"x": 748, "y": 266}, {"x": 738, "y": 265}], [{"x": 738, "y": 298}, {"x": 748, "y": 298}, {"x": 748, "y": 288}, {"x": 734, "y": 288}], [{"x": 734, "y": 320}, {"x": 748, "y": 320}, {"x": 748, "y": 310}, {"x": 738, "y": 310}], [{"x": 738, "y": 344}, {"x": 748, "y": 342}, {"x": 748, "y": 332}, {"x": 738, "y": 332}], [{"x": 738, "y": 364}, {"x": 748, "y": 364}, {"x": 748, "y": 354}, {"x": 738, "y": 354}], [{"x": 738, "y": 430}, {"x": 751, "y": 430}, {"x": 748, "y": 420}, {"x": 738, "y": 417}], [{"x": 738, "y": 474}, {"x": 748, "y": 474}, {"x": 748, "y": 463}, {"x": 738, "y": 464}], [{"x": 738, "y": 496}, {"x": 748, "y": 496}, {"x": 748, "y": 486}, {"x": 735, "y": 486}], [{"x": 738, "y": 518}, {"x": 748, "y": 518}, {"x": 748, "y": 508}, {"x": 738, "y": 508}], [{"x": 738, "y": 540}, {"x": 748, "y": 543}, {"x": 748, "y": 530}, {"x": 738, "y": 530}], [{"x": 738, "y": 564}, {"x": 750, "y": 562}, {"x": 748, "y": 548}, {"x": 736, "y": 552}], [{"x": 738, "y": 650}, {"x": 750, "y": 650}, {"x": 748, "y": 640}, {"x": 738, "y": 640}], [{"x": 738, "y": 672}, {"x": 748, "y": 672}, {"x": 748, "y": 662}, {"x": 738, "y": 662}], [{"x": 738, "y": 695}, {"x": 748, "y": 694}, {"x": 748, "y": 684}, {"x": 738, "y": 684}], [{"x": 738, "y": 760}, {"x": 752, "y": 760}, {"x": 748, "y": 750}, {"x": 738, "y": 750}], [{"x": 738, "y": 782}, {"x": 748, "y": 782}, {"x": 748, "y": 772}, {"x": 738, "y": 772}], [{"x": 738, "y": 804}, {"x": 748, "y": 804}, {"x": 748, "y": 794}, {"x": 738, "y": 794}], [{"x": 760, "y": 540}, {"x": 771, "y": 540}, {"x": 770, "y": 530}, {"x": 760, "y": 530}], [{"x": 757, "y": 562}, {"x": 770, "y": 562}, {"x": 770, "y": 552}, {"x": 760, "y": 552}], [{"x": 760, "y": 584}, {"x": 770, "y": 584}, {"x": 770, "y": 574}, {"x": 760, "y": 574}], [{"x": 760, "y": 606}, {"x": 770, "y": 606}, {"x": 774, "y": 596}, {"x": 760, "y": 596}], [{"x": 760, "y": 628}, {"x": 770, "y": 628}, {"x": 770, "y": 618}, {"x": 760, "y": 618}], [{"x": 760, "y": 650}, {"x": 770, "y": 650}, {"x": 770, "y": 640}, {"x": 760, "y": 640}], [{"x": 760, "y": 672}, {"x": 770, "y": 672}, {"x": 770, "y": 662}, {"x": 760, "y": 662}], [{"x": 756, "y": 694}, {"x": 772, "y": 694}, {"x": 770, "y": 684}, {"x": 760, "y": 684}], [{"x": 760, "y": 718}, {"x": 770, "y": 716}, {"x": 770, "y": 706}, {"x": 760, "y": 706}], [{"x": 760, "y": 738}, {"x": 770, "y": 742}, {"x": 770, "y": 728}, {"x": 757, "y": 728}], [{"x": 760, "y": 782}, {"x": 770, "y": 782}, {"x": 770, "y": 772}, {"x": 759, "y": 772}], [{"x": 760, "y": 804}, {"x": 770, "y": 804}, {"x": 770, "y": 794}, {"x": 760, "y": 794}], [{"x": 782, "y": 628}, {"x": 792, "y": 628}, {"x": 792, "y": 618}, {"x": 782, "y": 618}], [{"x": 782, "y": 650}, {"x": 792, "y": 650}, {"x": 792, "y": 640}, {"x": 779, "y": 640}], [{"x": 779, "y": 694}, {"x": 792, "y": 694}, {"x": 792, "y": 684}, {"x": 782, "y": 683}], [{"x": 781, "y": 716}, {"x": 792, "y": 716}, {"x": 792, "y": 706}, {"x": 782, "y": 706}], [{"x": 782, "y": 738}, {"x": 792, "y": 738}, {"x": 796, "y": 728}, {"x": 782, "y": 728}], [{"x": 782, "y": 760}, {"x": 792, "y": 760}, {"x": 794, "y": 750}, {"x": 782, "y": 750}], [{"x": 782, "y": 782}, {"x": 792, "y": 786}, {"x": 792, "y": 772}, {"x": 782, "y": 772}], [{"x": 782, "y": 804}, {"x": 792, "y": 808}, {"x": 792, "y": 794}, {"x": 782, "y": 794}], [{"x": 804, "y": 606}, {"x": 814, "y": 606}, {"x": 815, "y": 596}, {"x": 804, "y": 595}], [{"x": 804, "y": 628}, {"x": 814, "y": 628}, {"x": 814, "y": 618}, {"x": 804, "y": 618}], [{"x": 804, "y": 650}, {"x": 814, "y": 650}, {"x": 814, "y": 640}, {"x": 804, "y": 640}], [{"x": 804, "y": 694}, {"x": 814, "y": 694}, {"x": 814, "y": 684}, {"x": 801, "y": 684}], [{"x": 804, "y": 716}, {"x": 814, "y": 717}, {"x": 814, "y": 706}, {"x": 804, "y": 706}], [{"x": 804, "y": 738}, {"x": 814, "y": 738}, {"x": 814, "y": 728}, {"x": 804, "y": 728}], [{"x": 804, "y": 760}, {"x": 814, "y": 760}, {"x": 814, "y": 750}, {"x": 804, "y": 750}], [{"x": 826, "y": 650}, {"x": 836, "y": 650}, {"x": 836, "y": 640}, {"x": 826, "y": 636}], [{"x": 826, "y": 672}, {"x": 836, "y": 672}, {"x": 836, "y": 662}, {"x": 826, "y": 662}], [{"x": 826, "y": 694}, {"x": 836, "y": 694}, {"x": 836, "y": 684}, {"x": 826, "y": 684}], [{"x": 826, "y": 716}, {"x": 836, "y": 716}, {"x": 836, "y": 706}, {"x": 826, "y": 706}], [{"x": 826, "y": 738}, {"x": 836, "y": 738}, {"x": 836, "y": 728}, {"x": 826, "y": 728}], [{"x": 826, "y": 760}, {"x": 836, "y": 760}, {"x": 836, "y": 749}, {"x": 826, "y": 750}], [{"x": 826, "y": 782}, {"x": 836, "y": 782}, {"x": 836, "y": 770}, {"x": 826, "y": 772}], [{"x": 826, "y": 804}, {"x": 836, "y": 804}, {"x": 836, "y": 794}, {"x": 826, "y": 794}], [{"x": 845, "y": 652}, {"x": 858, "y": 650}, {"x": 860, "y": 638}, {"x": 848, "y": 640}], [{"x": 848, "y": 694}, {"x": 858, "y": 694}, {"x": 860, "y": 684}, {"x": 848, "y": 684}], [{"x": 846, "y": 716}, {"x": 862, "y": 719}, {"x": 858, "y": 706}, {"x": 846, "y": 704}], [{"x": 847, "y": 738}, {"x": 858, "y": 738}, {"x": 858, "y": 728}, {"x": 848, "y": 728}], [{"x": 848, "y": 760}, {"x": 858, "y": 760}, {"x": 858, "y": 750}, {"x": 848, "y": 750}], [{"x": 848, "y": 804}, {"x": 858, "y": 804}, {"x": 858, "y": 794}, {"x": 844, "y": 794}], [{"x": 870, "y": 716}, {"x": 884, "y": 716}, {"x": 880, "y": 706}, {"x": 870, "y": 706}], [{"x": 870, "y": 740}, {"x": 880, "y": 738}, {"x": 880, "y": 728}, {"x": 870, "y": 728}], [{"x": 870, "y": 760}, {"x": 883, "y": 760}, {"x": 880, "y": 750}, {"x": 867, "y": 750}], [{"x": 870, "y": 782}, {"x": 880, "y": 782}, {"x": 880, "y": 772}, {"x": 869, "y": 772}], [{"x": 870, "y": 808}, {"x": 880, "y": 804}, {"x": 881, "y": 794}, {"x": 870, "y": 794}], [{"x": 890, "y": 738}, {"x": 902, "y": 739}, {"x": 902, "y": 728}, {"x": 892, "y": 728}], [{"x": 892, "y": 782}, {"x": 902, "y": 782}, {"x": 902, "y": 772}, {"x": 889, "y": 772}], [{"x": 914, "y": 738}, {"x": 924, "y": 738}, {"x": 924, "y": 728}, {"x": 914, "y": 728}], [{"x": 914, "y": 760}, {"x": 924, "y": 760}, {"x": 924, "y": 750}, {"x": 914, "y": 750}], [{"x": 914, "y": 782}, {"x": 924, "y": 782}, {"x": 924, "y": 772}, {"x": 914, "y": 769}], [{"x": 936, "y": 760}, {"x": 946, "y": 760}, {"x": 946, "y": 750}, {"x": 936, "y": 750}], [{"x": 936, "y": 782}, {"x": 946, "y": 782}, {"x": 948, "y": 772}, {"x": 936, "y": 772}]]}