{"type": "CGSHOP2023_Instance", "name": "maze_3969_250_01_01", "n": 3176, "outer_boundary": [{"x": 162, "y": 186}, {"x": 500, "y": 99}, {"x": 899, "y": 124}, {"x": 780, "y": 500}, {"x": 891, "y": 812}, {"x": 500, "y": 780}, {"x": 154, "y": 943}, {"x": 200, "y": 500}], "holes": [[{"x": 182, "y": 203}, {"x": 192, "y": 203}, {"x": 192, "y": 193}, {"x": 182, "y": 193}], [{"x": 178, "y": 225}, {"x": 192, "y": 225}, {"x": 192, "y": 215}, {"x": 182, "y": 215}], [{"x": 182, "y": 247}, {"x": 192, "y": 247}, {"x": 193, "y": 237}, {"x": 182, "y": 237}], [{"x": 182, "y": 269}, {"x": 192, "y": 269}, {"x": 192, "y": 259}, {"x": 182, "y": 259}], [{"x": 182, "y": 291}, {"x": 192, "y": 291}, {"x": 192, "y": 281}, {"x": 182, "y": 281}], [{"x": 182, "y": 756}, {"x": 195, "y": 753}, {"x": 192, "y": 743}, {"x": 182, "y": 743}], [{"x": 182, "y": 776}, {"x": 192, "y": 775}, {"x": 192, "y": 765}, {"x": 182, "y": 765}], [{"x": 182, "y": 819}, {"x": 192, "y": 819}, {"x": 192, "y": 809}, {"x": 182, "y": 809}], [{"x": 182, "y": 841}, {"x": 192, "y": 841}, {"x": 192, "y": 831}, {"x": 182, "y": 831}], [{"x": 182, "y": 863}, {"x": 192, "y": 864}, {"x": 192, "y": 853}, {"x": 182, "y": 853}], [{"x": 182, "y": 885}, {"x": 192, "y": 885}, {"x": 192, "y": 875}, {"x": 182, "y": 875}], [{"x": 182, "y": 907}, {"x": 192, "y": 907}, {"x": 192, "y": 897}, {"x": 182, "y": 897}], [{"x": 204, "y": 203}, {"x": 214, "y": 203}, {"x": 214, "y": 193}, {"x": 204, "y": 193}], [{"x": 204, "y": 225}, {"x": 214, "y": 225}, {"x": 214, "y": 215}, {"x": 204, "y": 215}], [{"x": 204, "y": 247}, {"x": 214, "y": 247}, {"x": 214, "y": 237}, {"x": 204, "y": 234}], [{"x": 204, "y": 269}, {"x": 214, "y": 269}, {"x": 214, "y": 259}, {"x": 204, "y": 259}], [{"x": 204, "y": 291}, {"x": 214, "y": 291}, {"x": 214, "y": 281}, {"x": 204, "y": 281}], [{"x": 204, "y": 313}, {"x": 216, "y": 313}, {"x": 214, "y": 303}, {"x": 204, "y": 303}], [{"x": 204, "y": 335}, {"x": 214, "y": 335}, {"x": 214, "y": 321}, {"x": 204, "y": 325}], [{"x": 204, "y": 357}, {"x": 214, "y": 357}, {"x": 214, "y": 347}, {"x": 204, "y": 347}], [{"x": 204, "y": 379}, {"x": 214, "y": 380}, {"x": 214, "y": 366}, {"x": 204, "y": 369}], [{"x": 204, "y": 401}, {"x": 214, "y": 401}, {"x": 214, "y": 391}, {"x": 204, "y": 391}], [{"x": 203, "y": 423}, {"x": 214, "y": 427}, {"x": 215, "y": 413}, {"x": 204, "y": 413}], [{"x": 204, "y": 445}, {"x": 217, "y": 445}, {"x": 216, "y": 435}, {"x": 204, "y": 435}], [{"x": 204, "y": 467}, {"x": 214, "y": 467}, {"x": 214, "y": 457}, {"x": 204, "y": 457}], [{"x": 204, "y": 577}, {"x": 214, "y": 577}, {"x": 214, "y": 567}, {"x": 204, "y": 567}], [{"x": 204, "y": 599}, {"x": 214, "y": 599}, {"x": 214, "y": 589}, {"x": 204, "y": 589}], [{"x": 204, "y": 621}, {"x": 214, "y": 621}, {"x": 214, "y": 611}, {"x": 204, "y": 611}], [{"x": 204, "y": 643}, {"x": 214, "y": 643}, {"x": 214, "y": 633}, {"x": 204, "y": 632}], [{"x": 204, "y": 665}, {"x": 216, "y": 665}, {"x": 214, "y": 655}, {"x": 204, "y": 653}], [{"x": 204, "y": 687}, {"x": 214, "y": 687}, {"x": 214, "y": 677}, {"x": 204, "y": 677}], [{"x": 204, "y": 709}, {"x": 214, "y": 709}, {"x": 214, "y": 699}, {"x": 204, "y": 699}], [{"x": 204, "y": 735}, {"x": 214, "y": 731}, {"x": 214, "y": 721}, {"x": 200, "y": 721}], [{"x": 204, "y": 757}, {"x": 214, "y": 753}, {"x": 214, "y": 741}, {"x": 200, "y": 743}], [{"x": 204, "y": 775}, {"x": 214, "y": 775}, {"x": 214, "y": 765}, {"x": 204, "y": 765}], [{"x": 204, "y": 797}, {"x": 214, "y": 797}, {"x": 214, "y": 787}, {"x": 204, "y": 787}], [{"x": 204, "y": 819}, {"x": 214, "y": 819}, {"x": 214, "y": 809}, {"x": 204, "y": 809}], [{"x": 204, "y": 841}, {"x": 214, "y": 841}, {"x": 215, "y": 831}, {"x": 204, "y": 831}], [{"x": 204, "y": 863}, {"x": 214, "y": 863}, {"x": 214, "y": 853}, {"x": 204, "y": 853}], [{"x": 204, "y": 885}, {"x": 214, "y": 885}, {"x": 214, "y": 874}, {"x": 204, "y": 872}], [{"x": 226, "y": 247}, {"x": 236, "y": 247}, {"x": 236, "y": 237}, {"x": 222, "y": 237}], [{"x": 226, "y": 269}, {"x": 236, "y": 269}, {"x": 236, "y": 259}, {"x": 226, "y": 259}], [{"x": 226, "y": 291}, {"x": 236, "y": 295}, {"x": 236, "y": 277}, {"x": 226, "y": 277}], [{"x": 226, "y": 313}, {"x": 236, "y": 315}, {"x": 236, "y": 303}, {"x": 226, "y": 303}], [{"x": 226, "y": 335}, {"x": 236, "y": 335}, {"x": 236, "y": 325}, {"x": 226, "y": 325}], [{"x": 225, "y": 357}, {"x": 236, "y": 357}, {"x": 236, "y": 347}, {"x": 223, "y": 347}], [{"x": 226, "y": 379}, {"x": 236, "y": 379}, {"x": 236, "y": 369}, {"x": 226, "y": 369}], [{"x": 226, "y": 401}, {"x": 236, "y": 401}, {"x": 236, "y": 391}, {"x": 226, "y": 389}], [{"x": 226, "y": 423}, {"x": 236, "y": 423}, {"x": 236, "y": 413}, {"x": 226, "y": 413}], [{"x": 224, "y": 445}, {"x": 236, "y": 445}, {"x": 236, "y": 435}, {"x": 226, "y": 435}], [{"x": 226, "y": 467}, {"x": 236, "y": 467}, {"x": 236, "y": 457}, {"x": 226, "y": 457}], [{"x": 222, "y": 489}, {"x": 236, "y": 489}, {"x": 236, "y": 479}, {"x": 226, "y": 476}], [{"x": 226, "y": 511}, {"x": 238, "y": 511}, {"x": 236, "y": 501}, {"x": 226, "y": 501}], [{"x": 226, "y": 533}, {"x": 236, "y": 533}, {"x": 236, "y": 523}, {"x": 226, "y": 523}], [{"x": 226, "y": 577}, {"x": 236, "y": 577}, {"x": 236, "y": 567}, {"x": 226, "y": 567}], [{"x": 225, "y": 599}, {"x": 239, "y": 599}, {"x": 236, "y": 589}, {"x": 225, "y": 589}], [{"x": 226, "y": 621}, {"x": 236, "y": 621}, {"x": 236, "y": 611}, {"x": 226, "y": 608}], [{"x": 226, "y": 643}, {"x": 236, "y": 643}, {"x": 236, "y": 633}, {"x": 226, "y": 633}], [{"x": 226, "y": 665}, {"x": 236, "y": 665}, {"x": 236, "y": 655}, {"x": 226, "y": 655}], [{"x": 226, "y": 687}, {"x": 236, "y": 687}, {"x": 236, "y": 677}, {"x": 226, "y": 677}], [{"x": 226, "y": 709}, {"x": 236, "y": 709}, {"x": 236, "y": 699}, {"x": 226, "y": 699}], [{"x": 226, "y": 731}, {"x": 239, "y": 731}, {"x": 236, "y": 721}, {"x": 226, "y": 721}], [{"x": 226, "y": 753}, {"x": 236, "y": 753}, {"x": 236, "y": 743}, {"x": 226, "y": 743}], [{"x": 226, "y": 797}, {"x": 236, "y": 797}, {"x": 236, "y": 787}, {"x": 226, "y": 787}], [{"x": 226, "y": 841}, {"x": 236, "y": 841}, {"x": 236, "y": 831}, {"x": 226, "y": 831}], [{"x": 226, "y": 885}, {"x": 240, "y": 887}, {"x": 236, "y": 875}, {"x": 226, "y": 875}], [{"x": 248, "y": 203}, {"x": 258, "y": 203}, {"x": 258, "y": 193}, {"x": 248, "y": 193}], [{"x": 248, "y": 291}, {"x": 258, "y": 291}, {"x": 260, "y": 281}, {"x": 248, "y": 281}], [{"x": 248, "y": 313}, {"x": 258, "y": 313}, {"x": 258, "y": 303}, {"x": 248, "y": 303}], [{"x": 248, "y": 335}, {"x": 258, "y": 335}, {"x": 261, "y": 325}, {"x": 248, "y": 325}], [{"x": 248, "y": 357}, {"x": 261, "y": 357}, {"x": 258, "y": 345}, {"x": 248, "y": 347}], [{"x": 248, "y": 379}, {"x": 258, "y": 379}, {"x": 258, "y": 367}, {"x": 248, "y": 369}], [{"x": 248, "y": 401}, {"x": 258, "y": 401}, {"x": 260, "y": 391}, {"x": 248, "y": 391}], [{"x": 248, "y": 423}, {"x": 258, "y": 423}, {"x": 258, "y": 409}, {"x": 244, "y": 413}], [{"x": 248, "y": 467}, {"x": 258, "y": 467}, {"x": 258, "y": 457}, {"x": 248, "y": 457}], [{"x": 248, "y": 489}, {"x": 258, "y": 489}, {"x": 258, "y": 475}, {"x": 248, "y": 477}], [{"x": 244, "y": 511}, {"x": 258, "y": 511}, {"x": 258, "y": 501}, {"x": 248, "y": 501}], [{"x": 246, "y": 555}, {"x": 258, "y": 555}, {"x": 258, "y": 542}, {"x": 248, "y": 541}], [{"x": 247, "y": 577}, {"x": 258, "y": 577}, {"x": 258, "y": 567}, {"x": 248, "y": 567}], [{"x": 248, "y": 599}, {"x": 258, "y": 599}, {"x": 258, "y": 589}, {"x": 248, "y": 589}], [{"x": 248, "y": 621}, {"x": 258, "y": 621}, {"x": 262, "y": 611}, {"x": 248, "y": 611}], [{"x": 248, "y": 643}, {"x": 258, "y": 643}, {"x": 258, "y": 633}, {"x": 248, "y": 633}], [{"x": 248, "y": 665}, {"x": 258, "y": 665}, {"x": 258, "y": 655}, {"x": 247, "y": 655}], [{"x": 248, "y": 687}, {"x": 258, "y": 687}, {"x": 258, "y": 677}, {"x": 248, "y": 677}], [{"x": 245, "y": 709}, {"x": 258, "y": 709}, {"x": 258, "y": 699}, {"x": 248, "y": 699}], [{"x": 248, "y": 731}, {"x": 258, "y": 731}, {"x": 258, "y": 721}, {"x": 248, "y": 721}], [{"x": 247, "y": 753}, {"x": 258, "y": 753}, {"x": 258, "y": 743}, {"x": 248, "y": 743}], [{"x": 248, "y": 775}, {"x": 258, "y": 775}, {"x": 258, "y": 765}, {"x": 248, "y": 765}], [{"x": 248, "y": 797}, {"x": 258, "y": 797}, {"x": 258, "y": 787}, {"x": 248, "y": 787}], [{"x": 248, "y": 819}, {"x": 258, "y": 819}, {"x": 258, "y": 809}, {"x": 248, "y": 809}], [{"x": 248, "y": 841}, {"x": 258, "y": 841}, {"x": 258, "y": 831}, {"x": 248, "y": 831}], [{"x": 248, "y": 863}, {"x": 258, "y": 867}, {"x": 258, "y": 853}, {"x": 248, "y": 850}], [{"x": 248, "y": 886}, {"x": 258, "y": 885}, {"x": 258, "y": 875}, {"x": 248, "y": 872}], [{"x": 270, "y": 181}, {"x": 284, "y": 181}, {"x": 280, "y": 171}, {"x": 270, "y": 171}], [{"x": 270, "y": 203}, {"x": 280, "y": 203}, {"x": 280, "y": 192}, {"x": 270, "y": 193}], [{"x": 270, "y": 225}, {"x": 280, "y": 225}, {"x": 280, "y": 214}, {"x": 270, "y": 215}], [{"x": 270, "y": 247}, {"x": 280, "y": 247}, {"x": 280, "y": 237}, {"x": 270, "y": 237}], [{"x": 270, "y": 271}, {"x": 280, "y": 269}, {"x": 280, "y": 259}, {"x": 270, "y": 259}], [{"x": 270, "y": 291}, {"x": 280, "y": 291}, {"x": 280, "y": 281}, {"x": 270, "y": 281}], [{"x": 270, "y": 313}, {"x": 280, "y": 313}, {"x": 281, "y": 303}, {"x": 270, "y": 303}], [{"x": 266, "y": 335}, {"x": 280, "y": 335}, {"x": 280, "y": 324}, {"x": 270, "y": 325}], [{"x": 270, "y": 357}, {"x": 280, "y": 357}, {"x": 280, "y": 347}, {"x": 270, "y": 347}], [{"x": 270, "y": 379}, {"x": 280, "y": 379}, {"x": 280, "y": 369}, {"x": 270, "y": 369}], [{"x": 270, "y": 401}, {"x": 280, "y": 401}, {"x": 280, "y": 390}, {"x": 270, "y": 391}], [{"x": 270, "y": 423}, {"x": 280, "y": 423}, {"x": 280, "y": 413}, {"x": 270, "y": 413}], [{"x": 270, "y": 445}, {"x": 280, "y": 445}, {"x": 280, "y": 435}, {"x": 270, "y": 435}], [{"x": 270, "y": 467}, {"x": 280, "y": 467}, {"x": 280, "y": 457}, {"x": 270, "y": 457}], [{"x": 270, "y": 489}, {"x": 280, "y": 489}, {"x": 280, "y": 479}, {"x": 270, "y": 479}], [{"x": 270, "y": 511}, {"x": 280, "y": 511}, {"x": 283, "y": 501}, {"x": 270, "y": 501}], [{"x": 268, "y": 533}, {"x": 280, "y": 533}, {"x": 280, "y": 523}, {"x": 270, "y": 523}], [{"x": 270, "y": 555}, {"x": 280, "y": 555}, {"x": 280, "y": 545}, {"x": 270, "y": 545}], [{"x": 270, "y": 577}, {"x": 280, "y": 577}, {"x": 280, "y": 567}, {"x": 270, "y": 567}], [{"x": 266, "y": 621}, {"x": 280, "y": 621}, {"x": 280, "y": 611}, {"x": 270, "y": 611}], [{"x": 270, "y": 643}, {"x": 280, "y": 643}, {"x": 280, "y": 633}, {"x": 270, "y": 633}], [{"x": 270, "y": 665}, {"x": 280, "y": 665}, {"x": 280, "y": 655}, {"x": 270, "y": 655}], [{"x": 270, "y": 709}, {"x": 280, "y": 709}, {"x": 280, "y": 698}, {"x": 270, "y": 696}], [{"x": 270, "y": 731}, {"x": 280, "y": 731}, {"x": 280, "y": 721}, {"x": 270, "y": 720}], [{"x": 270, "y": 753}, {"x": 280, "y": 753}, {"x": 280, "y": 743}, {"x": 270, "y": 743}], [{"x": 270, "y": 775}, {"x": 280, "y": 775}, {"x": 280, "y": 765}, {"x": 270, "y": 765}], [{"x": 270, "y": 797}, {"x": 280, "y": 797}, {"x": 280, "y": 786}, {"x": 270, "y": 787}], [{"x": 270, "y": 819}, {"x": 280, "y": 819}, {"x": 280, "y": 809}, {"x": 270, "y": 807}], [{"x": 270, "y": 841}, {"x": 280, "y": 841}, {"x": 280, "y": 831}, {"x": 267, "y": 831}], [{"x": 270, "y": 863}, {"x": 280, "y": 863}, {"x": 280, "y": 853}, {"x": 269, "y": 853}], [{"x": 292, "y": 181}, {"x": 302, "y": 181}, {"x": 302, "y": 171}, {"x": 292, "y": 171}], [{"x": 292, "y": 203}, {"x": 305, "y": 203}, {"x": 302, "y": 193}, {"x": 292, "y": 193}], [{"x": 292, "y": 225}, {"x": 302, "y": 225}, {"x": 302, "y": 215}, {"x": 292, "y": 215}], [{"x": 292, "y": 247}, {"x": 302, "y": 247}, {"x": 302, "y": 237}, {"x": 292, "y": 237}], [{"x": 292, "y": 269}, {"x": 302, "y": 272}, {"x": 302, "y": 259}, {"x": 292, "y": 259}], [{"x": 292, "y": 291}, {"x": 306, "y": 291}, {"x": 302, "y": 280}, {"x": 292, "y": 279}], [{"x": 292, "y": 315}, {"x": 302, "y": 313}, {"x": 302, "y": 301}, {"x": 289, "y": 303}], [{"x": 292, "y": 338}, {"x": 302, "y": 335}, {"x": 302, "y": 325}, {"x": 292, "y": 325}], [{"x": 292, "y": 360}, {"x": 302, "y": 357}, {"x": 302, "y": 347}, {"x": 292, "y": 347}], [{"x": 292, "y": 379}, {"x": 302, "y": 379}, {"x": 302, "y": 367}, {"x": 290, "y": 369}], [{"x": 292, "y": 401}, {"x": 302, "y": 401}, {"x": 302, "y": 391}, {"x": 292, "y": 391}], [{"x": 292, "y": 423}, {"x": 302, "y": 423}, {"x": 302, "y": 413}, {"x": 292, "y": 413}], [{"x": 290, "y": 445}, {"x": 302, "y": 445}, {"x": 304, "y": 435}, {"x": 289, "y": 435}], [{"x": 292, "y": 489}, {"x": 302, "y": 489}, {"x": 302, "y": 479}, {"x": 288, "y": 479}], [{"x": 292, "y": 511}, {"x": 302, "y": 511}, {"x": 302, "y": 499}, {"x": 292, "y": 501}], [{"x": 292, "y": 533}, {"x": 305, "y": 533}, {"x": 302, "y": 523}, {"x": 292, "y": 523}], [{"x": 292, "y": 577}, {"x": 302, "y": 577}, {"x": 302, "y": 567}, {"x": 292, "y": 567}], [{"x": 292, "y": 599}, {"x": 302, "y": 599}, {"x": 302, "y": 589}, {"x": 292, "y": 589}], [{"x": 292, "y": 621}, {"x": 302, "y": 621}, {"x": 305, "y": 611}, {"x": 292, "y": 611}], [{"x": 292, "y": 643}, {"x": 302, "y": 643}, {"x": 302, "y": 631}, {"x": 292, "y": 633}], [{"x": 292, "y": 665}, {"x": 302, "y": 665}, {"x": 306, "y": 655}, {"x": 292, "y": 655}], [{"x": 292, "y": 687}, {"x": 302, "y": 689}, {"x": 302, "y": 677}, {"x": 288, "y": 677}], [{"x": 292, "y": 709}, {"x": 302, "y": 709}, {"x": 302, "y": 699}, {"x": 292, "y": 699}], [{"x": 292, "y": 731}, {"x": 302, "y": 731}, {"x": 302, "y": 721}, {"x": 292, "y": 721}], [{"x": 292, "y": 753}, {"x": 305, "y": 753}, {"x": 302, "y": 743}, {"x": 292, "y": 743}], [{"x": 292, "y": 775}, {"x": 302, "y": 776}, {"x": 302, "y": 765}, {"x": 292, "y": 765}], [{"x": 292, "y": 797}, {"x": 303, "y": 800}, {"x": 302, "y": 787}, {"x": 292, "y": 787}], [{"x": 292, "y": 819}, {"x": 302, "y": 819}, {"x": 302, "y": 809}, {"x": 292, "y": 806}], [{"x": 291, "y": 841}, {"x": 302, "y": 841}, {"x": 302, "y": 831}, {"x": 292, "y": 831}], [{"x": 292, "y": 863}, {"x": 302, "y": 863}, {"x": 302, "y": 853}, {"x": 291, "y": 853}], [{"x": 314, "y": 181}, {"x": 324, "y": 181}, {"x": 324, "y": 171}, {"x": 314, "y": 171}], [{"x": 314, "y": 203}, {"x": 324, "y": 203}, {"x": 324, "y": 193}, {"x": 314, "y": 193}], [{"x": 314, "y": 225}, {"x": 324, "y": 225}, {"x": 324, "y": 215}, {"x": 314, "y": 215}], [{"x": 314, "y": 247}, {"x": 324, "y": 247}, {"x": 324, "y": 237}, {"x": 314, "y": 237}], [{"x": 314, "y": 291}, {"x": 324, "y": 291}, {"x": 324, "y": 281}, {"x": 314, "y": 281}], [{"x": 314, "y": 313}, {"x": 324, "y": 313}, {"x": 324, "y": 301}, {"x": 314, "y": 303}], [{"x": 314, "y": 335}, {"x": 325, "y": 335}, {"x": 324, "y": 325}, {"x": 314, "y": 325}], [{"x": 314, "y": 357}, {"x": 324, "y": 357}, {"x": 324, "y": 347}, {"x": 314, "y": 346}], [{"x": 314, "y": 401}, {"x": 325, "y": 401}, {"x": 324, "y": 391}, {"x": 314, "y": 391}], [{"x": 314, "y": 423}, {"x": 324, "y": 423}, {"x": 324, "y": 413}, {"x": 314, "y": 413}], [{"x": 312, "y": 445}, {"x": 324, "y": 446}, {"x": 324, "y": 435}, {"x": 314, "y": 435}], [{"x": 314, "y": 467}, {"x": 327, "y": 470}, {"x": 324, "y": 457}, {"x": 310, "y": 456}], [{"x": 314, "y": 490}, {"x": 324, "y": 489}, {"x": 324, "y": 479}, {"x": 314, "y": 479}], [{"x": 314, "y": 533}, {"x": 324, "y": 536}, {"x": 324, "y": 519}, {"x": 314, "y": 523}], [{"x": 314, "y": 555}, {"x": 324, "y": 555}, {"x": 324, "y": 543}, {"x": 312, "y": 545}], [{"x": 314, "y": 577}, {"x": 324, "y": 577}, {"x": 324, "y": 567}, {"x": 314, "y": 567}], [{"x": 314, "y": 601}, {"x": 324, "y": 599}, {"x": 325, "y": 587}, {"x": 314, "y": 589}], [{"x": 314, "y": 621}, {"x": 328, "y": 621}, {"x": 324, "y": 611}, {"x": 314, "y": 611}], [{"x": 314, "y": 644}, {"x": 324, "y": 643}, {"x": 324, "y": 633}, {"x": 314, "y": 633}], [{"x": 314, "y": 665}, {"x": 324, "y": 665}, {"x": 324, "y": 655}, {"x": 314, "y": 655}], [{"x": 314, "y": 687}, {"x": 324, "y": 687}, {"x": 324, "y": 677}, {"x": 314, "y": 677}], [{"x": 314, "y": 709}, {"x": 324, "y": 709}, {"x": 324, "y": 696}, {"x": 314, "y": 699}], [{"x": 314, "y": 731}, {"x": 324, "y": 733}, {"x": 327, "y": 721}, {"x": 314, "y": 719}], [{"x": 314, "y": 753}, {"x": 324, "y": 753}, {"x": 324, "y": 741}, {"x": 314, "y": 743}], [{"x": 314, "y": 797}, {"x": 324, "y": 797}, {"x": 324, "y": 787}, {"x": 314, "y": 787}], [{"x": 314, "y": 819}, {"x": 324, "y": 819}, {"x": 324, "y": 807}, {"x": 314, "y": 809}], [{"x": 314, "y": 842}, {"x": 324, "y": 844}, {"x": 324, "y": 831}, {"x": 314, "y": 831}], [{"x": 336, "y": 159}, {"x": 346, "y": 159}, {"x": 346, "y": 149}, {"x": 336, "y": 149}], [{"x": 336, "y": 181}, {"x": 346, "y": 181}, {"x": 346, "y": 171}, {"x": 336, "y": 171}], [{"x": 336, "y": 203}, {"x": 346, "y": 203}, {"x": 346, "y": 193}, {"x": 336, "y": 193}], [{"x": 336, "y": 225}, {"x": 346, "y": 225}, {"x": 346, "y": 215}, {"x": 336, "y": 215}], [{"x": 336, "y": 247}, {"x": 346, "y": 247}, {"x": 346, "y": 237}, {"x": 336, "y": 234}], [{"x": 336, "y": 269}, {"x": 346, "y": 273}, {"x": 346, "y": 259}, {"x": 336, "y": 259}], [{"x": 336, "y": 291}, {"x": 346, "y": 293}, {"x": 346, "y": 281}, {"x": 336, "y": 280}], [{"x": 336, "y": 313}, {"x": 346, "y": 313}, {"x": 346, "y": 303}, {"x": 336, "y": 303}], [{"x": 336, "y": 335}, {"x": 346, "y": 335}, {"x": 346, "y": 325}, {"x": 336, "y": 325}], [{"x": 336, "y": 357}, {"x": 346, "y": 360}, {"x": 346, "y": 347}, {"x": 336, "y": 347}], [{"x": 336, "y": 379}, {"x": 346, "y": 379}, {"x": 350, "y": 369}, {"x": 336, "y": 369}], [{"x": 336, "y": 401}, {"x": 346, "y": 401}, {"x": 346, "y": 391}, {"x": 336, "y": 391}], [{"x": 332, "y": 423}, {"x": 346, "y": 427}, {"x": 347, "y": 409}, {"x": 336, "y": 413}], [{"x": 333, "y": 445}, {"x": 346, "y": 445}, {"x": 346, "y": 435}, {"x": 336, "y": 435}], [{"x": 336, "y": 467}, {"x": 346, "y": 467}, {"x": 346, "y": 457}, {"x": 333, "y": 457}], [{"x": 336, "y": 489}, {"x": 350, "y": 490}, {"x": 346, "y": 479}, {"x": 333, "y": 479}], [{"x": 336, "y": 511}, {"x": 346, "y": 511}, {"x": 346, "y": 501}, {"x": 336, "y": 501}], [{"x": 336, "y": 533}, {"x": 346, "y": 533}, {"x": 346, "y": 523}, {"x": 336, "y": 523}], [{"x": 336, "y": 555}, {"x": 346, "y": 555}, {"x": 346, "y": 545}, {"x": 336, "y": 545}], [{"x": 336, "y": 577}, {"x": 346, "y": 577}, {"x": 346, "y": 564}, {"x": 336, "y": 567}], [{"x": 336, "y": 599}, {"x": 346, "y": 599}, {"x": 346, "y": 589}, {"x": 332, "y": 589}], [{"x": 336, "y": 621}, {"x": 346, "y": 621}, {"x": 348, "y": 611}, {"x": 336, "y": 611}], [{"x": 334, "y": 643}, {"x": 346, "y": 643}, {"x": 346, "y": 633}, {"x": 336, "y": 633}], [{"x": 336, "y": 665}, {"x": 346, "y": 665}, {"x": 349, "y": 655}, {"x": 334, "y": 655}], [{"x": 336, "y": 687}, {"x": 346, "y": 687}, {"x": 346, "y": 677}, {"x": 336, "y": 677}], [{"x": 336, "y": 709}, {"x": 346, "y": 709}, {"x": 346, "y": 699}, {"x": 334, "y": 699}], [{"x": 336, "y": 731}, {"x": 346, "y": 731}, {"x": 346, "y": 721}, {"x": 336, "y": 721}], [{"x": 336, "y": 753}, {"x": 346, "y": 753}, {"x": 346, "y": 743}, {"x": 336, "y": 743}], [{"x": 336, "y": 775}, {"x": 346, "y": 775}, {"x": 346, "y": 765}, {"x": 336, "y": 765}], [{"x": 336, "y": 797}, {"x": 346, "y": 797}, {"x": 346, "y": 787}, {"x": 333, "y": 787}], [{"x": 336, "y": 819}, {"x": 346, "y": 819}, {"x": 346, "y": 809}, {"x": 333, "y": 809}], [{"x": 336, "y": 845}, {"x": 346, "y": 841}, {"x": 346, "y": 831}, {"x": 336, "y": 830}], [{"x": 358, "y": 160}, {"x": 372, "y": 159}, {"x": 368, "y": 149}, {"x": 358, "y": 149}], [{"x": 358, "y": 181}, {"x": 370, "y": 181}, {"x": 368, "y": 171}, {"x": 358, "y": 171}], [{"x": 358, "y": 203}, {"x": 368, "y": 207}, {"x": 368, "y": 193}, {"x": 358, "y": 193}], [{"x": 358, "y": 225}, {"x": 368, "y": 227}, {"x": 368, "y": 211}, {"x": 358, "y": 215}], [{"x": 358, "y": 247}, {"x": 368, "y": 251}, {"x": 369, "y": 237}, {"x": 358, "y": 236}], [{"x": 356, "y": 269}, {"x": 368, "y": 271}, {"x": 368, "y": 259}, {"x": 358, "y": 259}], [{"x": 358, "y": 291}, {"x": 368, "y": 291}, {"x": 368, "y": 281}, {"x": 358, "y": 281}], [{"x": 358, "y": 313}, {"x": 368, "y": 314}, {"x": 369, "y": 303}, {"x": 358, "y": 300}], [{"x": 358, "y": 335}, {"x": 368, "y": 335}, {"x": 368, "y": 325}, {"x": 358, "y": 325}], [{"x": 358, "y": 357}, {"x": 368, "y": 357}, {"x": 368, "y": 347}, {"x": 358, "y": 347}], [{"x": 358, "y": 379}, {"x": 368, "y": 379}, {"x": 368, "y": 369}, {"x": 358, "y": 369}], [{"x": 358, "y": 401}, {"x": 368, "y": 401}, {"x": 368, "y": 391}, {"x": 358, "y": 391}], [{"x": 357, "y": 423}, {"x": 368, "y": 423}, {"x": 368, "y": 413}, {"x": 358, "y": 413}], [{"x": 358, "y": 445}, {"x": 368, "y": 448}, {"x": 368, "y": 435}, {"x": 358, "y": 435}], [{"x": 358, "y": 467}, {"x": 368, "y": 467}, {"x": 368, "y": 457}, {"x": 358, "y": 457}], [{"x": 358, "y": 489}, {"x": 368, "y": 489}, {"x": 368, "y": 479}, {"x": 355, "y": 479}], [{"x": 358, "y": 513}, {"x": 368, "y": 512}, {"x": 368, "y": 501}, {"x": 356, "y": 501}], [{"x": 358, "y": 533}, {"x": 368, "y": 533}, {"x": 368, "y": 523}, {"x": 358, "y": 523}], [{"x": 358, "y": 577}, {"x": 371, "y": 577}, {"x": 368, "y": 567}, {"x": 358, "y": 564}], [{"x": 358, "y": 599}, {"x": 372, "y": 599}, {"x": 368, "y": 589}, {"x": 358, "y": 589}], [{"x": 358, "y": 621}, {"x": 368, "y": 621}, {"x": 371, "y": 611}, {"x": 358, "y": 611}], [{"x": 358, "y": 643}, {"x": 368, "y": 643}, {"x": 368, "y": 631}, {"x": 356, "y": 633}], [{"x": 358, "y": 665}, {"x": 368, "y": 665}, {"x": 370, "y": 655}, {"x": 358, "y": 655}], [{"x": 358, "y": 687}, {"x": 368, "y": 687}, {"x": 372, "y": 677}, {"x": 358, "y": 677}], [{"x": 355, "y": 709}, {"x": 368, "y": 709}, {"x": 368, "y": 699}, {"x": 358, "y": 699}], [{"x": 358, "y": 731}, {"x": 368, "y": 731}, {"x": 368, "y": 721}, {"x": 358, "y": 721}], [{"x": 358, "y": 755}, {"x": 368, "y": 753}, {"x": 368, "y": 743}, {"x": 358, "y": 743}], [{"x": 358, "y": 775}, {"x": 372, "y": 775}, {"x": 368, "y": 765}, {"x": 358, "y": 765}], [{"x": 355, "y": 797}, {"x": 371, "y": 797}, {"x": 368, "y": 787}, {"x": 358, "y": 787}], [{"x": 358, "y": 823}, {"x": 368, "y": 819}, {"x": 368, "y": 809}, {"x": 358, "y": 809}], [{"x": 380, "y": 159}, {"x": 390, "y": 159}, {"x": 390, "y": 149}, {"x": 380, "y": 149}], [{"x": 380, "y": 181}, {"x": 390, "y": 181}, {"x": 390, "y": 171}, {"x": 380, "y": 171}], [{"x": 380, "y": 203}, {"x": 390, "y": 203}, {"x": 390, "y": 193}, {"x": 380, "y": 193}], [{"x": 380, "y": 225}, {"x": 390, "y": 225}, {"x": 390, "y": 211}, {"x": 380, "y": 215}], [{"x": 380, "y": 250}, {"x": 390, "y": 250}, {"x": 390, "y": 237}, {"x": 380, "y": 237}], [{"x": 380, "y": 269}, {"x": 390, "y": 269}, {"x": 390, "y": 259}, {"x": 380, "y": 259}], [{"x": 380, "y": 313}, {"x": 390, "y": 313}, {"x": 390, "y": 303}, {"x": 380, "y": 303}], [{"x": 380, "y": 335}, {"x": 390, "y": 335}, {"x": 390, "y": 325}, {"x": 380, "y": 325}], [{"x": 380, "y": 357}, {"x": 390, "y": 357}, {"x": 390, "y": 347}, {"x": 380, "y": 347}], [{"x": 380, "y": 381}, {"x": 394, "y": 379}, {"x": 390, "y": 369}, {"x": 380, "y": 369}], [{"x": 376, "y": 401}, {"x": 390, "y": 401}, {"x": 390, "y": 391}, {"x": 379, "y": 389}], [{"x": 380, "y": 423}, {"x": 390, "y": 423}, {"x": 390, "y": 413}, {"x": 380, "y": 413}], [{"x": 380, "y": 445}, {"x": 390, "y": 445}, {"x": 390, "y": 435}, {"x": 380, "y": 435}], [{"x": 380, "y": 467}, {"x": 390, "y": 467}, {"x": 390, "y": 457}, {"x": 380, "y": 457}], [{"x": 380, "y": 489}, {"x": 390, "y": 489}, {"x": 390, "y": 479}, {"x": 380, "y": 475}], [{"x": 380, "y": 511}, {"x": 390, "y": 511}, {"x": 390, "y": 499}, {"x": 379, "y": 501}], [{"x": 380, "y": 555}, {"x": 390, "y": 555}, {"x": 390, "y": 545}, {"x": 380, "y": 545}], [{"x": 380, "y": 599}, {"x": 390, "y": 599}, {"x": 390, "y": 589}, {"x": 380, "y": 589}], [{"x": 380, "y": 621}, {"x": 390, "y": 621}, {"x": 390, "y": 610}, {"x": 380, "y": 611}], [{"x": 380, "y": 643}, {"x": 390, "y": 643}, {"x": 390, "y": 633}, {"x": 380, "y": 633}], [{"x": 380, "y": 665}, {"x": 392, "y": 669}, {"x": 390, "y": 655}, {"x": 380, "y": 655}], [{"x": 380, "y": 687}, {"x": 390, "y": 687}, {"x": 390, "y": 677}, {"x": 380, "y": 677}], [{"x": 380, "y": 709}, {"x": 390, "y": 709}, {"x": 390, "y": 699}, {"x": 380, "y": 699}], [{"x": 380, "y": 735}, {"x": 390, "y": 731}, {"x": 390, "y": 721}, {"x": 380, "y": 721}], [{"x": 380, "y": 756}, {"x": 390, "y": 753}, {"x": 390, "y": 740}, {"x": 380, "y": 741}], [{"x": 380, "y": 775}, {"x": 390, "y": 775}, {"x": 390, "y": 765}, {"x": 380, "y": 765}], [{"x": 380, "y": 797}, {"x": 390, "y": 797}, {"x": 390, "y": 787}, {"x": 380, "y": 787}], [{"x": 380, "y": 819}, {"x": 390, "y": 819}, {"x": 390, "y": 809}, {"x": 380, "y": 809}], [{"x": 402, "y": 159}, {"x": 412, "y": 159}, {"x": 412, "y": 149}, {"x": 402, "y": 149}], [{"x": 402, "y": 181}, {"x": 412, "y": 181}, {"x": 412, "y": 171}, {"x": 402, "y": 171}], [{"x": 402, "y": 206}, {"x": 412, "y": 203}, {"x": 412, "y": 193}, {"x": 402, "y": 193}], [{"x": 402, "y": 247}, {"x": 412, "y": 247}, {"x": 413, "y": 237}, {"x": 402, "y": 237}], [{"x": 402, "y": 269}, {"x": 412, "y": 269}, {"x": 412, "y": 259}, {"x": 402, "y": 259}], [{"x": 402, "y": 291}, {"x": 412, "y": 293}, {"x": 412, "y": 281}, {"x": 402, "y": 277}], [{"x": 402, "y": 313}, {"x": 412, "y": 313}, {"x": 412, "y": 303}, {"x": 402, "y": 303}], [{"x": 402, "y": 335}, {"x": 412, "y": 335}, {"x": 413, "y": 325}, {"x": 402, "y": 323}], [{"x": 402, "y": 357}, {"x": 412, "y": 357}, {"x": 412, "y": 347}, {"x": 402, "y": 347}], [{"x": 402, "y": 379}, {"x": 412, "y": 379}, {"x": 412, "y": 369}, {"x": 402, "y": 369}], [{"x": 402, "y": 401}, {"x": 412, "y": 401}, {"x": 412, "y": 391}, {"x": 398, "y": 391}], [{"x": 402, "y": 423}, {"x": 414, "y": 423}, {"x": 412, "y": 413}, {"x": 402, "y": 413}], [{"x": 402, "y": 445}, {"x": 412, "y": 445}, {"x": 412, "y": 433}, {"x": 402, "y": 435}], [{"x": 402, "y": 489}, {"x": 412, "y": 492}, {"x": 412, "y": 478}, {"x": 400, "y": 479}], [{"x": 402, "y": 511}, {"x": 412, "y": 511}, {"x": 412, "y": 501}, {"x": 402, "y": 501}], [{"x": 402, "y": 534}, {"x": 412, "y": 537}, {"x": 412, "y": 523}, {"x": 400, "y": 523}], [{"x": 402, "y": 555}, {"x": 412, "y": 555}, {"x": 412, "y": 545}, {"x": 402, "y": 545}], [{"x": 402, "y": 599}, {"x": 412, "y": 599}, {"x": 412, "y": 589}, {"x": 402, "y": 589}], [{"x": 402, "y": 621}, {"x": 412, "y": 622}, {"x": 412, "y": 611}, {"x": 402, "y": 611}], [{"x": 400, "y": 644}, {"x": 412, "y": 643}, {"x": 412, "y": 633}, {"x": 402, "y": 632}], [{"x": 402, "y": 665}, {"x": 412, "y": 665}, {"x": 412, "y": 655}, {"x": 402, "y": 655}], [{"x": 402, "y": 687}, {"x": 412, "y": 687}, {"x": 412, "y": 677}, {"x": 402, "y": 677}], [{"x": 402, "y": 709}, {"x": 412, "y": 709}, {"x": 412, "y": 699}, {"x": 402, "y": 699}], [{"x": 402, "y": 731}, {"x": 412, "y": 731}, {"x": 412, "y": 721}, {"x": 402, "y": 721}], [{"x": 402, "y": 756}, {"x": 416, "y": 753}, {"x": 412, "y": 743}, {"x": 402, "y": 743}], [{"x": 402, "y": 775}, {"x": 412, "y": 777}, {"x": 412, "y": 765}, {"x": 402, "y": 765}], [{"x": 398, "y": 797}, {"x": 412, "y": 797}, {"x": 412, "y": 787}, {"x": 402, "y": 787}], [{"x": 424, "y": 137}, {"x": 434, "y": 141}, {"x": 434, "y": 127}, {"x": 424, "y": 127}], [{"x": 423, "y": 159}, {"x": 434, "y": 159}, {"x": 434, "y": 149}, {"x": 424, "y": 149}], [{"x": 424, "y": 181}, {"x": 434, "y": 181}, {"x": 434, "y": 171}, {"x": 424, "y": 171}], [{"x": 424, "y": 203}, {"x": 434, "y": 203}, {"x": 434, "y": 190}, {"x": 424, "y": 193}], [{"x": 424, "y": 225}, {"x": 434, "y": 225}, {"x": 434, "y": 215}, {"x": 424, "y": 215}], [{"x": 424, "y": 247}, {"x": 434, "y": 247}, {"x": 434, "y": 237}, {"x": 424, "y": 237}], [{"x": 424, "y": 270}, {"x": 434, "y": 269}, {"x": 434, "y": 259}, {"x": 424, "y": 259}], [{"x": 424, "y": 291}, {"x": 434, "y": 291}, {"x": 434, "y": 280}, {"x": 424, "y": 281}], [{"x": 424, "y": 335}, {"x": 434, "y": 335}, {"x": 434, "y": 325}, {"x": 424, "y": 325}], [{"x": 424, "y": 357}, {"x": 434, "y": 361}, {"x": 434, "y": 347}, {"x": 424, "y": 347}], [{"x": 424, "y": 379}, {"x": 434, "y": 379}, {"x": 434, "y": 369}, {"x": 424, "y": 369}], [{"x": 424, "y": 401}, {"x": 434, "y": 401}, {"x": 434, "y": 391}, {"x": 424, "y": 391}], [{"x": 424, "y": 423}, {"x": 434, "y": 423}, {"x": 434, "y": 413}, {"x": 424, "y": 413}], [{"x": 424, "y": 445}, {"x": 434, "y": 445}, {"x": 434, "y": 435}, {"x": 424, "y": 434}], [{"x": 424, "y": 489}, {"x": 434, "y": 489}, {"x": 434, "y": 479}, {"x": 424, "y": 479}], [{"x": 424, "y": 511}, {"x": 435, "y": 511}, {"x": 434, "y": 501}, {"x": 424, "y": 501}], [{"x": 424, "y": 533}, {"x": 434, "y": 533}, {"x": 434, "y": 521}, {"x": 424, "y": 523}], [{"x": 424, "y": 555}, {"x": 434, "y": 555}, {"x": 434, "y": 545}, {"x": 424, "y": 545}], [{"x": 424, "y": 577}, {"x": 434, "y": 577}, {"x": 436, "y": 567}, {"x": 424, "y": 567}], [{"x": 424, "y": 599}, {"x": 434, "y": 599}, {"x": 434, "y": 589}, {"x": 424, "y": 588}], [{"x": 424, "y": 621}, {"x": 434, "y": 621}, {"x": 434, "y": 611}, {"x": 424, "y": 611}], [{"x": 424, "y": 643}, {"x": 434, "y": 643}, {"x": 434, "y": 633}, {"x": 424, "y": 633}], [{"x": 424, "y": 665}, {"x": 434, "y": 665}, {"x": 434, "y": 655}, {"x": 424, "y": 655}], [{"x": 424, "y": 687}, {"x": 434, "y": 687}, {"x": 434, "y": 677}, {"x": 424, "y": 677}], [{"x": 424, "y": 709}, {"x": 438, "y": 709}, {"x": 434, "y": 699}, {"x": 424, "y": 699}], [{"x": 424, "y": 731}, {"x": 434, "y": 731}, {"x": 434, "y": 721}, {"x": 424, "y": 721}], [{"x": 424, "y": 753}, {"x": 434, "y": 753}, {"x": 434, "y": 743}, {"x": 424, "y": 743}], [{"x": 423, "y": 797}, {"x": 434, "y": 797}, {"x": 434, "y": 787}, {"x": 424, "y": 783}], [{"x": 446, "y": 137}, {"x": 456, "y": 137}, {"x": 456, "y": 127}, {"x": 446, "y": 127}], [{"x": 446, "y": 159}, {"x": 456, "y": 159}, {"x": 456, "y": 149}, {"x": 446, "y": 149}], [{"x": 446, "y": 181}, {"x": 456, "y": 181}, {"x": 459, "y": 171}, {"x": 446, "y": 171}], [{"x": 446, "y": 206}, {"x": 456, "y": 203}, {"x": 456, "y": 193}, {"x": 446, "y": 193}], [{"x": 446, "y": 225}, {"x": 456, "y": 225}, {"x": 456, "y": 215}, {"x": 442, "y": 215}], [{"x": 446, "y": 247}, {"x": 456, "y": 247}, {"x": 456, "y": 237}, {"x": 446, "y": 237}], [{"x": 446, "y": 269}, {"x": 456, "y": 269}, {"x": 458, "y": 259}, {"x": 446, "y": 259}], [{"x": 444, "y": 291}, {"x": 456, "y": 291}, {"x": 456, "y": 281}, {"x": 446, "y": 277}], [{"x": 446, "y": 313}, {"x": 456, "y": 313}, {"x": 456, "y": 303}, {"x": 444, "y": 303}], [{"x": 446, "y": 335}, {"x": 456, "y": 335}, {"x": 456, "y": 325}, {"x": 446, "y": 325}], [{"x": 446, "y": 360}, {"x": 456, "y": 357}, {"x": 456, "y": 347}, {"x": 446, "y": 347}], [{"x": 446, "y": 379}, {"x": 456, "y": 379}, {"x": 456, "y": 367}, {"x": 442, "y": 369}], [{"x": 446, "y": 404}, {"x": 456, "y": 402}, {"x": 456, "y": 391}, {"x": 446, "y": 388}], [{"x": 446, "y": 445}, {"x": 456, "y": 445}, {"x": 456, "y": 435}, {"x": 446, "y": 435}], [{"x": 446, "y": 467}, {"x": 456, "y": 467}, {"x": 458, "y": 457}, {"x": 446, "y": 457}], [{"x": 446, "y": 489}, {"x": 456, "y": 489}, {"x": 460, "y": 479}, {"x": 446, "y": 479}], [{"x": 446, "y": 511}, {"x": 456, "y": 511}, {"x": 456, "y": 501}, {"x": 446, "y": 501}], [{"x": 446, "y": 533}, {"x": 459, "y": 533}, {"x": 456, "y": 522}, {"x": 443, "y": 523}], [{"x": 446, "y": 557}, {"x": 456, "y": 555}, {"x": 456, "y": 545}, {"x": 446, "y": 541}], [{"x": 446, "y": 577}, {"x": 456, "y": 577}, {"x": 456, "y": 567}, {"x": 446, "y": 567}], [{"x": 446, "y": 599}, {"x": 458, "y": 599}, {"x": 456, "y": 589}, {"x": 446, "y": 589}], [{"x": 446, "y": 621}, {"x": 456, "y": 621}, {"x": 456, "y": 611}, {"x": 446, "y": 611}], [{"x": 446, "y": 643}, {"x": 456, "y": 647}, {"x": 456, "y": 633}, {"x": 446, "y": 633}], [{"x": 446, "y": 665}, {"x": 456, "y": 665}, {"x": 456, "y": 655}, {"x": 446, "y": 651}], [{"x": 443, "y": 709}, {"x": 456, "y": 709}, {"x": 456, "y": 699}, {"x": 446, "y": 699}], [{"x": 446, "y": 731}, {"x": 456, "y": 731}, {"x": 456, "y": 721}, {"x": 446, "y": 721}], [{"x": 446, "y": 753}, {"x": 456, "y": 755}, {"x": 460, "y": 743}, {"x": 446, "y": 743}], [{"x": 446, "y": 779}, {"x": 458, "y": 775}, {"x": 456, "y": 765}, {"x": 446, "y": 765}], [{"x": 468, "y": 137}, {"x": 478, "y": 140}, {"x": 478, "y": 127}, {"x": 468, "y": 126}], [{"x": 468, "y": 159}, {"x": 478, "y": 159}, {"x": 478, "y": 149}, {"x": 465, "y": 149}], [{"x": 468, "y": 181}, {"x": 478, "y": 181}, {"x": 478, "y": 171}, {"x": 468, "y": 171}], [{"x": 468, "y": 203}, {"x": 478, "y": 203}, {"x": 478, "y": 193}, {"x": 468, "y": 193}], [{"x": 468, "y": 247}, {"x": 478, "y": 247}, {"x": 478, "y": 237}, {"x": 468, "y": 237}], [{"x": 468, "y": 269}, {"x": 478, "y": 269}, {"x": 478, "y": 259}, {"x": 466, "y": 259}], [{"x": 468, "y": 291}, {"x": 478, "y": 291}, {"x": 478, "y": 280}, {"x": 468, "y": 281}], [{"x": 468, "y": 313}, {"x": 482, "y": 313}, {"x": 478, "y": 303}, {"x": 466, "y": 303}], [{"x": 468, "y": 335}, {"x": 478, "y": 335}, {"x": 478, "y": 325}, {"x": 468, "y": 325}], [{"x": 468, "y": 383}, {"x": 478, "y": 379}, {"x": 478, "y": 369}, {"x": 468, "y": 365}], [{"x": 468, "y": 401}, {"x": 478, "y": 405}, {"x": 478, "y": 391}, {"x": 468, "y": 391}], [{"x": 468, "y": 423}, {"x": 478, "y": 426}, {"x": 482, "y": 413}, {"x": 468, "y": 413}], [{"x": 468, "y": 445}, {"x": 478, "y": 445}, {"x": 478, "y": 435}, {"x": 468, "y": 435}], [{"x": 468, "y": 467}, {"x": 478, "y": 467}, {"x": 478, "y": 457}, {"x": 468, "y": 457}], [{"x": 467, "y": 489}, {"x": 478, "y": 489}, {"x": 478, "y": 479}, {"x": 468, "y": 479}], [{"x": 465, "y": 511}, {"x": 478, "y": 511}, {"x": 478, "y": 501}, {"x": 468, "y": 501}], [{"x": 468, "y": 533}, {"x": 478, "y": 533}, {"x": 478, "y": 521}, {"x": 468, "y": 523}], [{"x": 468, "y": 555}, {"x": 478, "y": 557}, {"x": 479, "y": 545}, {"x": 468, "y": 545}], [{"x": 464, "y": 577}, {"x": 478, "y": 577}, {"x": 478, "y": 567}, {"x": 468, "y": 567}], [{"x": 468, "y": 599}, {"x": 478, "y": 599}, {"x": 478, "y": 589}, {"x": 468, "y": 589}], [{"x": 468, "y": 621}, {"x": 478, "y": 621}, {"x": 478, "y": 611}, {"x": 468, "y": 611}], [{"x": 468, "y": 643}, {"x": 478, "y": 643}, {"x": 478, "y": 633}, {"x": 468, "y": 633}], [{"x": 468, "y": 665}, {"x": 478, "y": 667}, {"x": 478, "y": 655}, {"x": 467, "y": 655}], [{"x": 468, "y": 687}, {"x": 480, "y": 687}, {"x": 478, "y": 677}, {"x": 468, "y": 677}], [{"x": 468, "y": 709}, {"x": 478, "y": 711}, {"x": 478, "y": 699}, {"x": 468, "y": 699}], [{"x": 468, "y": 731}, {"x": 478, "y": 731}, {"x": 478, "y": 721}, {"x": 468, "y": 721}], [{"x": 468, "y": 753}, {"x": 478, "y": 753}, {"x": 478, "y": 743}, {"x": 468, "y": 743}], [{"x": 468, "y": 775}, {"x": 478, "y": 775}, {"x": 478, "y": 765}, {"x": 468, "y": 765}], [{"x": 490, "y": 137}, {"x": 500, "y": 137}, {"x": 503, "y": 123}, {"x": 490, "y": 127}], [{"x": 490, "y": 159}, {"x": 500, "y": 159}, {"x": 500, "y": 149}, {"x": 490, "y": 149}], [{"x": 490, "y": 181}, {"x": 500, "y": 181}, {"x": 500, "y": 171}, {"x": 490, "y": 171}], [{"x": 490, "y": 203}, {"x": 500, "y": 203}, {"x": 500, "y": 193}, {"x": 490, "y": 193}], [{"x": 490, "y": 247}, {"x": 500, "y": 247}, {"x": 500, "y": 237}, {"x": 490, "y": 237}], [{"x": 490, "y": 269}, {"x": 500, "y": 269}, {"x": 500, "y": 259}, {"x": 490, "y": 259}], [{"x": 490, "y": 313}, {"x": 500, "y": 313}, {"x": 500, "y": 303}, {"x": 490, "y": 303}], [{"x": 490, "y": 379}, {"x": 500, "y": 379}, {"x": 500, "y": 369}, {"x": 490, "y": 369}], [{"x": 490, "y": 401}, {"x": 500, "y": 401}, {"x": 500, "y": 387}, {"x": 486, "y": 391}], [{"x": 490, "y": 423}, {"x": 502, "y": 423}, {"x": 500, "y": 413}, {"x": 490, "y": 413}], [{"x": 490, "y": 445}, {"x": 500, "y": 445}, {"x": 500, "y": 435}, {"x": 490, "y": 435}], [{"x": 488, "y": 470}, {"x": 500, "y": 467}, {"x": 500, "y": 455}, {"x": 487, "y": 457}], [{"x": 490, "y": 489}, {"x": 500, "y": 489}, {"x": 500, "y": 479}, {"x": 490, "y": 479}], [{"x": 490, "y": 511}, {"x": 500, "y": 511}, {"x": 500, "y": 501}, {"x": 490, "y": 501}], [{"x": 488, "y": 536}, {"x": 500, "y": 533}, {"x": 500, "y": 523}, {"x": 490, "y": 523}], [{"x": 490, "y": 558}, {"x": 500, "y": 555}, {"x": 500, "y": 545}, {"x": 490, "y": 545}], [{"x": 490, "y": 577}, {"x": 500, "y": 577}, {"x": 500, "y": 567}, {"x": 490, "y": 567}], [{"x": 490, "y": 599}, {"x": 500, "y": 599}, {"x": 501, "y": 589}, {"x": 490, "y": 589}], [{"x": 490, "y": 622}, {"x": 500, "y": 625}, {"x": 500, "y": 611}, {"x": 490, "y": 611}], [{"x": 490, "y": 643}, {"x": 500, "y": 643}, {"x": 500, "y": 633}, {"x": 490, "y": 633}], [{"x": 490, "y": 665}, {"x": 500, "y": 665}, {"x": 500, "y": 655}, {"x": 490, "y": 655}], [{"x": 490, "y": 687}, {"x": 500, "y": 687}, {"x": 500, "y": 677}, {"x": 488, "y": 677}], [{"x": 490, "y": 712}, {"x": 500, "y": 709}, {"x": 500, "y": 699}, {"x": 490, "y": 699}], [{"x": 490, "y": 731}, {"x": 500, "y": 731}, {"x": 500, "y": 721}, {"x": 490, "y": 721}], [{"x": 490, "y": 753}, {"x": 500, "y": 753}, {"x": 500, "y": 743}, {"x": 490, "y": 743}], [{"x": 512, "y": 137}, {"x": 522, "y": 139}, {"x": 522, "y": 127}, {"x": 512, "y": 127}], [{"x": 509, "y": 161}, {"x": 522, "y": 159}, {"x": 522, "y": 146}, {"x": 512, "y": 149}], [{"x": 512, "y": 181}, {"x": 522, "y": 181}, {"x": 522, "y": 171}, {"x": 512, "y": 171}], [{"x": 512, "y": 203}, {"x": 522, "y": 203}, {"x": 522, "y": 193}, {"x": 511, "y": 193}], [{"x": 512, "y": 225}, {"x": 522, "y": 225}, {"x": 526, "y": 215}, {"x": 512, "y": 214}], [{"x": 512, "y": 247}, {"x": 526, "y": 247}, {"x": 522, "y": 237}, {"x": 512, "y": 234}], [{"x": 512, "y": 269}, {"x": 522, "y": 269}, {"x": 522, "y": 259}, {"x": 512, "y": 259}], [{"x": 512, "y": 291}, {"x": 522, "y": 291}, {"x": 522, "y": 281}, {"x": 512, "y": 281}], [{"x": 512, "y": 313}, {"x": 522, "y": 313}, {"x": 522, "y": 303}, {"x": 512, "y": 300}], [{"x": 511, "y": 335}, {"x": 522, "y": 335}, {"x": 522, "y": 325}, {"x": 512, "y": 325}], [{"x": 512, "y": 357}, {"x": 522, "y": 357}, {"x": 522, "y": 347}, {"x": 512, "y": 347}], [{"x": 512, "y": 379}, {"x": 522, "y": 379}, {"x": 525, "y": 369}, {"x": 512, "y": 369}], [{"x": 512, "y": 401}, {"x": 522, "y": 401}, {"x": 522, "y": 391}, {"x": 512, "y": 391}], [{"x": 512, "y": 423}, {"x": 522, "y": 423}, {"x": 522, "y": 413}, {"x": 512, "y": 413}], [{"x": 512, "y": 445}, {"x": 525, "y": 447}, {"x": 522, "y": 435}, {"x": 512, "y": 435}], [{"x": 512, "y": 467}, {"x": 522, "y": 471}, {"x": 522, "y": 457}, {"x": 512, "y": 457}], [{"x": 512, "y": 489}, {"x": 522, "y": 489}, {"x": 522, "y": 479}, {"x": 512, "y": 479}], [{"x": 512, "y": 511}, {"x": 524, "y": 511}, {"x": 522, "y": 501}, {"x": 512, "y": 501}], [{"x": 512, "y": 533}, {"x": 522, "y": 533}, {"x": 522, "y": 523}, {"x": 512, "y": 520}], [{"x": 512, "y": 555}, {"x": 522, "y": 555}, {"x": 522, "y": 545}, {"x": 512, "y": 545}], [{"x": 512, "y": 581}, {"x": 522, "y": 577}, {"x": 522, "y": 567}, {"x": 512, "y": 567}], [{"x": 512, "y": 599}, {"x": 522, "y": 599}, {"x": 522, "y": 589}, {"x": 512, "y": 589}], [{"x": 512, "y": 624}, {"x": 522, "y": 621}, {"x": 522, "y": 611}, {"x": 512, "y": 611}], [{"x": 512, "y": 644}, {"x": 522, "y": 643}, {"x": 523, "y": 633}, {"x": 512, "y": 633}], [{"x": 512, "y": 669}, {"x": 524, "y": 665}, {"x": 523, "y": 655}, {"x": 512, "y": 655}], [{"x": 512, "y": 687}, {"x": 522, "y": 687}, {"x": 522, "y": 675}, {"x": 509, "y": 677}], [{"x": 512, "y": 709}, {"x": 522, "y": 709}, {"x": 522, "y": 699}, {"x": 512, "y": 699}], [{"x": 512, "y": 735}, {"x": 522, "y": 731}, {"x": 522, "y": 721}, {"x": 512, "y": 721}], [{"x": 512, "y": 753}, {"x": 522, "y": 753}, {"x": 522, "y": 741}, {"x": 512, "y": 743}], [{"x": 534, "y": 137}, {"x": 544, "y": 137}, {"x": 544, "y": 127}, {"x": 534, "y": 127}], [{"x": 534, "y": 159}, {"x": 545, "y": 159}, {"x": 545, "y": 149}, {"x": 534, "y": 149}], [{"x": 534, "y": 181}, {"x": 544, "y": 183}, {"x": 544, "y": 171}, {"x": 534, "y": 171}], [{"x": 534, "y": 203}, {"x": 544, "y": 203}, {"x": 544, "y": 193}, {"x": 534, "y": 193}], [{"x": 534, "y": 225}, {"x": 544, "y": 225}, {"x": 544, "y": 215}, {"x": 534, "y": 212}], [{"x": 534, "y": 247}, {"x": 544, "y": 247}, {"x": 544, "y": 237}, {"x": 534, "y": 237}], [{"x": 534, "y": 272}, {"x": 544, "y": 269}, {"x": 544, "y": 259}, {"x": 534, "y": 259}], [{"x": 534, "y": 291}, {"x": 544, "y": 291}, {"x": 544, "y": 281}, {"x": 530, "y": 281}], [{"x": 534, "y": 313}, {"x": 544, "y": 313}, {"x": 544, "y": 303}, {"x": 534, "y": 303}], [{"x": 534, "y": 335}, {"x": 544, "y": 335}, {"x": 544, "y": 325}, {"x": 534, "y": 325}], [{"x": 534, "y": 357}, {"x": 544, "y": 357}, {"x": 544, "y": 346}, {"x": 534, "y": 347}], [{"x": 534, "y": 379}, {"x": 544, "y": 379}, {"x": 544, "y": 369}, {"x": 534, "y": 369}], [{"x": 530, "y": 401}, {"x": 544, "y": 401}, {"x": 544, "y": 391}, {"x": 531, "y": 388}], [{"x": 534, "y": 423}, {"x": 544, "y": 423}, {"x": 544, "y": 413}, {"x": 534, "y": 413}], [{"x": 534, "y": 445}, {"x": 544, "y": 445}, {"x": 544, "y": 435}, {"x": 534, "y": 435}], [{"x": 534, "y": 467}, {"x": 544, "y": 467}, {"x": 544, "y": 457}, {"x": 534, "y": 457}], [{"x": 534, "y": 489}, {"x": 544, "y": 489}, {"x": 544, "y": 478}, {"x": 534, "y": 479}], [{"x": 534, "y": 511}, {"x": 544, "y": 513}, {"x": 544, "y": 501}, {"x": 533, "y": 501}], [{"x": 534, "y": 533}, {"x": 544, "y": 533}, {"x": 544, "y": 523}, {"x": 534, "y": 523}], [{"x": 534, "y": 556}, {"x": 544, "y": 555}, {"x": 544, "y": 545}, {"x": 534, "y": 545}], [{"x": 534, "y": 577}, {"x": 544, "y": 577}, {"x": 544, "y": 567}, {"x": 531, "y": 567}], [{"x": 531, "y": 621}, {"x": 544, "y": 621}, {"x": 544, "y": 611}, {"x": 534, "y": 611}], [{"x": 534, "y": 643}, {"x": 544, "y": 643}, {"x": 544, "y": 633}, {"x": 534, "y": 633}], [{"x": 534, "y": 665}, {"x": 544, "y": 665}, {"x": 544, "y": 655}, {"x": 534, "y": 655}], [{"x": 534, "y": 687}, {"x": 544, "y": 687}, {"x": 544, "y": 677}, {"x": 534, "y": 677}], [{"x": 534, "y": 709}, {"x": 544, "y": 709}, {"x": 544, "y": 699}, {"x": 534, "y": 699}], [{"x": 534, "y": 753}, {"x": 544, "y": 753}, {"x": 546, "y": 743}, {"x": 532, "y": 743}], [{"x": 556, "y": 137}, {"x": 566, "y": 137}, {"x": 568, "y": 127}, {"x": 556, "y": 127}], [{"x": 556, "y": 203}, {"x": 566, "y": 203}, {"x": 566, "y": 193}, {"x": 556, "y": 193}], [{"x": 556, "y": 225}, {"x": 566, "y": 225}, {"x": 566, "y": 215}, {"x": 556, "y": 215}], [{"x": 556, "y": 247}, {"x": 567, "y": 247}, {"x": 566, "y": 237}, {"x": 556, "y": 237}], [{"x": 556, "y": 269}, {"x": 566, "y": 269}, {"x": 566, "y": 259}, {"x": 552, "y": 259}], [{"x": 556, "y": 291}, {"x": 566, "y": 291}, {"x": 566, "y": 281}, {"x": 556, "y": 281}], [{"x": 556, "y": 313}, {"x": 566, "y": 313}, {"x": 568, "y": 303}, {"x": 556, "y": 303}], [{"x": 556, "y": 339}, {"x": 566, "y": 335}, {"x": 566, "y": 325}, {"x": 556, "y": 325}], [{"x": 556, "y": 357}, {"x": 566, "y": 357}, {"x": 566, "y": 347}, {"x": 556, "y": 347}], [{"x": 556, "y": 379}, {"x": 566, "y": 379}, {"x": 566, "y": 369}, {"x": 556, "y": 369}], [{"x": 556, "y": 401}, {"x": 566, "y": 401}, {"x": 566, "y": 391}, {"x": 556, "y": 391}], [{"x": 556, "y": 423}, {"x": 566, "y": 423}, {"x": 566, "y": 413}, {"x": 556, "y": 413}], [{"x": 556, "y": 447}, {"x": 566, "y": 445}, {"x": 566, "y": 432}, {"x": 556, "y": 433}], [{"x": 556, "y": 467}, {"x": 566, "y": 467}, {"x": 566, "y": 457}, {"x": 554, "y": 457}], [{"x": 556, "y": 489}, {"x": 566, "y": 489}, {"x": 566, "y": 479}, {"x": 556, "y": 479}], [{"x": 556, "y": 511}, {"x": 566, "y": 513}, {"x": 566, "y": 501}, {"x": 553, "y": 501}], [{"x": 556, "y": 533}, {"x": 566, "y": 533}, {"x": 566, "y": 523}, {"x": 556, "y": 523}], [{"x": 556, "y": 555}, {"x": 566, "y": 557}, {"x": 566, "y": 545}, {"x": 556, "y": 545}], [{"x": 556, "y": 577}, {"x": 566, "y": 581}, {"x": 566, "y": 567}, {"x": 556, "y": 567}], [{"x": 556, "y": 599}, {"x": 566, "y": 599}, {"x": 570, "y": 589}, {"x": 556, "y": 589}], [{"x": 554, "y": 621}, {"x": 566, "y": 621}, {"x": 566, "y": 608}, {"x": 556, "y": 611}], [{"x": 556, "y": 643}, {"x": 566, "y": 643}, {"x": 566, "y": 633}, {"x": 554, "y": 633}], [{"x": 556, "y": 665}, {"x": 566, "y": 665}, {"x": 566, "y": 655}, {"x": 556, "y": 655}], [{"x": 556, "y": 687}, {"x": 566, "y": 687}, {"x": 566, "y": 677}, {"x": 556, "y": 677}], [{"x": 556, "y": 709}, {"x": 566, "y": 712}, {"x": 568, "y": 696}, {"x": 556, "y": 699}], [{"x": 556, "y": 734}, {"x": 566, "y": 732}, {"x": 566, "y": 721}, {"x": 556, "y": 721}], [{"x": 556, "y": 775}, {"x": 566, "y": 775}, {"x": 566, "y": 765}, {"x": 556, "y": 765}], [{"x": 578, "y": 137}, {"x": 588, "y": 137}, {"x": 588, "y": 127}, {"x": 578, "y": 127}], [{"x": 578, "y": 159}, {"x": 588, "y": 159}, {"x": 588, "y": 148}, {"x": 578, "y": 149}], [{"x": 578, "y": 181}, {"x": 588, "y": 181}, {"x": 588, "y": 171}, {"x": 578, "y": 171}], [{"x": 578, "y": 203}, {"x": 588, "y": 203}, {"x": 588, "y": 193}, {"x": 578, "y": 193}], [{"x": 578, "y": 247}, {"x": 588, "y": 247}, {"x": 588, "y": 235}, {"x": 578, "y": 237}], [{"x": 578, "y": 269}, {"x": 588, "y": 269}, {"x": 588, "y": 258}, {"x": 578, "y": 259}], [{"x": 578, "y": 291}, {"x": 588, "y": 293}, {"x": 588, "y": 281}, {"x": 578, "y": 281}], [{"x": 578, "y": 313}, {"x": 588, "y": 313}, {"x": 590, "y": 303}, {"x": 578, "y": 303}], [{"x": 578, "y": 338}, {"x": 588, "y": 335}, {"x": 588, "y": 325}, {"x": 578, "y": 324}], [{"x": 578, "y": 357}, {"x": 588, "y": 357}, {"x": 588, "y": 347}, {"x": 578, "y": 347}], [{"x": 578, "y": 383}, {"x": 588, "y": 379}, {"x": 588, "y": 369}, {"x": 578, "y": 369}], [{"x": 578, "y": 401}, {"x": 588, "y": 401}, {"x": 588, "y": 391}, {"x": 578, "y": 387}], [{"x": 578, "y": 423}, {"x": 588, "y": 423}, {"x": 588, "y": 413}, {"x": 578, "y": 413}], [{"x": 578, "y": 445}, {"x": 588, "y": 445}, {"x": 588, "y": 435}, {"x": 578, "y": 435}], [{"x": 578, "y": 467}, {"x": 588, "y": 467}, {"x": 588, "y": 457}, {"x": 578, "y": 457}], [{"x": 578, "y": 489}, {"x": 588, "y": 489}, {"x": 588, "y": 478}, {"x": 578, "y": 479}], [{"x": 578, "y": 511}, {"x": 588, "y": 511}, {"x": 588, "y": 501}, {"x": 578, "y": 501}], [{"x": 578, "y": 533}, {"x": 589, "y": 533}, {"x": 588, "y": 523}, {"x": 578, "y": 523}], [{"x": 578, "y": 555}, {"x": 588, "y": 555}, {"x": 588, "y": 545}, {"x": 578, "y": 545}], [{"x": 578, "y": 577}, {"x": 588, "y": 577}, {"x": 589, "y": 567}, {"x": 578, "y": 567}], [{"x": 578, "y": 621}, {"x": 588, "y": 621}, {"x": 588, "y": 611}, {"x": 578, "y": 611}], [{"x": 578, "y": 645}, {"x": 588, "y": 643}, {"x": 588, "y": 633}, {"x": 577, "y": 633}], [{"x": 578, "y": 665}, {"x": 588, "y": 665}, {"x": 588, "y": 651}, {"x": 578, "y": 655}], [{"x": 574, "y": 709}, {"x": 588, "y": 709}, {"x": 588, "y": 699}, {"x": 578, "y": 699}], [{"x": 578, "y": 731}, {"x": 588, "y": 731}, {"x": 588, "y": 721}, {"x": 578, "y": 721}], [{"x": 578, "y": 753}, {"x": 588, "y": 753}, {"x": 588, "y": 743}, {"x": 578, "y": 743}], [{"x": 578, "y": 775}, {"x": 588, "y": 775}, {"x": 588, "y": 765}, {"x": 578, "y": 765}], [{"x": 600, "y": 137}, {"x": 610, "y": 137}, {"x": 610, "y": 127}, {"x": 600, "y": 124}], [{"x": 600, "y": 181}, {"x": 610, "y": 181}, {"x": 610, "y": 171}, {"x": 600, "y": 171}], [{"x": 600, "y": 203}, {"x": 610, "y": 206}, {"x": 610, "y": 193}, {"x": 600, "y": 193}], [{"x": 600, "y": 227}, {"x": 610, "y": 225}, {"x": 610, "y": 215}, {"x": 600, "y": 215}], [{"x": 597, "y": 247}, {"x": 610, "y": 247}, {"x": 614, "y": 237}, {"x": 600, "y": 237}], [{"x": 600, "y": 269}, {"x": 611, "y": 269}, {"x": 610, "y": 259}, {"x": 600, "y": 259}], [{"x": 600, "y": 291}, {"x": 610, "y": 291}, {"x": 610, "y": 281}, {"x": 600, "y": 281}], [{"x": 600, "y": 313}, {"x": 610, "y": 313}, {"x": 610, "y": 299}, {"x": 600, "y": 303}], [{"x": 600, "y": 335}, {"x": 610, "y": 335}, {"x": 610, "y": 324}, {"x": 600, "y": 322}], [{"x": 600, "y": 357}, {"x": 610, "y": 357}, {"x": 610, "y": 347}, {"x": 599, "y": 347}], [{"x": 600, "y": 379}, {"x": 610, "y": 379}, {"x": 610, "y": 369}, {"x": 600, "y": 369}], [{"x": 600, "y": 401}, {"x": 612, "y": 401}, {"x": 610, "y": 391}, {"x": 600, "y": 391}], [{"x": 600, "y": 423}, {"x": 610, "y": 423}, {"x": 612, "y": 413}, {"x": 600, "y": 413}], [{"x": 600, "y": 445}, {"x": 610, "y": 445}, {"x": 610, "y": 434}, {"x": 600, "y": 435}], [{"x": 600, "y": 467}, {"x": 610, "y": 467}, {"x": 610, "y": 457}, {"x": 600, "y": 457}], [{"x": 597, "y": 489}, {"x": 614, "y": 489}, {"x": 610, "y": 479}, {"x": 600, "y": 479}], [{"x": 600, "y": 511}, {"x": 610, "y": 511}, {"x": 610, "y": 501}, {"x": 600, "y": 501}], [{"x": 600, "y": 533}, {"x": 610, "y": 533}, {"x": 610, "y": 523}, {"x": 600, "y": 523}], [{"x": 600, "y": 558}, {"x": 610, "y": 557}, {"x": 610, "y": 545}, {"x": 599, "y": 545}], [{"x": 600, "y": 577}, {"x": 610, "y": 577}, {"x": 611, "y": 567}, {"x": 600, "y": 567}], [{"x": 600, "y": 599}, {"x": 610, "y": 599}, {"x": 610, "y": 586}, {"x": 600, "y": 589}], [{"x": 600, "y": 621}, {"x": 610, "y": 621}, {"x": 610, "y": 611}, {"x": 600, "y": 611}], [{"x": 600, "y": 665}, {"x": 610, "y": 665}, {"x": 610, "y": 655}, {"x": 600, "y": 651}], [{"x": 600, "y": 710}, {"x": 610, "y": 709}, {"x": 614, "y": 699}, {"x": 600, "y": 699}], [{"x": 600, "y": 775}, {"x": 610, "y": 776}, {"x": 610, "y": 765}, {"x": 600, "y": 765}], [{"x": 622, "y": 137}, {"x": 632, "y": 137}, {"x": 632, "y": 127}, {"x": 621, "y": 127}], [{"x": 622, "y": 159}, {"x": 632, "y": 159}, {"x": 632, "y": 149}, {"x": 621, "y": 146}], [{"x": 622, "y": 181}, {"x": 632, "y": 181}, {"x": 632, "y": 171}, {"x": 622, "y": 171}], [{"x": 622, "y": 203}, {"x": 634, "y": 203}, {"x": 632, "y": 193}, {"x": 622, "y": 193}], [{"x": 622, "y": 225}, {"x": 632, "y": 225}, {"x": 632, "y": 215}, {"x": 622, "y": 215}], [{"x": 622, "y": 247}, {"x": 632, "y": 247}, {"x": 632, "y": 237}, {"x": 622, "y": 237}], [{"x": 622, "y": 269}, {"x": 632, "y": 269}, {"x": 632, "y": 259}, {"x": 622, "y": 259}], [{"x": 622, "y": 291}, {"x": 632, "y": 291}, {"x": 632, "y": 281}, {"x": 622, "y": 281}], [{"x": 622, "y": 336}, {"x": 632, "y": 335}, {"x": 632, "y": 325}, {"x": 622, "y": 325}], [{"x": 622, "y": 357}, {"x": 632, "y": 357}, {"x": 632, "y": 347}, {"x": 622, "y": 347}], [{"x": 622, "y": 381}, {"x": 632, "y": 379}, {"x": 632, "y": 365}, {"x": 619, "y": 369}], [{"x": 622, "y": 401}, {"x": 632, "y": 401}, {"x": 632, "y": 391}, {"x": 622, "y": 391}], [{"x": 622, "y": 423}, {"x": 632, "y": 423}, {"x": 632, "y": 412}, {"x": 622, "y": 413}], [{"x": 622, "y": 445}, {"x": 632, "y": 445}, {"x": 632, "y": 435}, {"x": 622, "y": 435}], [{"x": 622, "y": 467}, {"x": 632, "y": 467}, {"x": 632, "y": 457}, {"x": 622, "y": 457}], [{"x": 622, "y": 489}, {"x": 632, "y": 489}, {"x": 634, "y": 479}, {"x": 620, "y": 479}], [{"x": 622, "y": 511}, {"x": 632, "y": 511}, {"x": 632, "y": 501}, {"x": 622, "y": 501}], [{"x": 622, "y": 533}, {"x": 632, "y": 533}, {"x": 632, "y": 523}, {"x": 622, "y": 523}], [{"x": 622, "y": 555}, {"x": 632, "y": 557}, {"x": 632, "y": 545}, {"x": 622, "y": 545}], [{"x": 622, "y": 577}, {"x": 632, "y": 577}, {"x": 632, "y": 567}, {"x": 621, "y": 567}], [{"x": 619, "y": 599}, {"x": 632, "y": 599}, {"x": 632, "y": 589}, {"x": 621, "y": 589}], [{"x": 622, "y": 621}, {"x": 632, "y": 621}, {"x": 632, "y": 611}, {"x": 622, "y": 611}], [{"x": 622, "y": 643}, {"x": 632, "y": 643}, {"x": 632, "y": 633}, {"x": 622, "y": 633}], [{"x": 618, "y": 665}, {"x": 632, "y": 665}, {"x": 632, "y": 655}, {"x": 622, "y": 655}], [{"x": 622, "y": 687}, {"x": 633, "y": 687}, {"x": 632, "y": 677}, {"x": 622, "y": 677}], [{"x": 618, "y": 709}, {"x": 632, "y": 709}, {"x": 635, "y": 699}, {"x": 622, "y": 699}], [{"x": 622, "y": 731}, {"x": 632, "y": 731}, {"x": 632, "y": 721}, {"x": 622, "y": 721}], [{"x": 622, "y": 753}, {"x": 632, "y": 755}, {"x": 632, "y": 743}, {"x": 622, "y": 743}], [{"x": 622, "y": 775}, {"x": 632, "y": 775}, {"x": 632, "y": 765}, {"x": 622, "y": 765}], [{"x": 643, "y": 137}, {"x": 654, "y": 137}, {"x": 654, "y": 124}, {"x": 644, "y": 127}], [{"x": 644, "y": 159}, {"x": 654, "y": 159}, {"x": 654, "y": 149}, {"x": 644, "y": 149}], [{"x": 644, "y": 181}, {"x": 654, "y": 181}, {"x": 654, "y": 171}, {"x": 644, "y": 171}], [{"x": 644, "y": 204}, {"x": 654, "y": 203}, {"x": 654, "y": 193}, {"x": 644, "y": 189}], [{"x": 644, "y": 225}, {"x": 657, "y": 225}, {"x": 654, "y": 215}, {"x": 640, "y": 215}], [{"x": 644, "y": 247}, {"x": 654, "y": 249}, {"x": 654, "y": 237}, {"x": 644, "y": 237}], [{"x": 644, "y": 269}, {"x": 656, "y": 269}, {"x": 654, "y": 257}, {"x": 644, "y": 259}], [{"x": 644, "y": 291}, {"x": 654, "y": 291}, {"x": 654, "y": 281}, {"x": 642, "y": 281}], [{"x": 644, "y": 313}, {"x": 656, "y": 317}, {"x": 654, "y": 303}, {"x": 644, "y": 303}], [{"x": 644, "y": 335}, {"x": 654, "y": 335}, {"x": 654, "y": 325}, {"x": 644, "y": 325}], [{"x": 644, "y": 357}, {"x": 654, "y": 357}, {"x": 654, "y": 347}, {"x": 644, "y": 347}], [{"x": 644, "y": 423}, {"x": 654, "y": 423}, {"x": 654, "y": 413}, {"x": 644, "y": 413}], [{"x": 644, "y": 445}, {"x": 654, "y": 445}, {"x": 654, "y": 431}, {"x": 640, "y": 435}], [{"x": 644, "y": 467}, {"x": 654, "y": 467}, {"x": 654, "y": 456}, {"x": 644, "y": 457}], [{"x": 644, "y": 489}, {"x": 654, "y": 493}, {"x": 654, "y": 479}, {"x": 644, "y": 479}], [{"x": 644, "y": 511}, {"x": 654, "y": 511}, {"x": 654, "y": 499}, {"x": 644, "y": 501}], [{"x": 644, "y": 533}, {"x": 654, "y": 536}, {"x": 654, "y": 523}, {"x": 644, "y": 523}], [{"x": 644, "y": 555}, {"x": 654, "y": 555}, {"x": 654, "y": 545}, {"x": 644, "y": 545}], [{"x": 644, "y": 577}, {"x": 654, "y": 577}, {"x": 654, "y": 567}, {"x": 644, "y": 564}], [{"x": 644, "y": 599}, {"x": 654, "y": 599}, {"x": 654, "y": 589}, {"x": 644, "y": 589}], [{"x": 644, "y": 643}, {"x": 654, "y": 643}, {"x": 654, "y": 633}, {"x": 644, "y": 633}], [{"x": 644, "y": 665}, {"x": 654, "y": 665}, {"x": 654, "y": 655}, {"x": 644, "y": 655}], [{"x": 644, "y": 687}, {"x": 654, "y": 687}, {"x": 654, "y": 673}, {"x": 644, "y": 677}], [{"x": 644, "y": 709}, {"x": 654, "y": 709}, {"x": 655, "y": 697}, {"x": 644, "y": 699}], [{"x": 644, "y": 731}, {"x": 654, "y": 731}, {"x": 654, "y": 721}, {"x": 644, "y": 721}], [{"x": 644, "y": 779}, {"x": 654, "y": 775}, {"x": 654, "y": 765}, {"x": 644, "y": 765}], [{"x": 665, "y": 137}, {"x": 676, "y": 137}, {"x": 676, "y": 127}, {"x": 666, "y": 127}], [{"x": 666, "y": 159}, {"x": 678, "y": 159}, {"x": 677, "y": 149}, {"x": 664, "y": 149}], [{"x": 666, "y": 181}, {"x": 676, "y": 185}, {"x": 676, "y": 171}, {"x": 666, "y": 171}], [{"x": 666, "y": 203}, {"x": 679, "y": 203}, {"x": 676, "y": 193}, {"x": 666, "y": 193}], [{"x": 666, "y": 225}, {"x": 677, "y": 225}, {"x": 676, "y": 215}, {"x": 666, "y": 215}], [{"x": 666, "y": 247}, {"x": 676, "y": 247}, {"x": 676, "y": 237}, {"x": 666, "y": 237}], [{"x": 666, "y": 313}, {"x": 677, "y": 313}, {"x": 676, "y": 303}, {"x": 666, "y": 303}], [{"x": 666, "y": 335}, {"x": 676, "y": 335}, {"x": 680, "y": 325}, {"x": 666, "y": 325}], [{"x": 666, "y": 357}, {"x": 676, "y": 357}, {"x": 676, "y": 347}, {"x": 666, "y": 347}], [{"x": 666, "y": 379}, {"x": 676, "y": 379}, {"x": 680, "y": 366}, {"x": 666, "y": 369}], [{"x": 666, "y": 402}, {"x": 676, "y": 401}, {"x": 676, "y": 391}, {"x": 666, "y": 391}], [{"x": 662, "y": 423}, {"x": 676, "y": 423}, {"x": 676, "y": 413}, {"x": 666, "y": 413}], [{"x": 666, "y": 445}, {"x": 676, "y": 445}, {"x": 676, "y": 435}, {"x": 666, "y": 435}], [{"x": 666, "y": 489}, {"x": 676, "y": 489}, {"x": 676, "y": 479}, {"x": 666, "y": 479}], [{"x": 663, "y": 511}, {"x": 676, "y": 514}, {"x": 676, "y": 501}, {"x": 666, "y": 501}], [{"x": 666, "y": 533}, {"x": 676, "y": 536}, {"x": 676, "y": 523}, {"x": 666, "y": 523}], [{"x": 666, "y": 555}, {"x": 676, "y": 555}, {"x": 676, "y": 545}, {"x": 666, "y": 545}], [{"x": 666, "y": 577}, {"x": 676, "y": 577}, {"x": 676, "y": 567}, {"x": 666, "y": 564}], [{"x": 666, "y": 599}, {"x": 676, "y": 599}, {"x": 676, "y": 589}, {"x": 666, "y": 589}], [{"x": 666, "y": 621}, {"x": 676, "y": 621}, {"x": 676, "y": 611}, {"x": 666, "y": 611}], [{"x": 666, "y": 643}, {"x": 676, "y": 643}, {"x": 676, "y": 633}, {"x": 666, "y": 633}], [{"x": 666, "y": 665}, {"x": 676, "y": 665}, {"x": 676, "y": 655}, {"x": 666, "y": 655}], [{"x": 666, "y": 687}, {"x": 676, "y": 687}, {"x": 680, "y": 677}, {"x": 666, "y": 677}], [{"x": 666, "y": 709}, {"x": 677, "y": 709}, {"x": 676, "y": 699}, {"x": 664, "y": 699}], [{"x": 663, "y": 731}, {"x": 677, "y": 731}, {"x": 676, "y": 721}, {"x": 664, "y": 721}], [{"x": 666, "y": 778}, {"x": 676, "y": 775}, {"x": 676, "y": 765}, {"x": 666, "y": 761}], [{"x": 688, "y": 159}, {"x": 698, "y": 161}, {"x": 698, "y": 149}, {"x": 688, "y": 149}], [{"x": 688, "y": 203}, {"x": 698, "y": 203}, {"x": 698, "y": 193}, {"x": 688, "y": 193}], [{"x": 688, "y": 225}, {"x": 698, "y": 225}, {"x": 698, "y": 215}, {"x": 685, "y": 215}], [{"x": 688, "y": 247}, {"x": 698, "y": 248}, {"x": 698, "y": 237}, {"x": 688, "y": 237}], [{"x": 686, "y": 269}, {"x": 698, "y": 273}, {"x": 698, "y": 259}, {"x": 685, "y": 259}], [{"x": 688, "y": 291}, {"x": 698, "y": 291}, {"x": 700, "y": 281}, {"x": 688, "y": 281}], [{"x": 688, "y": 313}, {"x": 702, "y": 313}, {"x": 698, "y": 303}, {"x": 688, "y": 303}], [{"x": 688, "y": 335}, {"x": 698, "y": 337}, {"x": 698, "y": 325}, {"x": 688, "y": 325}], [{"x": 688, "y": 357}, {"x": 698, "y": 357}, {"x": 699, "y": 347}, {"x": 688, "y": 347}], [{"x": 688, "y": 379}, {"x": 698, "y": 379}, {"x": 698, "y": 366}, {"x": 688, "y": 369}], [{"x": 688, "y": 401}, {"x": 698, "y": 401}, {"x": 698, "y": 391}, {"x": 688, "y": 391}], [{"x": 688, "y": 423}, {"x": 702, "y": 423}, {"x": 698, "y": 413}, {"x": 688, "y": 413}], [{"x": 688, "y": 467}, {"x": 698, "y": 467}, {"x": 698, "y": 457}, {"x": 688, "y": 457}], [{"x": 688, "y": 489}, {"x": 698, "y": 489}, {"x": 700, "y": 479}, {"x": 688, "y": 479}], [{"x": 688, "y": 511}, {"x": 698, "y": 511}, {"x": 698, "y": 501}, {"x": 688, "y": 500}], [{"x": 688, "y": 533}, {"x": 698, "y": 533}, {"x": 698, "y": 523}, {"x": 688, "y": 523}], [{"x": 684, "y": 555}, {"x": 702, "y": 555}, {"x": 698, "y": 545}, {"x": 688, "y": 545}], [{"x": 688, "y": 577}, {"x": 698, "y": 577}, {"x": 698, "y": 567}, {"x": 688, "y": 567}], [{"x": 688, "y": 621}, {"x": 698, "y": 621}, {"x": 698, "y": 611}, {"x": 688, "y": 611}], [{"x": 688, "y": 643}, {"x": 698, "y": 643}, {"x": 698, "y": 633}, {"x": 688, "y": 633}], [{"x": 688, "y": 687}, {"x": 698, "y": 687}, {"x": 698, "y": 677}, {"x": 688, "y": 676}], [{"x": 688, "y": 709}, {"x": 698, "y": 712}, {"x": 698, "y": 699}, {"x": 688, "y": 699}], [{"x": 688, "y": 731}, {"x": 698, "y": 732}, {"x": 698, "y": 721}, {"x": 688, "y": 721}], [{"x": 688, "y": 757}, {"x": 698, "y": 753}, {"x": 698, "y": 743}, {"x": 688, "y": 743}], [{"x": 688, "y": 775}, {"x": 698, "y": 775}, {"x": 698, "y": 765}, {"x": 688, "y": 765}], [{"x": 710, "y": 137}, {"x": 720, "y": 137}, {"x": 720, "y": 127}, {"x": 710, "y": 127}], [{"x": 710, "y": 159}, {"x": 720, "y": 159}, {"x": 720, "y": 146}, {"x": 710, "y": 149}], [{"x": 710, "y": 183}, {"x": 720, "y": 185}, {"x": 720, "y": 171}, {"x": 710, "y": 171}], [{"x": 710, "y": 203}, {"x": 720, "y": 203}, {"x": 720, "y": 193}, {"x": 710, "y": 193}], [{"x": 710, "y": 225}, {"x": 720, "y": 225}, {"x": 720, "y": 215}, {"x": 710, "y": 215}], [{"x": 710, "y": 248}, {"x": 720, "y": 247}, {"x": 720, "y": 237}, {"x": 710, "y": 237}], [{"x": 710, "y": 269}, {"x": 720, "y": 269}, {"x": 720, "y": 259}, {"x": 710, "y": 259}], [{"x": 710, "y": 291}, {"x": 720, "y": 291}, {"x": 721, "y": 281}, {"x": 710, "y": 281}], [{"x": 710, "y": 313}, {"x": 720, "y": 315}, {"x": 720, "y": 303}, {"x": 710, "y": 303}], [{"x": 710, "y": 335}, {"x": 720, "y": 335}, {"x": 720, "y": 321}, {"x": 710, "y": 325}], [{"x": 710, "y": 357}, {"x": 722, "y": 357}, {"x": 720, "y": 347}, {"x": 710, "y": 347}], [{"x": 710, "y": 379}, {"x": 720, "y": 379}, {"x": 720, "y": 369}, {"x": 710, "y": 369}], [{"x": 710, "y": 401}, {"x": 720, "y": 401}, {"x": 720, "y": 391}, {"x": 710, "y": 391}], [{"x": 710, "y": 423}, {"x": 720, "y": 427}, {"x": 720, "y": 413}, {"x": 710, "y": 413}], [{"x": 710, "y": 445}, {"x": 720, "y": 445}, {"x": 720, "y": 435}, {"x": 710, "y": 431}], [{"x": 710, "y": 489}, {"x": 720, "y": 489}, {"x": 720, "y": 479}, {"x": 710, "y": 479}], [{"x": 710, "y": 533}, {"x": 720, "y": 533}, {"x": 720, "y": 523}, {"x": 710, "y": 519}], [{"x": 710, "y": 555}, {"x": 720, "y": 555}, {"x": 720, "y": 544}, {"x": 710, "y": 545}], [{"x": 710, "y": 577}, {"x": 720, "y": 577}, {"x": 720, "y": 564}, {"x": 710, "y": 567}], [{"x": 710, "y": 599}, {"x": 720, "y": 599}, {"x": 720, "y": 589}, {"x": 710, "y": 589}], [{"x": 710, "y": 621}, {"x": 720, "y": 621}, {"x": 720, "y": 609}, {"x": 710, "y": 611}], [{"x": 709, "y": 643}, {"x": 720, "y": 643}, {"x": 720, "y": 633}, {"x": 710, "y": 630}], [{"x": 709, "y": 665}, {"x": 720, "y": 665}, {"x": 720, "y": 655}, {"x": 710, "y": 655}], [{"x": 710, "y": 687}, {"x": 720, "y": 687}, {"x": 720, "y": 677}, {"x": 710, "y": 673}], [{"x": 710, "y": 709}, {"x": 720, "y": 709}, {"x": 720, "y": 699}, {"x": 710, "y": 699}], [{"x": 710, "y": 731}, {"x": 720, "y": 732}, {"x": 720, "y": 721}, {"x": 710, "y": 721}], [{"x": 710, "y": 753}, {"x": 720, "y": 753}, {"x": 720, "y": 743}, {"x": 710, "y": 743}], [{"x": 710, "y": 775}, {"x": 720, "y": 775}, {"x": 720, "y": 765}, {"x": 710, "y": 765}], [{"x": 732, "y": 137}, {"x": 742, "y": 137}, {"x": 742, "y": 125}, {"x": 732, "y": 127}], [{"x": 732, "y": 159}, {"x": 742, "y": 159}, {"x": 742, "y": 149}, {"x": 732, "y": 149}], [{"x": 732, "y": 181}, {"x": 742, "y": 181}, {"x": 742, "y": 171}, {"x": 731, "y": 171}], [{"x": 732, "y": 203}, {"x": 742, "y": 203}, {"x": 742, "y": 193}, {"x": 732, "y": 193}], [{"x": 732, "y": 225}, {"x": 742, "y": 225}, {"x": 742, "y": 215}, {"x": 732, "y": 215}], [{"x": 732, "y": 247}, {"x": 742, "y": 247}, {"x": 742, "y": 237}, {"x": 730, "y": 237}], [{"x": 732, "y": 269}, {"x": 742, "y": 269}, {"x": 742, "y": 259}, {"x": 732, "y": 259}], [{"x": 732, "y": 291}, {"x": 742, "y": 291}, {"x": 742, "y": 281}, {"x": 732, "y": 281}], [{"x": 732, "y": 337}, {"x": 742, "y": 335}, {"x": 742, "y": 325}, {"x": 731, "y": 325}], [{"x": 732, "y": 357}, {"x": 742, "y": 357}, {"x": 742, "y": 343}, {"x": 732, "y": 347}], [{"x": 732, "y": 379}, {"x": 742, "y": 379}, {"x": 742, "y": 366}, {"x": 732, "y": 369}], [{"x": 732, "y": 401}, {"x": 742, "y": 401}, {"x": 742, "y": 391}, {"x": 732, "y": 391}], [{"x": 728, "y": 423}, {"x": 742, "y": 423}, {"x": 742, "y": 413}, {"x": 732, "y": 413}], [{"x": 732, "y": 445}, {"x": 742, "y": 448}, {"x": 742, "y": 435}, {"x": 732, "y": 435}], [{"x": 732, "y": 467}, {"x": 742, "y": 467}, {"x": 742, "y": 457}, {"x": 732, "y": 457}], [{"x": 732, "y": 489}, {"x": 742, "y": 489}, {"x": 742, "y": 479}, {"x": 732, "y": 479}], [{"x": 732, "y": 511}, {"x": 742, "y": 511}, {"x": 746, "y": 498}, {"x": 732, "y": 501}], [{"x": 732, "y": 535}, {"x": 742, "y": 535}, {"x": 742, "y": 523}, {"x": 732, "y": 523}], [{"x": 732, "y": 555}, {"x": 742, "y": 555}, {"x": 742, "y": 545}, {"x": 732, "y": 545}], [{"x": 732, "y": 599}, {"x": 742, "y": 600}, {"x": 742, "y": 589}, {"x": 732, "y": 589}], [{"x": 732, "y": 621}, {"x": 742, "y": 621}, {"x": 744, "y": 611}, {"x": 732, "y": 611}], [{"x": 732, "y": 665}, {"x": 742, "y": 665}, {"x": 742, "y": 655}, {"x": 732, "y": 655}], [{"x": 732, "y": 690}, {"x": 742, "y": 687}, {"x": 744, "y": 677}, {"x": 730, "y": 673}], [{"x": 732, "y": 731}, {"x": 742, "y": 731}, {"x": 742, "y": 717}, {"x": 732, "y": 721}], [{"x": 732, "y": 753}, {"x": 742, "y": 753}, {"x": 743, "y": 743}, {"x": 729, "y": 743}], [{"x": 728, "y": 775}, {"x": 742, "y": 775}, {"x": 742, "y": 761}, {"x": 728, "y": 765}], [{"x": 754, "y": 137}, {"x": 768, "y": 137}, {"x": 764, "y": 127}, {"x": 751, "y": 127}], [{"x": 754, "y": 159}, {"x": 764, "y": 159}, {"x": 764, "y": 149}, {"x": 754, "y": 149}], [{"x": 754, "y": 181}, {"x": 764, "y": 184}, {"x": 764, "y": 171}, {"x": 754, "y": 169}], [{"x": 754, "y": 203}, {"x": 764, "y": 203}, {"x": 764, "y": 193}, {"x": 754, "y": 193}], [{"x": 754, "y": 225}, {"x": 764, "y": 225}, {"x": 764, "y": 215}, {"x": 754, "y": 214}], [{"x": 754, "y": 247}, {"x": 764, "y": 247}, {"x": 766, "y": 237}, {"x": 754, "y": 235}], [{"x": 754, "y": 269}, {"x": 764, "y": 269}, {"x": 764, "y": 258}, {"x": 754, "y": 259}], [{"x": 754, "y": 291}, {"x": 764, "y": 291}, {"x": 764, "y": 281}, {"x": 754, "y": 281}], [{"x": 754, "y": 317}, {"x": 764, "y": 313}, {"x": 764, "y": 303}, {"x": 754, "y": 303}], [{"x": 754, "y": 335}, {"x": 764, "y": 335}, {"x": 764, "y": 325}, {"x": 754, "y": 325}], [{"x": 754, "y": 357}, {"x": 764, "y": 359}, {"x": 764, "y": 347}, {"x": 754, "y": 347}], [{"x": 754, "y": 379}, {"x": 764, "y": 379}, {"x": 764, "y": 369}, {"x": 754, "y": 369}], [{"x": 754, "y": 401}, {"x": 764, "y": 401}, {"x": 764, "y": 391}, {"x": 752, "y": 391}], [{"x": 754, "y": 423}, {"x": 764, "y": 423}, {"x": 764, "y": 411}, {"x": 754, "y": 413}], [{"x": 754, "y": 445}, {"x": 766, "y": 445}, {"x": 765, "y": 435}, {"x": 754, "y": 435}], [{"x": 751, "y": 489}, {"x": 764, "y": 489}, {"x": 765, "y": 479}, {"x": 751, "y": 477}], [{"x": 754, "y": 511}, {"x": 766, "y": 511}, {"x": 764, "y": 499}, {"x": 754, "y": 501}], [{"x": 754, "y": 533}, {"x": 764, "y": 533}, {"x": 764, "y": 523}, {"x": 754, "y": 523}], [{"x": 754, "y": 555}, {"x": 764, "y": 555}, {"x": 764, "y": 545}, {"x": 754, "y": 542}], [{"x": 754, "y": 577}, {"x": 764, "y": 577}, {"x": 764, "y": 567}, {"x": 750, "y": 567}], [{"x": 754, "y": 599}, {"x": 764, "y": 599}, {"x": 764, "y": 588}, {"x": 754, "y": 589}], [{"x": 754, "y": 624}, {"x": 764, "y": 621}, {"x": 764, "y": 611}, {"x": 754, "y": 611}], [{"x": 754, "y": 643}, {"x": 764, "y": 643}, {"x": 764, "y": 633}, {"x": 754, "y": 633}], [{"x": 754, "y": 665}, {"x": 766, "y": 665}, {"x": 764, "y": 655}, {"x": 754, "y": 655}], [{"x": 754, "y": 687}, {"x": 764, "y": 687}, {"x": 764, "y": 677}, {"x": 754, "y": 677}], [{"x": 754, "y": 709}, {"x": 767, "y": 709}, {"x": 764, "y": 699}, {"x": 754, "y": 699}], [{"x": 754, "y": 731}, {"x": 764, "y": 731}, {"x": 764, "y": 721}, {"x": 750, "y": 721}], [{"x": 754, "y": 753}, {"x": 764, "y": 753}, {"x": 764, "y": 743}, {"x": 750, "y": 743}], [{"x": 754, "y": 775}, {"x": 764, "y": 775}, {"x": 764, "y": 765}, {"x": 754, "y": 765}], [{"x": 776, "y": 137}, {"x": 786, "y": 137}, {"x": 786, "y": 127}, {"x": 776, "y": 127}], [{"x": 776, "y": 159}, {"x": 786, "y": 162}, {"x": 787, "y": 149}, {"x": 776, "y": 149}], [{"x": 776, "y": 184}, {"x": 786, "y": 181}, {"x": 786, "y": 171}, {"x": 776, "y": 171}], [{"x": 776, "y": 225}, {"x": 786, "y": 226}, {"x": 786, "y": 215}, {"x": 776, "y": 215}], [{"x": 776, "y": 247}, {"x": 786, "y": 250}, {"x": 786, "y": 237}, {"x": 776, "y": 237}], [{"x": 776, "y": 269}, {"x": 786, "y": 269}, {"x": 790, "y": 259}, {"x": 776, "y": 259}], [{"x": 776, "y": 291}, {"x": 786, "y": 291}, {"x": 786, "y": 281}, {"x": 776, "y": 281}], [{"x": 776, "y": 313}, {"x": 786, "y": 313}, {"x": 786, "y": 303}, {"x": 776, "y": 303}], [{"x": 776, "y": 336}, {"x": 786, "y": 335}, {"x": 786, "y": 325}, {"x": 776, "y": 325}], [{"x": 776, "y": 357}, {"x": 786, "y": 357}, {"x": 786, "y": 347}, {"x": 776, "y": 347}], [{"x": 776, "y": 401}, {"x": 786, "y": 401}, {"x": 786, "y": 391}, {"x": 776, "y": 391}], [{"x": 776, "y": 445}, {"x": 786, "y": 445}, {"x": 786, "y": 433}, {"x": 774, "y": 435}], [{"x": 776, "y": 555}, {"x": 786, "y": 555}, {"x": 786, "y": 544}, {"x": 776, "y": 545}], [{"x": 776, "y": 577}, {"x": 786, "y": 577}, {"x": 786, "y": 567}, {"x": 776, "y": 567}], [{"x": 774, "y": 621}, {"x": 786, "y": 621}, {"x": 786, "y": 611}, {"x": 776, "y": 611}], [{"x": 776, "y": 643}, {"x": 786, "y": 643}, {"x": 786, "y": 632}, {"x": 776, "y": 633}], [{"x": 776, "y": 713}, {"x": 786, "y": 709}, {"x": 786, "y": 697}, {"x": 776, "y": 699}], [{"x": 776, "y": 731}, {"x": 786, "y": 733}, {"x": 786, "y": 721}, {"x": 776, "y": 721}], [{"x": 776, "y": 753}, {"x": 786, "y": 753}, {"x": 786, "y": 743}, {"x": 776, "y": 741}], [{"x": 776, "y": 775}, {"x": 786, "y": 775}, {"x": 786, "y": 765}, {"x": 776, "y": 765}], [{"x": 794, "y": 137}, {"x": 808, "y": 137}, {"x": 808, "y": 127}, {"x": 798, "y": 127}], [{"x": 796, "y": 159}, {"x": 808, "y": 159}, {"x": 808, "y": 149}, {"x": 798, "y": 149}], [{"x": 798, "y": 181}, {"x": 808, "y": 181}, {"x": 808, "y": 171}, {"x": 798, "y": 171}], [{"x": 798, "y": 206}, {"x": 808, "y": 203}, {"x": 808, "y": 193}, {"x": 798, "y": 193}], [{"x": 798, "y": 225}, {"x": 810, "y": 225}, {"x": 808, "y": 215}, {"x": 798, "y": 215}], [{"x": 798, "y": 250}, {"x": 808, "y": 247}, {"x": 808, "y": 237}, {"x": 798, "y": 237}], [{"x": 798, "y": 291}, {"x": 810, "y": 291}, {"x": 808, "y": 281}, {"x": 798, "y": 281}], [{"x": 798, "y": 313}, {"x": 808, "y": 314}, {"x": 808, "y": 303}, {"x": 798, "y": 303}], [{"x": 794, "y": 338}, {"x": 812, "y": 335}, {"x": 808, "y": 325}, {"x": 798, "y": 324}], [{"x": 798, "y": 357}, {"x": 808, "y": 357}, {"x": 808, "y": 347}, {"x": 798, "y": 347}], [{"x": 798, "y": 379}, {"x": 808, "y": 379}, {"x": 808, "y": 369}, {"x": 798, "y": 369}], [{"x": 798, "y": 621}, {"x": 808, "y": 621}, {"x": 808, "y": 611}, {"x": 798, "y": 611}], [{"x": 798, "y": 643}, {"x": 808, "y": 643}, {"x": 808, "y": 633}, {"x": 798, "y": 633}], [{"x": 798, "y": 665}, {"x": 808, "y": 665}, {"x": 810, "y": 655}, {"x": 798, "y": 655}], [{"x": 798, "y": 709}, {"x": 808, "y": 709}, {"x": 808, "y": 699}, {"x": 798, "y": 699}], [{"x": 798, "y": 731}, {"x": 808, "y": 731}, {"x": 808, "y": 721}, {"x": 798, "y": 721}], [{"x": 798, "y": 775}, {"x": 808, "y": 775}, {"x": 808, "y": 765}, {"x": 798, "y": 765}], [{"x": 798, "y": 797}, {"x": 808, "y": 797}, {"x": 808, "y": 787}, {"x": 798, "y": 787}], [{"x": 820, "y": 137}, {"x": 830, "y": 137}, {"x": 830, "y": 127}, {"x": 820, "y": 127}], [{"x": 820, "y": 159}, {"x": 830, "y": 159}, {"x": 830, "y": 149}, {"x": 820, "y": 149}], [{"x": 820, "y": 181}, {"x": 831, "y": 181}, {"x": 830, "y": 171}, {"x": 820, "y": 171}], [{"x": 820, "y": 203}, {"x": 830, "y": 203}, {"x": 831, "y": 193}, {"x": 820, "y": 193}], [{"x": 820, "y": 225}, {"x": 830, "y": 225}, {"x": 830, "y": 215}, {"x": 820, "y": 215}], [{"x": 820, "y": 247}, {"x": 830, "y": 247}, {"x": 830, "y": 237}, {"x": 820, "y": 235}], [{"x": 820, "y": 269}, {"x": 830, "y": 269}, {"x": 831, "y": 259}, {"x": 816, "y": 259}], [{"x": 820, "y": 295}, {"x": 830, "y": 291}, {"x": 830, "y": 281}, {"x": 819, "y": 281}], [{"x": 818, "y": 313}, {"x": 830, "y": 313}, {"x": 830, "y": 303}, {"x": 820, "y": 303}], [{"x": 820, "y": 687}, {"x": 830, "y": 687}, {"x": 830, "y": 677}, {"x": 820, "y": 677}], [{"x": 820, "y": 712}, {"x": 830, "y": 709}, {"x": 830, "y": 699}, {"x": 820, "y": 699}], [{"x": 820, "y": 733}, {"x": 830, "y": 731}, {"x": 830, "y": 717}, {"x": 820, "y": 721}], [{"x": 818, "y": 753}, {"x": 830, "y": 753}, {"x": 830, "y": 743}, {"x": 816, "y": 743}], [{"x": 820, "y": 775}, {"x": 832, "y": 775}, {"x": 830, "y": 765}, {"x": 820, "y": 765}], [{"x": 820, "y": 797}, {"x": 830, "y": 797}, {"x": 830, "y": 787}, {"x": 818, "y": 787}], [{"x": 842, "y": 162}, {"x": 852, "y": 163}, {"x": 852, "y": 149}, {"x": 842, "y": 149}], [{"x": 838, "y": 181}, {"x": 852, "y": 181}, {"x": 852, "y": 171}, {"x": 839, "y": 171}], [{"x": 842, "y": 203}, {"x": 852, "y": 203}, {"x": 853, "y": 191}, {"x": 842, "y": 193}], [{"x": 842, "y": 225}, {"x": 852, "y": 226}, {"x": 852, "y": 215}, {"x": 842, "y": 215}], [{"x": 842, "y": 247}, {"x": 853, "y": 247}, {"x": 852, "y": 237}, {"x": 842, "y": 237}], [{"x": 842, "y": 753}, {"x": 852, "y": 755}, {"x": 852, "y": 743}, {"x": 842, "y": 743}], [{"x": 842, "y": 775}, {"x": 852, "y": 775}, {"x": 852, "y": 765}, {"x": 842, "y": 765}], [{"x": 842, "y": 797}, {"x": 852, "y": 797}, {"x": 853, "y": 787}, {"x": 842, "y": 787}], [{"x": 864, "y": 159}, {"x": 874, "y": 159}, {"x": 874, "y": 149}, {"x": 864, "y": 149}]]}