{"type": "CGSHOP2023_Instance", "name": "maze_134_50_01_01", "n": 108, "outer_boundary": [{"x": 44, "y": 7}, {"x": 100, "y": 18}, {"x": 168, "y": 47}, {"x": 151, "y": 100}, {"x": 175, "y": 163}, {"x": 100, "y": 175}, {"x": 18, "y": 151}, {"x": 14, "y": 100}], "holes": [[{"x": 42, "y": 67}, {"x": 52, "y": 70}, {"x": 52, "y": 57}, {"x": 42, "y": 57}], [{"x": 42, "y": 89}, {"x": 52, "y": 89}, {"x": 52, "y": 79}, {"x": 42, "y": 79}], [{"x": 42, "y": 111}, {"x": 52, "y": 111}, {"x": 52, "y": 101}, {"x": 42, "y": 101}], [{"x": 42, "y": 133}, {"x": 52, "y": 133}, {"x": 52, "y": 123}, {"x": 42, "y": 123}], [{"x": 61, "y": 45}, {"x": 74, "y": 45}, {"x": 74, "y": 35}, {"x": 61, "y": 35}], [{"x": 64, "y": 67}, {"x": 74, "y": 67}, {"x": 74, "y": 57}, {"x": 64, "y": 57}], [{"x": 64, "y": 89}, {"x": 74, "y": 89}, {"x": 74, "y": 77}, {"x": 61, "y": 79}], [{"x": 64, "y": 111}, {"x": 74, "y": 111}, {"x": 74, "y": 101}, {"x": 64, "y": 101}], [{"x": 64, "y": 133}, {"x": 74, "y": 133}, {"x": 74, "y": 123}, {"x": 64, "y": 123}], [{"x": 64, "y": 155}, {"x": 74, "y": 155}, {"x": 74, "y": 145}, {"x": 64, "y": 145}], [{"x": 86, "y": 67}, {"x": 96, "y": 67}, {"x": 96, "y": 57}, {"x": 86, "y": 57}], [{"x": 86, "y": 89}, {"x": 96, "y": 89}, {"x": 96, "y": 79}, {"x": 86, "y": 79}], [{"x": 86, "y": 111}, {"x": 96, "y": 111}, {"x": 96, "y": 101}, {"x": 86, "y": 101}], [{"x": 86, "y": 133}, {"x": 96, "y": 133}, {"x": 96, "y": 123}, {"x": 86, "y": 123}], [{"x": 108, "y": 45}, {"x": 118, "y": 45}, {"x": 119, "y": 35}, {"x": 108, "y": 35}], [{"x": 108, "y": 67}, {"x": 118, "y": 67}, {"x": 118, "y": 53}, {"x": 108, "y": 57}], [{"x": 108, "y": 89}, {"x": 118, "y": 89}, {"x": 118, "y": 79}, {"x": 108, "y": 79}], [{"x": 108, "y": 111}, {"x": 118, "y": 111}, {"x": 122, "y": 101}, {"x": 108, "y": 101}], [{"x": 108, "y": 133}, {"x": 118, "y": 137}, {"x": 118, "y": 123}, {"x": 108, "y": 123}], [{"x": 108, "y": 155}, {"x": 118, "y": 155}, {"x": 118, "y": 145}, {"x": 108, "y": 145}], [{"x": 130, "y": 71}, {"x": 140, "y": 67}, {"x": 141, "y": 57}, {"x": 130, "y": 57}], [{"x": 130, "y": 89}, {"x": 140, "y": 89}, {"x": 143, "y": 79}, {"x": 130, "y": 79}], [{"x": 130, "y": 111}, {"x": 140, "y": 111}, {"x": 140, "y": 101}, {"x": 130, "y": 101}], [{"x": 130, "y": 133}, {"x": 140, "y": 133}, {"x": 140, "y": 123}, {"x": 130, "y": 123}], [{"x": 130, "y": 155}, {"x": 140, "y": 155}, {"x": 142, "y": 145}, {"x": 130, "y": 145}]]}