{"type": "CGSHOP2023_Instance", "name": "maze_84_50_05_01", "n": 68, "outer_boundary": [{"x": 45, "y": 10}, {"x": 100, "y": 23}, {"x": 194, "y": 17}, {"x": 168, "y": 100}, {"x": 166, "y": 162}, {"x": 100, "y": 185}, {"x": 17, "y": 171}, {"x": 9, "y": 100}], "holes": [[{"x": 37, "y": 70}, {"x": 47, "y": 70}, {"x": 47, "y": 58}, {"x": 37, "y": 60}], [{"x": 37, "y": 92}, {"x": 47, "y": 92}, {"x": 47, "y": 80}, {"x": 37, "y": 82}], [{"x": 37, "y": 114}, {"x": 47, "y": 114}, {"x": 47, "y": 104}, {"x": 37, "y": 100}], [{"x": 37, "y": 136}, {"x": 47, "y": 136}, {"x": 47, "y": 126}, {"x": 37, "y": 126}], [{"x": 59, "y": 70}, {"x": 69, "y": 71}, {"x": 69, "y": 60}, {"x": 59, "y": 56}], [{"x": 81, "y": 92}, {"x": 93, "y": 92}, {"x": 91, "y": 82}, {"x": 77, "y": 82}], [{"x": 81, "y": 136}, {"x": 91, "y": 137}, {"x": 91, "y": 126}, {"x": 81, "y": 126}], [{"x": 81, "y": 158}, {"x": 91, "y": 160}, {"x": 95, "y": 148}, {"x": 81, "y": 148}], [{"x": 103, "y": 92}, {"x": 113, "y": 92}, {"x": 113, "y": 82}, {"x": 103, "y": 78}], [{"x": 103, "y": 136}, {"x": 113, "y": 136}, {"x": 115, "y": 126}, {"x": 103, "y": 126}], [{"x": 125, "y": 48}, {"x": 135, "y": 48}, {"x": 135, "y": 38}, {"x": 122, "y": 38}], [{"x": 125, "y": 92}, {"x": 135, "y": 92}, {"x": 135, "y": 82}, {"x": 125, "y": 82}], [{"x": 125, "y": 136}, {"x": 135, "y": 140}, {"x": 135, "y": 126}, {"x": 125, "y": 126}], [{"x": 125, "y": 158}, {"x": 135, "y": 158}, {"x": 135, "y": 148}, {"x": 125, "y": 148}], [{"x": 144, "y": 114}, {"x": 157, "y": 114}, {"x": 157, "y": 104}, {"x": 147, "y": 104}]]}