{"type": "CGSHOP2023_Instance", "name": "maze_184_50_001_005", "n": 148, "outer_boundary": [{"x": 16, "y": 18}, {"x": 100, "y": 34}, {"x": 163, "y": 26}, {"x": 195, "y": 100}, {"x": 178, "y": 176}, {"x": 100, "y": 176}, {"x": 38, "y": 189}, {"x": 28, "y": 100}], "holes": [[{"x": 43, "y": 56}, {"x": 54, "y": 56}, {"x": 54, "y": 44}, {"x": 44, "y": 46}], [{"x": 44, "y": 78}, {"x": 54, "y": 78}, {"x": 54, "y": 68}, {"x": 42, "y": 68}], [{"x": 44, "y": 100}, {"x": 54, "y": 100}, {"x": 54, "y": 90}, {"x": 44, "y": 90}], [{"x": 44, "y": 126}, {"x": 54, "y": 122}, {"x": 54, "y": 112}, {"x": 44, "y": 112}], [{"x": 44, "y": 144}, {"x": 54, "y": 144}, {"x": 54, "y": 134}, {"x": 44, "y": 134}], [{"x": 44, "y": 166}, {"x": 54, "y": 166}, {"x": 54, "y": 156}, {"x": 44, "y": 156}], [{"x": 66, "y": 56}, {"x": 76, "y": 56}, {"x": 76, "y": 46}, {"x": 66, "y": 46}], [{"x": 66, "y": 78}, {"x": 76, "y": 78}, {"x": 76, "y": 68}, {"x": 66, "y": 68}], [{"x": 66, "y": 100}, {"x": 76, "y": 100}, {"x": 76, "y": 90}, {"x": 66, "y": 90}], [{"x": 66, "y": 122}, {"x": 76, "y": 122}, {"x": 76, "y": 112}, {"x": 66, "y": 112}], [{"x": 66, "y": 144}, {"x": 76, "y": 144}, {"x": 76, "y": 134}, {"x": 66, "y": 134}], [{"x": 66, "y": 166}, {"x": 76, "y": 166}, {"x": 76, "y": 156}, {"x": 66, "y": 156}], [{"x": 88, "y": 56}, {"x": 98, "y": 56}, {"x": 102, "y": 46}, {"x": 88, "y": 46}], [{"x": 88, "y": 78}, {"x": 98, "y": 78}, {"x": 98, "y": 68}, {"x": 88, "y": 68}], [{"x": 88, "y": 100}, {"x": 98, "y": 100}, {"x": 98, "y": 90}, {"x": 88, "y": 90}], [{"x": 86, "y": 122}, {"x": 98, "y": 122}, {"x": 98, "y": 112}, {"x": 88, "y": 112}], [{"x": 88, "y": 144}, {"x": 98, "y": 144}, {"x": 98, "y": 134}, {"x": 88, "y": 134}], [{"x": 88, "y": 166}, {"x": 98, "y": 166}, {"x": 98, "y": 156}, {"x": 88, "y": 156}], [{"x": 110, "y": 56}, {"x": 120, "y": 56}, {"x": 120, "y": 46}, {"x": 110, "y": 46}], [{"x": 110, "y": 78}, {"x": 120, "y": 78}, {"x": 120, "y": 68}, {"x": 110, "y": 68}], [{"x": 110, "y": 100}, {"x": 120, "y": 100}, {"x": 120, "y": 90}, {"x": 110, "y": 90}], [{"x": 110, "y": 126}, {"x": 120, "y": 122}, {"x": 120, "y": 112}, {"x": 110, "y": 112}], [{"x": 110, "y": 144}, {"x": 120, "y": 146}, {"x": 120, "y": 134}, {"x": 110, "y": 134}], [{"x": 110, "y": 166}, {"x": 120, "y": 166}, {"x": 120, "y": 152}, {"x": 110, "y": 156}], [{"x": 132, "y": 56}, {"x": 142, "y": 56}, {"x": 142, "y": 46}, {"x": 132, "y": 46}], [{"x": 132, "y": 78}, {"x": 142, "y": 78}, {"x": 142, "y": 68}, {"x": 132, "y": 68}], [{"x": 132, "y": 100}, {"x": 142, "y": 100}, {"x": 142, "y": 90}, {"x": 132, "y": 90}], [{"x": 132, "y": 122}, {"x": 142, "y": 122}, {"x": 142, "y": 112}, {"x": 132, "y": 112}], [{"x": 132, "y": 144}, {"x": 142, "y": 144}, {"x": 142, "y": 134}, {"x": 132, "y": 134}], [{"x": 132, "y": 166}, {"x": 142, "y": 166}, {"x": 142, "y": 156}, {"x": 132, "y": 156}], [{"x": 154, "y": 78}, {"x": 164, "y": 78}, {"x": 164, "y": 68}, {"x": 154, "y": 68}], [{"x": 154, "y": 100}, {"x": 164, "y": 100}, {"x": 164, "y": 90}, {"x": 154, "y": 90}], [{"x": 154, "y": 122}, {"x": 164, "y": 122}, {"x": 164, "y": 112}, {"x": 154, "y": 112}], [{"x": 154, "y": 144}, {"x": 164, "y": 144}, {"x": 164, "y": 134}, {"x": 154, "y": 134}], [{"x": 154, "y": 166}, {"x": 164, "y": 166}, {"x": 164, "y": 156}, {"x": 154, "y": 156}]]}