{"name": "socg_fixed92", "n": 92, "outer_boundary": [{"x": 320, "y": 832}, {"x": 320, "y": 800}, {"x": 288, "y": 800}, {"x": 288, "y": 832}, {"x": 224, "y": 832}, {"x": 224, "y": 800}, {"x": 192, "y": 800}, {"x": 192, "y": 752}, {"x": 224, "y": 752}, {"x": 224, "y": 704}, {"x": 176, "y": 704}, {"x": 176, "y": 736}, {"x": 128, "y": 736}, {"x": 128, "y": 704}, {"x": 96, "y": 704}, {"x": 96, "y": 640}, {"x": 128, "y": 640}, {"x": 128, "y": 608}, {"x": 96, "y": 608}, {"x": 96, "y": 544}, {"x": 128, "y": 544}, {"x": 128, "y": 512}, {"x": 176, "y": 512}, {"x": 176, "y": 544}, {"x": 224, "y": 544}, {"x": 224, "y": 416}, {"x": 176, "y": 416}, {"x": 176, "y": 448}, {"x": 128, "y": 448}, {"x": 128, "y": 416}, {"x": 96, "y": 416}, {"x": 96, "y": 352}, {"x": 128, "y": 352}, {"x": 128, "y": 320}, {"x": 96, "y": 320}, {"x": 96, "y": 256}, {"x": 128, "y": 256}, {"x": 128, "y": 224}, {"x": 176, "y": 224}, {"x": 176, "y": 256}, {"x": 224, "y": 256}, {"x": 224, "y": 208}, {"x": 192, "y": 208}, {"x": 192, "y": 160}, {"x": 224, "y": 160}, {"x": 224, "y": 128}, {"x": 288, "y": 128}, {"x": 288, "y": 160}, {"x": 320, "y": 160}, {"x": 320, "y": 128}, {"x": 384, "y": 128}, {"x": 384, "y": 160}, {"x": 416, "y": 160}, {"x": 416, "y": 208}, {"x": 384, "y": 208}, {"x": 384, "y": 256}, {"x": 432, "y": 256}, {"x": 432, "y": 224}, {"x": 480, "y": 224}, {"x": 480, "y": 256}, {"x": 512, "y": 256}, {"x": 512, "y": 320}, {"x": 480, "y": 320}, {"x": 480, "y": 352}, {"x": 512, "y": 352}, {"x": 512, "y": 416}, {"x": 480, "y": 416}, {"x": 480, "y": 448}, {"x": 432, "y": 448}, {"x": 432, "y": 416}, {"x": 384, "y": 416}, {"x": 384, "y": 544}, {"x": 432, "y": 544}, {"x": 432, "y": 512}, {"x": 480, "y": 512}, {"x": 480, "y": 544}, {"x": 512, "y": 544}, {"x": 512, "y": 608}, {"x": 480, "y": 608}, {"x": 480, "y": 640}, {"x": 512, "y": 640}, {"x": 512, "y": 704}, {"x": 480, "y": 704}, {"x": 480, "y": 736}, {"x": 432, "y": 736}, {"x": 432, "y": 704}, {"x": 384, "y": 704}, {"x": 384, "y": 752}, {"x": 416, "y": 752}, {"x": 416, "y": 800}, {"x": 384, "y": 800}, {"x": 384, "y": 832}], "holes": [], "type": "CGSHOP2023_Instance"}
