{"n": 92, "name": "socg92", "type": "CGSHOP2023_Instance", "outer_boundary": [{"x": 538, "y": 256}, {"x": 493, "y": 256}, {"x": 493, "y": 288}, {"x": 448, "y": 288}, {"x": 448, "y": 256}, {"x": 410, "y": 256}, {"x": 410, "y": 288}, {"x": 442, "y": 288}, {"x": 442, "y": 320}, {"x": 410, "y": 320}, {"x": 410, "y": 384}, {"x": 378, "y": 384}, {"x": 378, "y": 320}, {"x": 362, "y": 320}, {"x": 362, "y": 384}, {"x": 330, "y": 384}, {"x": 330, "y": 320}, {"x": 314, "y": 320}, {"x": 314, "y": 288}, {"x": 330, "y": 288}, {"x": 330, "y": 256}, {"x": 272, "y": 256}, {"x": 272, "y": 288}, {"x": 304, "y": 288}, {"x": 304, "y": 320}, {"x": 272, "y": 320}, {"x": 272, "y": 384}, {"x": 240, "y": 384}, {"x": 240, "y": 320}, {"x": 224, "y": 320}, {"x": 224, "y": 384}, {"x": 192, "y": 384}, {"x": 192, "y": 320}, {"x": 160, "y": 320}, {"x": 160, "y": 288}, {"x": 192, "y": 288}, {"x": 192, "y": 256}, {"x": 157, "y": 256}, {"x": 157, "y": 288}, {"x": 112, "y": 288}, {"x": 112, "y": 256}, {"x": 64, "y": 256}, {"x": 64, "y": 224}, {"x": 112, "y": 224}, {"x": 112, "y": 208}, {"x": 64, "y": 208}, {"x": 64, "y": 176}, {"x": 112, "y": 176}, {"x": 112, "y": 144}, {"x": 157, "y": 144}, {"x": 157, "y": 176}, {"x": 192, "y": 176}, {"x": 192, "y": 144}, {"x": 160, "y": 144}, {"x": 160, "y": 112}, {"x": 192, "y": 112}, {"x": 192, "y": 64}, {"x": 224, "y": 64}, {"x": 224, "y": 112}, {"x": 240, "y": 112}, {"x": 240, "y": 64}, {"x": 272, "y": 64}, {"x": 272, "y": 112}, {"x": 304, "y": 112}, {"x": 304, "y": 144}, {"x": 272, "y": 144}, {"x": 272, "y": 176}, {"x": 330, "y": 176}, {"x": 330, "y": 144}, {"x": 314, "y": 144}, {"x": 314, "y": 112}, {"x": 330, "y": 112}, {"x": 330, "y": 64}, {"x": 362, "y": 64}, {"x": 362, "y": 112}, {"x": 378, "y": 112}, {"x": 378, "y": 64}, {"x": 410, "y": 64}, {"x": 410, "y": 112}, {"x": 442, "y": 112}, {"x": 442, "y": 144}, {"x": 410, "y": 144}, {"x": 410, "y": 176}, {"x": 448, "y": 176}, {"x": 448, "y": 144}, {"x": 493, "y": 144}, {"x": 493, "y": 176}, {"x": 538, "y": 176}, {"x": 538, "y": 208}, {"x": 493, "y": 208}, {"x": 493, "y": 224}, {"x": 538, "y": 224}], "holes": []}