{"name": "socg_fixed60", "n": 60, "outer_boundary": [{"x": 352, "y": 720}, {"x": 352, "y": 672}, {"x": 326, "y": 672}, {"x": 326, "y": 640}, {"x": 352, "y": 640}, {"x": 352, "y": 608}, {"x": 320, "y": 608}, {"x": 320, "y": 634}, {"x": 288, "y": 634}, {"x": 288, "y": 608}, {"x": 240, "y": 608}, {"x": 240, "y": 576}, {"x": 288, "y": 576}, {"x": 288, "y": 560}, {"x": 240, "y": 560}, {"x": 240, "y": 528}, {"x": 288, "y": 528}, {"x": 288, "y": 502}, {"x": 320, "y": 502}, {"x": 320, "y": 528}, {"x": 352, "y": 528}, {"x": 352, "y": 496}, {"x": 326, "y": 496}, {"x": 326, "y": 464}, {"x": 352, "y": 464}, {"x": 352, "y": 416}, {"x": 384, "y": 416}, {"x": 384, "y": 464}, {"x": 400, "y": 464}, {"x": 400, "y": 416}, {"x": 432, "y": 416}, {"x": 432, "y": 464}, {"x": 458, "y": 464}, {"x": 458, "y": 496}, {"x": 432, "y": 496}, {"x": 432, "y": 528}, {"x": 464, "y": 528}, {"x": 464, "y": 502}, {"x": 496, "y": 502}, {"x": 496, "y": 528}, {"x": 544, "y": 528}, {"x": 544, "y": 560}, {"x": 496, "y": 560}, {"x": 496, "y": 576}, {"x": 544, "y": 576}, {"x": 544, "y": 608}, {"x": 496, "y": 608}, {"x": 496, "y": 634}, {"x": 464, "y": 634}, {"x": 464, "y": 608}, {"x": 432, "y": 608}, {"x": 432, "y": 640}, {"x": 458, "y": 640}, {"x": 458, "y": 672}, {"x": 432, "y": 672}, {"x": 432, "y": 720}, {"x": 400, "y": 720}, {"x": 400, "y": 672}, {"x": 384, "y": 672}, {"x": 384, "y": 720}], "holes": [], "type": "CGSHOP2023_Instance"}