{"n": 60, "name": "socg60", "type": "CGSHOP2023_Instance", "outer_boundary": [{"x": 112, "y": 736}, {"x": 112, "y": 704}, {"x": 144, "y": 704}, {"x": 144, "y": 672}, {"x": 109, "y": 672}, {"x": 109, "y": 704}, {"x": 64, "y": 704}, {"x": 64, "y": 672}, {"x": 16, "y": 672}, {"x": 16, "y": 640}, {"x": 64, "y": 640}, {"x": 64, "y": 624}, {"x": 16, "y": 624}, {"x": 16, "y": 592}, {"x": 64, "y": 592}, {"x": 64, "y": 560}, {"x": 109, "y": 560}, {"x": 109, "y": 592}, {"x": 144, "y": 592}, {"x": 144, "y": 560}, {"x": 112, "y": 560}, {"x": 112, "y": 528}, {"x": 144, "y": 528}, {"x": 144, "y": 480}, {"x": 176, "y": 480}, {"x": 176, "y": 528}, {"x": 192, "y": 528}, {"x": 192, "y": 480}, {"x": 224, "y": 480}, {"x": 224, "y": 528}, {"x": 256, "y": 528}, {"x": 256, "y": 560}, {"x": 224, "y": 560}, {"x": 224, "y": 592}, {"x": 259, "y": 592}, {"x": 259, "y": 560}, {"x": 304, "y": 560}, {"x": 304, "y": 592}, {"x": 352, "y": 592}, {"x": 352, "y": 624}, {"x": 304, "y": 624}, {"x": 304, "y": 640}, {"x": 352, "y": 640}, {"x": 352, "y": 672}, {"x": 304, "y": 672}, {"x": 304, "y": 704}, {"x": 259, "y": 704}, {"x": 259, "y": 672}, {"x": 224, "y": 672}, {"x": 224, "y": 704}, {"x": 256, "y": 704}, {"x": 256, "y": 736}, {"x": 224, "y": 736}, {"x": 224, "y": 800}, {"x": 192, "y": 800}, {"x": 192, "y": 736}, {"x": 176, "y": 736}, {"x": 176, "y": 800}, {"x": 144, "y": 800}, {"x": 144, "y": 736}], "holes": []}
