{"outer_boundary": [{"x": 58, "y": 32}, {"x": 59, "y": 33}, {"x": 67, "y": 33}, {"x": 67, "y": 34}, {"x": 65, "y": 34}, {"x": 64, "y": 35}, {"x": 64, "y": 36}, {"x": 63, "y": 37}, {"x": 62, "y": 37}, {"x": 61, "y": 38}, {"x": 61, "y": 41}, {"x": 62, "y": 42}, {"x": 64, "y": 42}, {"x": 64, "y": 43}, {"x": 62, "y": 43}, {"x": 61, "y": 44}, {"x": 61, "y": 47}, {"x": 62, "y": 48}, {"x": 64, "y": 48}, {"x": 64, "y": 49}, {"x": 61, "y": 49}, {"x": 60, "y": 48}, {"x": 60, "y": 47}, {"x": 59, "y": 46}, {"x": 53, "y": 46}, {"x": 52, "y": 47}, {"x": 52, "y": 50}, {"x": 53, "y": 51}, {"x": 54, "y": 51}, {"x": 55, "y": 52}, {"x": 55, "y": 53}, {"x": 56, "y": 54}, {"x": 58, "y": 54}, {"x": 58, "y": 55}, {"x": 56, "y": 55}, {"x": 55, "y": 56}, {"x": 55, "y": 60}, {"x": 54, "y": 61}, {"x": 53, "y": 61}, {"x": 52, "y": 62}, {"x": 52, "y": 63}, {"x": 51, "y": 64}, {"x": 50, "y": 64}, {"x": 49, "y": 65}, {"x": 49, "y": 70}, {"x": 48, "y": 70}, {"x": 48, "y": 65}, {"x": 47, "y": 64}, {"x": 44, "y": 64}, {"x": 43, "y": 65}, {"x": 43, "y": 66}, {"x": 42, "y": 67}, {"x": 41, "y": 67}, {"x": 40, "y": 68}, {"x": 40, "y": 73}, {"x": 39, "y": 73}, {"x": 39, "y": 68}, {"x": 38, "y": 67}, {"x": 36, "y": 67}, {"x": 36, "y": 66}, {"x": 38, "y": 66}, {"x": 39, "y": 65}, {"x": 39, "y": 64}, {"x": 40, "y": 63}, {"x": 44, "y": 63}, {"x": 45, "y": 62}, {"x": 45, "y": 61}, {"x": 46, "y": 60}, {"x": 47, "y": 60}, {"x": 48, "y": 59}, {"x": 48, "y": 56}, {"x": 47, "y": 55}, {"x": 45, "y": 55}, {"x": 45, "y": 54}, {"x": 50, "y": 54}, {"x": 51, "y": 53}, {"x": 51, "y": 50}, {"x": 50, "y": 49}, {"x": 41, "y": 49}, {"x": 40, "y": 50}, {"x": 40, "y": 51}, {"x": 39, "y": 52}, {"x": 38, "y": 52}, {"x": 37, "y": 53}, {"x": 37, "y": 54}, {"x": 36, "y": 55}, {"x": 35, "y": 55}, {"x": 34, "y": 56}, {"x": 34, "y": 61}, {"x": 33, "y": 61}, {"x": 33, "y": 56}, {"x": 32, "y": 55}, {"x": 29, "y": 55}, {"x": 28, "y": 56}, {"x": 28, "y": 60}, {"x": 27, "y": 61}, {"x": 21, "y": 61}, {"x": 21, "y": 60}, {"x": 23, "y": 60}, {"x": 24, "y": 59}, {"x": 24, "y": 55}, {"x": 25, "y": 54}, {"x": 29, "y": 54}, {"x": 30, "y": 53}, {"x": 30, "y": 52}, {"x": 31, "y": 51}, {"x": 35, "y": 51}, {"x": 36, "y": 50}, {"x": 36, "y": 47}, {"x": 35, "y": 46}, {"x": 34, "y": 46}, {"x": 33, "y": 45}, {"x": 33, "y": 44}, {"x": 32, "y": 43}, {"x": 30, "y": 43}, {"x": 30, "y": 42}, {"x": 33, "y": 42}, {"x": 34, "y": 43}, {"x": 34, "y": 44}, {"x": 35, "y": 45}, {"x": 38, "y": 45}, {"x": 39, "y": 44}, {"x": 39, "y": 43}, {"x": 40, "y": 42}, {"x": 42, "y": 42}, {"x": 43, "y": 43}, {"x": 43, "y": 44}, {"x": 44, "y": 45}, {"x": 53, "y": 45}, {"x": 54, "y": 44}, {"x": 54, "y": 43}, {"x": 55, "y": 42}, {"x": 56, "y": 42}, {"x": 57, "y": 41}, {"x": 57, "y": 32}, {"x": 56, "y": 31}, {"x": 55, "y": 31}, {"x": 54, "y": 30}, {"x": 54, "y": 26}, {"x": 53, "y": 25}, {"x": 50, "y": 25}, {"x": 49, "y": 26}, {"x": 49, "y": 37}, {"x": 48, "y": 37}, {"x": 48, "y": 26}, {"x": 47, "y": 25}, {"x": 44, "y": 25}, {"x": 43, "y": 26}, {"x": 43, "y": 36}, {"x": 42, "y": 37}, {"x": 40, "y": 37}, {"x": 39, "y": 36}, {"x": 39, "y": 35}, {"x": 38, "y": 34}, {"x": 34, "y": 34}, {"x": 33, "y": 33}, {"x": 33, "y": 32}, {"x": 32, "y": 31}, {"x": 31, "y": 31}, {"x": 30, "y": 30}, {"x": 30, "y": 26}, {"x": 29, "y": 25}, {"x": 26, "y": 25}, {"x": 25, "y": 26}, {"x": 25, "y": 35}, {"x": 26, "y": 36}, {"x": 28, "y": 36}, {"x": 28, "y": 37}, {"x": 25, "y": 37}, {"x": 24, "y": 36}, {"x": 24, "y": 35}, {"x": 23, "y": 34}, {"x": 22, "y": 34}, {"x": 21, "y": 33}, {"x": 21, "y": 32}, {"x": 20, "y": 31}, {"x": 17, "y": 31}, {"x": 16, "y": 32}, {"x": 16, "y": 33}, {"x": 15, "y": 34}, {"x": 14, "y": 34}, {"x": 13, "y": 35}, {"x": 13, "y": 37}, {"x": 12, "y": 37}, {"x": 12, "y": 35}, {"x": 11, "y": 34}, {"x": 10, "y": 34}, {"x": 9, "y": 33}, {"x": 9, "y": 32}, {"x": 8, "y": 31}, {"x": 7, "y": 31}, {"x": 6, "y": 30}, {"x": 6, "y": 29}, {"x": 5, "y": 28}, {"x": 4, "y": 28}, {"x": 3, "y": 27}, {"x": 3, "y": 26}, {"x": 2, "y": 25}, {"x": 0, "y": 25}, {"x": 0, "y": 24}, {"x": 2, "y": 24}, {"x": 3, "y": 23}, {"x": 3, "y": 9}, {"x": 4, "y": 9}, {"x": 4, "y": 14}, {"x": 5, "y": 15}, {"x": 10, "y": 15}, {"x": 10, "y": 16}, {"x": 8, "y": 16}, {"x": 7, "y": 17}, {"x": 7, "y": 21}, {"x": 6, "y": 22}, {"x": 5, "y": 22}, {"x": 4, "y": 23}, {"x": 4, "y": 26}, {"x": 5, "y": 27}, {"x": 14, "y": 27}, {"x": 15, "y": 26}, {"x": 15, "y": 25}, {"x": 16, "y": 24}, {"x": 17, "y": 24}, {"x": 18, "y": 23}, {"x": 18, "y": 21}, {"x": 19, "y": 21}, {"x": 19, "y": 23}, {"x": 20, "y": 24}, {"x": 26, "y": 24}, {"x": 27, "y": 23}, {"x": 27, "y": 21}, {"x": 28, "y": 21}, {"x": 28, "y": 23}, {"x": 29, "y": 24}, {"x": 38, "y": 24}, {"x": 39, "y": 23}, {"x": 39, "y": 19}, {"x": 40, "y": 18}, {"x": 41, "y": 18}, {"x": 42, "y": 17}, {"x": 42, "y": 13}, {"x": 43, "y": 12}, {"x": 47, "y": 12}, {"x": 48, "y": 11}, {"x": 48, "y": 10}, {"x": 49, "y": 9}, {"x": 51, "y": 9}, {"x": 52, "y": 10}, {"x": 52, "y": 11}, {"x": 53, "y": 12}, {"x": 56, "y": 12}, {"x": 57, "y": 11}, {"x": 57, "y": 2}, {"x": 56, "y": 1}, {"x": 54, "y": 1}, {"x": 54, "y": 0}, {"x": 57, "y": 0}, {"x": 58, "y": 1}, {"x": 58, "y": 2}, {"x": 59, "y": 3}, {"x": 60, "y": 3}, {"x": 61, "y": 4}, {"x": 61, "y": 5}, {"x": 62, "y": 6}, {"x": 63, "y": 6}, {"x": 64, "y": 7}, {"x": 64, "y": 8}, {"x": 65, "y": 9}, {"x": 67, "y": 9}, {"x": 67, "y": 10}, {"x": 59, "y": 10}, {"x": 58, "y": 11}, {"x": 58, "y": 17}, {"x": 59, "y": 18}, {"x": 67, "y": 18}, {"x": 67, "y": 19}, {"x": 65, "y": 19}, {"x": 64, "y": 20}, {"x": 64, "y": 23}, {"x": 65, "y": 24}, {"x": 66, "y": 24}, {"x": 67, "y": 25}, {"x": 67, "y": 26}, {"x": 68, "y": 27}, {"x": 70, "y": 27}, {"x": 70, "y": 28}, {"x": 64, "y": 28}, {"x": 63, "y": 27}, {"x": 63, "y": 26}, {"x": 62, "y": 25}, {"x": 59, "y": 25}, {"x": 58, "y": 26}], "holes": [[{"x": 51, "y": 23}, {"x": 51, "y": 17}, {"x": 50, "y": 16}, {"x": 47, "y": 16}, {"x": 46, "y": 17}, {"x": 46, "y": 23}, {"x": 47, "y": 24}, {"x": 50, "y": 24}]], "name": "srpg_octa_mc0000297", "type": "CGSHOP2023_Instance", "n": 298}