{"outer_boundary": [{"x": 21, "y": 21}, {"x": 21, "y": 20}, {"x": 23, "y": 20}, {"x": 23, "y": 23}, {"x": 25, "y": 23}, {"x": 25, "y": 26}, {"x": 26, "y": 26}, {"x": 26, "y": 22}, {"x": 24, "y": 22}, {"x": 24, "y": 19}, {"x": 22, "y": 19}, {"x": 22, "y": 17}, {"x": 23, "y": 17}, {"x": 23, "y": 18}, {"x": 26, "y": 18}, {"x": 26, "y": 16}, {"x": 25, "y": 16}, {"x": 25, "y": 15}, {"x": 24, "y": 15}, {"x": 24, "y": 16}, {"x": 22, "y": 16}, {"x": 22, "y": 14}, {"x": 23, "y": 14}, {"x": 23, "y": 9}, {"x": 24, "y": 9}, {"x": 24, "y": 8}, {"x": 23, "y": 8}, {"x": 23, "y": 7}, {"x": 27, "y": 7}, {"x": 27, "y": 9}, {"x": 28, "y": 9}, {"x": 28, "y": 8}, {"x": 29, "y": 8}, {"x": 29, "y": 7}, {"x": 30, "y": 7}, {"x": 30, "y": 6}, {"x": 29, "y": 6}, {"x": 29, "y": 5}, {"x": 31, "y": 5}, {"x": 31, "y": 2}, {"x": 32, "y": 2}, {"x": 32, "y": 4}, {"x": 36, "y": 4}, {"x": 36, "y": 3}, {"x": 37, "y": 3}, {"x": 37, "y": 1}, {"x": 36, "y": 1}, {"x": 36, "y": 0}, {"x": 38, "y": 0}, {"x": 38, "y": 1}, {"x": 40, "y": 1}, {"x": 40, "y": 2}, {"x": 39, "y": 2}, {"x": 39, "y": 3}, {"x": 38, "y": 3}, {"x": 38, "y": 5}, {"x": 35, "y": 5}, {"x": 35, "y": 8}, {"x": 34, "y": 8}, {"x": 34, "y": 9}, {"x": 33, "y": 9}, {"x": 33, "y": 8}, {"x": 32, "y": 8}, {"x": 32, "y": 9}, {"x": 30, "y": 9}, {"x": 30, "y": 10}, {"x": 31, "y": 10}, {"x": 31, "y": 11}, {"x": 30, "y": 11}, {"x": 30, "y": 15}, {"x": 27, "y": 15}, {"x": 27, "y": 21}, {"x": 29, "y": 21}, {"x": 29, "y": 20}, {"x": 28, "y": 20}, {"x": 28, "y": 19}, {"x": 29, "y": 19}, {"x": 29, "y": 17}, {"x": 28, "y": 17}, {"x": 28, "y": 16}, {"x": 30, "y": 16}, {"x": 30, "y": 17}, {"x": 31, "y": 17}, {"x": 31, "y": 16}, {"x": 32, "y": 16}, {"x": 32, "y": 17}, {"x": 33, "y": 17}, {"x": 33, "y": 18}, {"x": 34, "y": 18}, {"x": 34, "y": 16}, {"x": 33, "y": 16}, {"x": 33, "y": 14}, {"x": 31, "y": 14}, {"x": 31, "y": 13}, {"x": 33, "y": 13}, {"x": 33, "y": 12}, {"x": 32, "y": 12}, {"x": 32, "y": 10}, {"x": 35, "y": 10}, {"x": 35, "y": 9}, {"x": 36, "y": 9}, {"x": 36, "y": 6}, {"x": 38, "y": 6}, {"x": 38, "y": 7}, {"x": 41, "y": 7}, {"x": 41, "y": 9}, {"x": 40, "y": 9}, {"x": 40, "y": 10}, {"x": 42, "y": 10}, {"x": 42, "y": 11}, {"x": 40, "y": 11}, {"x": 40, "y": 12}, {"x": 39, "y": 12}, {"x": 39, "y": 11}, {"x": 38, "y": 11}, {"x": 38, "y": 13}, {"x": 37, "y": 13}, {"x": 37, "y": 12}, {"x": 36, "y": 12}, {"x": 36, "y": 11}, {"x": 35, "y": 11}, {"x": 35, "y": 12}, {"x": 34, "y": 12}, {"x": 34, "y": 14}, {"x": 35, "y": 14}, {"x": 35, "y": 15}, {"x": 36, "y": 15}, {"x": 36, "y": 16}, {"x": 35, "y": 16}, {"x": 35, "y": 18}, {"x": 36, "y": 18}, {"x": 36, "y": 17}, {"x": 37, "y": 17}, {"x": 37, "y": 14}, {"x": 38, "y": 14}, {"x": 38, "y": 15}, {"x": 40, "y": 15}, {"x": 40, "y": 16}, {"x": 45, "y": 16}, {"x": 45, "y": 17}, {"x": 44, "y": 17}, {"x": 44, "y": 18}, {"x": 45, "y": 18}, {"x": 45, "y": 19}, {"x": 46, "y": 19}, {"x": 46, "y": 20}, {"x": 44, "y": 20}, {"x": 44, "y": 19}, {"x": 42, "y": 19}, {"x": 42, "y": 21}, {"x": 41, "y": 21}, {"x": 41, "y": 19}, {"x": 37, "y": 19}, {"x": 37, "y": 20}, {"x": 39, "y": 20}, {"x": 39, "y": 21}, {"x": 38, "y": 21}, {"x": 38, "y": 22}, {"x": 36, "y": 22}, {"x": 36, "y": 21}, {"x": 35, "y": 21}, {"x": 35, "y": 20}, {"x": 34, "y": 20}, {"x": 34, "y": 19}, {"x": 33, "y": 19}, {"x": 33, "y": 25}, {"x": 31, "y": 25}, {"x": 31, "y": 24}, {"x": 27, "y": 24}, {"x": 27, "y": 28}, {"x": 28, "y": 28}, {"x": 28, "y": 25}, {"x": 30, "y": 25}, {"x": 30, "y": 26}, {"x": 29, "y": 26}, {"x": 29, "y": 28}, {"x": 30, "y": 28}, {"x": 30, "y": 29}, {"x": 31, "y": 29}, {"x": 31, "y": 28}, {"x": 33, "y": 28}, {"x": 33, "y": 27}, {"x": 34, "y": 27}, {"x": 34, "y": 22}, {"x": 35, "y": 22}, {"x": 35, "y": 25}, {"x": 36, "y": 25}, {"x": 36, "y": 24}, {"x": 37, "y": 24}, {"x": 37, "y": 25}, {"x": 38, "y": 25}, {"x": 38, "y": 27}, {"x": 40, "y": 27}, {"x": 40, "y": 28}, {"x": 41, "y": 28}, {"x": 41, "y": 27}, {"x": 42, "y": 27}, {"x": 42, "y": 26}, {"x": 40, "y": 26}, {"x": 40, "y": 24}, {"x": 38, "y": 24}, {"x": 38, "y": 23}, {"x": 39, "y": 23}, {"x": 39, "y": 22}, {"x": 41, "y": 22}, {"x": 41, "y": 23}, {"x": 42, "y": 23}, {"x": 42, "y": 24}, {"x": 43, "y": 24}, {"x": 43, "y": 22}, {"x": 44, "y": 22}, {"x": 44, "y": 25}, {"x": 46, "y": 25}, {"x": 46, "y": 26}, {"x": 43, "y": 26}, {"x": 43, "y": 27}, {"x": 49, "y": 27}, {"x": 49, "y": 28}, {"x": 47, "y": 28}, {"x": 47, "y": 29}, {"x": 42, "y": 29}, {"x": 42, "y": 30}, {"x": 41, "y": 30}, {"x": 41, "y": 29}, {"x": 40, "y": 29}, {"x": 40, "y": 30}, {"x": 39, "y": 30}, {"x": 39, "y": 29}, {"x": 38, "y": 29}, {"x": 38, "y": 30}, {"x": 37, "y": 30}, {"x": 37, "y": 31}, {"x": 38, "y": 31}, {"x": 38, "y": 32}, {"x": 39, "y": 32}, {"x": 39, "y": 33}, {"x": 40, "y": 33}, {"x": 40, "y": 31}, {"x": 41, "y": 31}, {"x": 41, "y": 33}, {"x": 43, "y": 33}, {"x": 43, "y": 34}, {"x": 48, "y": 34}, {"x": 48, "y": 35}, {"x": 42, "y": 35}, {"x": 42, "y": 34}, {"x": 40, "y": 34}, {"x": 40, "y": 35}, {"x": 41, "y": 35}, {"x": 41, "y": 36}, {"x": 43, "y": 36}, {"x": 43, "y": 37}, {"x": 45, "y": 37}, {"x": 45, "y": 38}, {"x": 37, "y": 38}, {"x": 37, "y": 35}, {"x": 36, "y": 35}, {"x": 36, "y": 34}, {"x": 35, "y": 34}, {"x": 35, "y": 31}, {"x": 33, "y": 31}, {"x": 33, "y": 32}, {"x": 34, "y": 32}, {"x": 34, "y": 33}, {"x": 33, "y": 33}, {"x": 33, "y": 34}, {"x": 34, "y": 34}, {"x": 34, "y": 35}, {"x": 35, "y": 35}, {"x": 35, "y": 36}, {"x": 36, "y": 36}, {"x": 36, "y": 37}, {"x": 34, "y": 37}, {"x": 34, "y": 38}, {"x": 33, "y": 38}, {"x": 33, "y": 39}, {"x": 34, "y": 39}, {"x": 34, "y": 40}, {"x": 33, "y": 40}, {"x": 33, "y": 41}, {"x": 37, "y": 41}, {"x": 37, "y": 40}, {"x": 36, "y": 40}, {"x": 36, "y": 39}, {"x": 38, "y": 39}, {"x": 38, "y": 40}, {"x": 40, "y": 40}, {"x": 40, "y": 41}, {"x": 41, "y": 41}, {"x": 41, "y": 39}, {"x": 43, "y": 39}, {"x": 43, "y": 41}, {"x": 44, "y": 41}, {"x": 44, "y": 42}, {"x": 42, "y": 42}, {"x": 42, "y": 43}, {"x": 46, "y": 43}, {"x": 46, "y": 44}, {"x": 47, "y": 44}, {"x": 47, "y": 46}, {"x": 48, "y": 46}, {"x": 48, "y": 47}, {"x": 46, "y": 47}, {"x": 46, "y": 48}, {"x": 45, "y": 48}, {"x": 45, "y": 45}, {"x": 42, "y": 45}, {"x": 42, "y": 46}, {"x": 43, "y": 46}, {"x": 43, "y": 48}, {"x": 41, "y": 48}, {"x": 41, "y": 45}, {"x": 40, "y": 45}, {"x": 40, "y": 47}, {"x": 38, "y": 47}, {"x": 38, "y": 48}, {"x": 40, "y": 48}, {"x": 40, "y": 49}, {"x": 41, "y": 49}, {"x": 41, "y": 50}, {"x": 43, "y": 50}, {"x": 43, "y": 51}, {"x": 41, "y": 51}, {"x": 41, "y": 53}, {"x": 42, "y": 53}, {"x": 42, "y": 52}, {"x": 44, "y": 52}, {"x": 44, "y": 54}, {"x": 43, "y": 54}, {"x": 43, "y": 55}, {"x": 40, "y": 55}, {"x": 40, "y": 56}, {"x": 41, "y": 56}, {"x": 41, "y": 58}, {"x": 40, "y": 58}, {"x": 40, "y": 60}, {"x": 39, "y": 60}, {"x": 39, "y": 59}, {"x": 38, "y": 59}, {"x": 38, "y": 58}, {"x": 35, "y": 58}, {"x": 35, "y": 57}, {"x": 33, "y": 57}, {"x": 33, "y": 55}, {"x": 37, "y": 55}, {"x": 37, "y": 54}, {"x": 34, "y": 54}, {"x": 34, "y": 53}, {"x": 36, "y": 53}, {"x": 36, "y": 52}, {"x": 37, "y": 52}, {"x": 37, "y": 53}, {"x": 38, "y": 53}, {"x": 38, "y": 51}, {"x": 36, "y": 51}, {"x": 36, "y": 50}, {"x": 35, "y": 50}, {"x": 35, "y": 49}, {"x": 36, "y": 49}, {"x": 36, "y": 48}, {"x": 34, "y": 48}, {"x": 34, "y": 49}, {"x": 32, "y": 49}, {"x": 32, "y": 48}, {"x": 33, "y": 48}, {"x": 33, "y": 47}, {"x": 35, "y": 47}, {"x": 35, "y": 46}, {"x": 36, "y": 46}, {"x": 36, "y": 44}, {"x": 35, "y": 44}, {"x": 35, "y": 45}, {"x": 34, "y": 45}, {"x": 34, "y": 44}, {"x": 33, "y": 44}, {"x": 33, "y": 45}, {"x": 32, "y": 45}, {"x": 32, "y": 44}, {"x": 30, "y": 44}, {"x": 30, "y": 43}, {"x": 31, "y": 43}, {"x": 31, "y": 42}, {"x": 32, "y": 42}, {"x": 32, "y": 41}, {"x": 28, "y": 41}, {"x": 28, "y": 40}, {"x": 29, "y": 40}, {"x": 29, "y": 39}, {"x": 31, "y": 39}, {"x": 31, "y": 37}, {"x": 30, "y": 37}, {"x": 30, "y": 38}, {"x": 29, "y": 38}, {"x": 29, "y": 36}, {"x": 28, "y": 36}, {"x": 28, "y": 39}, {"x": 26, "y": 39}, {"x": 26, "y": 41}, {"x": 23, "y": 41}, {"x": 23, "y": 42}, {"x": 22, "y": 42}, {"x": 22, "y": 43}, {"x": 20, "y": 43}, {"x": 20, "y": 41}, {"x": 18, "y": 41}, {"x": 18, "y": 39}, {"x": 25, "y": 39}, {"x": 25, "y": 37}, {"x": 24, "y": 37}, {"x": 24, "y": 38}, {"x": 19, "y": 38}, {"x": 19, "y": 36}, {"x": 21, "y": 36}, {"x": 21, "y": 34}, {"x": 22, "y": 34}, {"x": 22, "y": 36}, {"x": 24, "y": 36}, {"x": 24, "y": 35}, {"x": 23, "y": 35}, {"x": 23, "y": 33}, {"x": 24, "y": 33}, {"x": 24, "y": 34}, {"x": 26, "y": 34}, {"x": 26, "y": 35}, {"x": 32, "y": 35}, {"x": 32, "y": 34}, {"x": 31, "y": 34}, {"x": 31, "y": 32}, {"x": 28, "y": 32}, {"x": 28, "y": 31}, {"x": 27, "y": 31}, {"x": 27, "y": 32}, {"x": 24, "y": 32}, {"x": 24, "y": 31}, {"x": 25, "y": 31}, {"x": 25, "y": 30}, {"x": 26, "y": 30}, {"x": 26, "y": 29}, {"x": 24, "y": 29}, {"x": 24, "y": 30}, {"x": 22, "y": 30}, {"x": 22, "y": 33}, {"x": 19, "y": 33}, {"x": 19, "y": 31}, {"x": 18, "y": 31}, {"x": 18, "y": 30}, {"x": 19, "y": 30}, {"x": 19, "y": 26}, {"x": 21, "y": 26}, {"x": 21, "y": 24}, {"x": 22, "y": 24}, {"x": 22, "y": 22}, {"x": 20, "y": 22}, {"x": 20, "y": 23}, {"x": 19, "y": 23}, {"x": 19, "y": 25}, {"x": 18, "y": 25}, {"x": 18, "y": 27}, {"x": 17, "y": 27}, {"x": 17, "y": 26}, {"x": 16, "y": 26}, {"x": 16, "y": 23}, {"x": 15, "y": 23}, {"x": 15, "y": 25}, {"x": 14, "y": 25}, {"x": 14, "y": 26}, {"x": 13, "y": 26}, {"x": 13, "y": 27}, {"x": 12, "y": 27}, {"x": 12, "y": 29}, {"x": 13, "y": 29}, {"x": 13, "y": 30}, {"x": 14, "y": 30}, {"x": 14, "y": 29}, {"x": 15, "y": 29}, {"x": 15, "y": 27}, {"x": 16, "y": 27}, {"x": 16, "y": 28}, {"x": 18, "y": 28}, {"x": 18, "y": 29}, {"x": 17, "y": 29}, {"x": 17, "y": 30}, {"x": 16, "y": 30}, {"x": 16, "y": 31}, {"x": 17, "y": 31}, {"x": 17, "y": 32}, {"x": 15, "y": 32}, {"x": 15, "y": 33}, {"x": 13, "y": 33}, {"x": 13, "y": 32}, {"x": 12, "y": 32}, {"x": 12, "y": 30}, {"x": 10, "y": 30}, {"x": 10, "y": 37}, {"x": 9, "y": 37}, {"x": 9, "y": 38}, {"x": 8, "y": 38}, {"x": 8, "y": 36}, {"x": 9, "y": 36}, {"x": 9, "y": 35}, {"x": 8, "y": 35}, {"x": 8, "y": 34}, {"x": 7, "y": 34}, {"x": 7, "y": 31}, {"x": 6, "y": 31}, {"x": 6, "y": 33}, {"x": 5, "y": 33}, {"x": 5, "y": 32}, {"x": 4, "y": 32}, {"x": 4, "y": 30}, {"x": 3, "y": 30}, {"x": 3, "y": 31}, {"x": 2, "y": 31}, {"x": 2, "y": 28}, {"x": 3, "y": 28}, {"x": 3, "y": 29}, {"x": 4, "y": 29}, {"x": 4, "y": 26}, {"x": 1, "y": 26}, {"x": 1, "y": 25}, {"x": 0, "y": 25}, {"x": 0, "y": 24}, {"x": 3, "y": 24}, {"x": 3, "y": 25}, {"x": 4, "y": 25}, {"x": 4, "y": 23}, {"x": 3, "y": 23}, {"x": 3, "y": 22}, {"x": 2, "y": 22}, {"x": 2, "y": 20}, {"x": 4, "y": 20}, {"x": 4, "y": 22}, {"x": 6, "y": 22}, {"x": 6, "y": 23}, {"x": 8, "y": 23}, {"x": 8, "y": 27}, {"x": 9, "y": 27}, {"x": 9, "y": 28}, {"x": 10, "y": 28}, {"x": 10, "y": 27}, {"x": 11, "y": 27}, {"x": 11, "y": 26}, {"x": 10, "y": 26}, {"x": 10, "y": 25}, {"x": 12, "y": 25}, {"x": 12, "y": 24}, {"x": 9, "y": 24}, {"x": 9, "y": 23}, {"x": 10, "y": 23}, {"x": 10, "y": 22}, {"x": 11, "y": 22}, {"x": 11, "y": 21}, {"x": 10, "y": 21}, {"x": 10, "y": 20}, {"x": 8, "y": 20}, {"x": 8, "y": 21}, {"x": 9, "y": 21}, {"x": 9, "y": 22}, {"x": 7, "y": 22}, {"x": 7, "y": 21}, {"x": 6, "y": 21}, {"x": 6, "y": 18}, {"x": 8, "y": 18}, {"x": 8, "y": 19}, {"x": 11, "y": 19}, {"x": 11, "y": 20}, {"x": 12, "y": 20}, {"x": 12, "y": 21}, {"x": 13, "y": 21}, {"x": 13, "y": 19}, {"x": 14, "y": 19}, {"x": 14, "y": 18}, {"x": 16, "y": 18}, {"x": 16, "y": 17}, {"x": 14, "y": 17}, {"x": 14, "y": 15}, {"x": 13, "y": 15}, {"x": 13, "y": 18}, {"x": 12, "y": 18}, {"x": 12, "y": 15}, {"x": 11, "y": 15}, {"x": 11, "y": 14}, {"x": 7, "y": 14}, {"x": 7, "y": 15}, {"x": 6, "y": 15}, {"x": 6, "y": 13}, {"x": 7, "y": 13}, {"x": 7, "y": 12}, {"x": 8, "y": 12}, {"x": 8, "y": 13}, {"x": 11, "y": 13}, {"x": 11, "y": 12}, {"x": 12, "y": 12}, {"x": 12, "y": 13}, {"x": 13, "y": 13}, {"x": 13, "y": 14}, {"x": 14, "y": 14}, {"x": 14, "y": 12}, {"x": 16, "y": 12}, {"x": 16, "y": 14}, {"x": 17, "y": 14}, {"x": 17, "y": 13}, {"x": 18, "y": 13}, {"x": 18, "y": 15}, {"x": 21, "y": 15}, {"x": 21, "y": 18}, {"x": 20, "y": 18}, {"x": 20, "y": 17}, {"x": 19, "y": 17}, {"x": 19, "y": 19}, {"x": 20, "y": 19}, {"x": 20, "y": 21}], "holes": [[{"x": 18, "y": 21}, {"x": 18, "y": 19}, {"x": 16, "y": 19}, {"x": 16, "y": 20}, {"x": 15, "y": 20}, {"x": 15, "y": 22}, {"x": 17, "y": 22}, {"x": 17, "y": 21}], [{"x": 18, "y": 17}, {"x": 17, "y": 17}, {"x": 17, "y": 18}, {"x": 18, "y": 18}], [{"x": 22, "y": 29}, {"x": 22, "y": 28}, {"x": 21, "y": 28}, {"x": 21, "y": 29}]], "name": "srpg_iso_aligned_mc0000624", "type": "CGSHOP2023_Instance", "n": 628}