{"outer_boundary": [{"x": 25, "y": 25}, {"x": 25, "y": 29}, {"x": 26, "y": 29}, {"x": 26, "y": 30}, {"x": 27, "y": 30}, {"x": 27, "y": 29}, {"x": 28, "y": 29}, {"x": 28, "y": 30}, {"x": 29, "y": 30}, {"x": 29, "y": 31}, {"x": 24, "y": 31}, {"x": 24, "y": 32}, {"x": 22, "y": 32}, {"x": 22, "y": 33}, {"x": 20, "y": 33}, {"x": 20, "y": 35}, {"x": 18, "y": 35}, {"x": 18, "y": 32}, {"x": 21, "y": 32}, {"x": 21, "y": 31}, {"x": 19, "y": 31}, {"x": 19, "y": 30}, {"x": 22, "y": 30}, {"x": 22, "y": 22}, {"x": 21, "y": 22}, {"x": 21, "y": 19}, {"x": 20, "y": 19}, {"x": 20, "y": 24}, {"x": 19, "y": 24}, {"x": 19, "y": 23}, {"x": 18, "y": 23}, {"x": 18, "y": 24}, {"x": 16, "y": 24}, {"x": 16, "y": 26}, {"x": 17, "y": 26}, {"x": 17, "y": 27}, {"x": 21, "y": 27}, {"x": 21, "y": 29}, {"x": 20, "y": 29}, {"x": 20, "y": 28}, {"x": 18, "y": 28}, {"x": 18, "y": 29}, {"x": 17, "y": 29}, {"x": 17, "y": 30}, {"x": 18, "y": 30}, {"x": 18, "y": 31}, {"x": 17, "y": 31}, {"x": 17, "y": 32}, {"x": 15, "y": 32}, {"x": 15, "y": 31}, {"x": 16, "y": 31}, {"x": 16, "y": 27}, {"x": 15, "y": 27}, {"x": 15, "y": 26}, {"x": 14, "y": 26}, {"x": 14, "y": 28}, {"x": 15, "y": 28}, {"x": 15, "y": 30}, {"x": 13, "y": 30}, {"x": 13, "y": 31}, {"x": 12, "y": 31}, {"x": 12, "y": 30}, {"x": 11, "y": 30}, {"x": 11, "y": 32}, {"x": 12, "y": 32}, {"x": 12, "y": 33}, {"x": 13, "y": 33}, {"x": 13, "y": 34}, {"x": 12, "y": 34}, {"x": 12, "y": 35}, {"x": 11, "y": 35}, {"x": 11, "y": 36}, {"x": 12, "y": 36}, {"x": 12, "y": 38}, {"x": 15, "y": 38}, {"x": 15, "y": 40}, {"x": 16, "y": 40}, {"x": 16, "y": 41}, {"x": 11, "y": 41}, {"x": 11, "y": 42}, {"x": 13, "y": 42}, {"x": 13, "y": 43}, {"x": 12, "y": 43}, {"x": 12, "y": 44}, {"x": 11, "y": 44}, {"x": 11, "y": 43}, {"x": 9, "y": 43}, {"x": 9, "y": 42}, {"x": 8, "y": 42}, {"x": 8, "y": 39}, {"x": 9, "y": 39}, {"x": 9, "y": 40}, {"x": 11, "y": 40}, {"x": 11, "y": 38}, {"x": 10, "y": 38}, {"x": 10, "y": 37}, {"x": 6, "y": 37}, {"x": 6, "y": 35}, {"x": 8, "y": 35}, {"x": 8, "y": 32}, {"x": 9, "y": 32}, {"x": 9, "y": 31}, {"x": 7, "y": 31}, {"x": 7, "y": 30}, {"x": 6, "y": 30}, {"x": 6, "y": 32}, {"x": 5, "y": 32}, {"x": 5, "y": 30}, {"x": 4, "y": 30}, {"x": 4, "y": 31}, {"x": 3, "y": 31}, {"x": 3, "y": 30}, {"x": 2, "y": 30}, {"x": 2, "y": 28}, {"x": 3, "y": 28}, {"x": 3, "y": 27}, {"x": 7, "y": 27}, {"x": 7, "y": 25}, {"x": 8, "y": 25}, {"x": 8, "y": 26}, {"x": 10, "y": 26}, {"x": 10, "y": 25}, {"x": 12, "y": 25}, {"x": 12, "y": 26}, {"x": 13, "y": 26}, {"x": 13, "y": 25}, {"x": 14, "y": 25}, {"x": 14, "y": 24}, {"x": 15, "y": 24}, {"x": 15, "y": 23}, {"x": 14, "y": 23}, {"x": 14, "y": 22}, {"x": 15, "y": 22}, {"x": 15, "y": 20}, {"x": 14, "y": 20}, {"x": 14, "y": 19}, {"x": 15, "y": 19}, {"x": 15, "y": 18}, {"x": 13, "y": 18}, {"x": 13, "y": 17}, {"x": 12, "y": 17}, {"x": 12, "y": 19}, {"x": 13, "y": 19}, {"x": 13, "y": 20}, {"x": 12, "y": 20}, {"x": 12, "y": 22}, {"x": 13, "y": 22}, {"x": 13, "y": 24}, {"x": 11, "y": 24}, {"x": 11, "y": 22}, {"x": 8, "y": 22}, {"x": 8, "y": 21}, {"x": 7, "y": 21}, {"x": 7, "y": 20}, {"x": 9, "y": 20}, {"x": 9, "y": 21}, {"x": 11, "y": 21}, {"x": 11, "y": 20}, {"x": 10, "y": 20}, {"x": 10, "y": 19}, {"x": 9, "y": 19}, {"x": 9, "y": 18}, {"x": 10, "y": 18}, {"x": 10, "y": 16}, {"x": 11, "y": 16}, {"x": 11, "y": 14}, {"x": 8, "y": 14}, {"x": 8, "y": 13}, {"x": 9, "y": 13}, {"x": 9, "y": 12}, {"x": 10, "y": 12}, {"x": 10, "y": 11}, {"x": 8, "y": 11}, {"x": 8, "y": 10}, {"x": 4, "y": 10}, {"x": 4, "y": 11}, {"x": 5, "y": 11}, {"x": 5, "y": 12}, {"x": 3, "y": 12}, {"x": 3, "y": 11}, {"x": 2, "y": 11}, {"x": 2, "y": 10}, {"x": 0, "y": 10}, {"x": 0, "y": 9}, {"x": 2, "y": 9}, {"x": 2, "y": 8}, {"x": 3, "y": 8}, {"x": 3, "y": 7}, {"x": 5, "y": 7}, {"x": 5, "y": 9}, {"x": 6, "y": 9}, {"x": 6, "y": 8}, {"x": 8, "y": 8}, {"x": 8, "y": 9}, {"x": 9, "y": 9}, {"x": 9, "y": 7}, {"x": 10, "y": 7}, {"x": 10, "y": 6}, {"x": 7, "y": 6}, {"x": 7, "y": 5}, {"x": 11, "y": 5}, {"x": 11, "y": 3}, {"x": 12, "y": 3}, {"x": 12, "y": 2}, {"x": 10, "y": 2}, {"x": 10, "y": 0}, {"x": 11, "y": 0}, {"x": 11, "y": 1}, {"x": 15, "y": 1}, {"x": 15, "y": 2}, {"x": 16, "y": 2}, {"x": 16, "y": 3}, {"x": 15, "y": 3}, {"x": 15, "y": 4}, {"x": 14, "y": 4}, {"x": 14, "y": 5}, {"x": 15, "y": 5}, {"x": 15, "y": 6}, {"x": 13, "y": 6}, {"x": 13, "y": 9}, {"x": 12, "y": 9}, {"x": 12, "y": 13}, {"x": 14, "y": 13}, {"x": 14, "y": 12}, {"x": 13, "y": 12}, {"x": 13, "y": 10}, {"x": 14, "y": 10}, {"x": 14, "y": 11}, {"x": 17, "y": 11}, {"x": 17, "y": 12}, {"x": 19, "y": 12}, {"x": 19, "y": 14}, {"x": 18, "y": 14}, {"x": 18, "y": 16}, {"x": 17, "y": 16}, {"x": 17, "y": 17}, {"x": 16, "y": 17}, {"x": 16, "y": 19}, {"x": 17, "y": 19}, {"x": 17, "y": 18}, {"x": 18, "y": 18}, {"x": 18, "y": 17}, {"x": 21, "y": 17}, {"x": 21, "y": 13}, {"x": 22, "y": 13}, {"x": 22, "y": 15}, {"x": 23, "y": 15}, {"x": 23, "y": 14}, {"x": 24, "y": 14}, {"x": 24, "y": 16}, {"x": 25, "y": 16}, {"x": 25, "y": 13}, {"x": 26, "y": 13}, {"x": 26, "y": 15}, {"x": 27, "y": 15}, {"x": 27, "y": 17}, {"x": 26, "y": 17}, {"x": 26, "y": 18}, {"x": 23, "y": 18}, {"x": 23, "y": 16}, {"x": 22, "y": 16}, {"x": 22, "y": 19}, {"x": 25, "y": 19}, {"x": 25, "y": 20}, {"x": 24, "y": 20}, {"x": 24, "y": 21}, {"x": 23, "y": 21}, {"x": 23, "y": 23}, {"x": 24, "y": 23}, {"x": 24, "y": 22}, {"x": 25, "y": 22}, {"x": 25, "y": 23}, {"x": 26, "y": 23}, {"x": 26, "y": 25}], "holes": [[{"x": 9, "y": 30}, {"x": 10, "y": 30}, {"x": 10, "y": 27}, {"x": 8, "y": 27}, {"x": 8, "y": 28}, {"x": 5, "y": 28}, {"x": 5, "y": 29}, {"x": 9, "y": 29}], [{"x": 9, "y": 34}, {"x": 9, "y": 35}, {"x": 10, "y": 35}, {"x": 10, "y": 34}], [{"x": 17, "y": 13}, {"x": 15, "y": 13}, {"x": 15, "y": 14}, {"x": 17, "y": 14}]], "name": "srpg_iso_aligned_mc0000286", "type": "CGSHOP2023_Instance", "n": 290}