{"outer_boundary": [{"x": 21, "y": 14}, {"x": 22, "y": 13}, {"x": 24, "y": 13}, {"x": 25, "y": 12}, {"x": 26, "y": 13}, {"x": 28, "y": 13}, {"x": 28, "y": 12}, {"x": 29, "y": 11}, {"x": 29, "y": 10}, {"x": 27, "y": 10}, {"x": 26, "y": 11}, {"x": 25, "y": 10}, {"x": 25, "y": 9}, {"x": 22, "y": 9}, {"x": 22, "y": 6}, {"x": 24, "y": 6}, {"x": 24, "y": 7}, {"x": 23, "y": 7}, {"x": 23, "y": 8}, {"x": 25, "y": 8}, {"x": 25, "y": 6}, {"x": 26, "y": 6}, {"x": 26, "y": 9}, {"x": 27, "y": 9}, {"x": 28, "y": 8}, {"x": 28, "y": 5}, {"x": 29, "y": 4}, {"x": 29, "y": 2}, {"x": 30, "y": 2}, {"x": 30, "y": 3}, {"x": 31, "y": 3}, {"x": 31, "y": 0}, {"x": 32, "y": 0}, {"x": 32, "y": 1}, {"x": 33, "y": 2}, {"x": 33, "y": 4}, {"x": 34, "y": 5}, {"x": 34, "y": 6}, {"x": 35, "y": 7}, {"x": 34, "y": 8}, {"x": 34, "y": 9}, {"x": 38, "y": 9}, {"x": 38, "y": 11}, {"x": 37, "y": 11}, {"x": 37, "y": 10}, {"x": 35, "y": 10}, {"x": 34, "y": 11}, {"x": 34, "y": 12}, {"x": 33, "y": 13}, {"x": 30, "y": 13}, {"x": 30, "y": 14}, {"x": 33, "y": 14}, {"x": 34, "y": 15}, {"x": 33, "y": 16}, {"x": 32, "y": 16}, {"x": 31, "y": 17}, {"x": 30, "y": 17}, {"x": 30, "y": 18}, {"x": 36, "y": 18}, {"x": 36, "y": 21}, {"x": 35, "y": 21}, {"x": 35, "y": 19}, {"x": 34, "y": 19}, {"x": 34, "y": 20}, {"x": 33, "y": 20}, {"x": 33, "y": 19}, {"x": 32, "y": 19}, {"x": 31, "y": 20}, {"x": 30, "y": 20}, {"x": 30, "y": 21}, {"x": 33, "y": 21}, {"x": 34, "y": 22}, {"x": 35, "y": 22}, {"x": 35, "y": 23}, {"x": 34, "y": 23}, {"x": 34, "y": 24}, {"x": 36, "y": 24}, {"x": 36, "y": 25}, {"x": 35, "y": 25}, {"x": 35, "y": 27}, {"x": 34, "y": 28}, {"x": 33, "y": 28}, {"x": 33, "y": 29}, {"x": 32, "y": 29}, {"x": 32, "y": 27}, {"x": 33, "y": 27}, {"x": 34, "y": 26}, {"x": 34, "y": 25}, {"x": 33, "y": 25}, {"x": 32, "y": 24}, {"x": 30, "y": 24}, {"x": 29, "y": 25}, {"x": 29, "y": 26}, {"x": 31, "y": 26}, {"x": 31, "y": 27}, {"x": 30, "y": 27}, {"x": 29, "y": 28}, {"x": 29, "y": 29}, {"x": 28, "y": 30}, {"x": 28, "y": 33}, {"x": 27, "y": 33}, {"x": 27, "y": 31}, {"x": 26, "y": 31}, {"x": 26, "y": 34}, {"x": 27, "y": 34}, {"x": 27, "y": 35}, {"x": 26, "y": 35}, {"x": 26, "y": 36}, {"x": 28, "y": 36}, {"x": 29, "y": 37}, {"x": 28, "y": 38}, {"x": 27, "y": 38}, {"x": 27, "y": 39}, {"x": 26, "y": 39}, {"x": 26, "y": 38}, {"x": 25, "y": 38}, {"x": 25, "y": 40}, {"x": 24, "y": 40}, {"x": 24, "y": 38}, {"x": 23, "y": 37}, {"x": 23, "y": 35}, {"x": 19, "y": 35}, {"x": 19, "y": 34}, {"x": 18, "y": 34}, {"x": 18, "y": 33}, {"x": 20, "y": 33}, {"x": 20, "y": 34}, {"x": 21, "y": 34}, {"x": 21, "y": 32}, {"x": 23, "y": 32}, {"x": 23, "y": 33}, {"x": 22, "y": 33}, {"x": 22, "y": 34}, {"x": 24, "y": 34}, {"x": 24, "y": 32}, {"x": 25, "y": 31}, {"x": 25, "y": 30}, {"x": 23, "y": 30}, {"x": 23, "y": 31}, {"x": 22, "y": 31}, {"x": 22, "y": 29}, {"x": 21, "y": 29}, {"x": 21, "y": 31}, {"x": 20, "y": 31}, {"x": 20, "y": 30}, {"x": 19, "y": 29}, {"x": 18, "y": 29}, {"x": 17, "y": 30}, {"x": 16, "y": 30}, {"x": 16, "y": 35}, {"x": 17, "y": 35}, {"x": 18, "y": 36}, {"x": 18, "y": 37}, {"x": 20, "y": 37}, {"x": 20, "y": 38}, {"x": 17, "y": 38}, {"x": 17, "y": 37}, {"x": 16, "y": 37}, {"x": 15, "y": 36}, {"x": 15, "y": 33}, {"x": 13, "y": 33}, {"x": 13, "y": 34}, {"x": 14, "y": 34}, {"x": 14, "y": 35}, {"x": 13, "y": 35}, {"x": 13, "y": 36}, {"x": 14, "y": 37}, {"x": 14, "y": 38}, {"x": 15, "y": 38}, {"x": 16, "y": 39}, {"x": 19, "y": 39}, {"x": 19, "y": 40}, {"x": 17, "y": 40}, {"x": 17, "y": 41}, {"x": 16, "y": 41}, {"x": 16, "y": 40}, {"x": 11, "y": 40}, {"x": 11, "y": 39}, {"x": 12, "y": 39}, {"x": 12, "y": 38}, {"x": 10, "y": 38}, {"x": 10, "y": 40}, {"x": 9, "y": 40}, {"x": 9, "y": 39}, {"x": 6, "y": 39}, {"x": 6, "y": 40}, {"x": 8, "y": 40}, {"x": 8, "y": 41}, {"x": 4, "y": 41}, {"x": 3, "y": 40}, {"x": 3, "y": 38}, {"x": 4, "y": 37}, {"x": 8, "y": 37}, {"x": 8, "y": 36}, {"x": 4, "y": 36}, {"x": 3, "y": 35}, {"x": 4, "y": 34}, {"x": 5, "y": 34}, {"x": 6, "y": 33}, {"x": 6, "y": 32}, {"x": 5, "y": 32}, {"x": 3, "y": 30}, {"x": 3, "y": 29}, {"x": 4, "y": 28}, {"x": 4, "y": 27}, {"x": 2, "y": 27}, {"x": 2, "y": 30}, {"x": 1, "y": 30}, {"x": 1, "y": 26}, {"x": 3, "y": 26}, {"x": 4, "y": 25}, {"x": 5, "y": 25}, {"x": 5, "y": 24}, {"x": 4, "y": 23}, {"x": 3, "y": 23}, {"x": 3, "y": 22}, {"x": 0, "y": 22}, {"x": 0, "y": 21}, {"x": 1, "y": 21}, {"x": 1, "y": 20}, {"x": 2, "y": 20}, {"x": 2, "y": 21}, {"x": 3, "y": 21}, {"x": 3, "y": 20}, {"x": 4, "y": 20}, {"x": 4, "y": 22}, {"x": 5, "y": 22}, {"x": 5, "y": 21}, {"x": 7, "y": 21}, {"x": 7, "y": 22}, {"x": 6, "y": 22}, {"x": 6, "y": 25}, {"x": 8, "y": 25}, {"x": 8, "y": 23}, {"x": 9, "y": 23}, {"x": 9, "y": 24}, {"x": 11, "y": 24}, {"x": 13, "y": 26}, {"x": 13, "y": 27}, {"x": 14, "y": 27}, {"x": 14, "y": 25}, {"x": 15, "y": 25}, {"x": 15, "y": 26}, {"x": 16, "y": 26}, {"x": 16, "y": 24}, {"x": 15, "y": 23}, {"x": 14, "y": 23}, {"x": 14, "y": 22}, {"x": 16, "y": 22}, {"x": 16, "y": 21}, {"x": 17, "y": 21}, {"x": 17, "y": 23}, {"x": 19, "y": 23}, {"x": 19, "y": 20}, {"x": 20, "y": 20}, {"x": 20, "y": 22}, {"x": 21, "y": 22}, {"x": 21, "y": 23}, {"x": 20, "y": 23}, {"x": 20, "y": 24}, {"x": 19, "y": 24}, {"x": 18, "y": 25}, {"x": 18, "y": 26}, {"x": 19, "y": 27}, {"x": 20, "y": 27}, {"x": 20, "y": 26}, {"x": 21, "y": 26}, {"x": 21, "y": 28}, {"x": 25, "y": 28}, {"x": 25, "y": 27}, {"x": 23, "y": 27}, {"x": 23, "y": 26}, {"x": 26, "y": 26}, {"x": 26, "y": 25}, {"x": 25, "y": 24}, {"x": 23, "y": 24}, {"x": 23, "y": 25}, {"x": 21, "y": 25}, {"x": 21, "y": 24}, {"x": 22, "y": 24}, {"x": 22, "y": 23}, {"x": 23, "y": 23}, {"x": 24, "y": 22}, {"x": 25, "y": 23}, {"x": 26, "y": 23}, {"x": 26, "y": 20}, {"x": 28, "y": 20}, {"x": 28, "y": 21}, {"x": 27, "y": 21}, {"x": 27, "y": 22}, {"x": 29, "y": 22}, {"x": 29, "y": 19}, {"x": 27, "y": 19}, {"x": 26, "y": 18}, {"x": 26, "y": 16}, {"x": 27, "y": 16}, {"x": 27, "y": 17}, {"x": 28, "y": 17}, {"x": 28, "y": 15}, {"x": 25, "y": 15}, {"x": 25, "y": 16}, {"x": 24, "y": 17}, {"x": 24, "y": 18}, {"x": 23, "y": 18}, {"x": 23, "y": 16}, {"x": 20, "y": 16}, {"x": 19, "y": 15}, {"x": 20, "y": 14}], "holes": [[{"x": 5, "y": 30}, {"x": 9, "y": 30}, {"x": 9, "y": 29}, {"x": 7, "y": 29}, {"x": 7, "y": 28}, {"x": 11, "y": 28}, {"x": 11, "y": 27}, {"x": 8, "y": 27}, {"x": 7, "y": 26}, {"x": 5, "y": 26}], [{"x": 12, "y": 32}, {"x": 12, "y": 31}, {"x": 11, "y": 30}, {"x": 10, "y": 30}, {"x": 10, "y": 34}, {"x": 11, "y": 34}, {"x": 11, "y": 33}]], "name": "srpg_octa_mc0000322", "type": "CGSHOP2023_Instance", "n": 325}