{"outer_boundary": [{"x": 65, "y": 70}, {"x": 67, "y": 70}, {"x": 67, "y": 72}, {"x": 68, "y": 72}, {"x": 68, "y": 73}, {"x": 71, "y": 73}, {"x": 71, "y": 74}, {"x": 73, "y": 74}, {"x": 73, "y": 72}, {"x": 74, "y": 72}, {"x": 74, "y": 69}, {"x": 75, "y": 69}, {"x": 75, "y": 67}, {"x": 74, "y": 67}, {"x": 74, "y": 68}, {"x": 72, "y": 68}, {"x": 72, "y": 66}, {"x": 74, "y": 66}, {"x": 74, "y": 65}, {"x": 71, "y": 65}, {"x": 71, "y": 67}, {"x": 70, "y": 67}, {"x": 70, "y": 66}, {"x": 69, "y": 66}, {"x": 69, "y": 68}, {"x": 71, "y": 68}, {"x": 71, "y": 69}, {"x": 69, "y": 69}, {"x": 69, "y": 71}, {"x": 68, "y": 71}, {"x": 68, "y": 69}, {"x": 67, "y": 69}, {"x": 67, "y": 67}, {"x": 66, "y": 67}, {"x": 66, "y": 68}, {"x": 65, "y": 68}, {"x": 65, "y": 69}, {"x": 64, "y": 69}, {"x": 64, "y": 71}, {"x": 63, "y": 71}, {"x": 63, "y": 73}, {"x": 64, "y": 73}, {"x": 64, "y": 74}, {"x": 65, "y": 74}, {"x": 65, "y": 75}, {"x": 64, "y": 75}, {"x": 64, "y": 76}, {"x": 63, "y": 76}, {"x": 63, "y": 77}, {"x": 58, "y": 77}, {"x": 58, "y": 75}, {"x": 59, "y": 75}, {"x": 59, "y": 74}, {"x": 57, "y": 74}, {"x": 57, "y": 75}, {"x": 55, "y": 75}, {"x": 55, "y": 74}, {"x": 54, "y": 74}, {"x": 54, "y": 75}, {"x": 52, "y": 75}, {"x": 52, "y": 76}, {"x": 53, "y": 76}, {"x": 53, "y": 77}, {"x": 55, "y": 77}, {"x": 55, "y": 78}, {"x": 54, "y": 78}, {"x": 54, "y": 79}, {"x": 51, "y": 79}, {"x": 51, "y": 75}, {"x": 48, "y": 75}, {"x": 48, "y": 74}, {"x": 47, "y": 74}, {"x": 47, "y": 76}, {"x": 48, "y": 76}, {"x": 48, "y": 78}, {"x": 46, "y": 78}, {"x": 46, "y": 80}, {"x": 43, "y": 80}, {"x": 43, "y": 79}, {"x": 44, "y": 79}, {"x": 44, "y": 78}, {"x": 45, "y": 78}, {"x": 45, "y": 76}, {"x": 46, "y": 76}, {"x": 46, "y": 74}, {"x": 45, "y": 74}, {"x": 45, "y": 75}, {"x": 44, "y": 75}, {"x": 44, "y": 74}, {"x": 43, "y": 74}, {"x": 43, "y": 77}, {"x": 40, "y": 77}, {"x": 40, "y": 73}, {"x": 41, "y": 73}, {"x": 41, "y": 72}, {"x": 39, "y": 72}, {"x": 39, "y": 75}, {"x": 36, "y": 75}, {"x": 36, "y": 74}, {"x": 34, "y": 74}, {"x": 34, "y": 75}, {"x": 32, "y": 75}, {"x": 32, "y": 76}, {"x": 28, "y": 76}, {"x": 28, "y": 74}, {"x": 31, "y": 74}, {"x": 31, "y": 73}, {"x": 32, "y": 73}, {"x": 32, "y": 72}, {"x": 29, "y": 72}, {"x": 29, "y": 71}, {"x": 26, "y": 71}, {"x": 26, "y": 70}, {"x": 25, "y": 70}, {"x": 25, "y": 68}, {"x": 26, "y": 68}, {"x": 26, "y": 69}, {"x": 28, "y": 69}, {"x": 28, "y": 67}, {"x": 29, "y": 67}, {"x": 29, "y": 69}, {"x": 35, "y": 69}, {"x": 35, "y": 68}, {"x": 36, "y": 68}, {"x": 36, "y": 67}, {"x": 39, "y": 67}, {"x": 39, "y": 66}, {"x": 35, "y": 66}, {"x": 35, "y": 67}, {"x": 34, "y": 67}, {"x": 34, "y": 68}, {"x": 30, "y": 68}, {"x": 30, "y": 67}, {"x": 32, "y": 67}, {"x": 32, "y": 66}, {"x": 33, "y": 66}, {"x": 33, "y": 64}, {"x": 34, "y": 64}, {"x": 34, "y": 61}, {"x": 35, "y": 61}, {"x": 35, "y": 62}, {"x": 37, "y": 62}, {"x": 37, "y": 64}, {"x": 38, "y": 64}, {"x": 38, "y": 60}, {"x": 37, "y": 60}, {"x": 37, "y": 61}, {"x": 36, "y": 61}, {"x": 36, "y": 58}, {"x": 37, "y": 58}, {"x": 37, "y": 59}, {"x": 38, "y": 59}, {"x": 38, "y": 58}, {"x": 41, "y": 58}, {"x": 41, "y": 60}, {"x": 43, "y": 60}, {"x": 43, "y": 61}, {"x": 45, "y": 61}, {"x": 45, "y": 62}, {"x": 46, "y": 62}, {"x": 46, "y": 61}, {"x": 47, "y": 61}, {"x": 47, "y": 64}, {"x": 48, "y": 64}, {"x": 48, "y": 63}, {"x": 53, "y": 63}, {"x": 53, "y": 64}, {"x": 52, "y": 64}, {"x": 52, "y": 67}, {"x": 49, "y": 67}, {"x": 49, "y": 72}, {"x": 50, "y": 72}, {"x": 50, "y": 73}, {"x": 51, "y": 73}, {"x": 51, "y": 72}, {"x": 53, "y": 72}, {"x": 53, "y": 71}, {"x": 52, "y": 71}, {"x": 52, "y": 70}, {"x": 51, "y": 70}, {"x": 51, "y": 71}, {"x": 50, "y": 71}, {"x": 50, "y": 68}, {"x": 51, "y": 68}, {"x": 51, "y": 69}, {"x": 53, "y": 69}, {"x": 53, "y": 67}, {"x": 54, "y": 67}, {"x": 54, "y": 66}, {"x": 53, "y": 66}, {"x": 53, "y": 65}, {"x": 54, "y": 65}, {"x": 54, "y": 64}, {"x": 56, "y": 64}, {"x": 56, "y": 66}, {"x": 58, "y": 66}, {"x": 58, "y": 65}, {"x": 62, "y": 65}, {"x": 62, "y": 67}, {"x": 63, "y": 67}, {"x": 63, "y": 65}, {"x": 64, "y": 65}, {"x": 64, "y": 66}, {"x": 66, "y": 66}, {"x": 66, "y": 64}, {"x": 61, "y": 64}, {"x": 61, "y": 63}, {"x": 59, "y": 63}, {"x": 59, "y": 64}, {"x": 57, "y": 64}, {"x": 57, "y": 63}, {"x": 56, "y": 63}, {"x": 56, "y": 62}, {"x": 57, "y": 62}, {"x": 57, "y": 61}, {"x": 55, "y": 61}, {"x": 55, "y": 62}, {"x": 51, "y": 62}, {"x": 51, "y": 61}, {"x": 50, "y": 61}, {"x": 50, "y": 62}, {"x": 49, "y": 62}, {"x": 49, "y": 59}, {"x": 52, "y": 59}, {"x": 52, "y": 58}, {"x": 48, "y": 58}, {"x": 48, "y": 60}, {"x": 45, "y": 60}, {"x": 45, "y": 59}, {"x": 42, "y": 59}, {"x": 42, "y": 57}, {"x": 47, "y": 57}, {"x": 47, "y": 56}, {"x": 44, "y": 56}, {"x": 44, "y": 55}, {"x": 43, "y": 55}, {"x": 43, "y": 56}, {"x": 42, "y": 56}, {"x": 42, "y": 55}, {"x": 40, "y": 55}, {"x": 40, "y": 57}, {"x": 39, "y": 57}, {"x": 39, "y": 53}, {"x": 38, "y": 53}, {"x": 38, "y": 52}, {"x": 37, "y": 52}, {"x": 37, "y": 53}, {"x": 36, "y": 53}, {"x": 36, "y": 54}, {"x": 38, "y": 54}, {"x": 38, "y": 57}, {"x": 37, "y": 57}, {"x": 37, "y": 56}, {"x": 36, "y": 56}, {"x": 36, "y": 55}, {"x": 35, "y": 55}, {"x": 35, "y": 60}, {"x": 33, "y": 60}, {"x": 33, "y": 63}, {"x": 31, "y": 63}, {"x": 31, "y": 64}, {"x": 29, "y": 64}, {"x": 29, "y": 66}, {"x": 27, "y": 66}, {"x": 27, "y": 65}, {"x": 26, "y": 65}, {"x": 26, "y": 64}, {"x": 24, "y": 64}, {"x": 24, "y": 65}, {"x": 25, "y": 65}, {"x": 25, "y": 66}, {"x": 24, "y": 66}, {"x": 24, "y": 67}, {"x": 21, "y": 67}, {"x": 21, "y": 68}, {"x": 19, "y": 68}, {"x": 19, "y": 67}, {"x": 20, "y": 67}, {"x": 20, "y": 65}, {"x": 21, "y": 65}, {"x": 21, "y": 64}, {"x": 20, "y": 64}, {"x": 20, "y": 63}, {"x": 17, "y": 63}, {"x": 17, "y": 61}, {"x": 19, "y": 61}, {"x": 19, "y": 60}, {"x": 18, "y": 60}, {"x": 18, "y": 59}, {"x": 20, "y": 59}, {"x": 20, "y": 56}, {"x": 17, "y": 56}, {"x": 17, "y": 55}, {"x": 21, "y": 55}, {"x": 21, "y": 60}, {"x": 22, "y": 60}, {"x": 22, "y": 55}, {"x": 23, "y": 55}, {"x": 23, "y": 58}, {"x": 24, "y": 58}, {"x": 24, "y": 57}, {"x": 25, "y": 57}, {"x": 25, "y": 58}, {"x": 28, "y": 58}, {"x": 28, "y": 59}, {"x": 24, "y": 59}, {"x": 24, "y": 61}, {"x": 26, "y": 61}, {"x": 26, "y": 63}, {"x": 27, "y": 63}, {"x": 27, "y": 62}, {"x": 28, "y": 62}, {"x": 28, "y": 60}, {"x": 29, "y": 60}, {"x": 29, "y": 62}, {"x": 30, "y": 62}, {"x": 30, "y": 59}, {"x": 33, "y": 59}, {"x": 33, "y": 58}, {"x": 32, "y": 58}, {"x": 32, "y": 55}, {"x": 30, "y": 55}, {"x": 30, "y": 58}, {"x": 29, "y": 58}, {"x": 29, "y": 57}, {"x": 27, "y": 57}, {"x": 27, "y": 56}, {"x": 26, "y": 56}, {"x": 26, "y": 54}, {"x": 27, "y": 54}, {"x": 27, "y": 53}, {"x": 28, "y": 53}, {"x": 28, "y": 56}, {"x": 29, "y": 56}, {"x": 29, "y": 54}, {"x": 31, "y": 54}, {"x": 31, "y": 51}, {"x": 30, "y": 51}, {"x": 30, "y": 50}, {"x": 29, "y": 50}, {"x": 29, "y": 51}, {"x": 28, "y": 51}, {"x": 28, "y": 52}, {"x": 26, "y": 52}, {"x": 26, "y": 53}, {"x": 24, "y": 53}, {"x": 24, "y": 54}, {"x": 23, "y": 54}, {"x": 23, "y": 53}, {"x": 22, "y": 53}, {"x": 22, "y": 54}, {"x": 19, "y": 54}, {"x": 19, "y": 53}, {"x": 20, "y": 53}, {"x": 20, "y": 52}, {"x": 22, "y": 52}, {"x": 22, "y": 51}, {"x": 21, "y": 51}, {"x": 21, "y": 50}, {"x": 22, "y": 50}, {"x": 22, "y": 49}, {"x": 23, "y": 49}, {"x": 23, "y": 52}, {"x": 24, "y": 52}, {"x": 24, "y": 47}, {"x": 25, "y": 47}, {"x": 25, "y": 50}, {"x": 26, "y": 50}, {"x": 26, "y": 49}, {"x": 30, "y": 49}, {"x": 30, "y": 48}, {"x": 28, "y": 48}, {"x": 28, "y": 45}, {"x": 27, "y": 45}, {"x": 27, "y": 43}, {"x": 26, "y": 43}, {"x": 26, "y": 42}, {"x": 28, "y": 42}, {"x": 28, "y": 43}, {"x": 31, "y": 43}, {"x": 31, "y": 47}, {"x": 33, "y": 47}, {"x": 33, "y": 46}, {"x": 32, "y": 46}, {"x": 32, "y": 44}, {"x": 34, "y": 44}, {"x": 34, "y": 43}, {"x": 32, "y": 43}, {"x": 32, "y": 42}, {"x": 29, "y": 42}, {"x": 29, "y": 41}, {"x": 25, "y": 41}, {"x": 25, "y": 40}, {"x": 26, "y": 40}, {"x": 26, "y": 39}, {"x": 24, "y": 39}, {"x": 24, "y": 42}, {"x": 25, "y": 42}, {"x": 25, "y": 43}, {"x": 24, "y": 43}, {"x": 24, "y": 44}, {"x": 23, "y": 44}, {"x": 23, "y": 43}, {"x": 22, "y": 43}, {"x": 22, "y": 45}, {"x": 24, "y": 45}, {"x": 24, "y": 46}, {"x": 23, "y": 46}, {"x": 23, "y": 48}, {"x": 21, "y": 48}, {"x": 21, "y": 47}, {"x": 22, "y": 47}, {"x": 22, "y": 46}, {"x": 20, "y": 46}, {"x": 20, "y": 49}, {"x": 17, "y": 49}, {"x": 17, "y": 47}, {"x": 18, "y": 47}, {"x": 18, "y": 44}, {"x": 20, "y": 44}, {"x": 20, "y": 43}, {"x": 17, "y": 43}, {"x": 17, "y": 42}, {"x": 16, "y": 42}, {"x": 16, "y": 41}, {"x": 15, "y": 41}, {"x": 15, "y": 43}, {"x": 13, "y": 43}, {"x": 13, "y": 41}, {"x": 14, "y": 41}, {"x": 14, "y": 40}, {"x": 10, "y": 40}, {"x": 10, "y": 39}, {"x": 13, "y": 39}, {"x": 13, "y": 38}, {"x": 14, "y": 38}, {"x": 14, "y": 39}, {"x": 16, "y": 39}, {"x": 16, "y": 40}, {"x": 22, "y": 40}, {"x": 22, "y": 38}, {"x": 20, "y": 38}, {"x": 20, "y": 39}, {"x": 18, "y": 39}, {"x": 18, "y": 38}, {"x": 15, "y": 38}, {"x": 15, "y": 37}, {"x": 17, "y": 37}, {"x": 17, "y": 36}, {"x": 15, "y": 36}, {"x": 15, "y": 35}, {"x": 19, "y": 35}, {"x": 19, "y": 36}, {"x": 20, "y": 36}, {"x": 20, "y": 35}, {"x": 22, "y": 35}, {"x": 22, "y": 34}, {"x": 20, "y": 34}, {"x": 20, "y": 32}, {"x": 19, "y": 32}, {"x": 19, "y": 33}, {"x": 17, "y": 33}, {"x": 17, "y": 32}, {"x": 18, "y": 32}, {"x": 18, "y": 30}, {"x": 16, "y": 30}, {"x": 16, "y": 29}, {"x": 19, "y": 29}, {"x": 19, "y": 27}, {"x": 18, "y": 27}, {"x": 18, "y": 26}, {"x": 20, "y": 26}, {"x": 20, "y": 25}, {"x": 21, "y": 25}, {"x": 21, "y": 26}, {"x": 25, "y": 26}, {"x": 25, "y": 25}, {"x": 27, "y": 25}, {"x": 27, "y": 26}, {"x": 26, "y": 26}, {"x": 26, "y": 28}, {"x": 25, "y": 28}, {"x": 25, "y": 29}, {"x": 24, "y": 29}, {"x": 24, "y": 30}, {"x": 22, "y": 30}, {"x": 22, "y": 31}, {"x": 23, "y": 31}, {"x": 23, "y": 32}, {"x": 24, "y": 32}, {"x": 24, "y": 31}, {"x": 25, "y": 31}, {"x": 25, "y": 33}, {"x": 24, "y": 33}, {"x": 24, "y": 35}, {"x": 25, "y": 35}, {"x": 25, "y": 34}, {"x": 26, "y": 34}, {"x": 26, "y": 31}, {"x": 27, "y": 31}, {"x": 27, "y": 30}, {"x": 28, "y": 30}, {"x": 28, "y": 33}, {"x": 27, "y": 33}, {"x": 27, "y": 37}, {"x": 29, "y": 37}, {"x": 29, "y": 38}, {"x": 30, "y": 38}, {"x": 30, "y": 39}, {"x": 31, "y": 39}, {"x": 31, "y": 40}, {"x": 32, "y": 40}, {"x": 32, "y": 38}, {"x": 31, "y": 38}, {"x": 31, "y": 37}, {"x": 32, "y": 37}, {"x": 32, "y": 34}, {"x": 33, "y": 34}, {"x": 33, "y": 33}, {"x": 34, "y": 33}, {"x": 34, "y": 34}, {"x": 35, "y": 34}, {"x": 35, "y": 33}, {"x": 36, "y": 33}, {"x": 36, "y": 34}, {"x": 37, "y": 34}, {"x": 37, "y": 36}, {"x": 38, "y": 36}, {"x": 38, "y": 37}, {"x": 39, "y": 37}, {"x": 39, "y": 40}, {"x": 38, "y": 40}, {"x": 38, "y": 41}, {"x": 39, "y": 41}, {"x": 39, "y": 46}, {"x": 40, "y": 46}, {"x": 40, "y": 43}, {"x": 41, "y": 43}, {"x": 41, "y": 42}, {"x": 40, "y": 42}, {"x": 40, "y": 41}, {"x": 42, "y": 41}, {"x": 42, "y": 45}, {"x": 41, "y": 45}, {"x": 41, "y": 48}, {"x": 42, "y": 48}, {"x": 42, "y": 50}, {"x": 44, "y": 50}, {"x": 44, "y": 51}, {"x": 45, "y": 51}, {"x": 45, "y": 49}, {"x": 43, "y": 49}, {"x": 43, "y": 48}, {"x": 44, "y": 48}, {"x": 44, "y": 45}, {"x": 43, "y": 45}, {"x": 43, "y": 40}, {"x": 41, "y": 40}, {"x": 41, "y": 38}, {"x": 40, "y": 38}, {"x": 40, "y": 35}, {"x": 39, "y": 35}, {"x": 39, "y": 34}, {"x": 38, "y": 34}, {"x": 38, "y": 33}, {"x": 37, "y": 33}, {"x": 37, "y": 32}, {"x": 34, "y": 32}, {"x": 34, "y": 31}, {"x": 32, "y": 31}, {"x": 32, "y": 33}, {"x": 31, "y": 33}, {"x": 31, "y": 32}, {"x": 30, "y": 32}, {"x": 30, "y": 31}, {"x": 29, "y": 31}, {"x": 29, "y": 30}, {"x": 33, "y": 30}, {"x": 33, "y": 27}, {"x": 31, "y": 27}, {"x": 31, "y": 24}, {"x": 32, "y": 24}, {"x": 32, "y": 25}, {"x": 33, "y": 25}, {"x": 33, "y": 26}, {"x": 34, "y": 26}, {"x": 34, "y": 25}, {"x": 35, "y": 25}, {"x": 35, "y": 23}, {"x": 34, "y": 23}, {"x": 34, "y": 21}, {"x": 35, "y": 21}, {"x": 35, "y": 22}, {"x": 37, "y": 22}, {"x": 37, "y": 23}, {"x": 38, "y": 23}, {"x": 38, "y": 26}, {"x": 39, "y": 26}, {"x": 39, "y": 27}, {"x": 41, "y": 27}, {"x": 41, "y": 28}, {"x": 40, "y": 28}, {"x": 40, "y": 30}, {"x": 41, "y": 30}, {"x": 41, "y": 29}, {"x": 43, "y": 29}, {"x": 43, "y": 26}, {"x": 42, "y": 26}, {"x": 42, "y": 25}, {"x": 48, "y": 25}, {"x": 48, "y": 26}, {"x": 49, "y": 26}, {"x": 49, "y": 27}, {"x": 50, "y": 27}, {"x": 50, "y": 30}, {"x": 51, "y": 30}, {"x": 51, "y": 25}, {"x": 50, "y": 25}, {"x": 50, "y": 24}, {"x": 51, "y": 24}, {"x": 51, "y": 23}, {"x": 52, "y": 23}, {"x": 52, "y": 21}, {"x": 53, "y": 21}, {"x": 53, "y": 22}, {"x": 54, "y": 22}, {"x": 54, "y": 23}, {"x": 53, "y": 23}, {"x": 53, "y": 24}, {"x": 55, "y": 24}, {"x": 55, "y": 21}, {"x": 54, "y": 21}, {"x": 54, "y": 20}, {"x": 52, "y": 20}, {"x": 52, "y": 19}, {"x": 51, "y": 19}, {"x": 51, "y": 17}, {"x": 50, "y": 17}, {"x": 50, "y": 19}, {"x": 49, "y": 19}, {"x": 49, "y": 20}, {"x": 51, "y": 20}, {"x": 51, "y": 21}, {"x": 50, "y": 21}, {"x": 50, "y": 22}, {"x": 45, "y": 22}, {"x": 45, "y": 20}, {"x": 47, "y": 20}, {"x": 47, "y": 18}, {"x": 48, "y": 18}, {"x": 48, "y": 16}, {"x": 47, "y": 16}, {"x": 47, "y": 15}, {"x": 46, "y": 15}, {"x": 46, "y": 18}, {"x": 41, "y": 18}, {"x": 41, "y": 17}, {"x": 43, "y": 17}, {"x": 43, "y": 16}, {"x": 42, "y": 16}, {"x": 42, "y": 15}, {"x": 43, "y": 15}, {"x": 43, "y": 12}, {"x": 49, "y": 12}, {"x": 49, "y": 14}, {"x": 50, "y": 14}, {"x": 50, "y": 11}, {"x": 45, "y": 11}, {"x": 45, "y": 10}, {"x": 44, "y": 10}, {"x": 44, "y": 8}, {"x": 42, "y": 8}, {"x": 42, "y": 7}, {"x": 43, "y": 7}, {"x": 43, "y": 6}, {"x": 44, "y": 6}, {"x": 44, "y": 5}, {"x": 45, "y": 5}, {"x": 45, "y": 6}, {"x": 47, "y": 6}, {"x": 47, "y": 7}, {"x": 50, "y": 7}, {"x": 50, "y": 4}, {"x": 51, "y": 4}, {"x": 51, "y": 7}, {"x": 53, "y": 7}, {"x": 53, "y": 5}, {"x": 54, "y": 5}, {"x": 54, "y": 10}, {"x": 55, "y": 10}, {"x": 55, "y": 14}, {"x": 54, "y": 14}, {"x": 54, "y": 15}, {"x": 57, "y": 15}, {"x": 57, "y": 17}, {"x": 55, "y": 17}, {"x": 55, "y": 18}, {"x": 57, "y": 18}, {"x": 57, "y": 22}, {"x": 58, "y": 22}, {"x": 58, "y": 27}, {"x": 57, "y": 27}, {"x": 57, "y": 28}, {"x": 56, "y": 28}, {"x": 56, "y": 26}, {"x": 55, "y": 26}, {"x": 55, "y": 31}, {"x": 54, "y": 31}, {"x": 54, "y": 32}, {"x": 56, "y": 32}, {"x": 56, "y": 33}, {"x": 57, "y": 33}, {"x": 57, "y": 32}, {"x": 61, "y": 32}, {"x": 61, "y": 34}, {"x": 62, "y": 34}, {"x": 62, "y": 35}, {"x": 61, "y": 35}, {"x": 61, "y": 37}, {"x": 62, "y": 37}, {"x": 62, "y": 36}, {"x": 64, "y": 36}, {"x": 64, "y": 37}, {"x": 65, "y": 37}, {"x": 65, "y": 39}, {"x": 64, "y": 39}, {"x": 64, "y": 41}, {"x": 65, "y": 41}, {"x": 65, "y": 42}, {"x": 66, "y": 42}, {"x": 66, "y": 44}, {"x": 67, "y": 44}, {"x": 67, "y": 43}, {"x": 69, "y": 43}, {"x": 69, "y": 44}, {"x": 70, "y": 44}, {"x": 70, "y": 45}, {"x": 72, "y": 45}, {"x": 72, "y": 44}, {"x": 71, "y": 44}, {"x": 71, "y": 43}, {"x": 70, "y": 43}, {"x": 70, "y": 42}, {"x": 67, "y": 42}, {"x": 67, "y": 41}, {"x": 66, "y": 41}, {"x": 66, "y": 40}, {"x": 68, "y": 40}, {"x": 68, "y": 39}, {"x": 69, "y": 39}, {"x": 69, "y": 38}, {"x": 66, "y": 38}, {"x": 66, "y": 37}, {"x": 70, "y": 37}, {"x": 70, "y": 39}, {"x": 71, "y": 39}, {"x": 71, "y": 36}, {"x": 65, "y": 36}, {"x": 65, "y": 34}, {"x": 64, "y": 34}, {"x": 64, "y": 32}, {"x": 65, "y": 32}, {"x": 65, "y": 31}, {"x": 67, "y": 31}, {"x": 67, "y": 32}, {"x": 69, "y": 32}, {"x": 69, "y": 34}, {"x": 70, "y": 34}, {"x": 70, "y": 31}, {"x": 68, "y": 31}, {"x": 68, "y": 30}, {"x": 64, "y": 30}, {"x": 64, "y": 29}, {"x": 63, "y": 29}, {"x": 63, "y": 30}, {"x": 62, "y": 30}, {"x": 62, "y": 28}, {"x": 64, "y": 28}, {"x": 64, "y": 27}, {"x": 61, "y": 27}, {"x": 61, "y": 30}, {"x": 60, "y": 30}, {"x": 60, "y": 31}, {"x": 59, "y": 31}, {"x": 59, "y": 29}, {"x": 58, "y": 29}, {"x": 58, "y": 28}, {"x": 59, "y": 28}, {"x": 59, "y": 27}, {"x": 60, "y": 27}, {"x": 60, "y": 25}, {"x": 59, "y": 25}, {"x": 59, "y": 24}, {"x": 60, "y": 24}, {"x": 60, "y": 23}, {"x": 61, "y": 23}, {"x": 61, "y": 24}, {"x": 62, "y": 24}, {"x": 62, "y": 25}, {"x": 67, "y": 25}, {"x": 67, "y": 26}, {"x": 66, "y": 26}, {"x": 66, "y": 29}, {"x": 68, "y": 29}, {"x": 68, "y": 28}, {"x": 67, "y": 28}, {"x": 67, "y": 27}, {"x": 68, "y": 27}, {"x": 68, "y": 24}, {"x": 63, "y": 24}, {"x": 63, "y": 23}, {"x": 62, "y": 23}, {"x": 62, "y": 21}, {"x": 61, "y": 21}, {"x": 61, "y": 18}, {"x": 60, "y": 18}, {"x": 60, "y": 19}, {"x": 59, "y": 19}, {"x": 59, "y": 20}, {"x": 60, "y": 20}, {"x": 60, "y": 22}, {"x": 59, "y": 22}, {"x": 59, "y": 21}, {"x": 58, "y": 21}, {"x": 58, "y": 18}, {"x": 59, "y": 18}, {"x": 59, "y": 17}, {"x": 60, "y": 17}, {"x": 60, "y": 14}, {"x": 57, "y": 14}, {"x": 57, "y": 13}, {"x": 63, "y": 13}, {"x": 63, "y": 14}, {"x": 62, "y": 14}, {"x": 62, "y": 17}, {"x": 63, "y": 17}, {"x": 63, "y": 15}, {"x": 64, "y": 15}, {"x": 64, "y": 14}, {"x": 65, "y": 14}, {"x": 65, "y": 16}, {"x": 66, "y": 16}, {"x": 66, "y": 17}, {"x": 68, "y": 17}, {"x": 68, "y": 18}, {"x": 69, "y": 18}, {"x": 69, "y": 19}, {"x": 70, "y": 19}, {"x": 70, "y": 17}, {"x": 69, "y": 17}, {"x": 69, "y": 16}, {"x": 67, "y": 16}, {"x": 67, "y": 15}, {"x": 68, "y": 15}, {"x": 68, "y": 13}, {"x": 65, "y": 13}, {"x": 65, "y": 12}, {"x": 64, "y": 12}, {"x": 64, "y": 11}, {"x": 63, "y": 11}, {"x": 63, "y": 12}, {"x": 58, "y": 12}, {"x": 58, "y": 11}, {"x": 56, "y": 11}, {"x": 56, "y": 9}, {"x": 55, "y": 9}, {"x": 55, "y": 7}, {"x": 57, "y": 7}, {"x": 57, "y": 6}, {"x": 55, "y": 6}, {"x": 55, "y": 5}, {"x": 56, "y": 5}, {"x": 56, "y": 3}, {"x": 58, "y": 3}, {"x": 58, "y": 4}, {"x": 60, "y": 4}, {"x": 60, "y": 6}, {"x": 61, "y": 6}, {"x": 61, "y": 5}, {"x": 63, "y": 5}, {"x": 63, "y": 1}, {"x": 65, "y": 1}, {"x": 65, "y": 0}, {"x": 66, "y": 0}, {"x": 66, "y": 6}, {"x": 67, "y": 6}, {"x": 67, "y": 7}, {"x": 68, "y": 7}, {"x": 68, "y": 8}, {"x": 69, "y": 8}, {"x": 69, "y": 9}, {"x": 65, "y": 9}, {"x": 65, "y": 10}, {"x": 68, "y": 10}, {"x": 68, "y": 11}, {"x": 71, "y": 11}, {"x": 71, "y": 10}, {"x": 72, "y": 10}, {"x": 72, "y": 12}, {"x": 73, "y": 12}, {"x": 73, "y": 8}, {"x": 70, "y": 8}, {"x": 70, "y": 6}, {"x": 71, "y": 6}, {"x": 71, "y": 0}, {"x": 72, "y": 0}, {"x": 72, "y": 2}, {"x": 73, "y": 2}, {"x": 73, "y": 6}, {"x": 72, "y": 6}, {"x": 72, "y": 7}, {"x": 75, "y": 7}, {"x": 75, "y": 10}, {"x": 76, "y": 10}, {"x": 76, "y": 6}, {"x": 80, "y": 6}, {"x": 80, "y": 5}, {"x": 81, "y": 5}, {"x": 81, "y": 4}, {"x": 80, "y": 4}, {"x": 80, "y": 2}, {"x": 81, "y": 2}, {"x": 81, "y": 3}, {"x": 82, "y": 3}, {"x": 82, "y": 4}, {"x": 83, "y": 4}, {"x": 83, "y": 5}, {"x": 82, "y": 5}, {"x": 82, "y": 6}, {"x": 84, "y": 6}, {"x": 84, "y": 3}, {"x": 85, "y": 3}, {"x": 85, "y": 2}, {"x": 86, "y": 2}, {"x": 86, "y": 4}, {"x": 85, "y": 4}, {"x": 85, "y": 7}, {"x": 86, "y": 7}, {"x": 86, "y": 8}, {"x": 87, "y": 8}, {"x": 87, "y": 9}, {"x": 85, "y": 9}, {"x": 85, "y": 11}, {"x": 86, "y": 11}, {"x": 86, "y": 12}, {"x": 85, "y": 12}, {"x": 85, "y": 13}, {"x": 84, "y": 13}, {"x": 84, "y": 15}, {"x": 83, "y": 15}, {"x": 83, "y": 14}, {"x": 81, "y": 14}, {"x": 81, "y": 12}, {"x": 79, "y": 12}, {"x": 79, "y": 13}, {"x": 74, "y": 13}, {"x": 74, "y": 14}, {"x": 75, "y": 14}, {"x": 75, "y": 15}, {"x": 71, "y": 15}, {"x": 71, "y": 17}, {"x": 72, "y": 17}, {"x": 72, "y": 16}, {"x": 73, "y": 16}, {"x": 73, "y": 18}, {"x": 74, "y": 18}, {"x": 74, "y": 19}, {"x": 73, "y": 19}, {"x": 73, "y": 23}, {"x": 75, "y": 23}, {"x": 75, "y": 25}, {"x": 74, "y": 25}, {"x": 74, "y": 24}, {"x": 73, "y": 24}, {"x": 73, "y": 25}, {"x": 72, "y": 25}, {"x": 72, "y": 28}, {"x": 73, "y": 28}, {"x": 73, "y": 26}, {"x": 74, "y": 26}, {"x": 74, "y": 28}, {"x": 75, "y": 28}, {"x": 75, "y": 29}, {"x": 74, "y": 29}, {"x": 74, "y": 30}, {"x": 73, "y": 30}, {"x": 73, "y": 33}, {"x": 76, "y": 33}, {"x": 76, "y": 35}, {"x": 73, "y": 35}, {"x": 73, "y": 39}, {"x": 75, "y": 39}, {"x": 75, "y": 38}, {"x": 74, "y": 38}, {"x": 74, "y": 37}, {"x": 76, "y": 37}, {"x": 76, "y": 39}, {"x": 78, "y": 39}, {"x": 78, "y": 37}, {"x": 79, "y": 37}, {"x": 79, "y": 36}, {"x": 77, "y": 36}, {"x": 77, "y": 32}, {"x": 74, "y": 32}, {"x": 74, "y": 31}, {"x": 76, "y": 31}, {"x": 76, "y": 30}, {"x": 77, "y": 30}, {"x": 77, "y": 28}, {"x": 76, "y": 28}, {"x": 76, "y": 27}, {"x": 79, "y": 27}, {"x": 79, "y": 26}, {"x": 78, "y": 26}, {"x": 78, "y": 23}, {"x": 76, "y": 23}, {"x": 76, "y": 22}, {"x": 74, "y": 22}, {"x": 74, "y": 20}, {"x": 75, "y": 20}, {"x": 75, "y": 18}, {"x": 76, "y": 18}, {"x": 76, "y": 19}, {"x": 77, "y": 19}, {"x": 77, "y": 17}, {"x": 74, "y": 17}, {"x": 74, "y": 16}, {"x": 76, "y": 16}, {"x": 76, "y": 14}, {"x": 79, "y": 14}, {"x": 79, "y": 17}, {"x": 81, "y": 17}, {"x": 81, "y": 15}, {"x": 82, "y": 15}, {"x": 82, "y": 16}, {"x": 83, "y": 16}, {"x": 83, "y": 18}, {"x": 82, "y": 18}, {"x": 82, "y": 19}, {"x": 80, "y": 19}, {"x": 80, "y": 18}, {"x": 79, "y": 18}, {"x": 79, "y": 22}, {"x": 82, "y": 22}, {"x": 82, "y": 20}, {"x": 83, "y": 20}, {"x": 83, "y": 19}, {"x": 84, "y": 19}, {"x": 84, "y": 17}, {"x": 85, "y": 17}, {"x": 85, "y": 15}, {"x": 87, "y": 15}, {"x": 87, "y": 14}, {"x": 86, "y": 14}, {"x": 86, "y": 13}, {"x": 87, "y": 13}, {"x": 87, "y": 12}, {"x": 88, "y": 12}, {"x": 88, "y": 11}, {"x": 87, "y": 11}, {"x": 87, "y": 10}, {"x": 88, "y": 10}, {"x": 88, "y": 9}, {"x": 89, "y": 9}, {"x": 89, "y": 15}, {"x": 91, "y": 15}, {"x": 91, "y": 14}, {"x": 90, "y": 14}, {"x": 90, "y": 8}, {"x": 88, "y": 8}, {"x": 88, "y": 7}, {"x": 87, "y": 7}, {"x": 87, "y": 6}, {"x": 90, "y": 6}, {"x": 90, "y": 2}, {"x": 91, "y": 2}, {"x": 91, "y": 5}, {"x": 92, "y": 5}, {"x": 92, "y": 7}, {"x": 91, "y": 7}, {"x": 91, "y": 8}, {"x": 92, "y": 8}, {"x": 92, "y": 9}, {"x": 94, "y": 9}, {"x": 94, "y": 8}, {"x": 93, "y": 8}, {"x": 93, "y": 6}, {"x": 94, "y": 6}, {"x": 94, "y": 7}, {"x": 95, "y": 7}, {"x": 95, "y": 6}, {"x": 96, "y": 6}, {"x": 96, "y": 2}, {"x": 98, "y": 2}, {"x": 98, "y": 3}, {"x": 99, "y": 3}, {"x": 99, "y": 4}, {"x": 100, "y": 4}, {"x": 100, "y": 5}, {"x": 101, "y": 5}, {"x": 101, "y": 4}, {"x": 102, "y": 4}, {"x": 102, "y": 5}, {"x": 106, "y": 5}, {"x": 106, "y": 7}, {"x": 103, "y": 7}, {"x": 103, "y": 9}, {"x": 102, "y": 9}, {"x": 102, "y": 8}, {"x": 97, "y": 8}, {"x": 97, "y": 10}, {"x": 96, "y": 10}, {"x": 96, "y": 11}, {"x": 97, "y": 11}, {"x": 97, "y": 12}, {"x": 98, "y": 12}, {"x": 98, "y": 13}, {"x": 99, "y": 13}, {"x": 99, "y": 10}, {"x": 98, "y": 10}, {"x": 98, "y": 9}, {"x": 101, "y": 9}, {"x": 101, "y": 10}, {"x": 100, "y": 10}, {"x": 100, "y": 11}, {"x": 105, "y": 11}, {"x": 105, "y": 12}, {"x": 104, "y": 12}, {"x": 104, "y": 13}, {"x": 101, "y": 13}, {"x": 101, "y": 14}, {"x": 102, "y": 14}, {"x": 102, "y": 15}, {"x": 104, "y": 15}, {"x": 104, "y": 16}, {"x": 103, "y": 16}, {"x": 103, "y": 17}, {"x": 101, "y": 17}, {"x": 101, "y": 19}, {"x": 102, "y": 19}, {"x": 102, "y": 20}, {"x": 103, "y": 20}, {"x": 103, "y": 21}, {"x": 100, "y": 21}, {"x": 100, "y": 20}, {"x": 99, "y": 20}, {"x": 99, "y": 21}, {"x": 98, "y": 21}, {"x": 98, "y": 19}, {"x": 99, "y": 19}, {"x": 99, "y": 15}, {"x": 98, "y": 15}, {"x": 98, "y": 16}, {"x": 97, "y": 16}, {"x": 97, "y": 17}, {"x": 96, "y": 17}, {"x": 96, "y": 16}, {"x": 92, "y": 16}, {"x": 92, "y": 17}, {"x": 91, "y": 17}, {"x": 91, "y": 16}, {"x": 90, "y": 16}, {"x": 90, "y": 18}, {"x": 91, "y": 18}, {"x": 91, "y": 19}, {"x": 90, "y": 19}, {"x": 90, "y": 20}, {"x": 86, "y": 20}, {"x": 86, "y": 22}, {"x": 87, "y": 22}, {"x": 87, "y": 23}, {"x": 82, "y": 23}, {"x": 82, "y": 24}, {"x": 81, "y": 24}, {"x": 81, "y": 25}, {"x": 80, "y": 25}, {"x": 80, "y": 26}, {"x": 81, "y": 26}, {"x": 81, "y": 27}, {"x": 84, "y": 27}, {"x": 84, "y": 24}, {"x": 85, "y": 24}, {"x": 85, "y": 25}, {"x": 89, "y": 25}, {"x": 89, "y": 26}, {"x": 90, "y": 26}, {"x": 90, "y": 27}, {"x": 89, "y": 27}, {"x": 89, "y": 28}, {"x": 90, "y": 28}, {"x": 90, "y": 29}, {"x": 91, "y": 29}, {"x": 91, "y": 28}, {"x": 92, "y": 28}, {"x": 92, "y": 23}, {"x": 91, "y": 23}, {"x": 91, "y": 25}, {"x": 90, "y": 25}, {"x": 90, "y": 24}, {"x": 89, "y": 24}, {"x": 89, "y": 23}, {"x": 88, "y": 23}, {"x": 88, "y": 21}, {"x": 91, "y": 21}, {"x": 91, "y": 20}, {"x": 92, "y": 20}, {"x": 92, "y": 19}, {"x": 93, "y": 19}, {"x": 93, "y": 21}, {"x": 95, "y": 21}, {"x": 95, "y": 22}, {"x": 96, "y": 22}, {"x": 96, "y": 20}, {"x": 94, "y": 20}, {"x": 94, "y": 19}, {"x": 95, "y": 19}, {"x": 95, "y": 18}, {"x": 97, "y": 18}, {"x": 97, "y": 22}, {"x": 98, "y": 22}, {"x": 98, "y": 24}, {"x": 99, "y": 24}, {"x": 99, "y": 23}, {"x": 100, "y": 23}, {"x": 100, "y": 25}, {"x": 101, "y": 25}, {"x": 101, "y": 26}, {"x": 93, "y": 26}, {"x": 93, "y": 27}, {"x": 94, "y": 27}, {"x": 94, "y": 28}, {"x": 95, "y": 28}, {"x": 95, "y": 27}, {"x": 97, "y": 27}, {"x": 97, "y": 30}, {"x": 95, "y": 30}, {"x": 95, "y": 32}, {"x": 94, "y": 32}, {"x": 94, "y": 30}, {"x": 93, "y": 30}, {"x": 93, "y": 31}, {"x": 92, "y": 31}, {"x": 92, "y": 32}, {"x": 91, "y": 32}, {"x": 91, "y": 30}, {"x": 89, "y": 30}, {"x": 89, "y": 33}, {"x": 90, "y": 33}, {"x": 90, "y": 34}, {"x": 91, "y": 34}, {"x": 91, "y": 35}, {"x": 92, "y": 35}, {"x": 92, "y": 33}, {"x": 94, "y": 33}, {"x": 94, "y": 35}, {"x": 93, "y": 35}, {"x": 93, "y": 36}, {"x": 92, "y": 36}, {"x": 92, "y": 37}, {"x": 90, "y": 37}, {"x": 90, "y": 38}, {"x": 88, "y": 38}, {"x": 88, "y": 36}, {"x": 89, "y": 36}, {"x": 89, "y": 35}, {"x": 85, "y": 35}, {"x": 85, "y": 36}, {"x": 87, "y": 36}, {"x": 87, "y": 37}, {"x": 84, "y": 37}, {"x": 84, "y": 38}, {"x": 86, "y": 38}, {"x": 86, "y": 42}, {"x": 85, "y": 42}, {"x": 85, "y": 40}, {"x": 82, "y": 40}, {"x": 82, "y": 39}, {"x": 81, "y": 39}, {"x": 81, "y": 42}, {"x": 83, "y": 42}, {"x": 83, "y": 45}, {"x": 85, "y": 45}, {"x": 85, "y": 50}, {"x": 86, "y": 50}, {"x": 86, "y": 46}, {"x": 87, "y": 46}, {"x": 87, "y": 42}, {"x": 88, "y": 42}, {"x": 88, "y": 40}, {"x": 87, "y": 40}, {"x": 87, "y": 39}, {"x": 89, "y": 39}, {"x": 89, "y": 40}, {"x": 90, "y": 40}, {"x": 90, "y": 42}, {"x": 91, "y": 42}, {"x": 91, "y": 43}, {"x": 92, "y": 43}, {"x": 92, "y": 44}, {"x": 90, "y": 44}, {"x": 90, "y": 45}, {"x": 91, "y": 45}, {"x": 91, "y": 51}, {"x": 90, "y": 51}, {"x": 90, "y": 50}, {"x": 89, "y": 50}, {"x": 89, "y": 49}, {"x": 88, "y": 49}, {"x": 88, "y": 51}, {"x": 87, "y": 51}, {"x": 87, "y": 52}, {"x": 90, "y": 52}, {"x": 90, "y": 53}, {"x": 89, "y": 53}, {"x": 89, "y": 54}, {"x": 93, "y": 54}, {"x": 93, "y": 53}, {"x": 94, "y": 53}, {"x": 94, "y": 50}, {"x": 93, "y": 50}, {"x": 93, "y": 52}, {"x": 92, "y": 52}, {"x": 92, "y": 45}, {"x": 93, "y": 45}, {"x": 93, "y": 42}, {"x": 92, "y": 42}, {"x": 92, "y": 41}, {"x": 91, "y": 41}, {"x": 91, "y": 40}, {"x": 92, "y": 40}, {"x": 92, "y": 39}, {"x": 91, "y": 39}, {"x": 91, "y": 38}, {"x": 93, "y": 38}, {"x": 93, "y": 37}, {"x": 94, "y": 37}, {"x": 94, "y": 36}, {"x": 95, "y": 36}, {"x": 95, "y": 33}, {"x": 99, "y": 33}, {"x": 99, "y": 32}, {"x": 97, "y": 32}, {"x": 97, "y": 31}, {"x": 98, "y": 31}, {"x": 98, "y": 27}, {"x": 102, "y": 27}, {"x": 102, "y": 26}, {"x": 105, "y": 26}, {"x": 105, "y": 27}, {"x": 104, "y": 27}, {"x": 104, "y": 28}, {"x": 100, "y": 28}, {"x": 100, "y": 30}, {"x": 104, "y": 30}, {"x": 104, "y": 31}, {"x": 107, "y": 31}, {"x": 107, "y": 32}, {"x": 103, "y": 32}, {"x": 103, "y": 31}, {"x": 102, "y": 31}, {"x": 102, "y": 33}, {"x": 101, "y": 33}, {"x": 101, "y": 32}, {"x": 100, "y": 32}, {"x": 100, "y": 34}, {"x": 99, "y": 34}, {"x": 99, "y": 36}, {"x": 97, "y": 36}, {"x": 97, "y": 37}, {"x": 102, "y": 37}, {"x": 102, "y": 36}, {"x": 103, "y": 36}, {"x": 103, "y": 38}, {"x": 102, "y": 38}, {"x": 102, "y": 39}, {"x": 101, "y": 39}, {"x": 101, "y": 41}, {"x": 99, "y": 41}, {"x": 99, "y": 40}, {"x": 97, "y": 40}, {"x": 97, "y": 41}, {"x": 95, "y": 41}, {"x": 95, "y": 42}, {"x": 94, "y": 42}, {"x": 94, "y": 44}, {"x": 95, "y": 44}, {"x": 95, "y": 45}, {"x": 96, "y": 45}, {"x": 96, "y": 42}, {"x": 97, "y": 42}, {"x": 97, "y": 44}, {"x": 98, "y": 44}, {"x": 98, "y": 45}, {"x": 99, "y": 45}, {"x": 99, "y": 42}, {"x": 100, "y": 42}, {"x": 100, "y": 43}, {"x": 101, "y": 43}, {"x": 101, "y": 44}, {"x": 108, "y": 44}, {"x": 108, "y": 45}, {"x": 101, "y": 45}, {"x": 101, "y": 46}, {"x": 106, "y": 46}, {"x": 106, "y": 47}, {"x": 101, "y": 47}, {"x": 101, "y": 50}, {"x": 102, "y": 50}, {"x": 102, "y": 52}, {"x": 100, "y": 52}, {"x": 100, "y": 53}, {"x": 102, "y": 53}, {"x": 102, "y": 54}, {"x": 108, "y": 54}, {"x": 108, "y": 55}, {"x": 107, "y": 55}, {"x": 107, "y": 56}, {"x": 103, "y": 56}, {"x": 103, "y": 57}, {"x": 100, "y": 57}, {"x": 100, "y": 56}, {"x": 99, "y": 56}, {"x": 99, "y": 55}, {"x": 97, "y": 55}, {"x": 97, "y": 53}, {"x": 98, "y": 53}, {"x": 98, "y": 52}, {"x": 99, "y": 52}, {"x": 99, "y": 50}, {"x": 98, "y": 50}, {"x": 98, "y": 48}, {"x": 96, "y": 48}, {"x": 96, "y": 47}, {"x": 95, "y": 47}, {"x": 95, "y": 49}, {"x": 97, "y": 49}, {"x": 97, "y": 51}, {"x": 96, "y": 51}, {"x": 96, "y": 53}, {"x": 95, "y": 53}, {"x": 95, "y": 54}, {"x": 96, "y": 54}, {"x": 96, "y": 57}, {"x": 99, "y": 57}, {"x": 99, "y": 58}, {"x": 100, "y": 58}, {"x": 100, "y": 59}, {"x": 99, "y": 59}, {"x": 99, "y": 61}, {"x": 101, "y": 61}, {"x": 101, "y": 58}, {"x": 102, "y": 58}, {"x": 102, "y": 59}, {"x": 103, "y": 59}, {"x": 103, "y": 58}, {"x": 105, "y": 58}, {"x": 105, "y": 59}, {"x": 104, "y": 59}, {"x": 104, "y": 60}, {"x": 105, "y": 60}, {"x": 105, "y": 61}, {"x": 106, "y": 61}, {"x": 106, "y": 63}, {"x": 103, "y": 63}, {"x": 103, "y": 62}, {"x": 102, "y": 62}, {"x": 102, "y": 63}, {"x": 101, "y": 63}, {"x": 101, "y": 65}, {"x": 102, "y": 65}, {"x": 102, "y": 66}, {"x": 99, "y": 66}, {"x": 99, "y": 67}, {"x": 102, "y": 67}, {"x": 102, "y": 68}, {"x": 103, "y": 68}, {"x": 103, "y": 65}, {"x": 104, "y": 65}, {"x": 104, "y": 67}, {"x": 105, "y": 67}, {"x": 105, "y": 70}, {"x": 106, "y": 70}, {"x": 106, "y": 71}, {"x": 107, "y": 71}, {"x": 107, "y": 72}, {"x": 104, "y": 72}, {"x": 104, "y": 73}, {"x": 106, "y": 73}, {"x": 106, "y": 74}, {"x": 103, "y": 74}, {"x": 103, "y": 73}, {"x": 102, "y": 73}, {"x": 102, "y": 72}, {"x": 101, "y": 72}, {"x": 101, "y": 73}, {"x": 98, "y": 73}, {"x": 98, "y": 74}, {"x": 100, "y": 74}, {"x": 100, "y": 75}, {"x": 104, "y": 75}, {"x": 104, "y": 76}, {"x": 103, "y": 76}, {"x": 103, "y": 77}, {"x": 101, "y": 77}, {"x": 101, "y": 76}, {"x": 95, "y": 76}, {"x": 95, "y": 78}, {"x": 94, "y": 78}, {"x": 94, "y": 80}, {"x": 95, "y": 80}, {"x": 95, "y": 83}, {"x": 96, "y": 83}, {"x": 96, "y": 77}, {"x": 100, "y": 77}, {"x": 100, "y": 78}, {"x": 102, "y": 78}, {"x": 102, "y": 79}, {"x": 104, "y": 79}, {"x": 104, "y": 81}, {"x": 105, "y": 81}, {"x": 105, "y": 79}, {"x": 107, "y": 79}, {"x": 107, "y": 80}, {"x": 108, "y": 80}, {"x": 108, "y": 81}, {"x": 110, "y": 81}, {"x": 110, "y": 82}, {"x": 108, "y": 82}, {"x": 108, "y": 83}, {"x": 110, "y": 83}, {"x": 110, "y": 84}, {"x": 111, "y": 84}, {"x": 111, "y": 85}, {"x": 102, "y": 85}, {"x": 102, "y": 82}, {"x": 100, "y": 82}, {"x": 100, "y": 84}, {"x": 101, "y": 84}, {"x": 101, "y": 85}, {"x": 99, "y": 85}, {"x": 99, "y": 87}, {"x": 103, "y": 87}, {"x": 103, "y": 88}, {"x": 106, "y": 88}, {"x": 106, "y": 89}, {"x": 101, "y": 89}, {"x": 101, "y": 90}, {"x": 100, "y": 90}, {"x": 100, "y": 88}, {"x": 99, "y": 88}, {"x": 99, "y": 91}, {"x": 102, "y": 91}, {"x": 102, "y": 93}, {"x": 103, "y": 93}, {"x": 103, "y": 91}, {"x": 104, "y": 91}, {"x": 104, "y": 92}, {"x": 105, "y": 92}, {"x": 105, "y": 93}, {"x": 106, "y": 93}, {"x": 106, "y": 94}, {"x": 109, "y": 94}, {"x": 109, "y": 95}, {"x": 106, "y": 95}, {"x": 106, "y": 96}, {"x": 109, "y": 96}, {"x": 109, "y": 97}, {"x": 106, "y": 97}, {"x": 106, "y": 98}, {"x": 107, "y": 98}, {"x": 107, "y": 99}, {"x": 105, "y": 99}, {"x": 105, "y": 98}, {"x": 104, "y": 98}, {"x": 104, "y": 95}, {"x": 103, "y": 95}, {"x": 103, "y": 99}, {"x": 104, "y": 99}, {"x": 104, "y": 101}, {"x": 106, "y": 101}, {"x": 106, "y": 102}, {"x": 103, "y": 102}, {"x": 103, "y": 101}, {"x": 102, "y": 101}, {"x": 102, "y": 102}, {"x": 101, "y": 102}, {"x": 101, "y": 103}, {"x": 100, "y": 103}, {"x": 100, "y": 107}, {"x": 101, "y": 107}, {"x": 101, "y": 108}, {"x": 99, "y": 108}, {"x": 99, "y": 106}, {"x": 98, "y": 106}, {"x": 98, "y": 103}, {"x": 96, "y": 103}, {"x": 96, "y": 105}, {"x": 95, "y": 105}, {"x": 95, "y": 107}, {"x": 96, "y": 107}, {"x": 96, "y": 108}, {"x": 97, "y": 108}, {"x": 97, "y": 109}, {"x": 95, "y": 109}, {"x": 95, "y": 110}, {"x": 94, "y": 110}, {"x": 94, "y": 112}, {"x": 93, "y": 112}, {"x": 93, "y": 113}, {"x": 92, "y": 113}, {"x": 92, "y": 114}, {"x": 91, "y": 114}, {"x": 91, "y": 115}, {"x": 90, "y": 115}, {"x": 90, "y": 113}, {"x": 91, "y": 113}, {"x": 91, "y": 110}, {"x": 90, "y": 110}, {"x": 90, "y": 111}, {"x": 89, "y": 111}, {"x": 89, "y": 114}, {"x": 88, "y": 114}, {"x": 88, "y": 115}, {"x": 87, "y": 115}, {"x": 87, "y": 109}, {"x": 88, "y": 109}, {"x": 88, "y": 108}, {"x": 90, "y": 108}, {"x": 90, "y": 107}, {"x": 92, "y": 107}, {"x": 92, "y": 104}, {"x": 93, "y": 104}, {"x": 93, "y": 103}, {"x": 95, "y": 103}, {"x": 95, "y": 102}, {"x": 93, "y": 102}, {"x": 93, "y": 100}, {"x": 96, "y": 100}, {"x": 96, "y": 98}, {"x": 94, "y": 98}, {"x": 94, "y": 99}, {"x": 92, "y": 99}, {"x": 92, "y": 103}, {"x": 91, "y": 103}, {"x": 91, "y": 104}, {"x": 90, "y": 104}, {"x": 90, "y": 101}, {"x": 88, "y": 101}, {"x": 88, "y": 102}, {"x": 87, "y": 102}, {"x": 87, "y": 103}, {"x": 88, "y": 103}, {"x": 88, "y": 104}, {"x": 89, "y": 104}, {"x": 89, "y": 105}, {"x": 90, "y": 105}, {"x": 90, "y": 106}, {"x": 89, "y": 106}, {"x": 89, "y": 107}, {"x": 87, "y": 107}, {"x": 87, "y": 108}, {"x": 85, "y": 108}, {"x": 85, "y": 109}, {"x": 86, "y": 109}, {"x": 86, "y": 112}, {"x": 85, "y": 112}, {"x": 85, "y": 113}, {"x": 84, "y": 113}, {"x": 84, "y": 114}, {"x": 83, "y": 114}, {"x": 83, "y": 119}, {"x": 82, "y": 119}, {"x": 82, "y": 111}, {"x": 84, "y": 111}, {"x": 84, "y": 110}, {"x": 83, "y": 110}, {"x": 83, "y": 109}, {"x": 82, "y": 109}, {"x": 82, "y": 108}, {"x": 83, "y": 108}, {"x": 83, "y": 107}, {"x": 84, "y": 107}, {"x": 84, "y": 104}, {"x": 83, "y": 104}, {"x": 83, "y": 105}, {"x": 82, "y": 105}, {"x": 82, "y": 102}, {"x": 81, "y": 102}, {"x": 81, "y": 105}, {"x": 80, "y": 105}, {"x": 80, "y": 104}, {"x": 78, "y": 104}, {"x": 78, "y": 105}, {"x": 79, "y": 105}, {"x": 79, "y": 106}, {"x": 80, "y": 106}, {"x": 80, "y": 107}, {"x": 81, "y": 107}, {"x": 81, "y": 108}, {"x": 80, "y": 108}, {"x": 80, "y": 110}, {"x": 79, "y": 110}, {"x": 79, "y": 109}, {"x": 78, "y": 109}, {"x": 78, "y": 111}, {"x": 81, "y": 111}, {"x": 81, "y": 118}, {"x": 80, "y": 118}, {"x": 80, "y": 116}, {"x": 79, "y": 116}, {"x": 79, "y": 114}, {"x": 78, "y": 114}, {"x": 78, "y": 115}, {"x": 77, "y": 115}, {"x": 77, "y": 116}, {"x": 76, "y": 116}, {"x": 76, "y": 114}, {"x": 75, "y": 114}, {"x": 75, "y": 109}, {"x": 74, "y": 109}, {"x": 74, "y": 119}, {"x": 73, "y": 119}, {"x": 73, "y": 118}, {"x": 72, "y": 118}, {"x": 72, "y": 117}, {"x": 73, "y": 117}, {"x": 73, "y": 116}, {"x": 72, "y": 116}, {"x": 72, "y": 112}, {"x": 71, "y": 112}, {"x": 71, "y": 113}, {"x": 70, "y": 113}, {"x": 70, "y": 109}, {"x": 71, "y": 109}, {"x": 71, "y": 106}, {"x": 72, "y": 106}, {"x": 72, "y": 105}, {"x": 71, "y": 105}, {"x": 71, "y": 102}, {"x": 72, "y": 102}, {"x": 72, "y": 104}, {"x": 74, "y": 104}, {"x": 74, "y": 106}, {"x": 73, "y": 106}, {"x": 73, "y": 107}, {"x": 76, "y": 107}, {"x": 76, "y": 106}, {"x": 75, "y": 106}, {"x": 75, "y": 105}, {"x": 77, "y": 105}, {"x": 77, "y": 103}, {"x": 76, "y": 103}, {"x": 76, "y": 102}, {"x": 79, "y": 102}, {"x": 79, "y": 101}, {"x": 80, "y": 101}, {"x": 80, "y": 100}, {"x": 81, "y": 100}, {"x": 81, "y": 99}, {"x": 84, "y": 99}, {"x": 84, "y": 98}, {"x": 86, "y": 98}, {"x": 86, "y": 97}, {"x": 87, "y": 97}, {"x": 87, "y": 96}, {"x": 90, "y": 96}, {"x": 90, "y": 93}, {"x": 89, "y": 93}, {"x": 89, "y": 95}, {"x": 87, "y": 95}, {"x": 87, "y": 92}, {"x": 88, "y": 92}, {"x": 88, "y": 91}, {"x": 89, "y": 91}, {"x": 89, "y": 90}, {"x": 87, "y": 90}, {"x": 87, "y": 91}, {"x": 86, "y": 91}, {"x": 86, "y": 96}, {"x": 85, "y": 96}, {"x": 85, "y": 95}, {"x": 82, "y": 95}, {"x": 82, "y": 96}, {"x": 81, "y": 96}, {"x": 81, "y": 97}, {"x": 82, "y": 97}, {"x": 82, "y": 98}, {"x": 78, "y": 98}, {"x": 78, "y": 99}, {"x": 77, "y": 99}, {"x": 77, "y": 98}, {"x": 76, "y": 98}, {"x": 76, "y": 97}, {"x": 75, "y": 97}, {"x": 75, "y": 99}, {"x": 74, "y": 99}, {"x": 74, "y": 100}, {"x": 75, "y": 100}, {"x": 75, "y": 101}, {"x": 74, "y": 101}, {"x": 74, "y": 102}, {"x": 73, "y": 102}, {"x": 73, "y": 101}, {"x": 72, "y": 101}, {"x": 72, "y": 100}, {"x": 71, "y": 100}, {"x": 71, "y": 101}, {"x": 70, "y": 101}, {"x": 70, "y": 103}, {"x": 69, "y": 103}, {"x": 69, "y": 98}, {"x": 68, "y": 98}, {"x": 68, "y": 102}, {"x": 67, "y": 102}, {"x": 67, "y": 103}, {"x": 68, "y": 103}, {"x": 68, "y": 105}, {"x": 70, "y": 105}, {"x": 70, "y": 108}, {"x": 69, "y": 108}, {"x": 69, "y": 111}, {"x": 68, "y": 111}, {"x": 68, "y": 109}, {"x": 65, "y": 109}, {"x": 65, "y": 111}, {"x": 64, "y": 111}, {"x": 64, "y": 110}, {"x": 63, "y": 110}, {"x": 63, "y": 113}, {"x": 62, "y": 113}, {"x": 62, "y": 112}, {"x": 61, "y": 112}, {"x": 61, "y": 115}, {"x": 59, "y": 115}, {"x": 59, "y": 112}, {"x": 58, "y": 112}, {"x": 58, "y": 110}, {"x": 57, "y": 110}, {"x": 57, "y": 112}, {"x": 56, "y": 112}, {"x": 56, "y": 113}, {"x": 57, "y": 113}, {"x": 57, "y": 114}, {"x": 55, "y": 114}, {"x": 55, "y": 111}, {"x": 53, "y": 111}, {"x": 53, "y": 110}, {"x": 52, "y": 110}, {"x": 52, "y": 109}, {"x": 55, "y": 109}, {"x": 55, "y": 107}, {"x": 59, "y": 107}, {"x": 59, "y": 108}, {"x": 65, "y": 108}, {"x": 65, "y": 105}, {"x": 66, "y": 105}, {"x": 66, "y": 104}, {"x": 65, "y": 104}, {"x": 65, "y": 103}, {"x": 66, "y": 103}, {"x": 66, "y": 101}, {"x": 64, "y": 101}, {"x": 64, "y": 100}, {"x": 66, "y": 100}, {"x": 66, "y": 98}, {"x": 65, "y": 98}, {"x": 65, "y": 96}, {"x": 64, "y": 96}, {"x": 64, "y": 99}, {"x": 63, "y": 99}, {"x": 63, "y": 103}, {"x": 64, "y": 103}, {"x": 64, "y": 104}, {"x": 63, "y": 104}, {"x": 63, "y": 105}, {"x": 64, "y": 105}, {"x": 64, "y": 106}, {"x": 63, "y": 106}, {"x": 63, "y": 107}, {"x": 60, "y": 107}, {"x": 60, "y": 106}, {"x": 61, "y": 106}, {"x": 61, "y": 105}, {"x": 57, "y": 105}, {"x": 57, "y": 104}, {"x": 55, "y": 104}, {"x": 55, "y": 105}, {"x": 54, "y": 105}, {"x": 54, "y": 108}, {"x": 53, "y": 108}, {"x": 53, "y": 106}, {"x": 52, "y": 106}, {"x": 52, "y": 105}, {"x": 50, "y": 105}, {"x": 50, "y": 106}, {"x": 51, "y": 106}, {"x": 51, "y": 107}, {"x": 49, "y": 107}, {"x": 49, "y": 104}, {"x": 48, "y": 104}, {"x": 48, "y": 102}, {"x": 49, "y": 102}, {"x": 49, "y": 103}, {"x": 51, "y": 103}, {"x": 51, "y": 102}, {"x": 55, "y": 102}, {"x": 55, "y": 101}, {"x": 51, "y": 101}, {"x": 51, "y": 100}, {"x": 52, "y": 100}, {"x": 52, "y": 99}, {"x": 59, "y": 99}, {"x": 59, "y": 100}, {"x": 60, "y": 100}, {"x": 60, "y": 101}, {"x": 61, "y": 101}, {"x": 61, "y": 97}, {"x": 59, "y": 97}, {"x": 59, "y": 96}, {"x": 61, "y": 96}, {"x": 61, "y": 95}, {"x": 63, "y": 95}, {"x": 63, "y": 94}, {"x": 62, "y": 94}, {"x": 62, "y": 93}, {"x": 61, "y": 93}, {"x": 61, "y": 94}, {"x": 60, "y": 94}, {"x": 60, "y": 95}, {"x": 58, "y": 95}, {"x": 58, "y": 98}, {"x": 53, "y": 98}, {"x": 53, "y": 97}, {"x": 54, "y": 97}, {"x": 54, "y": 96}, {"x": 55, "y": 96}, {"x": 55, "y": 93}, {"x": 53, "y": 93}, {"x": 53, "y": 96}, {"x": 52, "y": 96}, {"x": 52, "y": 97}, {"x": 49, "y": 97}, {"x": 49, "y": 95}, {"x": 47, "y": 95}, {"x": 47, "y": 99}, {"x": 48, "y": 99}, {"x": 48, "y": 98}, {"x": 50, "y": 98}, {"x": 50, "y": 99}, {"x": 49, "y": 99}, {"x": 49, "y": 100}, {"x": 47, "y": 100}, {"x": 47, "y": 105}, {"x": 48, "y": 105}, {"x": 48, "y": 107}, {"x": 47, "y": 107}, {"x": 47, "y": 109}, {"x": 44, "y": 109}, {"x": 44, "y": 110}, {"x": 43, "y": 110}, {"x": 43, "y": 119}, {"x": 42, "y": 119}, {"x": 42, "y": 118}, {"x": 40, "y": 118}, {"x": 40, "y": 116}, {"x": 41, "y": 116}, {"x": 41, "y": 114}, {"x": 39, "y": 114}, {"x": 39, "y": 111}, {"x": 42, "y": 111}, {"x": 42, "y": 110}, {"x": 40, "y": 110}, {"x": 40, "y": 109}, {"x": 41, "y": 109}, {"x": 41, "y": 108}, {"x": 44, "y": 108}, {"x": 44, "y": 107}, {"x": 45, "y": 107}, {"x": 45, "y": 105}, {"x": 43, "y": 105}, {"x": 43, "y": 104}, {"x": 42, "y": 104}, {"x": 42, "y": 107}, {"x": 40, "y": 107}, {"x": 40, "y": 108}, {"x": 38, "y": 108}, {"x": 38, "y": 111}, {"x": 37, "y": 111}, {"x": 37, "y": 114}, {"x": 36, "y": 114}, {"x": 36, "y": 112}, {"x": 35, "y": 112}, {"x": 35, "y": 106}, {"x": 38, "y": 106}, {"x": 38, "y": 105}, {"x": 39, "y": 105}, {"x": 39, "y": 106}, {"x": 41, "y": 106}, {"x": 41, "y": 104}, {"x": 40, "y": 104}, {"x": 40, "y": 102}, {"x": 39, "y": 102}, {"x": 39, "y": 101}, {"x": 38, "y": 101}, {"x": 38, "y": 102}, {"x": 37, "y": 102}, {"x": 37, "y": 103}, {"x": 38, "y": 103}, {"x": 38, "y": 104}, {"x": 37, "y": 104}, {"x": 37, "y": 105}, {"x": 35, "y": 105}, {"x": 35, "y": 104}, {"x": 34, "y": 104}, {"x": 34, "y": 103}, {"x": 35, "y": 103}, {"x": 35, "y": 102}, {"x": 36, "y": 102}, {"x": 36, "y": 101}, {"x": 35, "y": 101}, {"x": 35, "y": 97}, {"x": 38, "y": 97}, {"x": 38, "y": 99}, {"x": 42, "y": 99}, {"x": 42, "y": 98}, {"x": 44, "y": 98}, {"x": 44, "y": 95}, {"x": 42, "y": 95}, {"x": 42, "y": 97}, {"x": 41, "y": 97}, {"x": 41, "y": 98}, {"x": 40, "y": 98}, {"x": 40, "y": 97}, {"x": 39, "y": 97}, {"x": 39, "y": 95}, {"x": 38, "y": 95}, {"x": 38, "y": 96}, {"x": 34, "y": 96}, {"x": 34, "y": 102}, {"x": 33, "y": 102}, {"x": 33, "y": 103}, {"x": 32, "y": 103}, {"x": 32, "y": 104}, {"x": 31, "y": 104}, {"x": 31, "y": 105}, {"x": 34, "y": 105}, {"x": 34, "y": 107}, {"x": 33, "y": 107}, {"x": 33, "y": 110}, {"x": 34, "y": 110}, {"x": 34, "y": 113}, {"x": 35, "y": 113}, {"x": 35, "y": 115}, {"x": 34, "y": 115}, {"x": 34, "y": 114}, {"x": 31, "y": 114}, {"x": 31, "y": 119}, {"x": 30, "y": 119}, {"x": 30, "y": 114}, {"x": 29, "y": 114}, {"x": 29, "y": 113}, {"x": 31, "y": 113}, {"x": 31, "y": 108}, {"x": 30, "y": 108}, {"x": 30, "y": 107}, {"x": 29, "y": 107}, {"x": 29, "y": 109}, {"x": 30, "y": 109}, {"x": 30, "y": 112}, {"x": 27, "y": 112}, {"x": 27, "y": 111}, {"x": 26, "y": 111}, {"x": 26, "y": 110}, {"x": 25, "y": 110}, {"x": 25, "y": 109}, {"x": 24, "y": 109}, {"x": 24, "y": 108}, {"x": 25, "y": 108}, {"x": 25, "y": 106}, {"x": 30, "y": 106}, {"x": 30, "y": 104}, {"x": 28, "y": 104}, {"x": 28, "y": 103}, {"x": 29, "y": 103}, {"x": 29, "y": 101}, {"x": 27, "y": 101}, {"x": 27, "y": 99}, {"x": 29, "y": 99}, {"x": 29, "y": 96}, {"x": 31, "y": 96}, {"x": 31, "y": 95}, {"x": 28, "y": 95}, {"x": 28, "y": 96}, {"x": 27, "y": 96}, {"x": 27, "y": 97}, {"x": 28, "y": 97}, {"x": 28, "y": 98}, {"x": 26, "y": 98}, {"x": 26, "y": 102}, {"x": 27, "y": 102}, {"x": 27, "y": 105}, {"x": 25, "y": 105}, {"x": 25, "y": 102}, {"x": 24, "y": 102}, {"x": 24, "y": 103}, {"x": 23, "y": 103}, {"x": 23, "y": 105}, {"x": 22, "y": 105}, {"x": 22, "y": 107}, {"x": 23, "y": 107}, {"x": 23, "y": 110}, {"x": 24, "y": 110}, {"x": 24, "y": 111}, {"x": 25, "y": 111}, {"x": 25, "y": 112}, {"x": 22, "y": 112}, {"x": 22, "y": 109}, {"x": 21, "y": 109}, {"x": 21, "y": 107}, {"x": 20, "y": 107}, {"x": 20, "y": 106}, {"x": 19, "y": 106}, {"x": 19, "y": 105}, {"x": 17, "y": 105}, {"x": 17, "y": 104}, {"x": 19, "y": 104}, {"x": 19, "y": 103}, {"x": 18, "y": 103}, {"x": 18, "y": 102}, {"x": 17, "y": 102}, {"x": 17, "y": 101}, {"x": 16, "y": 101}, {"x": 16, "y": 103}, {"x": 15, "y": 103}, {"x": 15, "y": 99}, {"x": 14, "y": 99}, {"x": 14, "y": 100}, {"x": 13, "y": 100}, {"x": 13, "y": 101}, {"x": 14, "y": 101}, {"x": 14, "y": 105}, {"x": 13, "y": 105}, {"x": 13, "y": 107}, {"x": 12, "y": 107}, {"x": 12, "y": 101}, {"x": 11, "y": 101}, {"x": 11, "y": 104}, {"x": 8, "y": 104}, {"x": 8, "y": 106}, {"x": 7, "y": 106}, {"x": 7, "y": 105}, {"x": 5, "y": 105}, {"x": 5, "y": 103}, {"x": 6, "y": 103}, {"x": 6, "y": 102}, {"x": 7, "y": 102}, {"x": 7, "y": 99}, {"x": 8, "y": 99}, {"x": 8, "y": 100}, {"x": 10, "y": 100}, {"x": 10, "y": 98}, {"x": 12, "y": 98}, {"x": 12, "y": 97}, {"x": 13, "y": 97}, {"x": 13, "y": 96}, {"x": 17, "y": 96}, {"x": 17, "y": 99}, {"x": 21, "y": 99}, {"x": 21, "y": 98}, {"x": 22, "y": 98}, {"x": 22, "y": 97}, {"x": 20, "y": 97}, {"x": 20, "y": 98}, {"x": 18, "y": 98}, {"x": 18, "y": 97}, {"x": 19, "y": 97}, {"x": 19, "y": 95}, {"x": 22, "y": 95}, {"x": 22, "y": 94}, {"x": 23, "y": 94}, {"x": 23, "y": 95}, {"x": 24, "y": 95}, {"x": 24, "y": 91}, {"x": 23, "y": 91}, {"x": 23, "y": 92}, {"x": 22, "y": 92}, {"x": 22, "y": 93}, {"x": 20, "y": 93}, {"x": 20, "y": 94}, {"x": 18, "y": 94}, {"x": 18, "y": 92}, {"x": 19, "y": 92}, {"x": 19, "y": 91}, {"x": 18, "y": 91}, {"x": 18, "y": 89}, {"x": 19, "y": 89}, {"x": 19, "y": 88}, {"x": 20, "y": 88}, {"x": 20, "y": 87}, {"x": 21, "y": 87}, {"x": 21, "y": 86}, {"x": 22, "y": 86}, {"x": 22, "y": 85}, {"x": 23, "y": 85}, {"x": 23, "y": 86}, {"x": 25, "y": 86}, {"x": 25, "y": 83}, {"x": 24, "y": 83}, {"x": 24, "y": 84}, {"x": 23, "y": 84}, {"x": 23, "y": 83}, {"x": 21, "y": 83}, {"x": 21, "y": 85}, {"x": 20, "y": 85}, {"x": 20, "y": 86}, {"x": 19, "y": 86}, {"x": 19, "y": 87}, {"x": 18, "y": 87}, {"x": 18, "y": 88}, {"x": 17, "y": 88}, {"x": 17, "y": 92}, {"x": 15, "y": 92}, {"x": 15, "y": 93}, {"x": 16, "y": 93}, {"x": 16, "y": 94}, {"x": 14, "y": 94}, {"x": 14, "y": 95}, {"x": 12, "y": 95}, {"x": 12, "y": 96}, {"x": 11, "y": 96}, {"x": 11, "y": 97}, {"x": 7, "y": 97}, {"x": 7, "y": 98}, {"x": 6, "y": 98}, {"x": 6, "y": 100}, {"x": 4, "y": 100}, {"x": 4, "y": 99}, {"x": 5, "y": 99}, {"x": 5, "y": 95}, {"x": 6, "y": 95}, {"x": 6, "y": 94}, {"x": 7, "y": 94}, {"x": 7, "y": 95}, {"x": 8, "y": 95}, {"x": 8, "y": 92}, {"x": 3, "y": 92}, {"x": 3, "y": 91}, {"x": 4, "y": 91}, {"x": 4, "y": 90}, {"x": 2, "y": 90}, {"x": 2, "y": 88}, {"x": 3, "y": 88}, {"x": 3, "y": 87}, {"x": 6, "y": 87}, {"x": 6, "y": 86}, {"x": 0, "y": 86}, {"x": 0, "y": 85}, {"x": 2, "y": 85}, {"x": 2, "y": 84}, {"x": 3, "y": 84}, {"x": 3, "y": 85}, {"x": 8, "y": 85}, {"x": 8, "y": 84}, {"x": 7, "y": 84}, {"x": 7, "y": 83}, {"x": 5, "y": 83}, {"x": 5, "y": 80}, {"x": 4, "y": 80}, {"x": 4, "y": 79}, {"x": 7, "y": 79}, {"x": 7, "y": 81}, {"x": 9, "y": 81}, {"x": 9, "y": 82}, {"x": 11, "y": 82}, {"x": 11, "y": 81}, {"x": 10, "y": 81}, {"x": 10, "y": 78}, {"x": 9, "y": 78}, {"x": 9, "y": 76}, {"x": 10, "y": 76}, {"x": 10, "y": 77}, {"x": 11, "y": 77}, {"x": 11, "y": 76}, {"x": 12, "y": 76}, {"x": 12, "y": 77}, {"x": 13, "y": 77}, {"x": 13, "y": 78}, {"x": 14, "y": 78}, {"x": 14, "y": 77}, {"x": 16, "y": 77}, {"x": 16, "y": 78}, {"x": 17, "y": 78}, {"x": 17, "y": 79}, {"x": 19, "y": 79}, {"x": 19, "y": 80}, {"x": 18, "y": 80}, {"x": 18, "y": 81}, {"x": 21, "y": 81}, {"x": 21, "y": 80}, {"x": 22, "y": 80}, {"x": 22, "y": 81}, {"x": 23, "y": 81}, {"x": 23, "y": 80}, {"x": 25, "y": 80}, {"x": 25, "y": 81}, {"x": 26, "y": 81}, {"x": 26, "y": 82}, {"x": 27, "y": 82}, {"x": 27, "y": 83}, {"x": 28, "y": 83}, {"x": 28, "y": 81}, {"x": 27, "y": 81}, {"x": 27, "y": 80}, {"x": 26, "y": 80}, {"x": 26, "y": 79}, {"x": 20, "y": 79}, {"x": 20, "y": 78}, {"x": 22, "y": 78}, {"x": 22, "y": 76}, {"x": 23, "y": 76}, {"x": 23, "y": 78}, {"x": 24, "y": 78}, {"x": 24, "y": 77}, {"x": 25, "y": 77}, {"x": 25, "y": 75}, {"x": 20, "y": 75}, {"x": 20, "y": 74}, {"x": 19, "y": 74}, {"x": 19, "y": 75}, {"x": 17, "y": 75}, {"x": 17, "y": 76}, {"x": 16, "y": 76}, {"x": 16, "y": 74}, {"x": 15, "y": 74}, {"x": 15, "y": 75}, {"x": 12, "y": 75}, {"x": 12, "y": 74}, {"x": 13, "y": 74}, {"x": 13, "y": 73}, {"x": 12, "y": 73}, {"x": 12, "y": 72}, {"x": 9, "y": 72}, {"x": 9, "y": 69}, {"x": 11, "y": 69}, {"x": 11, "y": 65}, {"x": 12, "y": 65}, {"x": 12, "y": 67}, {"x": 13, "y": 67}, {"x": 13, "y": 71}, {"x": 14, "y": 71}, {"x": 14, "y": 68}, {"x": 15, "y": 68}, {"x": 15, "y": 67}, {"x": 16, "y": 67}, {"x": 16, "y": 66}, {"x": 18, "y": 66}, {"x": 18, "y": 67}, {"x": 17, "y": 67}, {"x": 17, "y": 68}, {"x": 18, "y": 68}, {"x": 18, "y": 71}, {"x": 19, "y": 71}, {"x": 19, "y": 69}, {"x": 21, "y": 69}, {"x": 21, "y": 71}, {"x": 22, "y": 71}, {"x": 22, "y": 70}, {"x": 23, "y": 70}, {"x": 23, "y": 69}, {"x": 24, "y": 69}, {"x": 24, "y": 71}, {"x": 25, "y": 71}, {"x": 25, "y": 72}, {"x": 28, "y": 72}, {"x": 28, "y": 73}, {"x": 26, "y": 73}, {"x": 26, "y": 75}, {"x": 27, "y": 75}, {"x": 27, "y": 77}, {"x": 29, "y": 77}, {"x": 29, "y": 79}, {"x": 30, "y": 79}, {"x": 30, "y": 77}, {"x": 32, "y": 77}, {"x": 32, "y": 83}, {"x": 33, "y": 83}, {"x": 33, "y": 81}, {"x": 34, "y": 81}, {"x": 34, "y": 80}, {"x": 33, "y": 80}, {"x": 33, "y": 76}, {"x": 36, "y": 76}, {"x": 36, "y": 78}, {"x": 35, "y": 78}, {"x": 35, "y": 80}, {"x": 38, "y": 80}, {"x": 38, "y": 77}, {"x": 39, "y": 77}, {"x": 39, "y": 78}, {"x": 40, "y": 78}, {"x": 40, "y": 82}, {"x": 41, "y": 82}, {"x": 41, "y": 84}, {"x": 45, "y": 84}, {"x": 45, "y": 83}, {"x": 43, "y": 83}, {"x": 43, "y": 82}, {"x": 42, "y": 82}, {"x": 42, "y": 81}, {"x": 46, "y": 81}, {"x": 46, "y": 84}, {"x": 48, "y": 84}, {"x": 48, "y": 82}, {"x": 47, "y": 82}, {"x": 47, "y": 79}, {"x": 49, "y": 79}, {"x": 49, "y": 78}, {"x": 50, "y": 78}, {"x": 50, "y": 80}, {"x": 51, "y": 80}, {"x": 51, "y": 81}, {"x": 52, "y": 81}, {"x": 52, "y": 84}, {"x": 54, "y": 84}, {"x": 54, "y": 85}, {"x": 58, "y": 85}, {"x": 58, "y": 86}, {"x": 59, "y": 86}, {"x": 59, "y": 87}, {"x": 60, "y": 87}, {"x": 60, "y": 85}, {"x": 59, "y": 85}, {"x": 59, "y": 84}, {"x": 60, "y": 84}, {"x": 60, "y": 83}, {"x": 58, "y": 83}, {"x": 58, "y": 84}, {"x": 55, "y": 84}, {"x": 55, "y": 79}, {"x": 56, "y": 79}, {"x": 56, "y": 78}, {"x": 57, "y": 78}, {"x": 57, "y": 81}, {"x": 58, "y": 81}, {"x": 58, "y": 78}, {"x": 61, "y": 78}, {"x": 61, "y": 80}, {"x": 60, "y": 80}, {"x": 60, "y": 81}, {"x": 62, "y": 81}, {"x": 62, "y": 78}, {"x": 64, "y": 78}, {"x": 64, "y": 77}, {"x": 65, "y": 77}, {"x": 65, "y": 80}, {"x": 64, "y": 80}, {"x": 64, "y": 81}, {"x": 67, "y": 81}, {"x": 67, "y": 82}, {"x": 68, "y": 82}, {"x": 68, "y": 79}, {"x": 67, "y": 79}, {"x": 67, "y": 77}, {"x": 66, "y": 77}, {"x": 66, "y": 73}, {"x": 65, "y": 73}], "holes": [[{"x": 10, "y": 88}, {"x": 9, "y": 88}, {"x": 9, "y": 89}, {"x": 10, "y": 89}, {"x": 10, "y": 92}, {"x": 11, "y": 92}, {"x": 11, "y": 93}, {"x": 12, "y": 93}, {"x": 12, "y": 92}, {"x": 13, "y": 92}, {"x": 13, "y": 91}, {"x": 12, "y": 91}, {"x": 12, "y": 89}, {"x": 11, "y": 89}, {"x": 11, "y": 87}, {"x": 10, "y": 87}], [{"x": 18, "y": 83}, {"x": 19, "y": 83}, {"x": 19, "y": 82}, {"x": 18, "y": 82}], [{"x": 27, "y": 90}, {"x": 27, "y": 88}, {"x": 28, "y": 88}, {"x": 28, "y": 87}, {"x": 29, "y": 87}, {"x": 29, "y": 88}, {"x": 33, "y": 88}, {"x": 33, "y": 87}, {"x": 32, "y": 87}, {"x": 32, "y": 86}, {"x": 33, "y": 86}, {"x": 33, "y": 85}, {"x": 34, "y": 85}, {"x": 34, "y": 86}, {"x": 36, "y": 86}, {"x": 36, "y": 84}, {"x": 32, "y": 84}, {"x": 32, "y": 85}, {"x": 31, "y": 85}, {"x": 31, "y": 87}, {"x": 30, "y": 87}, {"x": 30, "y": 86}, {"x": 27, "y": 86}, {"x": 27, "y": 85}, {"x": 26, "y": 85}, {"x": 26, "y": 91}, {"x": 28, "y": 91}, {"x": 28, "y": 93}, {"x": 29, "y": 93}, {"x": 29, "y": 91}, {"x": 30, "y": 91}, {"x": 30, "y": 92}, {"x": 38, "y": 92}, {"x": 38, "y": 91}, {"x": 39, "y": 91}, {"x": 39, "y": 89}, {"x": 40, "y": 89}, {"x": 40, "y": 90}, {"x": 41, "y": 90}, {"x": 41, "y": 88}, {"x": 38, "y": 88}, {"x": 38, "y": 90}, {"x": 37, "y": 90}, {"x": 37, "y": 91}, {"x": 31, "y": 91}, {"x": 31, "y": 89}, {"x": 30, "y": 89}, {"x": 30, "y": 90}], [{"x": 38, "y": 29}, {"x": 38, "y": 28}, {"x": 36, "y": 28}, {"x": 36, "y": 29}], [{"x": 40, "y": 52}, {"x": 40, "y": 49}, {"x": 37, "y": 49}, {"x": 37, "y": 50}, {"x": 38, "y": 50}, {"x": 38, "y": 51}, {"x": 39, "y": 51}, {"x": 39, "y": 52}], [{"x": 41, "y": 65}, {"x": 41, "y": 67}, {"x": 40, "y": 67}, {"x": 40, "y": 68}, {"x": 41, "y": 68}, {"x": 41, "y": 71}, {"x": 42, "y": 71}, {"x": 42, "y": 70}, {"x": 43, "y": 70}, {"x": 43, "y": 69}, {"x": 44, "y": 69}, {"x": 44, "y": 68}, {"x": 45, "y": 68}, {"x": 45, "y": 67}, {"x": 47, "y": 67}, {"x": 47, "y": 66}, {"x": 42, "y": 66}, {"x": 42, "y": 65}], [{"x": 41, "y": 101}, {"x": 41, "y": 102}, {"x": 44, "y": 102}, {"x": 44, "y": 101}], [{"x": 42, "y": 94}, {"x": 44, "y": 94}, {"x": 44, "y": 92}, {"x": 46, "y": 92}, {"x": 46, "y": 91}, {"x": 43, "y": 91}, {"x": 43, "y": 93}, {"x": 42, "y": 93}], [{"x": 70, "y": 60}, {"x": 71, "y": 60}, {"x": 71, "y": 59}, {"x": 70, "y": 59}, {"x": 70, "y": 57}, {"x": 68, "y": 57}, {"x": 68, "y": 54}, {"x": 69, "y": 54}, {"x": 69, "y": 53}, {"x": 70, "y": 53}, {"x": 70, "y": 54}, {"x": 71, "y": 54}, {"x": 71, "y": 55}, {"x": 72, "y": 55}, {"x": 72, "y": 60}, {"x": 73, "y": 60}, {"x": 73, "y": 56}, {"x": 76, "y": 56}, {"x": 76, "y": 58}, {"x": 75, "y": 58}, {"x": 75, "y": 60}, {"x": 74, "y": 60}, {"x": 74, "y": 62}, {"x": 78, "y": 62}, {"x": 78, "y": 66}, {"x": 79, "y": 66}, {"x": 79, "y": 62}, {"x": 80, "y": 62}, {"x": 80, "y": 61}, {"x": 82, "y": 61}, {"x": 82, "y": 60}, {"x": 79, "y": 60}, {"x": 79, "y": 61}, {"x": 76, "y": 61}, {"x": 76, "y": 59}, {"x": 77, "y": 59}, {"x": 77, "y": 57}, {"x": 79, "y": 57}, {"x": 79, "y": 58}, {"x": 82, "y": 58}, {"x": 82, "y": 59}, {"x": 85, "y": 59}, {"x": 85, "y": 60}, {"x": 84, "y": 60}, {"x": 84, "y": 62}, {"x": 83, "y": 62}, {"x": 83, "y": 64}, {"x": 81, "y": 64}, {"x": 81, "y": 63}, {"x": 80, "y": 63}, {"x": 80, "y": 65}, {"x": 83, "y": 65}, {"x": 83, "y": 66}, {"x": 84, "y": 66}, {"x": 84, "y": 63}, {"x": 86, "y": 63}, {"x": 86, "y": 64}, {"x": 85, "y": 64}, {"x": 85, "y": 71}, {"x": 86, "y": 71}, {"x": 86, "y": 65}, {"x": 87, "y": 65}, {"x": 87, "y": 67}, {"x": 90, "y": 67}, {"x": 90, "y": 70}, {"x": 91, "y": 70}, {"x": 91, "y": 69}, {"x": 92, "y": 69}, {"x": 92, "y": 72}, {"x": 93, "y": 72}, {"x": 93, "y": 73}, {"x": 95, "y": 73}, {"x": 95, "y": 74}, {"x": 96, "y": 74}, {"x": 96, "y": 72}, {"x": 94, "y": 72}, {"x": 94, "y": 71}, {"x": 93, "y": 71}, {"x": 93, "y": 68}, {"x": 92, "y": 68}, {"x": 92, "y": 66}, {"x": 88, "y": 66}, {"x": 88, "y": 65}, {"x": 89, "y": 65}, {"x": 89, "y": 63}, {"x": 87, "y": 63}, {"x": 87, "y": 62}, {"x": 86, "y": 62}, {"x": 86, "y": 61}, {"x": 88, "y": 61}, {"x": 88, "y": 60}, {"x": 86, "y": 60}, {"x": 86, "y": 58}, {"x": 83, "y": 58}, {"x": 83, "y": 57}, {"x": 80, "y": 57}, {"x": 80, "y": 54}, {"x": 78, "y": 54}, {"x": 78, "y": 56}, {"x": 77, "y": 56}, {"x": 77, "y": 55}, {"x": 74, "y": 55}, {"x": 74, "y": 54}, {"x": 72, "y": 54}, {"x": 72, "y": 53}, {"x": 71, "y": 53}, {"x": 71, "y": 52}, {"x": 68, "y": 52}, {"x": 68, "y": 51}, {"x": 67, "y": 51}, {"x": 67, "y": 52}, {"x": 66, "y": 52}, {"x": 66, "y": 48}, {"x": 64, "y": 48}, {"x": 64, "y": 50}, {"x": 62, "y": 50}, {"x": 62, "y": 49}, {"x": 61, "y": 49}, {"x": 61, "y": 51}, {"x": 59, "y": 51}, {"x": 59, "y": 53}, {"x": 57, "y": 53}, {"x": 57, "y": 51}, {"x": 58, "y": 51}, {"x": 58, "y": 50}, {"x": 59, "y": 50}, {"x": 59, "y": 49}, {"x": 58, "y": 49}, {"x": 58, "y": 48}, {"x": 57, "y": 48}, {"x": 57, "y": 50}, {"x": 56, "y": 50}, {"x": 56, "y": 53}, {"x": 54, "y": 53}, {"x": 54, "y": 50}, {"x": 50, "y": 50}, {"x": 50, "y": 51}, {"x": 49, "y": 51}, {"x": 49, "y": 45}, {"x": 48, "y": 45}, {"x": 48, "y": 44}, {"x": 49, "y": 44}, {"x": 49, "y": 43}, {"x": 48, "y": 43}, {"x": 48, "y": 41}, {"x": 47, "y": 41}, {"x": 47, "y": 40}, {"x": 46, "y": 40}, {"x": 46, "y": 39}, {"x": 49, "y": 39}, {"x": 49, "y": 41}, {"x": 50, "y": 41}, {"x": 50, "y": 39}, {"x": 51, "y": 39}, {"x": 51, "y": 37}, {"x": 52, "y": 37}, {"x": 52, "y": 39}, {"x": 53, "y": 39}, {"x": 53, "y": 40}, {"x": 55, "y": 40}, {"x": 55, "y": 42}, {"x": 56, "y": 42}, {"x": 56, "y": 43}, {"x": 57, "y": 43}, {"x": 57, "y": 44}, {"x": 58, "y": 44}, {"x": 58, "y": 47}, {"x": 61, "y": 47}, {"x": 61, "y": 46}, {"x": 59, "y": 46}, {"x": 59, "y": 44}, {"x": 62, "y": 44}, {"x": 62, "y": 45}, {"x": 63, "y": 45}, {"x": 63, "y": 46}, {"x": 64, "y": 46}, {"x": 64, "y": 45}, {"x": 65, "y": 45}, {"x": 65, "y": 44}, {"x": 64, "y": 44}, {"x": 64, "y": 43}, {"x": 58, "y": 43}, {"x": 58, "y": 42}, {"x": 57, "y": 42}, {"x": 57, "y": 41}, {"x": 56, "y": 41}, {"x": 56, "y": 38}, {"x": 54, "y": 38}, {"x": 54, "y": 37}, {"x": 53, "y": 37}, {"x": 53, "y": 36}, {"x": 56, "y": 36}, {"x": 56, "y": 35}, {"x": 54, "y": 35}, {"x": 54, "y": 33}, {"x": 53, "y": 33}, {"x": 53, "y": 34}, {"x": 52, "y": 34}, {"x": 52, "y": 31}, {"x": 51, "y": 31}, {"x": 51, "y": 35}, {"x": 50, "y": 35}, {"x": 50, "y": 36}, {"x": 49, "y": 36}, {"x": 49, "y": 35}, {"x": 48, "y": 35}, {"x": 48, "y": 33}, {"x": 47, "y": 33}, {"x": 47, "y": 30}, {"x": 46, "y": 30}, {"x": 46, "y": 28}, {"x": 47, "y": 28}, {"x": 47, "y": 26}, {"x": 46, "y": 26}, {"x": 46, "y": 27}, {"x": 44, "y": 27}, {"x": 44, "y": 30}, {"x": 43, "y": 30}, {"x": 43, "y": 31}, {"x": 45, "y": 31}, {"x": 45, "y": 32}, {"x": 46, "y": 32}, {"x": 46, "y": 35}, {"x": 47, "y": 35}, {"x": 47, "y": 36}, {"x": 48, "y": 36}, {"x": 48, "y": 37}, {"x": 47, "y": 37}, {"x": 47, "y": 38}, {"x": 45, "y": 38}, {"x": 45, "y": 41}, {"x": 46, "y": 41}, {"x": 46, "y": 42}, {"x": 47, "y": 42}, {"x": 47, "y": 44}, {"x": 45, "y": 44}, {"x": 45, "y": 47}, {"x": 47, "y": 47}, {"x": 47, "y": 46}, {"x": 48, "y": 46}, {"x": 48, "y": 51}, {"x": 47, "y": 51}, {"x": 47, "y": 50}, {"x": 46, "y": 50}, {"x": 46, "y": 55}, {"x": 47, "y": 55}, {"x": 47, "y": 53}, {"x": 50, "y": 53}, {"x": 50, "y": 52}, {"x": 51, "y": 52}, {"x": 51, "y": 54}, {"x": 50, "y": 54}, {"x": 50, "y": 55}, {"x": 49, "y": 55}, {"x": 49, "y": 56}, {"x": 51, "y": 56}, {"x": 51, "y": 57}, {"x": 52, "y": 57}, {"x": 52, "y": 53}, {"x": 53, "y": 53}, {"x": 53, "y": 54}, {"x": 54, "y": 54}, {"x": 54, "y": 55}, {"x": 57, "y": 55}, {"x": 57, "y": 54}, {"x": 59, "y": 54}, {"x": 59, "y": 55}, {"x": 60, "y": 55}, {"x": 60, "y": 56}, {"x": 62, "y": 56}, {"x": 62, "y": 58}, {"x": 63, "y": 58}, {"x": 63, "y": 55}, {"x": 62, "y": 55}, {"x": 62, "y": 54}, {"x": 60, "y": 54}, {"x": 60, "y": 52}, {"x": 63, "y": 52}, {"x": 63, "y": 53}, {"x": 64, "y": 53}, {"x": 64, "y": 61}, {"x": 66, "y": 61}, {"x": 66, "y": 60}, {"x": 65, "y": 60}, {"x": 65, "y": 55}, {"x": 67, "y": 55}, {"x": 67, "y": 58}, {"x": 68, "y": 58}, {"x": 68, "y": 59}, {"x": 69, "y": 59}, {"x": 69, "y": 60}, {"x": 67, "y": 60}, {"x": 67, "y": 62}, {"x": 70, "y": 62}, {"x": 70, "y": 64}, {"x": 74, "y": 64}, {"x": 74, "y": 63}, {"x": 71, "y": 63}, {"x": 71, "y": 61}, {"x": 70, "y": 61}], [{"x": 72, "y": 87}, {"x": 72, "y": 88}, {"x": 73, "y": 88}, {"x": 73, "y": 94}, {"x": 74, "y": 94}, {"x": 74, "y": 95}, {"x": 75, "y": 95}, {"x": 75, "y": 96}, {"x": 77, "y": 96}, {"x": 77, "y": 93}, {"x": 76, "y": 93}, {"x": 76, "y": 94}, {"x": 75, "y": 94}, {"x": 75, "y": 93}, {"x": 74, "y": 93}, {"x": 74, "y": 88}, {"x": 75, "y": 88}, {"x": 75, "y": 92}, {"x": 80, "y": 92}, {"x": 80, "y": 91}, {"x": 81, "y": 91}, {"x": 81, "y": 90}, {"x": 82, "y": 90}, {"x": 82, "y": 89}, {"x": 83, "y": 89}, {"x": 83, "y": 90}, {"x": 86, "y": 90}, {"x": 86, "y": 88}, {"x": 87, "y": 88}, {"x": 87, "y": 87}, {"x": 85, "y": 87}, {"x": 85, "y": 89}, {"x": 84, "y": 89}, {"x": 84, "y": 88}, {"x": 81, "y": 88}, {"x": 81, "y": 87}, {"x": 82, "y": 87}, {"x": 82, "y": 85}, {"x": 83, "y": 85}, {"x": 83, "y": 86}, {"x": 84, "y": 86}, {"x": 84, "y": 85}, {"x": 85, "y": 85}, {"x": 85, "y": 84}, {"x": 83, "y": 84}, {"x": 83, "y": 83}, {"x": 84, "y": 83}, {"x": 84, "y": 82}, {"x": 82, "y": 82}, {"x": 82, "y": 84}, {"x": 81, "y": 84}, {"x": 81, "y": 86}, {"x": 80, "y": 86}, {"x": 80, "y": 90}, {"x": 79, "y": 90}, {"x": 79, "y": 91}, {"x": 76, "y": 91}, {"x": 76, "y": 90}, {"x": 78, "y": 90}, {"x": 78, "y": 89}, {"x": 76, "y": 89}, {"x": 76, "y": 88}, {"x": 77, "y": 88}, {"x": 77, "y": 87}, {"x": 76, "y": 87}, {"x": 76, "y": 86}, {"x": 74, "y": 86}, {"x": 74, "y": 85}, {"x": 75, "y": 85}, {"x": 75, "y": 83}, {"x": 77, "y": 83}, {"x": 77, "y": 84}, {"x": 79, "y": 84}, {"x": 79, "y": 85}, {"x": 80, "y": 85}, {"x": 80, "y": 82}, {"x": 76, "y": 82}, {"x": 76, "y": 81}, {"x": 75, "y": 81}, {"x": 75, "y": 80}, {"x": 74, "y": 80}, {"x": 74, "y": 82}, {"x": 73, "y": 82}, {"x": 73, "y": 79}, {"x": 72, "y": 79}, {"x": 72, "y": 80}, {"x": 71, "y": 80}, {"x": 71, "y": 83}, {"x": 73, "y": 83}, {"x": 73, "y": 86}, {"x": 72, "y": 86}, {"x": 72, "y": 84}, {"x": 71, "y": 84}, {"x": 71, "y": 85}, {"x": 69, "y": 85}, {"x": 69, "y": 86}, {"x": 67, "y": 86}, {"x": 67, "y": 87}, {"x": 65, "y": 87}, {"x": 65, "y": 88}, {"x": 63, "y": 88}, {"x": 63, "y": 89}, {"x": 58, "y": 89}, {"x": 58, "y": 87}, {"x": 55, "y": 87}, {"x": 55, "y": 86}, {"x": 48, "y": 86}, {"x": 48, "y": 87}, {"x": 47, "y": 87}, {"x": 47, "y": 86}, {"x": 46, "y": 86}, {"x": 46, "y": 87}, {"x": 45, "y": 87}, {"x": 45, "y": 90}, {"x": 46, "y": 90}, {"x": 46, "y": 89}, {"x": 47, "y": 89}, {"x": 47, "y": 92}, {"x": 48, "y": 92}, {"x": 48, "y": 89}, {"x": 49, "y": 89}, {"x": 49, "y": 90}, {"x": 51, "y": 90}, {"x": 51, "y": 89}, {"x": 50, "y": 89}, {"x": 50, "y": 88}, {"x": 49, "y": 88}, {"x": 49, "y": 87}, {"x": 54, "y": 87}, {"x": 54, "y": 88}, {"x": 57, "y": 88}, {"x": 57, "y": 90}, {"x": 62, "y": 90}, {"x": 62, "y": 92}, {"x": 63, "y": 92}, {"x": 63, "y": 90}, {"x": 64, "y": 90}, {"x": 64, "y": 89}, {"x": 65, "y": 89}, {"x": 65, "y": 90}, {"x": 66, "y": 90}, {"x": 66, "y": 95}, {"x": 68, "y": 95}, {"x": 68, "y": 94}, {"x": 67, "y": 94}, {"x": 67, "y": 93}, {"x": 68, "y": 93}, {"x": 68, "y": 92}, {"x": 67, "y": 92}, {"x": 67, "y": 90}, {"x": 68, "y": 90}, {"x": 68, "y": 89}, {"x": 66, "y": 89}, {"x": 66, "y": 88}, {"x": 68, "y": 88}, {"x": 68, "y": 87}, {"x": 69, "y": 87}, {"x": 69, "y": 94}, {"x": 70, "y": 94}, {"x": 70, "y": 95}, {"x": 72, "y": 95}, {"x": 72, "y": 94}, {"x": 71, "y": 94}, {"x": 71, "y": 93}, {"x": 70, "y": 93}, {"x": 70, "y": 86}, {"x": 71, "y": 86}, {"x": 71, "y": 87}], [{"x": 59, "y": 8}, {"x": 60, "y": 8}, {"x": 60, "y": 7}, {"x": 59, "y": 7}], [{"x": 63, "y": 63}, {"x": 66, "y": 63}, {"x": 66, "y": 62}, {"x": 63, "y": 62}], [{"x": 68, "y": 23}, {"x": 69, "y": 23}, {"x": 69, "y": 24}, {"x": 70, "y": 24}, {"x": 70, "y": 22}, {"x": 69, "y": 22}, {"x": 69, "y": 20}, {"x": 68, "y": 20}], [{"x": 78, "y": 46}, {"x": 78, "y": 47}, {"x": 77, "y": 47}, {"x": 77, "y": 46}, {"x": 76, "y": 46}, {"x": 76, "y": 47}, {"x": 75, "y": 47}, {"x": 75, "y": 45}, {"x": 74, "y": 45}, {"x": 74, "y": 41}, {"x": 73, "y": 41}, {"x": 73, "y": 46}, {"x": 74, "y": 46}, {"x": 74, "y": 47}, {"x": 70, "y": 47}, {"x": 70, "y": 48}, {"x": 72, "y": 48}, {"x": 72, "y": 51}, {"x": 73, "y": 51}, {"x": 73, "y": 52}, {"x": 75, "y": 52}, {"x": 75, "y": 50}, {"x": 73, "y": 50}, {"x": 73, "y": 49}, {"x": 76, "y": 49}, {"x": 76, "y": 48}, {"x": 78, "y": 48}, {"x": 78, "y": 50}, {"x": 80, "y": 50}, {"x": 80, "y": 49}, {"x": 79, "y": 49}, {"x": 79, "y": 46}], [{"x": 75, "y": 72}, {"x": 75, "y": 75}, {"x": 76, "y": 75}, {"x": 76, "y": 76}, {"x": 71, "y": 76}, {"x": 71, "y": 77}, {"x": 74, "y": 77}, {"x": 74, "y": 79}, {"x": 76, "y": 79}, {"x": 76, "y": 78}, {"x": 77, "y": 78}, {"x": 77, "y": 76}, {"x": 78, "y": 76}, {"x": 78, "y": 77}, {"x": 79, "y": 77}, {"x": 79, "y": 76}, {"x": 81, "y": 76}, {"x": 81, "y": 79}, {"x": 83, "y": 79}, {"x": 83, "y": 80}, {"x": 84, "y": 80}, {"x": 84, "y": 79}, {"x": 85, "y": 79}, {"x": 85, "y": 78}, {"x": 82, "y": 78}, {"x": 82, "y": 76}, {"x": 84, "y": 76}, {"x": 84, "y": 75}, {"x": 77, "y": 75}, {"x": 77, "y": 74}, {"x": 76, "y": 74}, {"x": 76, "y": 73}, {"x": 78, "y": 73}, {"x": 78, "y": 71}, {"x": 76, "y": 71}, {"x": 76, "y": 72}], [{"x": 79, "y": 52}, {"x": 79, "y": 51}, {"x": 76, "y": 51}, {"x": 76, "y": 52}], [{"x": 81, "y": 35}, {"x": 81, "y": 36}, {"x": 84, "y": 36}, {"x": 84, "y": 34}, {"x": 85, "y": 34}, {"x": 85, "y": 33}, {"x": 84, "y": 33}, {"x": 84, "y": 31}, {"x": 85, "y": 31}, {"x": 85, "y": 32}, {"x": 86, "y": 32}, {"x": 86, "y": 31}, {"x": 87, "y": 31}, {"x": 87, "y": 29}, {"x": 86, "y": 29}, {"x": 86, "y": 30}, {"x": 85, "y": 30}, {"x": 85, "y": 29}, {"x": 84, "y": 29}, {"x": 84, "y": 30}, {"x": 83, "y": 30}, {"x": 83, "y": 32}, {"x": 82, "y": 32}, {"x": 82, "y": 31}, {"x": 80, "y": 31}, {"x": 80, "y": 32}, {"x": 79, "y": 32}, {"x": 79, "y": 33}, {"x": 80, "y": 33}, {"x": 80, "y": 35}], [{"x": 89, "y": 78}, {"x": 89, "y": 79}, {"x": 91, "y": 79}, {"x": 91, "y": 78}, {"x": 90, "y": 78}, {"x": 90, "y": 77}, {"x": 93, "y": 77}, {"x": 93, "y": 76}, {"x": 89, "y": 76}, {"x": 89, "y": 75}, {"x": 91, "y": 75}, {"x": 91, "y": 74}, {"x": 89, "y": 74}, {"x": 89, "y": 73}, {"x": 88, "y": 73}, {"x": 88, "y": 72}, {"x": 87, "y": 72}, {"x": 87, "y": 74}, {"x": 88, "y": 74}, {"x": 88, "y": 75}, {"x": 86, "y": 75}, {"x": 86, "y": 83}, {"x": 87, "y": 83}, {"x": 87, "y": 82}, {"x": 88, "y": 82}, {"x": 88, "y": 84}, {"x": 89, "y": 84}, {"x": 89, "y": 85}, {"x": 91, "y": 85}, {"x": 91, "y": 86}, {"x": 92, "y": 86}, {"x": 92, "y": 84}, {"x": 90, "y": 84}, {"x": 90, "y": 83}, {"x": 89, "y": 83}, {"x": 89, "y": 81}, {"x": 87, "y": 81}, {"x": 87, "y": 78}], [{"x": 90, "y": 55}, {"x": 90, "y": 57}, {"x": 92, "y": 57}, {"x": 92, "y": 58}, {"x": 90, "y": 58}, {"x": 90, "y": 61}, {"x": 91, "y": 61}, {"x": 91, "y": 62}, {"x": 92, "y": 62}, {"x": 92, "y": 60}, {"x": 91, "y": 60}, {"x": 91, "y": 59}, {"x": 93, "y": 59}, {"x": 93, "y": 60}, {"x": 96, "y": 60}, {"x": 96, "y": 61}, {"x": 95, "y": 61}, {"x": 95, "y": 62}, {"x": 93, "y": 62}, {"x": 93, "y": 64}, {"x": 94, "y": 64}, {"x": 94, "y": 63}, {"x": 96, "y": 63}, {"x": 96, "y": 62}, {"x": 97, "y": 62}, {"x": 97, "y": 59}, {"x": 94, "y": 59}, {"x": 94, "y": 58}, {"x": 93, "y": 58}, {"x": 93, "y": 56}, {"x": 91, "y": 56}, {"x": 91, "y": 55}], [{"x": 92, "y": 80}, {"x": 91, "y": 80}, {"x": 91, "y": 81}, {"x": 92, "y": 81}], [{"x": 93, "y": 91}, {"x": 93, "y": 92}, {"x": 92, "y": 92}, {"x": 92, "y": 93}, {"x": 91, "y": 93}, {"x": 91, "y": 94}, {"x": 92, "y": 94}, {"x": 92, "y": 96}, {"x": 93, "y": 96}, {"x": 93, "y": 97}, {"x": 98, "y": 97}, {"x": 98, "y": 94}, {"x": 97, "y": 94}, {"x": 97, "y": 96}, {"x": 96, "y": 96}, {"x": 96, "y": 94}, {"x": 95, "y": 94}, {"x": 95, "y": 96}, {"x": 94, "y": 96}, {"x": 94, "y": 95}, {"x": 93, "y": 95}, {"x": 93, "y": 94}, {"x": 94, "y": 94}, {"x": 94, "y": 92}, {"x": 96, "y": 92}, {"x": 96, "y": 88}, {"x": 95, "y": 88}, {"x": 95, "y": 91}, {"x": 94, "y": 91}, {"x": 94, "y": 90}, {"x": 92, "y": 90}, {"x": 92, "y": 91}], [{"x": 93, "y": 88}, {"x": 92, "y": 88}, {"x": 92, "y": 89}, {"x": 93, "y": 89}], [{"x": 102, "y": 98}, {"x": 102, "y": 97}, {"x": 100, "y": 97}, {"x": 100, "y": 98}], [{"x": 102, "y": 70}, {"x": 101, "y": 70}, {"x": 101, "y": 71}, {"x": 102, "y": 71}]], "name": "srpg_iso_aligned_mc0003255", "type": "CGSHOP2023_Instance", "n": 3280}