{"outer_boundary": [{"x": 128, "y": 280}, {"x": 128, "y": 281}, {"x": 127, "y": 281}, {"x": 127, "y": 279}, {"x": 124, "y": 279}, {"x": 124, "y": 280}, {"x": 121, "y": 280}, {"x": 121, "y": 276}, {"x": 120, "y": 276}, {"x": 120, "y": 278}, {"x": 118, "y": 278}, {"x": 118, "y": 279}, {"x": 117, "y": 279}, {"x": 117, "y": 280}, {"x": 115, "y": 280}, {"x": 115, "y": 281}, {"x": 113, "y": 281}, {"x": 113, "y": 279}, {"x": 108, "y": 279}, {"x": 108, "y": 280}, {"x": 107, "y": 280}, {"x": 107, "y": 281}, {"x": 106, "y": 281}, {"x": 106, "y": 280}, {"x": 104, "y": 280}, {"x": 104, "y": 279}, {"x": 103, "y": 279}, {"x": 103, "y": 282}, {"x": 102, "y": 282}, {"x": 102, "y": 283}, {"x": 104, "y": 283}, {"x": 104, "y": 282}, {"x": 105, "y": 282}, {"x": 105, "y": 284}, {"x": 106, "y": 284}, {"x": 106, "y": 285}, {"x": 105, "y": 285}, {"x": 105, "y": 287}, {"x": 106, "y": 287}, {"x": 106, "y": 290}, {"x": 107, "y": 290}, {"x": 107, "y": 291}, {"x": 106, "y": 291}, {"x": 106, "y": 294}, {"x": 107, "y": 294}, {"x": 107, "y": 295}, {"x": 105, "y": 295}, {"x": 105, "y": 294}, {"x": 104, "y": 294}, {"x": 104, "y": 296}, {"x": 103, "y": 296}, {"x": 103, "y": 295}, {"x": 102, "y": 295}, {"x": 102, "y": 297}, {"x": 104, "y": 297}, {"x": 104, "y": 299}, {"x": 103, "y": 299}, {"x": 103, "y": 301}, {"x": 104, "y": 301}, {"x": 104, "y": 300}, {"x": 105, "y": 300}, {"x": 105, "y": 301}, {"x": 106, "y": 301}, {"x": 106, "y": 302}, {"x": 105, "y": 302}, {"x": 105, "y": 304}, {"x": 106, "y": 304}, {"x": 106, "y": 307}, {"x": 102, "y": 307}, {"x": 102, "y": 306}, {"x": 104, "y": 306}, {"x": 104, "y": 305}, {"x": 100, "y": 305}, {"x": 100, "y": 309}, {"x": 101, "y": 309}, {"x": 101, "y": 310}, {"x": 100, "y": 310}, {"x": 100, "y": 311}, {"x": 97, "y": 311}, {"x": 97, "y": 310}, {"x": 96, "y": 310}, {"x": 96, "y": 309}, {"x": 94, "y": 309}, {"x": 94, "y": 307}, {"x": 92, "y": 307}, {"x": 92, "y": 310}, {"x": 91, "y": 310}, {"x": 91, "y": 311}, {"x": 92, "y": 311}, {"x": 92, "y": 313}, {"x": 91, "y": 313}, {"x": 91, "y": 312}, {"x": 90, "y": 312}, {"x": 90, "y": 313}, {"x": 88, "y": 313}, {"x": 88, "y": 314}, {"x": 87, "y": 314}, {"x": 87, "y": 316}, {"x": 84, "y": 316}, {"x": 84, "y": 315}, {"x": 83, "y": 315}, {"x": 83, "y": 316}, {"x": 82, "y": 316}, {"x": 82, "y": 318}, {"x": 83, "y": 318}, {"x": 83, "y": 320}, {"x": 84, "y": 320}, {"x": 84, "y": 318}, {"x": 85, "y": 318}, {"x": 85, "y": 319}, {"x": 86, "y": 319}, {"x": 86, "y": 324}, {"x": 82, "y": 324}, {"x": 82, "y": 327}, {"x": 81, "y": 327}, {"x": 81, "y": 328}, {"x": 80, "y": 328}, {"x": 80, "y": 327}, {"x": 79, "y": 327}, {"x": 79, "y": 325}, {"x": 78, "y": 325}, {"x": 78, "y": 324}, {"x": 77, "y": 324}, {"x": 77, "y": 325}, {"x": 75, "y": 325}, {"x": 75, "y": 326}, {"x": 72, "y": 326}, {"x": 72, "y": 324}, {"x": 71, "y": 324}, {"x": 71, "y": 323}, {"x": 68, "y": 323}, {"x": 68, "y": 322}, {"x": 67, "y": 322}, {"x": 67, "y": 319}, {"x": 66, "y": 319}, {"x": 66, "y": 317}, {"x": 68, "y": 317}, {"x": 68, "y": 316}, {"x": 66, "y": 316}, {"x": 66, "y": 315}, {"x": 68, "y": 315}, {"x": 68, "y": 313}, {"x": 69, "y": 313}, {"x": 69, "y": 312}, {"x": 71, "y": 312}, {"x": 71, "y": 311}, {"x": 68, "y": 311}, {"x": 68, "y": 310}, {"x": 69, "y": 310}, {"x": 69, "y": 309}, {"x": 68, "y": 309}, {"x": 68, "y": 307}, {"x": 70, "y": 307}, {"x": 70, "y": 306}, {"x": 71, "y": 306}, {"x": 71, "y": 304}, {"x": 70, "y": 304}, {"x": 70, "y": 303}, {"x": 68, "y": 303}, {"x": 68, "y": 302}, {"x": 67, "y": 302}, {"x": 67, "y": 301}, {"x": 66, "y": 301}, {"x": 66, "y": 300}, {"x": 67, "y": 300}, {"x": 67, "y": 299}, {"x": 65, "y": 299}, {"x": 65, "y": 298}, {"x": 64, "y": 298}, {"x": 64, "y": 295}, {"x": 65, "y": 295}, {"x": 65, "y": 294}, {"x": 64, "y": 294}, {"x": 64, "y": 291}, {"x": 65, "y": 291}, {"x": 65, "y": 290}, {"x": 63, "y": 290}, {"x": 63, "y": 288}, {"x": 62, "y": 288}, {"x": 62, "y": 290}, {"x": 60, "y": 290}, {"x": 60, "y": 288}, {"x": 59, "y": 288}, {"x": 59, "y": 289}, {"x": 58, "y": 289}, {"x": 58, "y": 290}, {"x": 57, "y": 290}, {"x": 57, "y": 291}, {"x": 58, "y": 291}, {"x": 58, "y": 292}, {"x": 59, "y": 292}, {"x": 59, "y": 296}, {"x": 58, "y": 296}, {"x": 58, "y": 297}, {"x": 56, "y": 297}, {"x": 56, "y": 296}, {"x": 54, "y": 296}, {"x": 54, "y": 295}, {"x": 53, "y": 295}, {"x": 53, "y": 297}, {"x": 52, "y": 297}, {"x": 52, "y": 299}, {"x": 50, "y": 299}, {"x": 50, "y": 301}, {"x": 47, "y": 301}, {"x": 47, "y": 300}, {"x": 46, "y": 300}, {"x": 46, "y": 301}, {"x": 45, "y": 301}, {"x": 45, "y": 302}, {"x": 43, "y": 302}, {"x": 43, "y": 301}, {"x": 42, "y": 301}, {"x": 42, "y": 298}, {"x": 40, "y": 298}, {"x": 40, "y": 297}, {"x": 41, "y": 297}, {"x": 41, "y": 296}, {"x": 40, "y": 296}, {"x": 40, "y": 295}, {"x": 39, "y": 295}, {"x": 39, "y": 296}, {"x": 38, "y": 296}, {"x": 38, "y": 294}, {"x": 36, "y": 294}, {"x": 36, "y": 292}, {"x": 33, "y": 292}, {"x": 33, "y": 291}, {"x": 34, "y": 291}, {"x": 34, "y": 288}, {"x": 36, "y": 288}, {"x": 36, "y": 289}, {"x": 38, "y": 289}, {"x": 38, "y": 290}, {"x": 39, "y": 290}, {"x": 39, "y": 288}, {"x": 40, "y": 288}, {"x": 40, "y": 286}, {"x": 39, "y": 286}, {"x": 39, "y": 287}, {"x": 38, "y": 287}, {"x": 38, "y": 286}, {"x": 36, "y": 286}, {"x": 36, "y": 285}, {"x": 33, "y": 285}, {"x": 33, "y": 287}, {"x": 29, "y": 287}, {"x": 29, "y": 286}, {"x": 30, "y": 286}, {"x": 30, "y": 285}, {"x": 29, "y": 285}, {"x": 29, "y": 282}, {"x": 30, "y": 282}, {"x": 30, "y": 284}, {"x": 31, "y": 284}, {"x": 31, "y": 283}, {"x": 32, "y": 283}, {"x": 32, "y": 284}, {"x": 33, "y": 284}, {"x": 33, "y": 283}, {"x": 34, "y": 283}, {"x": 34, "y": 282}, {"x": 35, "y": 282}, {"x": 35, "y": 281}, {"x": 34, "y": 281}, {"x": 34, "y": 279}, {"x": 35, "y": 279}, {"x": 35, "y": 278}, {"x": 36, "y": 278}, {"x": 36, "y": 277}, {"x": 37, "y": 277}, {"x": 37, "y": 278}, {"x": 38, "y": 278}, {"x": 38, "y": 279}, {"x": 40, "y": 279}, {"x": 40, "y": 280}, {"x": 39, "y": 280}, {"x": 39, "y": 281}, {"x": 45, "y": 281}, {"x": 45, "y": 280}, {"x": 47, "y": 280}, {"x": 47, "y": 281}, {"x": 48, "y": 281}, {"x": 48, "y": 279}, {"x": 50, "y": 279}, {"x": 50, "y": 278}, {"x": 48, "y": 278}, {"x": 48, "y": 277}, {"x": 49, "y": 277}, {"x": 49, "y": 273}, {"x": 50, "y": 273}, {"x": 50, "y": 272}, {"x": 52, "y": 272}, {"x": 52, "y": 271}, {"x": 53, "y": 271}, {"x": 53, "y": 269}, {"x": 52, "y": 269}, {"x": 52, "y": 268}, {"x": 51, "y": 268}, {"x": 51, "y": 269}, {"x": 50, "y": 269}, {"x": 50, "y": 264}, {"x": 51, "y": 264}, {"x": 51, "y": 263}, {"x": 52, "y": 263}, {"x": 52, "y": 264}, {"x": 53, "y": 264}, {"x": 53, "y": 261}, {"x": 52, "y": 261}, {"x": 52, "y": 260}, {"x": 51, "y": 260}, {"x": 51, "y": 259}, {"x": 50, "y": 259}, {"x": 50, "y": 258}, {"x": 49, "y": 258}, {"x": 49, "y": 257}, {"x": 48, "y": 257}, {"x": 48, "y": 256}, {"x": 50, "y": 256}, {"x": 50, "y": 254}, {"x": 49, "y": 254}, {"x": 49, "y": 253}, {"x": 48, "y": 253}, {"x": 48, "y": 254}, {"x": 47, "y": 254}, {"x": 47, "y": 252}, {"x": 46, "y": 252}, {"x": 46, "y": 251}, {"x": 44, "y": 251}, {"x": 44, "y": 249}, {"x": 43, "y": 249}, {"x": 43, "y": 252}, {"x": 38, "y": 252}, {"x": 38, "y": 255}, {"x": 36, "y": 255}, {"x": 36, "y": 259}, {"x": 37, "y": 259}, {"x": 37, "y": 257}, {"x": 38, "y": 257}, {"x": 38, "y": 258}, {"x": 39, "y": 258}, {"x": 39, "y": 259}, {"x": 40, "y": 259}, {"x": 40, "y": 257}, {"x": 39, "y": 257}, {"x": 39, "y": 256}, {"x": 40, "y": 256}, {"x": 40, "y": 255}, {"x": 42, "y": 255}, {"x": 42, "y": 256}, {"x": 43, "y": 256}, {"x": 43, "y": 257}, {"x": 42, "y": 257}, {"x": 42, "y": 258}, {"x": 43, "y": 258}, {"x": 43, "y": 259}, {"x": 42, "y": 259}, {"x": 42, "y": 260}, {"x": 43, "y": 260}, {"x": 43, "y": 262}, {"x": 39, "y": 262}, {"x": 39, "y": 263}, {"x": 41, "y": 263}, {"x": 41, "y": 265}, {"x": 40, "y": 265}, {"x": 40, "y": 266}, {"x": 39, "y": 266}, {"x": 39, "y": 267}, {"x": 38, "y": 267}, {"x": 38, "y": 268}, {"x": 39, "y": 268}, {"x": 39, "y": 269}, {"x": 38, "y": 269}, {"x": 38, "y": 271}, {"x": 37, "y": 271}, {"x": 37, "y": 269}, {"x": 36, "y": 269}, {"x": 36, "y": 270}, {"x": 34, "y": 270}, {"x": 34, "y": 273}, {"x": 35, "y": 273}, {"x": 35, "y": 274}, {"x": 30, "y": 274}, {"x": 30, "y": 273}, {"x": 29, "y": 273}, {"x": 29, "y": 274}, {"x": 27, "y": 274}, {"x": 27, "y": 271}, {"x": 26, "y": 271}, {"x": 26, "y": 270}, {"x": 25, "y": 270}, {"x": 25, "y": 269}, {"x": 26, "y": 269}, {"x": 26, "y": 268}, {"x": 23, "y": 268}, {"x": 23, "y": 267}, {"x": 22, "y": 267}, {"x": 22, "y": 266}, {"x": 21, "y": 266}, {"x": 21, "y": 265}, {"x": 22, "y": 265}, {"x": 22, "y": 264}, {"x": 21, "y": 264}, {"x": 21, "y": 263}, {"x": 22, "y": 263}, {"x": 22, "y": 262}, {"x": 23, "y": 262}, {"x": 23, "y": 261}, {"x": 25, "y": 261}, {"x": 25, "y": 262}, {"x": 28, "y": 262}, {"x": 28, "y": 260}, {"x": 29, "y": 260}, {"x": 29, "y": 259}, {"x": 32, "y": 259}, {"x": 32, "y": 258}, {"x": 31, "y": 258}, {"x": 31, "y": 256}, {"x": 30, "y": 256}, {"x": 30, "y": 257}, {"x": 28, "y": 257}, {"x": 28, "y": 256}, {"x": 29, "y": 256}, {"x": 29, "y": 255}, {"x": 27, "y": 255}, {"x": 27, "y": 254}, {"x": 29, "y": 254}, {"x": 29, "y": 253}, {"x": 27, "y": 253}, {"x": 27, "y": 250}, {"x": 28, "y": 250}, {"x": 28, "y": 251}, {"x": 30, "y": 251}, {"x": 30, "y": 250}, {"x": 33, "y": 250}, {"x": 33, "y": 249}, {"x": 34, "y": 249}, {"x": 34, "y": 247}, {"x": 32, "y": 247}, {"x": 32, "y": 248}, {"x": 31, "y": 248}, {"x": 31, "y": 247}, {"x": 27, "y": 247}, {"x": 27, "y": 245}, {"x": 25, "y": 245}, {"x": 25, "y": 242}, {"x": 26, "y": 242}, {"x": 26, "y": 241}, {"x": 24, "y": 241}, {"x": 24, "y": 242}, {"x": 23, "y": 242}, {"x": 23, "y": 241}, {"x": 20, "y": 241}, {"x": 20, "y": 238}, {"x": 21, "y": 238}, {"x": 21, "y": 237}, {"x": 22, "y": 237}, {"x": 22, "y": 238}, {"x": 25, "y": 238}, {"x": 25, "y": 237}, {"x": 24, "y": 237}, {"x": 24, "y": 236}, {"x": 23, "y": 236}, {"x": 23, "y": 233}, {"x": 27, "y": 233}, {"x": 27, "y": 231}, {"x": 29, "y": 231}, {"x": 29, "y": 232}, {"x": 30, "y": 232}, {"x": 30, "y": 233}, {"x": 31, "y": 233}, {"x": 31, "y": 231}, {"x": 32, "y": 231}, {"x": 32, "y": 229}, {"x": 31, "y": 229}, {"x": 31, "y": 228}, {"x": 34, "y": 228}, {"x": 34, "y": 229}, {"x": 35, "y": 229}, {"x": 35, "y": 230}, {"x": 36, "y": 230}, {"x": 36, "y": 228}, {"x": 37, "y": 228}, {"x": 37, "y": 229}, {"x": 39, "y": 229}, {"x": 39, "y": 230}, {"x": 41, "y": 230}, {"x": 41, "y": 229}, {"x": 45, "y": 229}, {"x": 45, "y": 228}, {"x": 47, "y": 228}, {"x": 47, "y": 230}, {"x": 48, "y": 230}, {"x": 48, "y": 227}, {"x": 50, "y": 227}, {"x": 50, "y": 225}, {"x": 51, "y": 225}, {"x": 51, "y": 226}, {"x": 55, "y": 226}, {"x": 55, "y": 227}, {"x": 58, "y": 227}, {"x": 58, "y": 223}, {"x": 57, "y": 223}, {"x": 57, "y": 222}, {"x": 59, "y": 222}, {"x": 59, "y": 219}, {"x": 60, "y": 219}, {"x": 60, "y": 218}, {"x": 61, "y": 218}, {"x": 61, "y": 219}, {"x": 62, "y": 219}, {"x": 62, "y": 217}, {"x": 61, "y": 217}, {"x": 61, "y": 216}, {"x": 59, "y": 216}, {"x": 59, "y": 218}, {"x": 58, "y": 218}, {"x": 58, "y": 217}, {"x": 55, "y": 217}, {"x": 55, "y": 214}, {"x": 56, "y": 214}, {"x": 56, "y": 210}, {"x": 58, "y": 210}, {"x": 58, "y": 211}, {"x": 59, "y": 211}, {"x": 59, "y": 212}, {"x": 60, "y": 212}, {"x": 60, "y": 211}, {"x": 62, "y": 211}, {"x": 62, "y": 209}, {"x": 61, "y": 209}, {"x": 61, "y": 208}, {"x": 60, "y": 208}, {"x": 60, "y": 207}, {"x": 58, "y": 207}, {"x": 58, "y": 206}, {"x": 56, "y": 206}, {"x": 56, "y": 204}, {"x": 55, "y": 204}, {"x": 55, "y": 205}, {"x": 54, "y": 205}, {"x": 54, "y": 203}, {"x": 55, "y": 203}, {"x": 55, "y": 202}, {"x": 56, "y": 202}, {"x": 56, "y": 200}, {"x": 55, "y": 200}, {"x": 55, "y": 198}, {"x": 56, "y": 198}, {"x": 56, "y": 197}, {"x": 55, "y": 197}, {"x": 55, "y": 196}, {"x": 58, "y": 196}, {"x": 58, "y": 195}, {"x": 57, "y": 195}, {"x": 57, "y": 194}, {"x": 64, "y": 194}, {"x": 64, "y": 193}, {"x": 62, "y": 193}, {"x": 62, "y": 192}, {"x": 64, "y": 192}, {"x": 64, "y": 190}, {"x": 65, "y": 190}, {"x": 65, "y": 188}, {"x": 64, "y": 188}, {"x": 64, "y": 187}, {"x": 66, "y": 187}, {"x": 66, "y": 186}, {"x": 67, "y": 186}, {"x": 67, "y": 184}, {"x": 68, "y": 184}, {"x": 68, "y": 182}, {"x": 66, "y": 182}, {"x": 66, "y": 181}, {"x": 68, "y": 181}, {"x": 68, "y": 179}, {"x": 67, "y": 179}, {"x": 67, "y": 178}, {"x": 66, "y": 178}, {"x": 66, "y": 179}, {"x": 64, "y": 179}, {"x": 64, "y": 177}, {"x": 59, "y": 177}, {"x": 59, "y": 179}, {"x": 57, "y": 179}, {"x": 57, "y": 180}, {"x": 58, "y": 180}, {"x": 58, "y": 181}, {"x": 55, "y": 181}, {"x": 55, "y": 182}, {"x": 53, "y": 182}, {"x": 53, "y": 180}, {"x": 52, "y": 180}, {"x": 52, "y": 182}, {"x": 51, "y": 182}, {"x": 51, "y": 181}, {"x": 50, "y": 181}, {"x": 50, "y": 180}, {"x": 47, "y": 180}, {"x": 47, "y": 184}, {"x": 48, "y": 184}, {"x": 48, "y": 186}, {"x": 49, "y": 186}, {"x": 49, "y": 187}, {"x": 48, "y": 187}, {"x": 48, "y": 188}, {"x": 50, "y": 188}, {"x": 50, "y": 189}, {"x": 49, "y": 189}, {"x": 49, "y": 192}, {"x": 50, "y": 192}, {"x": 50, "y": 193}, {"x": 49, "y": 193}, {"x": 49, "y": 194}, {"x": 46, "y": 194}, {"x": 46, "y": 193}, {"x": 48, "y": 193}, {"x": 48, "y": 192}, {"x": 47, "y": 192}, {"x": 47, "y": 191}, {"x": 45, "y": 191}, {"x": 45, "y": 190}, {"x": 44, "y": 190}, {"x": 44, "y": 189}, {"x": 43, "y": 189}, {"x": 43, "y": 190}, {"x": 42, "y": 190}, {"x": 42, "y": 189}, {"x": 41, "y": 189}, {"x": 41, "y": 191}, {"x": 40, "y": 191}, {"x": 40, "y": 193}, {"x": 39, "y": 193}, {"x": 39, "y": 194}, {"x": 36, "y": 194}, {"x": 36, "y": 196}, {"x": 35, "y": 196}, {"x": 35, "y": 195}, {"x": 33, "y": 195}, {"x": 33, "y": 196}, {"x": 30, "y": 196}, {"x": 30, "y": 197}, {"x": 32, "y": 197}, {"x": 32, "y": 198}, {"x": 33, "y": 198}, {"x": 33, "y": 199}, {"x": 31, "y": 199}, {"x": 31, "y": 200}, {"x": 33, "y": 200}, {"x": 33, "y": 202}, {"x": 31, "y": 202}, {"x": 31, "y": 203}, {"x": 30, "y": 203}, {"x": 30, "y": 202}, {"x": 29, "y": 202}, {"x": 29, "y": 204}, {"x": 31, "y": 204}, {"x": 31, "y": 205}, {"x": 34, "y": 205}, {"x": 34, "y": 209}, {"x": 35, "y": 209}, {"x": 35, "y": 210}, {"x": 34, "y": 210}, {"x": 34, "y": 211}, {"x": 36, "y": 211}, {"x": 36, "y": 212}, {"x": 38, "y": 212}, {"x": 38, "y": 213}, {"x": 37, "y": 213}, {"x": 37, "y": 215}, {"x": 38, "y": 215}, {"x": 38, "y": 216}, {"x": 37, "y": 216}, {"x": 37, "y": 217}, {"x": 36, "y": 217}, {"x": 36, "y": 216}, {"x": 35, "y": 216}, {"x": 35, "y": 217}, {"x": 32, "y": 217}, {"x": 32, "y": 216}, {"x": 31, "y": 216}, {"x": 31, "y": 217}, {"x": 28, "y": 217}, {"x": 28, "y": 218}, {"x": 27, "y": 218}, {"x": 27, "y": 220}, {"x": 24, "y": 220}, {"x": 24, "y": 221}, {"x": 23, "y": 221}, {"x": 23, "y": 220}, {"x": 22, "y": 220}, {"x": 22, "y": 217}, {"x": 21, "y": 217}, {"x": 21, "y": 216}, {"x": 18, "y": 216}, {"x": 18, "y": 217}, {"x": 17, "y": 217}, {"x": 17, "y": 215}, {"x": 16, "y": 215}, {"x": 16, "y": 214}, {"x": 12, "y": 214}, {"x": 12, "y": 216}, {"x": 13, "y": 216}, {"x": 13, "y": 217}, {"x": 12, "y": 217}, {"x": 12, "y": 218}, {"x": 11, "y": 218}, {"x": 11, "y": 216}, {"x": 10, "y": 216}, {"x": 10, "y": 218}, {"x": 9, "y": 218}, {"x": 9, "y": 217}, {"x": 7, "y": 217}, {"x": 7, "y": 216}, {"x": 8, "y": 216}, {"x": 8, "y": 215}, {"x": 7, "y": 215}, {"x": 7, "y": 214}, {"x": 8, "y": 214}, {"x": 8, "y": 210}, {"x": 7, "y": 210}, {"x": 7, "y": 209}, {"x": 9, "y": 209}, {"x": 9, "y": 208}, {"x": 11, "y": 208}, {"x": 11, "y": 206}, {"x": 10, "y": 206}, {"x": 10, "y": 204}, {"x": 9, "y": 204}, {"x": 9, "y": 203}, {"x": 11, "y": 203}, {"x": 11, "y": 198}, {"x": 10, "y": 198}, {"x": 10, "y": 199}, {"x": 9, "y": 199}, {"x": 9, "y": 197}, {"x": 10, "y": 197}, {"x": 10, "y": 195}, {"x": 9, "y": 195}, {"x": 9, "y": 193}, {"x": 10, "y": 193}, {"x": 10, "y": 194}, {"x": 13, "y": 194}, {"x": 13, "y": 196}, {"x": 14, "y": 196}, {"x": 14, "y": 195}, {"x": 16, "y": 195}, {"x": 16, "y": 193}, {"x": 17, "y": 193}, {"x": 17, "y": 191}, {"x": 18, "y": 191}, {"x": 18, "y": 190}, {"x": 19, "y": 190}, {"x": 19, "y": 189}, {"x": 22, "y": 189}, {"x": 22, "y": 188}, {"x": 21, "y": 188}, {"x": 21, "y": 187}, {"x": 22, "y": 187}, {"x": 22, "y": 186}, {"x": 20, "y": 186}, {"x": 20, "y": 185}, {"x": 19, "y": 185}, {"x": 19, "y": 184}, {"x": 22, "y": 184}, {"x": 22, "y": 183}, {"x": 21, "y": 183}, {"x": 21, "y": 182}, {"x": 24, "y": 182}, {"x": 24, "y": 181}, {"x": 23, "y": 181}, {"x": 23, "y": 180}, {"x": 24, "y": 180}, {"x": 24, "y": 179}, {"x": 25, "y": 179}, {"x": 25, "y": 180}, {"x": 26, "y": 180}, {"x": 26, "y": 179}, {"x": 27, "y": 179}, {"x": 27, "y": 177}, {"x": 28, "y": 177}, {"x": 28, "y": 179}, {"x": 29, "y": 179}, {"x": 29, "y": 181}, {"x": 27, "y": 181}, {"x": 27, "y": 182}, {"x": 28, "y": 182}, {"x": 28, "y": 183}, {"x": 30, "y": 183}, {"x": 30, "y": 184}, {"x": 32, "y": 184}, {"x": 32, "y": 183}, {"x": 31, "y": 183}, {"x": 31, "y": 182}, {"x": 33, "y": 182}, {"x": 33, "y": 181}, {"x": 35, "y": 181}, {"x": 35, "y": 180}, {"x": 33, "y": 180}, {"x": 33, "y": 178}, {"x": 31, "y": 178}, {"x": 31, "y": 177}, {"x": 30, "y": 177}, {"x": 30, "y": 175}, {"x": 32, "y": 175}, {"x": 32, "y": 174}, {"x": 30, "y": 174}, {"x": 30, "y": 173}, {"x": 32, "y": 173}, {"x": 32, "y": 172}, {"x": 30, "y": 172}, {"x": 30, "y": 171}, {"x": 29, "y": 171}, {"x": 29, "y": 173}, {"x": 28, "y": 173}, {"x": 28, "y": 172}, {"x": 27, "y": 172}, {"x": 27, "y": 174}, {"x": 28, "y": 174}, {"x": 28, "y": 175}, {"x": 27, "y": 175}, {"x": 27, "y": 176}, {"x": 25, "y": 176}, {"x": 25, "y": 175}, {"x": 26, "y": 175}, {"x": 26, "y": 172}, {"x": 25, "y": 172}, {"x": 25, "y": 171}, {"x": 24, "y": 171}, {"x": 24, "y": 170}, {"x": 25, "y": 170}, {"x": 25, "y": 165}, {"x": 23, "y": 165}, {"x": 23, "y": 166}, {"x": 22, "y": 166}, {"x": 22, "y": 167}, {"x": 19, "y": 167}, {"x": 19, "y": 163}, {"x": 18, "y": 163}, {"x": 18, "y": 162}, {"x": 19, "y": 162}, {"x": 19, "y": 160}, {"x": 18, "y": 160}, {"x": 18, "y": 158}, {"x": 20, "y": 158}, {"x": 20, "y": 156}, {"x": 18, "y": 156}, {"x": 18, "y": 155}, {"x": 19, "y": 155}, {"x": 19, "y": 154}, {"x": 25, "y": 154}, {"x": 25, "y": 152}, {"x": 27, "y": 152}, {"x": 27, "y": 153}, {"x": 28, "y": 153}, {"x": 28, "y": 154}, {"x": 30, "y": 154}, {"x": 30, "y": 153}, {"x": 31, "y": 153}, {"x": 31, "y": 155}, {"x": 32, "y": 155}, {"x": 32, "y": 154}, {"x": 33, "y": 154}, {"x": 33, "y": 153}, {"x": 37, "y": 153}, {"x": 37, "y": 154}, {"x": 38, "y": 154}, {"x": 38, "y": 153}, {"x": 39, "y": 153}, {"x": 39, "y": 151}, {"x": 40, "y": 151}, {"x": 40, "y": 150}, {"x": 41, "y": 150}, {"x": 41, "y": 148}, {"x": 39, "y": 148}, {"x": 39, "y": 149}, {"x": 37, "y": 149}, {"x": 37, "y": 148}, {"x": 38, "y": 148}, {"x": 38, "y": 146}, {"x": 37, "y": 146}, {"x": 37, "y": 144}, {"x": 38, "y": 144}, {"x": 38, "y": 143}, {"x": 37, "y": 143}, {"x": 37, "y": 142}, {"x": 36, "y": 142}, {"x": 36, "y": 143}, {"x": 34, "y": 143}, {"x": 34, "y": 142}, {"x": 33, "y": 142}, {"x": 33, "y": 141}, {"x": 32, "y": 141}, {"x": 32, "y": 142}, {"x": 31, "y": 142}, {"x": 31, "y": 143}, {"x": 30, "y": 143}, {"x": 30, "y": 145}, {"x": 29, "y": 145}, {"x": 29, "y": 146}, {"x": 28, "y": 146}, {"x": 28, "y": 145}, {"x": 27, "y": 145}, {"x": 27, "y": 144}, {"x": 25, "y": 144}, {"x": 25, "y": 145}, {"x": 24, "y": 145}, {"x": 24, "y": 146}, {"x": 23, "y": 146}, {"x": 23, "y": 143}, {"x": 22, "y": 143}, {"x": 22, "y": 142}, {"x": 20, "y": 142}, {"x": 20, "y": 141}, {"x": 19, "y": 141}, {"x": 19, "y": 138}, {"x": 20, "y": 138}, {"x": 20, "y": 137}, {"x": 23, "y": 137}, {"x": 23, "y": 138}, {"x": 22, "y": 138}, {"x": 22, "y": 139}, {"x": 23, "y": 139}, {"x": 23, "y": 140}, {"x": 24, "y": 140}, {"x": 24, "y": 139}, {"x": 27, "y": 139}, {"x": 27, "y": 140}, {"x": 29, "y": 140}, {"x": 29, "y": 139}, {"x": 30, "y": 139}, {"x": 30, "y": 136}, {"x": 31, "y": 136}, {"x": 31, "y": 134}, {"x": 32, "y": 134}, {"x": 32, "y": 133}, {"x": 31, "y": 133}, {"x": 31, "y": 132}, {"x": 29, "y": 132}, {"x": 29, "y": 131}, {"x": 28, "y": 131}, {"x": 28, "y": 130}, {"x": 29, "y": 130}, {"x": 29, "y": 128}, {"x": 31, "y": 128}, {"x": 31, "y": 127}, {"x": 32, "y": 127}, {"x": 32, "y": 126}, {"x": 30, "y": 126}, {"x": 30, "y": 124}, {"x": 31, "y": 124}, {"x": 31, "y": 125}, {"x": 32, "y": 125}, {"x": 32, "y": 123}, {"x": 33, "y": 123}, {"x": 33, "y": 126}, {"x": 34, "y": 126}, {"x": 34, "y": 128}, {"x": 35, "y": 128}, {"x": 35, "y": 126}, {"x": 39, "y": 126}, {"x": 39, "y": 128}, {"x": 41, "y": 128}, {"x": 41, "y": 127}, {"x": 44, "y": 127}, {"x": 44, "y": 126}, {"x": 43, "y": 126}, {"x": 43, "y": 125}, {"x": 44, "y": 125}, {"x": 44, "y": 124}, {"x": 41, "y": 124}, {"x": 41, "y": 123}, {"x": 39, "y": 123}, {"x": 39, "y": 125}, {"x": 37, "y": 125}, {"x": 37, "y": 124}, {"x": 38, "y": 124}, {"x": 38, "y": 122}, {"x": 39, "y": 122}, {"x": 39, "y": 121}, {"x": 41, "y": 121}, {"x": 41, "y": 122}, {"x": 42, "y": 122}, {"x": 42, "y": 120}, {"x": 43, "y": 120}, {"x": 43, "y": 117}, {"x": 44, "y": 117}, {"x": 44, "y": 115}, {"x": 41, "y": 115}, {"x": 41, "y": 114}, {"x": 40, "y": 114}, {"x": 40, "y": 113}, {"x": 39, "y": 113}, {"x": 39, "y": 112}, {"x": 40, "y": 112}, {"x": 40, "y": 110}, {"x": 37, "y": 110}, {"x": 37, "y": 109}, {"x": 38, "y": 109}, {"x": 38, "y": 108}, {"x": 37, "y": 108}, {"x": 37, "y": 107}, {"x": 36, "y": 107}, {"x": 36, "y": 105}, {"x": 33, "y": 105}, {"x": 33, "y": 106}, {"x": 31, "y": 106}, {"x": 31, "y": 107}, {"x": 32, "y": 107}, {"x": 32, "y": 110}, {"x": 33, "y": 110}, {"x": 33, "y": 108}, {"x": 34, "y": 108}, {"x": 34, "y": 110}, {"x": 35, "y": 110}, {"x": 35, "y": 112}, {"x": 32, "y": 112}, {"x": 32, "y": 111}, {"x": 31, "y": 111}, {"x": 31, "y": 112}, {"x": 30, "y": 112}, {"x": 30, "y": 113}, {"x": 31, "y": 113}, {"x": 31, "y": 115}, {"x": 32, "y": 115}, {"x": 32, "y": 114}, {"x": 33, "y": 114}, {"x": 33, "y": 115}, {"x": 34, "y": 115}, {"x": 34, "y": 116}, {"x": 33, "y": 116}, {"x": 33, "y": 117}, {"x": 34, "y": 117}, {"x": 34, "y": 118}, {"x": 31, "y": 118}, {"x": 31, "y": 120}, {"x": 32, "y": 120}, {"x": 32, "y": 121}, {"x": 27, "y": 121}, {"x": 27, "y": 122}, {"x": 24, "y": 122}, {"x": 24, "y": 121}, {"x": 23, "y": 121}, {"x": 23, "y": 120}, {"x": 20, "y": 120}, {"x": 20, "y": 121}, {"x": 18, "y": 121}, {"x": 18, "y": 120}, {"x": 17, "y": 120}, {"x": 17, "y": 121}, {"x": 16, "y": 121}, {"x": 16, "y": 119}, {"x": 15, "y": 119}, {"x": 15, "y": 118}, {"x": 16, "y": 118}, {"x": 16, "y": 117}, {"x": 14, "y": 117}, {"x": 14, "y": 119}, {"x": 13, "y": 119}, {"x": 13, "y": 122}, {"x": 12, "y": 122}, {"x": 12, "y": 120}, {"x": 10, "y": 120}, {"x": 10, "y": 121}, {"x": 9, "y": 121}, {"x": 9, "y": 119}, {"x": 10, "y": 119}, {"x": 10, "y": 117}, {"x": 9, "y": 117}, {"x": 9, "y": 118}, {"x": 8, "y": 118}, {"x": 8, "y": 119}, {"x": 5, "y": 119}, {"x": 5, "y": 118}, {"x": 4, "y": 118}, {"x": 4, "y": 117}, {"x": 3, "y": 117}, {"x": 3, "y": 115}, {"x": 4, "y": 115}, {"x": 4, "y": 113}, {"x": 3, "y": 113}, {"x": 3, "y": 112}, {"x": 2, "y": 112}, {"x": 2, "y": 113}, {"x": 1, "y": 113}, {"x": 1, "y": 112}, {"x": 0, "y": 112}, {"x": 0, "y": 111}, {"x": 2, "y": 111}, {"x": 2, "y": 110}, {"x": 0, "y": 110}, {"x": 0, "y": 109}, {"x": 2, "y": 109}, {"x": 2, "y": 108}, {"x": 3, "y": 108}, {"x": 3, "y": 109}, {"x": 7, "y": 109}, {"x": 7, "y": 108}, {"x": 6, "y": 108}, {"x": 6, "y": 107}, {"x": 7, "y": 107}, {"x": 7, "y": 106}, {"x": 9, "y": 106}, {"x": 9, "y": 105}, {"x": 13, "y": 105}, {"x": 13, "y": 106}, {"x": 15, "y": 106}, {"x": 15, "y": 107}, {"x": 17, "y": 107}, {"x": 17, "y": 108}, {"x": 16, "y": 108}, {"x": 16, "y": 111}, {"x": 17, "y": 111}, {"x": 17, "y": 112}, {"x": 19, "y": 112}, {"x": 19, "y": 111}, {"x": 18, "y": 111}, {"x": 18, "y": 110}, {"x": 19, "y": 110}, {"x": 19, "y": 107}, {"x": 20, "y": 107}, {"x": 20, "y": 106}, {"x": 21, "y": 106}, {"x": 21, "y": 107}, {"x": 22, "y": 107}, {"x": 22, "y": 105}, {"x": 21, "y": 105}, {"x": 21, "y": 104}, {"x": 23, "y": 104}, {"x": 23, "y": 101}, {"x": 21, "y": 101}, {"x": 21, "y": 100}, {"x": 18, "y": 100}, {"x": 18, "y": 101}, {"x": 17, "y": 101}, {"x": 17, "y": 99}, {"x": 16, "y": 99}, {"x": 16, "y": 97}, {"x": 13, "y": 97}, {"x": 13, "y": 96}, {"x": 12, "y": 96}, {"x": 12, "y": 94}, {"x": 13, "y": 94}, {"x": 13, "y": 93}, {"x": 14, "y": 93}, {"x": 14, "y": 95}, {"x": 15, "y": 95}, {"x": 15, "y": 93}, {"x": 17, "y": 93}, {"x": 17, "y": 95}, {"x": 18, "y": 95}, {"x": 18, "y": 94}, {"x": 21, "y": 94}, {"x": 21, "y": 91}, {"x": 22, "y": 91}, {"x": 22, "y": 90}, {"x": 21, "y": 90}, {"x": 21, "y": 88}, {"x": 23, "y": 88}, {"x": 23, "y": 87}, {"x": 24, "y": 87}, {"x": 24, "y": 89}, {"x": 25, "y": 89}, {"x": 25, "y": 88}, {"x": 28, "y": 88}, {"x": 28, "y": 87}, {"x": 27, "y": 87}, {"x": 27, "y": 83}, {"x": 28, "y": 83}, {"x": 28, "y": 82}, {"x": 27, "y": 82}, {"x": 27, "y": 80}, {"x": 26, "y": 80}, {"x": 26, "y": 79}, {"x": 25, "y": 79}, {"x": 25, "y": 78}, {"x": 24, "y": 78}, {"x": 24, "y": 80}, {"x": 23, "y": 80}, {"x": 23, "y": 76}, {"x": 24, "y": 76}, {"x": 24, "y": 75}, {"x": 25, "y": 75}, {"x": 25, "y": 74}, {"x": 27, "y": 74}, {"x": 27, "y": 73}, {"x": 31, "y": 73}, {"x": 31, "y": 74}, {"x": 32, "y": 74}, {"x": 32, "y": 73}, {"x": 33, "y": 73}, {"x": 33, "y": 72}, {"x": 34, "y": 72}, {"x": 34, "y": 71}, {"x": 36, "y": 71}, {"x": 36, "y": 70}, {"x": 39, "y": 70}, {"x": 39, "y": 69}, {"x": 40, "y": 69}, {"x": 40, "y": 67}, {"x": 41, "y": 67}, {"x": 41, "y": 65}, {"x": 39, "y": 65}, {"x": 39, "y": 64}, {"x": 37, "y": 64}, {"x": 37, "y": 65}, {"x": 35, "y": 65}, {"x": 35, "y": 64}, {"x": 31, "y": 64}, {"x": 31, "y": 63}, {"x": 30, "y": 63}, {"x": 30, "y": 62}, {"x": 31, "y": 62}, {"x": 31, "y": 60}, {"x": 30, "y": 60}, {"x": 30, "y": 58}, {"x": 32, "y": 58}, {"x": 32, "y": 55}, {"x": 30, "y": 55}, {"x": 30, "y": 54}, {"x": 32, "y": 54}, {"x": 32, "y": 52}, {"x": 33, "y": 52}, {"x": 33, "y": 51}, {"x": 34, "y": 51}, {"x": 34, "y": 49}, {"x": 33, "y": 49}, {"x": 33, "y": 48}, {"x": 31, "y": 48}, {"x": 31, "y": 46}, {"x": 30, "y": 46}, {"x": 30, "y": 47}, {"x": 29, "y": 47}, {"x": 29, "y": 42}, {"x": 30, "y": 42}, {"x": 30, "y": 43}, {"x": 31, "y": 43}, {"x": 31, "y": 42}, {"x": 32, "y": 42}, {"x": 32, "y": 41}, {"x": 34, "y": 41}, {"x": 34, "y": 40}, {"x": 32, "y": 40}, {"x": 32, "y": 39}, {"x": 34, "y": 39}, {"x": 34, "y": 38}, {"x": 33, "y": 38}, {"x": 33, "y": 37}, {"x": 32, "y": 37}, {"x": 32, "y": 36}, {"x": 31, "y": 36}, {"x": 31, "y": 37}, {"x": 30, "y": 37}, {"x": 30, "y": 38}, {"x": 29, "y": 38}, {"x": 29, "y": 37}, {"x": 28, "y": 37}, {"x": 28, "y": 34}, {"x": 27, "y": 34}, {"x": 27, "y": 33}, {"x": 28, "y": 33}, {"x": 28, "y": 30}, {"x": 29, "y": 30}, {"x": 29, "y": 31}, {"x": 32, "y": 31}, {"x": 32, "y": 30}, {"x": 35, "y": 30}, {"x": 35, "y": 29}, {"x": 36, "y": 29}, {"x": 36, "y": 28}, {"x": 35, "y": 28}, {"x": 35, "y": 27}, {"x": 37, "y": 27}, {"x": 37, "y": 28}, {"x": 41, "y": 28}, {"x": 41, "y": 30}, {"x": 39, "y": 30}, {"x": 39, "y": 31}, {"x": 36, "y": 31}, {"x": 36, "y": 32}, {"x": 37, "y": 32}, {"x": 37, "y": 34}, {"x": 38, "y": 34}, {"x": 38, "y": 35}, {"x": 37, "y": 35}, {"x": 37, "y": 38}, {"x": 38, "y": 38}, {"x": 38, "y": 37}, {"x": 39, "y": 37}, {"x": 39, "y": 38}, {"x": 40, "y": 38}, {"x": 40, "y": 39}, {"x": 39, "y": 39}, {"x": 39, "y": 42}, {"x": 38, "y": 42}, {"x": 38, "y": 44}, {"x": 37, "y": 44}, {"x": 37, "y": 46}, {"x": 38, "y": 46}, {"x": 38, "y": 45}, {"x": 40, "y": 45}, {"x": 40, "y": 46}, {"x": 43, "y": 46}, {"x": 43, "y": 48}, {"x": 42, "y": 48}, {"x": 42, "y": 49}, {"x": 44, "y": 49}, {"x": 44, "y": 48}, {"x": 46, "y": 48}, {"x": 46, "y": 46}, {"x": 47, "y": 46}, {"x": 47, "y": 45}, {"x": 46, "y": 45}, {"x": 46, "y": 43}, {"x": 47, "y": 43}, {"x": 47, "y": 42}, {"x": 49, "y": 42}, {"x": 49, "y": 40}, {"x": 48, "y": 40}, {"x": 48, "y": 39}, {"x": 50, "y": 39}, {"x": 50, "y": 38}, {"x": 49, "y": 38}, {"x": 49, "y": 35}, {"x": 50, "y": 35}, {"x": 50, "y": 33}, {"x": 49, "y": 33}, {"x": 49, "y": 32}, {"x": 48, "y": 32}, {"x": 48, "y": 28}, {"x": 46, "y": 28}, {"x": 46, "y": 18}, {"x": 47, "y": 18}, {"x": 47, "y": 19}, {"x": 48, "y": 19}, {"x": 48, "y": 17}, {"x": 49, "y": 17}, {"x": 49, "y": 18}, {"x": 50, "y": 18}, {"x": 50, "y": 15}, {"x": 51, "y": 15}, {"x": 51, "y": 16}, {"x": 52, "y": 16}, {"x": 52, "y": 15}, {"x": 53, "y": 15}, {"x": 53, "y": 16}, {"x": 54, "y": 16}, {"x": 54, "y": 17}, {"x": 56, "y": 17}, {"x": 56, "y": 15}, {"x": 57, "y": 15}, {"x": 57, "y": 16}, {"x": 58, "y": 16}, {"x": 58, "y": 18}, {"x": 59, "y": 18}, {"x": 59, "y": 19}, {"x": 58, "y": 19}, {"x": 58, "y": 20}, {"x": 57, "y": 20}, {"x": 57, "y": 21}, {"x": 59, "y": 21}, {"x": 59, "y": 22}, {"x": 60, "y": 22}, {"x": 60, "y": 21}, {"x": 61, "y": 21}, {"x": 61, "y": 22}, {"x": 62, "y": 22}, {"x": 62, "y": 23}, {"x": 63, "y": 23}, {"x": 63, "y": 22}, {"x": 64, "y": 22}, {"x": 64, "y": 20}, {"x": 63, "y": 20}, {"x": 63, "y": 19}, {"x": 62, "y": 19}, {"x": 62, "y": 20}, {"x": 61, "y": 20}, {"x": 61, "y": 17}, {"x": 64, "y": 17}, {"x": 64, "y": 15}, {"x": 66, "y": 15}, {"x": 66, "y": 16}, {"x": 68, "y": 16}, {"x": 68, "y": 15}, {"x": 69, "y": 15}, {"x": 69, "y": 16}, {"x": 71, "y": 16}, {"x": 71, "y": 18}, {"x": 74, "y": 18}, {"x": 74, "y": 19}, {"x": 75, "y": 19}, {"x": 75, "y": 20}, {"x": 77, "y": 20}, {"x": 77, "y": 18}, {"x": 78, "y": 18}, {"x": 78, "y": 19}, {"x": 79, "y": 19}, {"x": 79, "y": 18}, {"x": 80, "y": 18}, {"x": 80, "y": 17}, {"x": 79, "y": 17}, {"x": 79, "y": 15}, {"x": 81, "y": 15}, {"x": 81, "y": 16}, {"x": 83, "y": 16}, {"x": 83, "y": 15}, {"x": 86, "y": 15}, {"x": 86, "y": 13}, {"x": 85, "y": 13}, {"x": 85, "y": 12}, {"x": 86, "y": 12}, {"x": 86, "y": 11}, {"x": 85, "y": 11}, {"x": 85, "y": 10}, {"x": 87, "y": 10}, {"x": 87, "y": 9}, {"x": 88, "y": 9}, {"x": 88, "y": 8}, {"x": 89, "y": 8}, {"x": 89, "y": 6}, {"x": 91, "y": 6}, {"x": 91, "y": 7}, {"x": 92, "y": 7}, {"x": 92, "y": 8}, {"x": 91, "y": 8}, {"x": 91, "y": 9}, {"x": 92, "y": 9}, {"x": 92, "y": 11}, {"x": 93, "y": 11}, {"x": 93, "y": 9}, {"x": 96, "y": 9}, {"x": 96, "y": 8}, {"x": 97, "y": 8}, {"x": 97, "y": 7}, {"x": 98, "y": 7}, {"x": 98, "y": 6}, {"x": 96, "y": 6}, {"x": 96, "y": 4}, {"x": 97, "y": 4}, {"x": 97, "y": 3}, {"x": 100, "y": 3}, {"x": 100, "y": 2}, {"x": 101, "y": 2}, {"x": 101, "y": 0}, {"x": 102, "y": 0}, {"x": 102, "y": 2}, {"x": 104, "y": 2}, {"x": 104, "y": 3}, {"x": 103, "y": 3}, {"x": 103, "y": 4}, {"x": 102, "y": 4}, {"x": 102, "y": 8}, {"x": 101, "y": 8}, {"x": 101, "y": 7}, {"x": 100, "y": 7}, {"x": 100, "y": 8}, {"x": 99, "y": 8}, {"x": 99, "y": 9}, {"x": 101, "y": 9}, {"x": 101, "y": 10}, {"x": 102, "y": 10}, {"x": 102, "y": 11}, {"x": 104, "y": 11}, {"x": 104, "y": 10}, {"x": 105, "y": 10}, {"x": 105, "y": 11}, {"x": 106, "y": 11}, {"x": 106, "y": 7}, {"x": 108, "y": 7}, {"x": 108, "y": 10}, {"x": 109, "y": 10}, {"x": 109, "y": 9}, {"x": 112, "y": 9}, {"x": 112, "y": 10}, {"x": 117, "y": 10}, {"x": 117, "y": 12}, {"x": 118, "y": 12}, {"x": 118, "y": 11}, {"x": 119, "y": 11}, {"x": 119, "y": 12}, {"x": 121, "y": 12}, {"x": 121, "y": 14}, {"x": 122, "y": 14}, {"x": 122, "y": 12}, {"x": 125, "y": 12}, {"x": 125, "y": 8}, {"x": 128, "y": 8}, {"x": 128, "y": 9}, {"x": 130, "y": 9}, {"x": 130, "y": 12}, {"x": 129, "y": 12}, {"x": 129, "y": 13}, {"x": 130, "y": 13}, {"x": 130, "y": 14}, {"x": 129, "y": 14}, {"x": 129, "y": 15}, {"x": 130, "y": 15}, {"x": 130, "y": 16}, {"x": 129, "y": 16}, {"x": 129, "y": 17}, {"x": 130, "y": 17}, {"x": 130, "y": 21}, {"x": 129, "y": 21}, {"x": 129, "y": 22}, {"x": 128, "y": 22}, {"x": 128, "y": 21}, {"x": 126, "y": 21}, {"x": 126, "y": 20}, {"x": 125, "y": 20}, {"x": 125, "y": 19}, {"x": 124, "y": 19}, {"x": 124, "y": 23}, {"x": 123, "y": 23}, {"x": 123, "y": 24}, {"x": 121, "y": 24}, {"x": 121, "y": 25}, {"x": 120, "y": 25}, {"x": 120, "y": 26}, {"x": 119, "y": 26}, {"x": 119, "y": 25}, {"x": 116, "y": 25}, {"x": 116, "y": 27}, {"x": 115, "y": 27}, {"x": 115, "y": 28}, {"x": 114, "y": 28}, {"x": 114, "y": 29}, {"x": 115, "y": 29}, {"x": 115, "y": 30}, {"x": 116, "y": 30}, {"x": 116, "y": 32}, {"x": 114, "y": 32}, {"x": 114, "y": 34}, {"x": 115, "y": 34}, {"x": 115, "y": 35}, {"x": 116, "y": 35}, {"x": 116, "y": 37}, {"x": 114, "y": 37}, {"x": 114, "y": 36}, {"x": 113, "y": 36}, {"x": 113, "y": 41}, {"x": 114, "y": 41}, {"x": 114, "y": 39}, {"x": 115, "y": 39}, {"x": 115, "y": 40}, {"x": 116, "y": 40}, {"x": 116, "y": 39}, {"x": 117, "y": 39}, {"x": 117, "y": 41}, {"x": 118, "y": 41}, {"x": 118, "y": 39}, {"x": 120, "y": 39}, {"x": 120, "y": 41}, {"x": 121, "y": 41}, {"x": 121, "y": 38}, {"x": 122, "y": 38}, {"x": 122, "y": 37}, {"x": 121, "y": 37}, {"x": 121, "y": 36}, {"x": 122, "y": 36}, {"x": 122, "y": 35}, {"x": 121, "y": 35}, {"x": 121, "y": 33}, {"x": 122, "y": 33}, {"x": 122, "y": 34}, {"x": 124, "y": 34}, {"x": 124, "y": 33}, {"x": 125, "y": 33}, {"x": 125, "y": 35}, {"x": 126, "y": 35}, {"x": 126, "y": 34}, {"x": 127, "y": 34}, {"x": 127, "y": 33}, {"x": 130, "y": 33}, {"x": 130, "y": 34}, {"x": 131, "y": 34}, {"x": 131, "y": 35}, {"x": 129, "y": 35}, {"x": 129, "y": 37}, {"x": 128, "y": 37}, {"x": 128, "y": 38}, {"x": 127, "y": 38}, {"x": 127, "y": 40}, {"x": 129, "y": 40}, {"x": 129, "y": 41}, {"x": 130, "y": 41}, {"x": 130, "y": 42}, {"x": 132, "y": 42}, {"x": 132, "y": 43}, {"x": 131, "y": 43}, {"x": 131, "y": 44}, {"x": 133, "y": 44}, {"x": 133, "y": 46}, {"x": 132, "y": 46}, {"x": 132, "y": 49}, {"x": 134, "y": 49}, {"x": 134, "y": 50}, {"x": 133, "y": 50}, {"x": 133, "y": 51}, {"x": 132, "y": 51}, {"x": 132, "y": 57}, {"x": 133, "y": 57}, {"x": 133, "y": 58}, {"x": 137, "y": 58}, {"x": 137, "y": 59}, {"x": 138, "y": 59}, {"x": 138, "y": 58}, {"x": 139, "y": 58}, {"x": 139, "y": 57}, {"x": 138, "y": 57}, {"x": 138, "y": 56}, {"x": 140, "y": 56}, {"x": 140, "y": 54}, {"x": 142, "y": 54}, {"x": 142, "y": 56}, {"x": 143, "y": 56}, {"x": 143, "y": 55}, {"x": 144, "y": 55}, {"x": 144, "y": 56}, {"x": 145, "y": 56}, {"x": 145, "y": 55}, {"x": 146, "y": 55}, {"x": 146, "y": 53}, {"x": 149, "y": 53}, {"x": 149, "y": 54}, {"x": 147, "y": 54}, {"x": 147, "y": 56}, {"x": 148, "y": 56}, {"x": 148, "y": 58}, {"x": 145, "y": 58}, {"x": 145, "y": 59}, {"x": 146, "y": 59}, {"x": 146, "y": 62}, {"x": 145, "y": 62}, {"x": 145, "y": 64}, {"x": 146, "y": 64}, {"x": 146, "y": 65}, {"x": 144, "y": 65}, {"x": 144, "y": 66}, {"x": 145, "y": 66}, {"x": 145, "y": 67}, {"x": 146, "y": 67}, {"x": 146, "y": 68}, {"x": 147, "y": 68}, {"x": 147, "y": 67}, {"x": 148, "y": 67}, {"x": 148, "y": 75}, {"x": 149, "y": 75}, {"x": 149, "y": 76}, {"x": 148, "y": 76}, {"x": 148, "y": 77}, {"x": 150, "y": 77}, {"x": 150, "y": 76}, {"x": 152, "y": 76}, {"x": 152, "y": 75}, {"x": 151, "y": 75}, {"x": 151, "y": 74}, {"x": 154, "y": 74}, {"x": 154, "y": 73}, {"x": 155, "y": 73}, {"x": 155, "y": 72}, {"x": 158, "y": 72}, {"x": 158, "y": 74}, {"x": 159, "y": 74}, {"x": 159, "y": 73}, {"x": 160, "y": 73}, {"x": 160, "y": 74}, {"x": 162, "y": 74}, {"x": 162, "y": 73}, {"x": 164, "y": 73}, {"x": 164, "y": 74}, {"x": 165, "y": 74}, {"x": 165, "y": 73}, {"x": 166, "y": 73}, {"x": 166, "y": 72}, {"x": 165, "y": 72}, {"x": 165, "y": 69}, {"x": 164, "y": 69}, {"x": 164, "y": 68}, {"x": 162, "y": 68}, {"x": 162, "y": 67}, {"x": 166, "y": 67}, {"x": 166, "y": 66}, {"x": 169, "y": 66}, {"x": 169, "y": 64}, {"x": 170, "y": 64}, {"x": 170, "y": 62}, {"x": 171, "y": 62}, {"x": 171, "y": 61}, {"x": 170, "y": 61}, {"x": 170, "y": 60}, {"x": 176, "y": 60}, {"x": 176, "y": 61}, {"x": 175, "y": 61}, {"x": 175, "y": 62}, {"x": 177, "y": 62}, {"x": 177, "y": 60}, {"x": 178, "y": 60}, {"x": 178, "y": 58}, {"x": 179, "y": 58}, {"x": 179, "y": 59}, {"x": 180, "y": 59}, {"x": 180, "y": 56}, {"x": 181, "y": 56}, {"x": 181, "y": 55}, {"x": 180, "y": 55}, {"x": 180, "y": 54}, {"x": 176, "y": 54}, {"x": 176, "y": 53}, {"x": 177, "y": 53}, {"x": 177, "y": 51}, {"x": 179, "y": 51}, {"x": 179, "y": 52}, {"x": 181, "y": 52}, {"x": 181, "y": 51}, {"x": 182, "y": 51}, {"x": 182, "y": 52}, {"x": 185, "y": 52}, {"x": 185, "y": 54}, {"x": 183, "y": 54}, {"x": 183, "y": 55}, {"x": 188, "y": 55}, {"x": 188, "y": 54}, {"x": 187, "y": 54}, {"x": 187, "y": 53}, {"x": 186, "y": 53}, {"x": 186, "y": 50}, {"x": 187, "y": 50}, {"x": 187, "y": 51}, {"x": 188, "y": 51}, {"x": 188, "y": 50}, {"x": 189, "y": 50}, {"x": 189, "y": 49}, {"x": 190, "y": 49}, {"x": 190, "y": 50}, {"x": 193, "y": 50}, {"x": 193, "y": 49}, {"x": 194, "y": 49}, {"x": 194, "y": 48}, {"x": 195, "y": 48}, {"x": 195, "y": 50}, {"x": 197, "y": 50}, {"x": 197, "y": 51}, {"x": 196, "y": 51}, {"x": 196, "y": 52}, {"x": 194, "y": 52}, {"x": 194, "y": 54}, {"x": 192, "y": 54}, {"x": 192, "y": 55}, {"x": 193, "y": 55}, {"x": 193, "y": 56}, {"x": 194, "y": 56}, {"x": 194, "y": 57}, {"x": 193, "y": 57}, {"x": 193, "y": 59}, {"x": 195, "y": 59}, {"x": 195, "y": 58}, {"x": 198, "y": 58}, {"x": 198, "y": 59}, {"x": 199, "y": 59}, {"x": 199, "y": 57}, {"x": 200, "y": 57}, {"x": 200, "y": 54}, {"x": 201, "y": 54}, {"x": 201, "y": 55}, {"x": 202, "y": 55}, {"x": 202, "y": 56}, {"x": 203, "y": 56}, {"x": 203, "y": 59}, {"x": 205, "y": 59}, {"x": 205, "y": 57}, {"x": 206, "y": 57}, {"x": 206, "y": 59}, {"x": 211, "y": 59}, {"x": 211, "y": 58}, {"x": 212, "y": 58}, {"x": 212, "y": 60}, {"x": 213, "y": 60}, {"x": 213, "y": 62}, {"x": 214, "y": 62}, {"x": 214, "y": 61}, {"x": 215, "y": 61}, {"x": 215, "y": 65}, {"x": 213, "y": 65}, {"x": 213, "y": 69}, {"x": 214, "y": 69}, {"x": 214, "y": 72}, {"x": 215, "y": 72}, {"x": 215, "y": 73}, {"x": 214, "y": 73}, {"x": 214, "y": 74}, {"x": 212, "y": 74}, {"x": 212, "y": 76}, {"x": 211, "y": 76}, {"x": 211, "y": 75}, {"x": 210, "y": 75}, {"x": 210, "y": 77}, {"x": 209, "y": 77}, {"x": 209, "y": 78}, {"x": 207, "y": 78}, {"x": 207, "y": 79}, {"x": 206, "y": 79}, {"x": 206, "y": 80}, {"x": 204, "y": 80}, {"x": 204, "y": 81}, {"x": 205, "y": 81}, {"x": 205, "y": 84}, {"x": 204, "y": 84}, {"x": 204, "y": 86}, {"x": 202, "y": 86}, {"x": 202, "y": 84}, {"x": 201, "y": 84}, {"x": 201, "y": 83}, {"x": 202, "y": 83}, {"x": 202, "y": 82}, {"x": 200, "y": 82}, {"x": 200, "y": 83}, {"x": 199, "y": 83}, {"x": 199, "y": 84}, {"x": 198, "y": 84}, {"x": 198, "y": 86}, {"x": 199, "y": 86}, {"x": 199, "y": 87}, {"x": 200, "y": 87}, {"x": 200, "y": 88}, {"x": 199, "y": 88}, {"x": 199, "y": 89}, {"x": 197, "y": 89}, {"x": 197, "y": 90}, {"x": 196, "y": 90}, {"x": 196, "y": 92}, {"x": 195, "y": 92}, {"x": 195, "y": 91}, {"x": 193, "y": 91}, {"x": 193, "y": 94}, {"x": 192, "y": 94}, {"x": 192, "y": 93}, {"x": 191, "y": 93}, {"x": 191, "y": 95}, {"x": 190, "y": 95}, {"x": 190, "y": 96}, {"x": 189, "y": 96}, {"x": 189, "y": 98}, {"x": 188, "y": 98}, {"x": 188, "y": 97}, {"x": 185, "y": 97}, {"x": 185, "y": 96}, {"x": 184, "y": 96}, {"x": 184, "y": 95}, {"x": 183, "y": 95}, {"x": 183, "y": 94}, {"x": 182, "y": 94}, {"x": 182, "y": 91}, {"x": 181, "y": 91}, {"x": 181, "y": 90}, {"x": 180, "y": 90}, {"x": 180, "y": 89}, {"x": 182, "y": 89}, {"x": 182, "y": 86}, {"x": 181, "y": 86}, {"x": 181, "y": 85}, {"x": 180, "y": 85}, {"x": 180, "y": 86}, {"x": 178, "y": 86}, {"x": 178, "y": 85}, {"x": 177, "y": 85}, {"x": 177, "y": 84}, {"x": 179, "y": 84}, {"x": 179, "y": 82}, {"x": 177, "y": 82}, {"x": 177, "y": 81}, {"x": 176, "y": 81}, {"x": 176, "y": 82}, {"x": 175, "y": 82}, {"x": 175, "y": 83}, {"x": 174, "y": 83}, {"x": 174, "y": 82}, {"x": 171, "y": 82}, {"x": 171, "y": 84}, {"x": 169, "y": 84}, {"x": 169, "y": 81}, {"x": 170, "y": 81}, {"x": 170, "y": 80}, {"x": 169, "y": 80}, {"x": 169, "y": 79}, {"x": 168, "y": 79}, {"x": 168, "y": 80}, {"x": 167, "y": 80}, {"x": 167, "y": 78}, {"x": 166, "y": 78}, {"x": 166, "y": 81}, {"x": 167, "y": 81}, {"x": 167, "y": 83}, {"x": 166, "y": 83}, {"x": 166, "y": 86}, {"x": 167, "y": 86}, {"x": 167, "y": 87}, {"x": 169, "y": 87}, {"x": 169, "y": 91}, {"x": 170, "y": 91}, {"x": 170, "y": 90}, {"x": 171, "y": 90}, {"x": 171, "y": 91}, {"x": 173, "y": 91}, {"x": 173, "y": 87}, {"x": 174, "y": 87}, {"x": 174, "y": 89}, {"x": 175, "y": 89}, {"x": 175, "y": 92}, {"x": 176, "y": 92}, {"x": 176, "y": 94}, {"x": 175, "y": 94}, {"x": 175, "y": 95}, {"x": 179, "y": 95}, {"x": 179, "y": 96}, {"x": 178, "y": 96}, {"x": 178, "y": 98}, {"x": 179, "y": 98}, {"x": 179, "y": 99}, {"x": 178, "y": 99}, {"x": 178, "y": 100}, {"x": 174, "y": 100}, {"x": 174, "y": 102}, {"x": 175, "y": 102}, {"x": 175, "y": 103}, {"x": 174, "y": 103}, {"x": 174, "y": 104}, {"x": 173, "y": 104}, {"x": 173, "y": 101}, {"x": 172, "y": 101}, {"x": 172, "y": 103}, {"x": 171, "y": 103}, {"x": 171, "y": 100}, {"x": 169, "y": 100}, {"x": 169, "y": 101}, {"x": 166, "y": 101}, {"x": 166, "y": 100}, {"x": 164, "y": 100}, {"x": 164, "y": 99}, {"x": 163, "y": 99}, {"x": 163, "y": 101}, {"x": 161, "y": 101}, {"x": 161, "y": 100}, {"x": 162, "y": 100}, {"x": 162, "y": 99}, {"x": 160, "y": 99}, {"x": 160, "y": 101}, {"x": 158, "y": 101}, {"x": 158, "y": 100}, {"x": 156, "y": 100}, {"x": 156, "y": 99}, {"x": 158, "y": 99}, {"x": 158, "y": 97}, {"x": 154, "y": 97}, {"x": 154, "y": 96}, {"x": 155, "y": 96}, {"x": 155, "y": 93}, {"x": 159, "y": 93}, {"x": 159, "y": 94}, {"x": 160, "y": 94}, {"x": 160, "y": 92}, {"x": 161, "y": 92}, {"x": 161, "y": 91}, {"x": 158, "y": 91}, {"x": 158, "y": 90}, {"x": 156, "y": 90}, {"x": 156, "y": 88}, {"x": 157, "y": 88}, {"x": 157, "y": 85}, {"x": 158, "y": 85}, {"x": 158, "y": 84}, {"x": 156, "y": 84}, {"x": 156, "y": 81}, {"x": 153, "y": 81}, {"x": 153, "y": 83}, {"x": 152, "y": 83}, {"x": 152, "y": 84}, {"x": 151, "y": 84}, {"x": 151, "y": 83}, {"x": 150, "y": 83}, {"x": 150, "y": 85}, {"x": 148, "y": 85}, {"x": 148, "y": 86}, {"x": 145, "y": 86}, {"x": 145, "y": 84}, {"x": 144, "y": 84}, {"x": 144, "y": 82}, {"x": 143, "y": 82}, {"x": 143, "y": 85}, {"x": 140, "y": 85}, {"x": 140, "y": 84}, {"x": 138, "y": 84}, {"x": 138, "y": 83}, {"x": 137, "y": 83}, {"x": 137, "y": 81}, {"x": 136, "y": 81}, {"x": 136, "y": 80}, {"x": 137, "y": 80}, {"x": 137, "y": 79}, {"x": 138, "y": 79}, {"x": 138, "y": 78}, {"x": 141, "y": 78}, {"x": 141, "y": 79}, {"x": 143, "y": 79}, {"x": 143, "y": 78}, {"x": 142, "y": 78}, {"x": 142, "y": 76}, {"x": 143, "y": 76}, {"x": 143, "y": 75}, {"x": 142, "y": 75}, {"x": 142, "y": 73}, {"x": 140, "y": 73}, {"x": 140, "y": 72}, {"x": 138, "y": 72}, {"x": 138, "y": 73}, {"x": 137, "y": 73}, {"x": 137, "y": 74}, {"x": 135, "y": 74}, {"x": 135, "y": 73}, {"x": 133, "y": 73}, {"x": 133, "y": 72}, {"x": 132, "y": 72}, {"x": 132, "y": 71}, {"x": 130, "y": 71}, {"x": 130, "y": 72}, {"x": 131, "y": 72}, {"x": 131, "y": 73}, {"x": 129, "y": 73}, {"x": 129, "y": 74}, {"x": 130, "y": 74}, {"x": 130, "y": 75}, {"x": 127, "y": 75}, {"x": 127, "y": 72}, {"x": 126, "y": 72}, {"x": 126, "y": 73}, {"x": 124, "y": 73}, {"x": 124, "y": 68}, {"x": 123, "y": 68}, {"x": 123, "y": 67}, {"x": 124, "y": 67}, {"x": 124, "y": 66}, {"x": 125, "y": 66}, {"x": 125, "y": 65}, {"x": 124, "y": 65}, {"x": 124, "y": 64}, {"x": 123, "y": 64}, {"x": 123, "y": 63}, {"x": 120, "y": 63}, {"x": 120, "y": 61}, {"x": 121, "y": 61}, {"x": 121, "y": 59}, {"x": 119, "y": 59}, {"x": 119, "y": 58}, {"x": 118, "y": 58}, {"x": 118, "y": 56}, {"x": 119, "y": 56}, {"x": 119, "y": 54}, {"x": 117, "y": 54}, {"x": 117, "y": 52}, {"x": 120, "y": 52}, {"x": 120, "y": 51}, {"x": 122, "y": 51}, {"x": 122, "y": 50}, {"x": 121, "y": 50}, {"x": 121, "y": 49}, {"x": 122, "y": 49}, {"x": 122, "y": 48}, {"x": 121, "y": 48}, {"x": 121, "y": 47}, {"x": 120, "y": 47}, {"x": 120, "y": 46}, {"x": 121, "y": 46}, {"x": 121, "y": 45}, {"x": 118, "y": 45}, {"x": 118, "y": 43}, {"x": 117, "y": 43}, {"x": 117, "y": 44}, {"x": 114, "y": 44}, {"x": 114, "y": 43}, {"x": 110, "y": 43}, {"x": 110, "y": 44}, {"x": 109, "y": 44}, {"x": 109, "y": 45}, {"x": 105, "y": 45}, {"x": 105, "y": 46}, {"x": 102, "y": 46}, {"x": 102, "y": 45}, {"x": 101, "y": 45}, {"x": 101, "y": 46}, {"x": 100, "y": 46}, {"x": 100, "y": 45}, {"x": 99, "y": 45}, {"x": 99, "y": 46}, {"x": 97, "y": 46}, {"x": 97, "y": 48}, {"x": 96, "y": 48}, {"x": 96, "y": 49}, {"x": 95, "y": 49}, {"x": 95, "y": 48}, {"x": 93, "y": 48}, {"x": 93, "y": 47}, {"x": 95, "y": 47}, {"x": 95, "y": 44}, {"x": 93, "y": 44}, {"x": 93, "y": 42}, {"x": 95, "y": 42}, {"x": 95, "y": 39}, {"x": 93, "y": 39}, {"x": 93, "y": 38}, {"x": 94, "y": 38}, {"x": 94, "y": 37}, {"x": 95, "y": 37}, {"x": 95, "y": 36}, {"x": 94, "y": 36}, {"x": 94, "y": 35}, {"x": 91, "y": 35}, {"x": 91, "y": 34}, {"x": 90, "y": 34}, {"x": 90, "y": 33}, {"x": 89, "y": 33}, {"x": 89, "y": 36}, {"x": 88, "y": 36}, {"x": 88, "y": 39}, {"x": 87, "y": 39}, {"x": 87, "y": 41}, {"x": 88, "y": 41}, {"x": 88, "y": 42}, {"x": 89, "y": 42}, {"x": 89, "y": 43}, {"x": 88, "y": 43}, {"x": 88, "y": 44}, {"x": 89, "y": 44}, {"x": 89, "y": 45}, {"x": 84, "y": 45}, {"x": 84, "y": 43}, {"x": 83, "y": 43}, {"x": 83, "y": 42}, {"x": 82, "y": 42}, {"x": 82, "y": 44}, {"x": 83, "y": 44}, {"x": 83, "y": 50}, {"x": 82, "y": 50}, {"x": 82, "y": 53}, {"x": 81, "y": 53}, {"x": 81, "y": 55}, {"x": 82, "y": 55}, {"x": 82, "y": 58}, {"x": 83, "y": 58}, {"x": 83, "y": 59}, {"x": 82, "y": 59}, {"x": 82, "y": 62}, {"x": 79, "y": 62}, {"x": 79, "y": 61}, {"x": 74, "y": 61}, {"x": 74, "y": 63}, {"x": 73, "y": 63}, {"x": 73, "y": 64}, {"x": 70, "y": 64}, {"x": 70, "y": 66}, {"x": 69, "y": 66}, {"x": 69, "y": 69}, {"x": 68, "y": 69}, {"x": 68, "y": 70}, {"x": 67, "y": 70}, {"x": 67, "y": 72}, {"x": 66, "y": 72}, {"x": 66, "y": 73}, {"x": 67, "y": 73}, {"x": 67, "y": 75}, {"x": 71, "y": 75}, {"x": 71, "y": 76}, {"x": 75, "y": 76}, {"x": 75, "y": 75}, {"x": 77, "y": 75}, {"x": 77, "y": 73}, {"x": 76, "y": 73}, {"x": 76, "y": 74}, {"x": 75, "y": 74}, {"x": 75, "y": 70}, {"x": 78, "y": 70}, {"x": 78, "y": 71}, {"x": 80, "y": 71}, {"x": 80, "y": 73}, {"x": 81, "y": 73}, {"x": 81, "y": 72}, {"x": 83, "y": 72}, {"x": 83, "y": 74}, {"x": 87, "y": 74}, {"x": 87, "y": 72}, {"x": 88, "y": 72}, {"x": 88, "y": 74}, {"x": 89, "y": 74}, {"x": 89, "y": 72}, {"x": 90, "y": 72}, {"x": 90, "y": 73}, {"x": 93, "y": 73}, {"x": 93, "y": 71}, {"x": 95, "y": 71}, {"x": 95, "y": 69}, {"x": 94, "y": 69}, {"x": 94, "y": 70}, {"x": 93, "y": 70}, {"x": 93, "y": 67}, {"x": 96, "y": 67}, {"x": 96, "y": 66}, {"x": 98, "y": 66}, {"x": 98, "y": 65}, {"x": 102, "y": 65}, {"x": 102, "y": 64}, {"x": 104, "y": 64}, {"x": 104, "y": 63}, {"x": 102, "y": 63}, {"x": 102, "y": 61}, {"x": 104, "y": 61}, {"x": 104, "y": 60}, {"x": 106, "y": 60}, {"x": 106, "y": 61}, {"x": 108, "y": 61}, {"x": 108, "y": 62}, {"x": 109, "y": 62}, {"x": 109, "y": 63}, {"x": 107, "y": 63}, {"x": 107, "y": 67}, {"x": 108, "y": 67}, {"x": 108, "y": 66}, {"x": 110, "y": 66}, {"x": 110, "y": 67}, {"x": 111, "y": 67}, {"x": 111, "y": 68}, {"x": 112, "y": 68}, {"x": 112, "y": 71}, {"x": 110, "y": 71}, {"x": 110, "y": 70}, {"x": 109, "y": 70}, {"x": 109, "y": 71}, {"x": 108, "y": 71}, {"x": 108, "y": 73}, {"x": 109, "y": 73}, {"x": 109, "y": 77}, {"x": 110, "y": 77}, {"x": 110, "y": 80}, {"x": 109, "y": 80}, {"x": 109, "y": 79}, {"x": 108, "y": 79}, {"x": 108, "y": 81}, {"x": 109, "y": 81}, {"x": 109, "y": 83}, {"x": 110, "y": 83}, {"x": 110, "y": 82}, {"x": 111, "y": 82}, {"x": 111, "y": 83}, {"x": 112, "y": 83}, {"x": 112, "y": 85}, {"x": 110, "y": 85}, {"x": 110, "y": 84}, {"x": 108, "y": 84}, {"x": 108, "y": 85}, {"x": 107, "y": 85}, {"x": 107, "y": 83}, {"x": 106, "y": 83}, {"x": 106, "y": 80}, {"x": 107, "y": 80}, {"x": 107, "y": 79}, {"x": 105, "y": 79}, {"x": 105, "y": 80}, {"x": 104, "y": 80}, {"x": 104, "y": 79}, {"x": 102, "y": 79}, {"x": 102, "y": 78}, {"x": 101, "y": 78}, {"x": 101, "y": 79}, {"x": 100, "y": 79}, {"x": 100, "y": 80}, {"x": 101, "y": 80}, {"x": 101, "y": 82}, {"x": 95, "y": 82}, {"x": 95, "y": 81}, {"x": 94, "y": 81}, {"x": 94, "y": 80}, {"x": 95, "y": 80}, {"x": 95, "y": 79}, {"x": 93, "y": 79}, {"x": 93, "y": 80}, {"x": 92, "y": 80}, {"x": 92, "y": 79}, {"x": 90, "y": 79}, {"x": 90, "y": 78}, {"x": 89, "y": 78}, {"x": 89, "y": 79}, {"x": 87, "y": 79}, {"x": 87, "y": 80}, {"x": 88, "y": 80}, {"x": 88, "y": 81}, {"x": 87, "y": 81}, {"x": 87, "y": 82}, {"x": 88, "y": 82}, {"x": 88, "y": 83}, {"x": 89, "y": 83}, {"x": 89, "y": 81}, {"x": 90, "y": 81}, {"x": 90, "y": 82}, {"x": 92, "y": 82}, {"x": 92, "y": 83}, {"x": 90, "y": 83}, {"x": 90, "y": 86}, {"x": 89, "y": 86}, {"x": 89, "y": 87}, {"x": 88, "y": 87}, {"x": 88, "y": 88}, {"x": 92, "y": 88}, {"x": 92, "y": 89}, {"x": 94, "y": 89}, {"x": 94, "y": 90}, {"x": 93, "y": 90}, {"x": 93, "y": 92}, {"x": 92, "y": 92}, {"x": 92, "y": 91}, {"x": 90, "y": 91}, {"x": 90, "y": 93}, {"x": 92, "y": 93}, {"x": 92, "y": 94}, {"x": 90, "y": 94}, {"x": 90, "y": 97}, {"x": 89, "y": 97}, {"x": 89, "y": 98}, {"x": 88, "y": 98}, {"x": 88, "y": 97}, {"x": 87, "y": 97}, {"x": 87, "y": 96}, {"x": 85, "y": 96}, {"x": 85, "y": 97}, {"x": 84, "y": 97}, {"x": 84, "y": 98}, {"x": 82, "y": 98}, {"x": 82, "y": 99}, {"x": 83, "y": 99}, {"x": 83, "y": 101}, {"x": 82, "y": 101}, {"x": 82, "y": 103}, {"x": 81, "y": 103}, {"x": 81, "y": 102}, {"x": 80, "y": 102}, {"x": 80, "y": 103}, {"x": 76, "y": 103}, {"x": 76, "y": 100}, {"x": 77, "y": 100}, {"x": 77, "y": 98}, {"x": 76, "y": 98}, {"x": 76, "y": 96}, {"x": 75, "y": 96}, {"x": 75, "y": 97}, {"x": 74, "y": 97}, {"x": 74, "y": 100}, {"x": 72, "y": 100}, {"x": 72, "y": 102}, {"x": 73, "y": 102}, {"x": 73, "y": 104}, {"x": 70, "y": 104}, {"x": 70, "y": 103}, {"x": 69, "y": 103}, {"x": 69, "y": 104}, {"x": 67, "y": 104}, {"x": 67, "y": 103}, {"x": 65, "y": 103}, {"x": 65, "y": 100}, {"x": 67, "y": 100}, {"x": 67, "y": 99}, {"x": 66, "y": 99}, {"x": 66, "y": 97}, {"x": 65, "y": 97}, {"x": 65, "y": 98}, {"x": 63, "y": 98}, {"x": 63, "y": 96}, {"x": 62, "y": 96}, {"x": 62, "y": 97}, {"x": 61, "y": 97}, {"x": 61, "y": 98}, {"x": 60, "y": 98}, {"x": 60, "y": 99}, {"x": 61, "y": 99}, {"x": 61, "y": 100}, {"x": 59, "y": 100}, {"x": 59, "y": 99}, {"x": 54, "y": 99}, {"x": 54, "y": 97}, {"x": 53, "y": 97}, {"x": 53, "y": 98}, {"x": 52, "y": 98}, {"x": 52, "y": 99}, {"x": 51, "y": 99}, {"x": 51, "y": 100}, {"x": 52, "y": 100}, {"x": 52, "y": 103}, {"x": 49, "y": 103}, {"x": 49, "y": 102}, {"x": 48, "y": 102}, {"x": 48, "y": 103}, {"x": 47, "y": 103}, {"x": 47, "y": 104}, {"x": 46, "y": 104}, {"x": 46, "y": 105}, {"x": 48, "y": 105}, {"x": 48, "y": 106}, {"x": 49, "y": 106}, {"x": 49, "y": 105}, {"x": 50, "y": 105}, {"x": 50, "y": 106}, {"x": 51, "y": 106}, {"x": 51, "y": 107}, {"x": 52, "y": 107}, {"x": 52, "y": 109}, {"x": 51, "y": 109}, {"x": 51, "y": 110}, {"x": 50, "y": 110}, {"x": 50, "y": 109}, {"x": 49, "y": 109}, {"x": 49, "y": 112}, {"x": 50, "y": 112}, {"x": 50, "y": 113}, {"x": 52, "y": 113}, {"x": 52, "y": 112}, {"x": 53, "y": 112}, {"x": 53, "y": 114}, {"x": 52, "y": 114}, {"x": 52, "y": 115}, {"x": 51, "y": 115}, {"x": 51, "y": 116}, {"x": 52, "y": 116}, {"x": 52, "y": 120}, {"x": 53, "y": 120}, {"x": 53, "y": 122}, {"x": 52, "y": 122}, {"x": 52, "y": 123}, {"x": 51, "y": 123}, {"x": 51, "y": 124}, {"x": 49, "y": 124}, {"x": 49, "y": 126}, {"x": 48, "y": 126}, {"x": 48, "y": 127}, {"x": 50, "y": 127}, {"x": 50, "y": 126}, {"x": 51, "y": 126}, {"x": 51, "y": 127}, {"x": 52, "y": 127}, {"x": 52, "y": 126}, {"x": 53, "y": 126}, {"x": 53, "y": 127}, {"x": 54, "y": 127}, {"x": 54, "y": 128}, {"x": 55, "y": 128}, {"x": 55, "y": 124}, {"x": 57, "y": 124}, {"x": 57, "y": 126}, {"x": 58, "y": 126}, {"x": 58, "y": 125}, {"x": 59, "y": 125}, {"x": 59, "y": 126}, {"x": 60, "y": 126}, {"x": 60, "y": 127}, {"x": 62, "y": 127}, {"x": 62, "y": 128}, {"x": 63, "y": 128}, {"x": 63, "y": 125}, {"x": 64, "y": 125}, {"x": 64, "y": 122}, {"x": 65, "y": 122}, {"x": 65, "y": 121}, {"x": 63, "y": 121}, {"x": 63, "y": 120}, {"x": 64, "y": 120}, {"x": 64, "y": 119}, {"x": 66, "y": 119}, {"x": 66, "y": 118}, {"x": 65, "y": 118}, {"x": 65, "y": 117}, {"x": 69, "y": 117}, {"x": 69, "y": 120}, {"x": 70, "y": 120}, {"x": 70, "y": 121}, {"x": 73, "y": 121}, {"x": 73, "y": 115}, {"x": 74, "y": 115}, {"x": 74, "y": 116}, {"x": 77, "y": 116}, {"x": 77, "y": 114}, {"x": 78, "y": 114}, {"x": 78, "y": 112}, {"x": 81, "y": 112}, {"x": 81, "y": 111}, {"x": 82, "y": 111}, {"x": 82, "y": 108}, {"x": 83, "y": 108}, {"x": 83, "y": 107}, {"x": 85, "y": 107}, {"x": 85, "y": 105}, {"x": 87, "y": 105}, {"x": 87, "y": 106}, {"x": 88, "y": 106}, {"x": 88, "y": 105}, {"x": 89, "y": 105}, {"x": 89, "y": 106}, {"x": 91, "y": 106}, {"x": 91, "y": 107}, {"x": 93, "y": 107}, {"x": 93, "y": 106}, {"x": 95, "y": 106}, {"x": 95, "y": 105}, {"x": 98, "y": 105}, {"x": 98, "y": 106}, {"x": 100, "y": 106}, {"x": 100, "y": 104}, {"x": 99, "y": 104}, {"x": 99, "y": 103}, {"x": 100, "y": 103}, {"x": 100, "y": 102}, {"x": 102, "y": 102}, {"x": 102, "y": 101}, {"x": 103, "y": 101}, {"x": 103, "y": 100}, {"x": 104, "y": 100}, {"x": 104, "y": 98}, {"x": 103, "y": 98}, {"x": 103, "y": 97}, {"x": 104, "y": 97}, {"x": 104, "y": 95}, {"x": 105, "y": 95}, {"x": 105, "y": 93}, {"x": 106, "y": 93}, {"x": 106, "y": 91}, {"x": 107, "y": 91}, {"x": 107, "y": 88}, {"x": 109, "y": 88}, {"x": 109, "y": 89}, {"x": 110, "y": 89}, {"x": 110, "y": 91}, {"x": 111, "y": 91}, {"x": 111, "y": 90}, {"x": 112, "y": 90}, {"x": 112, "y": 92}, {"x": 113, "y": 92}, {"x": 113, "y": 91}, {"x": 117, "y": 91}, {"x": 117, "y": 92}, {"x": 118, "y": 92}, {"x": 118, "y": 94}, {"x": 119, "y": 94}, {"x": 119, "y": 95}, {"x": 121, "y": 95}, {"x": 121, "y": 94}, {"x": 120, "y": 94}, {"x": 120, "y": 93}, {"x": 121, "y": 93}, {"x": 121, "y": 92}, {"x": 122, "y": 92}, {"x": 122, "y": 91}, {"x": 123, "y": 91}, {"x": 123, "y": 90}, {"x": 124, "y": 90}, {"x": 124, "y": 89}, {"x": 125, "y": 89}, {"x": 125, "y": 88}, {"x": 123, "y": 88}, {"x": 123, "y": 86}, {"x": 126, "y": 86}, {"x": 126, "y": 87}, {"x": 127, "y": 87}, {"x": 127, "y": 88}, {"x": 128, "y": 88}, {"x": 128, "y": 87}, {"x": 131, "y": 87}, {"x": 131, "y": 88}, {"x": 132, "y": 88}, {"x": 132, "y": 87}, {"x": 133, "y": 87}, {"x": 133, "y": 89}, {"x": 132, "y": 89}, {"x": 132, "y": 91}, {"x": 133, "y": 91}, {"x": 133, "y": 94}, {"x": 134, "y": 94}, {"x": 134, "y": 95}, {"x": 137, "y": 95}, {"x": 137, "y": 98}, {"x": 138, "y": 98}, {"x": 138, "y": 96}, {"x": 139, "y": 96}, {"x": 139, "y": 98}, {"x": 140, "y": 98}, {"x": 140, "y": 100}, {"x": 139, "y": 100}, {"x": 139, "y": 101}, {"x": 141, "y": 101}, {"x": 141, "y": 102}, {"x": 142, "y": 102}, {"x": 142, "y": 104}, {"x": 141, "y": 104}, {"x": 141, "y": 107}, {"x": 139, "y": 107}, {"x": 139, "y": 111}, {"x": 138, "y": 111}, {"x": 138, "y": 114}, {"x": 141, "y": 114}, {"x": 141, "y": 115}, {"x": 139, "y": 115}, {"x": 139, "y": 116}, {"x": 141, "y": 116}, {"x": 141, "y": 118}, {"x": 142, "y": 118}, {"x": 142, "y": 117}, {"x": 143, "y": 117}, {"x": 143, "y": 119}, {"x": 142, "y": 119}, {"x": 142, "y": 120}, {"x": 140, "y": 120}, {"x": 140, "y": 121}, {"x": 141, "y": 121}, {"x": 141, "y": 122}, {"x": 138, "y": 122}, {"x": 138, "y": 121}, {"x": 137, "y": 121}, {"x": 137, "y": 123}, {"x": 138, "y": 123}, {"x": 138, "y": 126}, {"x": 139, "y": 126}, {"x": 139, "y": 125}, {"x": 140, "y": 125}, {"x": 140, "y": 126}, {"x": 141, "y": 126}, {"x": 141, "y": 128}, {"x": 144, "y": 128}, {"x": 144, "y": 127}, {"x": 145, "y": 127}, {"x": 145, "y": 126}, {"x": 146, "y": 126}, {"x": 146, "y": 127}, {"x": 147, "y": 127}, {"x": 147, "y": 124}, {"x": 148, "y": 124}, {"x": 148, "y": 123}, {"x": 149, "y": 123}, {"x": 149, "y": 124}, {"x": 150, "y": 124}, {"x": 150, "y": 122}, {"x": 151, "y": 122}, {"x": 151, "y": 123}, {"x": 152, "y": 123}, {"x": 152, "y": 121}, {"x": 151, "y": 121}, {"x": 151, "y": 119}, {"x": 153, "y": 119}, {"x": 153, "y": 120}, {"x": 154, "y": 120}, {"x": 154, "y": 121}, {"x": 155, "y": 121}, {"x": 155, "y": 122}, {"x": 156, "y": 122}, {"x": 156, "y": 119}, {"x": 157, "y": 119}, {"x": 157, "y": 118}, {"x": 156, "y": 118}, {"x": 156, "y": 117}, {"x": 157, "y": 117}, {"x": 157, "y": 116}, {"x": 156, "y": 116}, {"x": 156, "y": 113}, {"x": 161, "y": 113}, {"x": 161, "y": 112}, {"x": 162, "y": 112}, {"x": 162, "y": 110}, {"x": 164, "y": 110}, {"x": 164, "y": 107}, {"x": 165, "y": 107}, {"x": 165, "y": 105}, {"x": 166, "y": 105}, {"x": 166, "y": 106}, {"x": 168, "y": 106}, {"x": 168, "y": 105}, {"x": 169, "y": 105}, {"x": 169, "y": 107}, {"x": 168, "y": 107}, {"x": 168, "y": 108}, {"x": 170, "y": 108}, {"x": 170, "y": 109}, {"x": 173, "y": 109}, {"x": 173, "y": 108}, {"x": 174, "y": 108}, {"x": 174, "y": 111}, {"x": 175, "y": 111}, {"x": 175, "y": 113}, {"x": 174, "y": 113}, {"x": 174, "y": 114}, {"x": 175, "y": 114}, {"x": 175, "y": 115}, {"x": 178, "y": 115}, {"x": 178, "y": 116}, {"x": 179, "y": 116}, {"x": 179, "y": 118}, {"x": 177, "y": 118}, {"x": 177, "y": 120}, {"x": 179, "y": 120}, {"x": 179, "y": 121}, {"x": 181, "y": 121}, {"x": 181, "y": 120}, {"x": 182, "y": 120}, {"x": 182, "y": 119}, {"x": 184, "y": 119}, {"x": 184, "y": 120}, {"x": 185, "y": 120}, {"x": 185, "y": 122}, {"x": 187, "y": 122}, {"x": 187, "y": 120}, {"x": 189, "y": 120}, {"x": 189, "y": 121}, {"x": 194, "y": 121}, {"x": 194, "y": 120}, {"x": 192, "y": 120}, {"x": 192, "y": 119}, {"x": 195, "y": 119}, {"x": 195, "y": 118}, {"x": 196, "y": 118}, {"x": 196, "y": 119}, {"x": 198, "y": 119}, {"x": 198, "y": 120}, {"x": 200, "y": 120}, {"x": 200, "y": 121}, {"x": 199, "y": 121}, {"x": 199, "y": 122}, {"x": 202, "y": 122}, {"x": 202, "y": 123}, {"x": 200, "y": 123}, {"x": 200, "y": 127}, {"x": 201, "y": 127}, {"x": 201, "y": 128}, {"x": 202, "y": 128}, {"x": 202, "y": 129}, {"x": 204, "y": 129}, {"x": 204, "y": 130}, {"x": 205, "y": 130}, {"x": 205, "y": 129}, {"x": 206, "y": 129}, {"x": 206, "y": 130}, {"x": 212, "y": 130}, {"x": 212, "y": 129}, {"x": 214, "y": 129}, {"x": 214, "y": 130}, {"x": 213, "y": 130}, {"x": 213, "y": 133}, {"x": 214, "y": 133}, {"x": 214, "y": 134}, {"x": 213, "y": 134}, {"x": 213, "y": 135}, {"x": 212, "y": 135}, {"x": 212, "y": 136}, {"x": 210, "y": 136}, {"x": 210, "y": 135}, {"x": 208, "y": 135}, {"x": 208, "y": 136}, {"x": 209, "y": 136}, {"x": 209, "y": 137}, {"x": 208, "y": 137}, {"x": 208, "y": 138}, {"x": 206, "y": 138}, {"x": 206, "y": 137}, {"x": 205, "y": 137}, {"x": 205, "y": 135}, {"x": 204, "y": 135}, {"x": 204, "y": 134}, {"x": 205, "y": 134}, {"x": 205, "y": 133}, {"x": 202, "y": 133}, {"x": 202, "y": 135}, {"x": 201, "y": 135}, {"x": 201, "y": 137}, {"x": 199, "y": 137}, {"x": 199, "y": 136}, {"x": 197, "y": 136}, {"x": 197, "y": 137}, {"x": 196, "y": 137}, {"x": 196, "y": 136}, {"x": 195, "y": 136}, {"x": 195, "y": 135}, {"x": 192, "y": 135}, {"x": 192, "y": 134}, {"x": 193, "y": 134}, {"x": 193, "y": 133}, {"x": 192, "y": 133}, {"x": 192, "y": 131}, {"x": 191, "y": 131}, {"x": 191, "y": 130}, {"x": 190, "y": 130}, {"x": 190, "y": 128}, {"x": 189, "y": 128}, {"x": 189, "y": 127}, {"x": 187, "y": 127}, {"x": 187, "y": 130}, {"x": 188, "y": 130}, {"x": 188, "y": 133}, {"x": 187, "y": 133}, {"x": 187, "y": 134}, {"x": 186, "y": 134}, {"x": 186, "y": 135}, {"x": 185, "y": 135}, {"x": 185, "y": 136}, {"x": 184, "y": 136}, {"x": 184, "y": 135}, {"x": 182, "y": 135}, {"x": 182, "y": 137}, {"x": 180, "y": 137}, {"x": 180, "y": 136}, {"x": 178, "y": 136}, {"x": 178, "y": 135}, {"x": 177, "y": 135}, {"x": 177, "y": 132}, {"x": 176, "y": 132}, {"x": 176, "y": 134}, {"x": 174, "y": 134}, {"x": 174, "y": 135}, {"x": 175, "y": 135}, {"x": 175, "y": 140}, {"x": 173, "y": 140}, {"x": 173, "y": 142}, {"x": 172, "y": 142}, {"x": 172, "y": 140}, {"x": 171, "y": 140}, {"x": 171, "y": 141}, {"x": 170, "y": 141}, {"x": 170, "y": 142}, {"x": 169, "y": 142}, {"x": 169, "y": 143}, {"x": 170, "y": 143}, {"x": 170, "y": 144}, {"x": 168, "y": 144}, {"x": 168, "y": 145}, {"x": 164, "y": 145}, {"x": 164, "y": 147}, {"x": 163, "y": 147}, {"x": 163, "y": 148}, {"x": 165, "y": 148}, {"x": 165, "y": 150}, {"x": 166, "y": 150}, {"x": 166, "y": 151}, {"x": 164, "y": 151}, {"x": 164, "y": 150}, {"x": 163, "y": 150}, {"x": 163, "y": 152}, {"x": 162, "y": 152}, {"x": 162, "y": 154}, {"x": 165, "y": 154}, {"x": 165, "y": 153}, {"x": 166, "y": 153}, {"x": 166, "y": 159}, {"x": 165, "y": 159}, {"x": 165, "y": 160}, {"x": 167, "y": 160}, {"x": 167, "y": 161}, {"x": 168, "y": 161}, {"x": 168, "y": 160}, {"x": 169, "y": 160}, {"x": 169, "y": 159}, {"x": 177, "y": 159}, {"x": 177, "y": 160}, {"x": 180, "y": 160}, {"x": 180, "y": 161}, {"x": 182, "y": 161}, {"x": 182, "y": 163}, {"x": 181, "y": 163}, {"x": 181, "y": 164}, {"x": 183, "y": 164}, {"x": 183, "y": 165}, {"x": 185, "y": 165}, {"x": 185, "y": 166}, {"x": 184, "y": 166}, {"x": 184, "y": 167}, {"x": 183, "y": 167}, {"x": 183, "y": 169}, {"x": 182, "y": 169}, {"x": 182, "y": 168}, {"x": 181, "y": 168}, {"x": 181, "y": 170}, {"x": 182, "y": 170}, {"x": 182, "y": 173}, {"x": 181, "y": 173}, {"x": 181, "y": 175}, {"x": 182, "y": 175}, {"x": 182, "y": 174}, {"x": 184, "y": 174}, {"x": 184, "y": 175}, {"x": 183, "y": 175}, {"x": 183, "y": 176}, {"x": 184, "y": 176}, {"x": 184, "y": 177}, {"x": 185, "y": 177}, {"x": 185, "y": 178}, {"x": 183, "y": 178}, {"x": 183, "y": 177}, {"x": 182, "y": 177}, {"x": 182, "y": 179}, {"x": 181, "y": 179}, {"x": 181, "y": 178}, {"x": 179, "y": 178}, {"x": 179, "y": 179}, {"x": 177, "y": 179}, {"x": 177, "y": 180}, {"x": 176, "y": 180}, {"x": 176, "y": 181}, {"x": 174, "y": 181}, {"x": 174, "y": 180}, {"x": 172, "y": 180}, {"x": 172, "y": 184}, {"x": 171, "y": 184}, {"x": 171, "y": 183}, {"x": 170, "y": 183}, {"x": 170, "y": 185}, {"x": 169, "y": 185}, {"x": 169, "y": 184}, {"x": 167, "y": 184}, {"x": 167, "y": 185}, {"x": 165, "y": 185}, {"x": 165, "y": 184}, {"x": 164, "y": 184}, {"x": 164, "y": 185}, {"x": 163, "y": 185}, {"x": 163, "y": 186}, {"x": 162, "y": 186}, {"x": 162, "y": 187}, {"x": 160, "y": 187}, {"x": 160, "y": 188}, {"x": 161, "y": 188}, {"x": 161, "y": 189}, {"x": 160, "y": 189}, {"x": 160, "y": 191}, {"x": 161, "y": 191}, {"x": 161, "y": 192}, {"x": 160, "y": 192}, {"x": 160, "y": 193}, {"x": 159, "y": 193}, {"x": 159, "y": 194}, {"x": 158, "y": 194}, {"x": 158, "y": 192}, {"x": 156, "y": 192}, {"x": 156, "y": 194}, {"x": 154, "y": 194}, {"x": 154, "y": 192}, {"x": 153, "y": 192}, {"x": 153, "y": 190}, {"x": 152, "y": 190}, {"x": 152, "y": 191}, {"x": 150, "y": 191}, {"x": 150, "y": 189}, {"x": 148, "y": 189}, {"x": 148, "y": 187}, {"x": 147, "y": 187}, {"x": 147, "y": 186}, {"x": 148, "y": 186}, {"x": 148, "y": 185}, {"x": 147, "y": 185}, {"x": 147, "y": 181}, {"x": 151, "y": 181}, {"x": 151, "y": 179}, {"x": 152, "y": 179}, {"x": 152, "y": 178}, {"x": 151, "y": 178}, {"x": 151, "y": 177}, {"x": 152, "y": 177}, {"x": 152, "y": 176}, {"x": 151, "y": 176}, {"x": 151, "y": 174}, {"x": 148, "y": 174}, {"x": 148, "y": 175}, {"x": 150, "y": 175}, {"x": 150, "y": 176}, {"x": 148, "y": 176}, {"x": 148, "y": 177}, {"x": 145, "y": 177}, {"x": 145, "y": 175}, {"x": 144, "y": 175}, {"x": 144, "y": 171}, {"x": 142, "y": 171}, {"x": 142, "y": 172}, {"x": 140, "y": 172}, {"x": 140, "y": 171}, {"x": 139, "y": 171}, {"x": 139, "y": 172}, {"x": 136, "y": 172}, {"x": 136, "y": 169}, {"x": 133, "y": 169}, {"x": 133, "y": 172}, {"x": 131, "y": 172}, {"x": 131, "y": 173}, {"x": 127, "y": 173}, {"x": 127, "y": 172}, {"x": 126, "y": 172}, {"x": 126, "y": 171}, {"x": 123, "y": 171}, {"x": 123, "y": 172}, {"x": 118, "y": 172}, {"x": 118, "y": 169}, {"x": 117, "y": 169}, {"x": 117, "y": 167}, {"x": 118, "y": 167}, {"x": 118, "y": 166}, {"x": 117, "y": 166}, {"x": 117, "y": 164}, {"x": 118, "y": 164}, {"x": 118, "y": 163}, {"x": 119, "y": 163}, {"x": 119, "y": 164}, {"x": 120, "y": 164}, {"x": 120, "y": 163}, {"x": 121, "y": 163}, {"x": 121, "y": 166}, {"x": 124, "y": 166}, {"x": 124, "y": 163}, {"x": 123, "y": 163}, {"x": 123, "y": 162}, {"x": 124, "y": 162}, {"x": 124, "y": 161}, {"x": 123, "y": 161}, {"x": 123, "y": 159}, {"x": 121, "y": 159}, {"x": 121, "y": 160}, {"x": 120, "y": 160}, {"x": 120, "y": 158}, {"x": 118, "y": 158}, {"x": 118, "y": 156}, {"x": 117, "y": 156}, {"x": 117, "y": 155}, {"x": 118, "y": 155}, {"x": 118, "y": 153}, {"x": 119, "y": 153}, {"x": 119, "y": 154}, {"x": 120, "y": 154}, {"x": 120, "y": 155}, {"x": 121, "y": 155}, {"x": 121, "y": 153}, {"x": 120, "y": 153}, {"x": 120, "y": 152}, {"x": 122, "y": 152}, {"x": 122, "y": 149}, {"x": 120, "y": 149}, {"x": 120, "y": 148}, {"x": 121, "y": 148}, {"x": 121, "y": 146}, {"x": 122, "y": 146}, {"x": 122, "y": 143}, {"x": 121, "y": 143}, {"x": 121, "y": 141}, {"x": 123, "y": 141}, {"x": 123, "y": 142}, {"x": 125, "y": 142}, {"x": 125, "y": 141}, {"x": 129, "y": 141}, {"x": 129, "y": 143}, {"x": 130, "y": 143}, {"x": 130, "y": 140}, {"x": 131, "y": 140}, {"x": 131, "y": 139}, {"x": 127, "y": 139}, {"x": 127, "y": 135}, {"x": 128, "y": 135}, {"x": 128, "y": 136}, {"x": 130, "y": 136}, {"x": 130, "y": 137}, {"x": 132, "y": 137}, {"x": 132, "y": 135}, {"x": 134, "y": 135}, {"x": 134, "y": 133}, {"x": 133, "y": 133}, {"x": 133, "y": 132}, {"x": 131, "y": 132}, {"x": 131, "y": 134}, {"x": 128, "y": 134}, {"x": 128, "y": 132}, {"x": 126, "y": 132}, {"x": 126, "y": 130}, {"x": 128, "y": 130}, {"x": 128, "y": 129}, {"x": 126, "y": 129}, {"x": 126, "y": 128}, {"x": 125, "y": 128}, {"x": 125, "y": 127}, {"x": 124, "y": 127}, {"x": 124, "y": 128}, {"x": 123, "y": 128}, {"x": 123, "y": 130}, {"x": 122, "y": 130}, {"x": 122, "y": 129}, {"x": 121, "y": 129}, {"x": 121, "y": 128}, {"x": 120, "y": 128}, {"x": 120, "y": 127}, {"x": 119, "y": 127}, {"x": 119, "y": 126}, {"x": 117, "y": 126}, {"x": 117, "y": 124}, {"x": 118, "y": 124}, {"x": 118, "y": 123}, {"x": 121, "y": 123}, {"x": 121, "y": 121}, {"x": 119, "y": 121}, {"x": 119, "y": 117}, {"x": 117, "y": 117}, {"x": 117, "y": 116}, {"x": 119, "y": 116}, {"x": 119, "y": 114}, {"x": 120, "y": 114}, {"x": 120, "y": 115}, {"x": 121, "y": 115}, {"x": 121, "y": 113}, {"x": 120, "y": 113}, {"x": 120, "y": 111}, {"x": 118, "y": 111}, {"x": 118, "y": 110}, {"x": 116, "y": 110}, {"x": 116, "y": 108}, {"x": 114, "y": 108}, {"x": 114, "y": 110}, {"x": 113, "y": 110}, {"x": 113, "y": 109}, {"x": 112, "y": 109}, {"x": 112, "y": 111}, {"x": 113, "y": 111}, {"x": 113, "y": 112}, {"x": 111, "y": 112}, {"x": 111, "y": 113}, {"x": 113, "y": 113}, {"x": 113, "y": 114}, {"x": 112, "y": 114}, {"x": 112, "y": 116}, {"x": 109, "y": 116}, {"x": 109, "y": 118}, {"x": 107, "y": 118}, {"x": 107, "y": 119}, {"x": 106, "y": 119}, {"x": 106, "y": 118}, {"x": 105, "y": 118}, {"x": 105, "y": 117}, {"x": 101, "y": 117}, {"x": 101, "y": 118}, {"x": 102, "y": 118}, {"x": 102, "y": 119}, {"x": 101, "y": 119}, {"x": 101, "y": 120}, {"x": 99, "y": 120}, {"x": 99, "y": 121}, {"x": 98, "y": 121}, {"x": 98, "y": 120}, {"x": 97, "y": 120}, {"x": 97, "y": 122}, {"x": 96, "y": 122}, {"x": 96, "y": 124}, {"x": 97, "y": 124}, {"x": 97, "y": 125}, {"x": 95, "y": 125}, {"x": 95, "y": 127}, {"x": 94, "y": 127}, {"x": 94, "y": 126}, {"x": 93, "y": 126}, {"x": 93, "y": 127}, {"x": 92, "y": 127}, {"x": 92, "y": 128}, {"x": 88, "y": 128}, {"x": 88, "y": 127}, {"x": 87, "y": 127}, {"x": 87, "y": 131}, {"x": 89, "y": 131}, {"x": 89, "y": 132}, {"x": 87, "y": 132}, {"x": 87, "y": 134}, {"x": 85, "y": 134}, {"x": 85, "y": 132}, {"x": 82, "y": 132}, {"x": 82, "y": 133}, {"x": 83, "y": 133}, {"x": 83, "y": 135}, {"x": 81, "y": 135}, {"x": 81, "y": 136}, {"x": 82, "y": 136}, {"x": 82, "y": 137}, {"x": 83, "y": 137}, {"x": 83, "y": 136}, {"x": 84, "y": 136}, {"x": 84, "y": 138}, {"x": 85, "y": 138}, {"x": 85, "y": 139}, {"x": 84, "y": 139}, {"x": 84, "y": 140}, {"x": 83, "y": 140}, {"x": 83, "y": 139}, {"x": 82, "y": 139}, {"x": 82, "y": 140}, {"x": 79, "y": 140}, {"x": 79, "y": 141}, {"x": 80, "y": 141}, {"x": 80, "y": 142}, {"x": 77, "y": 142}, {"x": 77, "y": 141}, {"x": 76, "y": 141}, {"x": 76, "y": 142}, {"x": 75, "y": 142}, {"x": 75, "y": 140}, {"x": 74, "y": 140}, {"x": 74, "y": 139}, {"x": 73, "y": 139}, {"x": 73, "y": 140}, {"x": 72, "y": 140}, {"x": 72, "y": 142}, {"x": 73, "y": 142}, {"x": 73, "y": 143}, {"x": 74, "y": 143}, {"x": 74, "y": 145}, {"x": 75, "y": 145}, {"x": 75, "y": 146}, {"x": 76, "y": 146}, {"x": 76, "y": 148}, {"x": 77, "y": 148}, {"x": 77, "y": 147}, {"x": 78, "y": 147}, {"x": 78, "y": 148}, {"x": 79, "y": 148}, {"x": 79, "y": 147}, {"x": 80, "y": 147}, {"x": 80, "y": 148}, {"x": 82, "y": 148}, {"x": 82, "y": 146}, {"x": 85, "y": 146}, {"x": 85, "y": 147}, {"x": 87, "y": 147}, {"x": 87, "y": 149}, {"x": 88, "y": 149}, {"x": 88, "y": 148}, {"x": 89, "y": 148}, {"x": 89, "y": 149}, {"x": 90, "y": 149}, {"x": 90, "y": 147}, {"x": 91, "y": 147}, {"x": 91, "y": 145}, {"x": 90, "y": 145}, {"x": 90, "y": 142}, {"x": 91, "y": 142}, {"x": 91, "y": 138}, {"x": 92, "y": 138}, {"x": 92, "y": 137}, {"x": 93, "y": 137}, {"x": 93, "y": 139}, {"x": 96, "y": 139}, {"x": 96, "y": 140}, {"x": 97, "y": 140}, {"x": 97, "y": 139}, {"x": 98, "y": 139}, {"x": 98, "y": 138}, {"x": 99, "y": 138}, {"x": 99, "y": 137}, {"x": 98, "y": 137}, {"x": 98, "y": 133}, {"x": 102, "y": 133}, {"x": 102, "y": 134}, {"x": 103, "y": 134}, {"x": 103, "y": 129}, {"x": 104, "y": 129}, {"x": 104, "y": 128}, {"x": 103, "y": 128}, {"x": 103, "y": 127}, {"x": 102, "y": 127}, {"x": 102, "y": 126}, {"x": 103, "y": 126}, {"x": 103, "y": 124}, {"x": 105, "y": 124}, {"x": 105, "y": 126}, {"x": 108, "y": 126}, {"x": 108, "y": 127}, {"x": 109, "y": 127}, {"x": 109, "y": 129}, {"x": 111, "y": 129}, {"x": 111, "y": 131}, {"x": 112, "y": 131}, {"x": 112, "y": 130}, {"x": 115, "y": 130}, {"x": 115, "y": 132}, {"x": 114, "y": 132}, {"x": 114, "y": 133}, {"x": 113, "y": 133}, {"x": 113, "y": 132}, {"x": 112, "y": 132}, {"x": 112, "y": 134}, {"x": 111, "y": 134}, {"x": 111, "y": 135}, {"x": 112, "y": 135}, {"x": 112, "y": 139}, {"x": 111, "y": 139}, {"x": 111, "y": 140}, {"x": 112, "y": 140}, {"x": 112, "y": 144}, {"x": 113, "y": 144}, {"x": 113, "y": 148}, {"x": 112, "y": 148}, {"x": 112, "y": 147}, {"x": 111, "y": 147}, {"x": 111, "y": 150}, {"x": 113, "y": 150}, {"x": 113, "y": 152}, {"x": 114, "y": 152}, {"x": 114, "y": 155}, {"x": 113, "y": 155}, {"x": 113, "y": 154}, {"x": 112, "y": 154}, {"x": 112, "y": 155}, {"x": 111, "y": 155}, {"x": 111, "y": 156}, {"x": 113, "y": 156}, {"x": 113, "y": 159}, {"x": 112, "y": 159}, {"x": 112, "y": 160}, {"x": 110, "y": 160}, {"x": 110, "y": 161}, {"x": 108, "y": 161}, {"x": 108, "y": 163}, {"x": 107, "y": 163}, {"x": 107, "y": 164}, {"x": 106, "y": 164}, {"x": 106, "y": 163}, {"x": 105, "y": 163}, {"x": 105, "y": 165}, {"x": 106, "y": 165}, {"x": 106, "y": 166}, {"x": 105, "y": 166}, {"x": 105, "y": 167}, {"x": 103, "y": 167}, {"x": 103, "y": 166}, {"x": 102, "y": 166}, {"x": 102, "y": 165}, {"x": 103, "y": 165}, {"x": 103, "y": 163}, {"x": 102, "y": 163}, {"x": 102, "y": 159}, {"x": 99, "y": 159}, {"x": 99, "y": 157}, {"x": 100, "y": 157}, {"x": 100, "y": 154}, {"x": 99, "y": 154}, {"x": 99, "y": 153}, {"x": 97, "y": 153}, {"x": 97, "y": 154}, {"x": 96, "y": 154}, {"x": 96, "y": 153}, {"x": 92, "y": 153}, {"x": 92, "y": 154}, {"x": 89, "y": 154}, {"x": 89, "y": 153}, {"x": 88, "y": 153}, {"x": 88, "y": 154}, {"x": 85, "y": 154}, {"x": 85, "y": 156}, {"x": 86, "y": 156}, {"x": 86, "y": 157}, {"x": 85, "y": 157}, {"x": 85, "y": 159}, {"x": 86, "y": 159}, {"x": 86, "y": 160}, {"x": 85, "y": 160}, {"x": 85, "y": 161}, {"x": 81, "y": 161}, {"x": 81, "y": 162}, {"x": 82, "y": 162}, {"x": 82, "y": 164}, {"x": 84, "y": 164}, {"x": 84, "y": 162}, {"x": 85, "y": 162}, {"x": 85, "y": 163}, {"x": 87, "y": 163}, {"x": 87, "y": 162}, {"x": 88, "y": 162}, {"x": 88, "y": 163}, {"x": 89, "y": 163}, {"x": 89, "y": 166}, {"x": 92, "y": 166}, {"x": 92, "y": 163}, {"x": 93, "y": 163}, {"x": 93, "y": 164}, {"x": 94, "y": 164}, {"x": 94, "y": 165}, {"x": 93, "y": 165}, {"x": 93, "y": 167}, {"x": 94, "y": 167}, {"x": 94, "y": 170}, {"x": 95, "y": 170}, {"x": 95, "y": 171}, {"x": 94, "y": 171}, {"x": 94, "y": 172}, {"x": 95, "y": 172}, {"x": 95, "y": 173}, {"x": 98, "y": 173}, {"x": 98, "y": 175}, {"x": 97, "y": 175}, {"x": 97, "y": 176}, {"x": 100, "y": 176}, {"x": 100, "y": 182}, {"x": 101, "y": 182}, {"x": 101, "y": 180}, {"x": 109, "y": 180}, {"x": 109, "y": 184}, {"x": 110, "y": 184}, {"x": 110, "y": 183}, {"x": 112, "y": 183}, {"x": 112, "y": 184}, {"x": 111, "y": 184}, {"x": 111, "y": 185}, {"x": 112, "y": 185}, {"x": 112, "y": 187}, {"x": 113, "y": 187}, {"x": 113, "y": 186}, {"x": 115, "y": 186}, {"x": 115, "y": 187}, {"x": 116, "y": 187}, {"x": 116, "y": 188}, {"x": 117, "y": 188}, {"x": 117, "y": 187}, {"x": 118, "y": 187}, {"x": 118, "y": 188}, {"x": 120, "y": 188}, {"x": 120, "y": 190}, {"x": 122, "y": 190}, {"x": 122, "y": 191}, {"x": 124, "y": 191}, {"x": 124, "y": 190}, {"x": 125, "y": 190}, {"x": 125, "y": 189}, {"x": 127, "y": 189}, {"x": 127, "y": 190}, {"x": 126, "y": 190}, {"x": 126, "y": 195}, {"x": 127, "y": 195}, {"x": 127, "y": 193}, {"x": 128, "y": 193}, {"x": 128, "y": 196}, {"x": 127, "y": 196}, {"x": 127, "y": 198}, {"x": 128, "y": 198}, {"x": 128, "y": 199}, {"x": 125, "y": 199}, {"x": 125, "y": 200}, {"x": 123, "y": 200}, {"x": 123, "y": 199}, {"x": 121, "y": 199}, {"x": 121, "y": 198}, {"x": 120, "y": 198}, {"x": 120, "y": 199}, {"x": 118, "y": 199}, {"x": 118, "y": 202}, {"x": 115, "y": 202}, {"x": 115, "y": 200}, {"x": 113, "y": 200}, {"x": 113, "y": 199}, {"x": 112, "y": 199}, {"x": 112, "y": 198}, {"x": 113, "y": 198}, {"x": 113, "y": 196}, {"x": 112, "y": 196}, {"x": 112, "y": 197}, {"x": 108, "y": 197}, {"x": 108, "y": 196}, {"x": 107, "y": 196}, {"x": 107, "y": 195}, {"x": 105, "y": 195}, {"x": 105, "y": 194}, {"x": 106, "y": 194}, {"x": 106, "y": 191}, {"x": 105, "y": 191}, {"x": 105, "y": 190}, {"x": 102, "y": 190}, {"x": 102, "y": 192}, {"x": 101, "y": 192}, {"x": 101, "y": 191}, {"x": 100, "y": 191}, {"x": 100, "y": 189}, {"x": 99, "y": 189}, {"x": 99, "y": 191}, {"x": 98, "y": 191}, {"x": 98, "y": 192}, {"x": 97, "y": 192}, {"x": 97, "y": 196}, {"x": 96, "y": 196}, {"x": 96, "y": 195}, {"x": 95, "y": 195}, {"x": 95, "y": 193}, {"x": 94, "y": 193}, {"x": 94, "y": 194}, {"x": 92, "y": 194}, {"x": 92, "y": 193}, {"x": 90, "y": 193}, {"x": 90, "y": 195}, {"x": 92, "y": 195}, {"x": 92, "y": 199}, {"x": 91, "y": 199}, {"x": 91, "y": 200}, {"x": 90, "y": 200}, {"x": 90, "y": 199}, {"x": 86, "y": 199}, {"x": 86, "y": 200}, {"x": 84, "y": 200}, {"x": 84, "y": 203}, {"x": 83, "y": 203}, {"x": 83, "y": 202}, {"x": 82, "y": 202}, {"x": 82, "y": 201}, {"x": 78, "y": 201}, {"x": 78, "y": 200}, {"x": 79, "y": 200}, {"x": 79, "y": 199}, {"x": 77, "y": 199}, {"x": 77, "y": 200}, {"x": 76, "y": 200}, {"x": 76, "y": 201}, {"x": 75, "y": 201}, {"x": 75, "y": 202}, {"x": 76, "y": 202}, {"x": 76, "y": 205}, {"x": 75, "y": 205}, {"x": 75, "y": 206}, {"x": 77, "y": 206}, {"x": 77, "y": 207}, {"x": 76, "y": 207}, {"x": 76, "y": 208}, {"x": 74, "y": 208}, {"x": 74, "y": 209}, {"x": 73, "y": 209}, {"x": 73, "y": 211}, {"x": 78, "y": 211}, {"x": 78, "y": 212}, {"x": 79, "y": 212}, {"x": 79, "y": 214}, {"x": 78, "y": 214}, {"x": 78, "y": 216}, {"x": 79, "y": 216}, {"x": 79, "y": 215}, {"x": 80, "y": 215}, {"x": 80, "y": 219}, {"x": 79, "y": 219}, {"x": 79, "y": 220}, {"x": 82, "y": 220}, {"x": 82, "y": 221}, {"x": 81, "y": 221}, {"x": 81, "y": 223}, {"x": 82, "y": 223}, {"x": 82, "y": 224}, {"x": 83, "y": 224}, {"x": 83, "y": 225}, {"x": 85, "y": 225}, {"x": 85, "y": 226}, {"x": 86, "y": 226}, {"x": 86, "y": 223}, {"x": 88, "y": 223}, {"x": 88, "y": 222}, {"x": 90, "y": 222}, {"x": 90, "y": 224}, {"x": 92, "y": 224}, {"x": 92, "y": 223}, {"x": 93, "y": 223}, {"x": 93, "y": 225}, {"x": 95, "y": 225}, {"x": 95, "y": 229}, {"x": 94, "y": 229}, {"x": 94, "y": 228}, {"x": 93, "y": 228}, {"x": 93, "y": 229}, {"x": 90, "y": 229}, {"x": 90, "y": 230}, {"x": 91, "y": 230}, {"x": 91, "y": 232}, {"x": 93, "y": 232}, {"x": 93, "y": 231}, {"x": 94, "y": 231}, {"x": 94, "y": 232}, {"x": 95, "y": 232}, {"x": 95, "y": 233}, {"x": 97, "y": 233}, {"x": 97, "y": 235}, {"x": 95, "y": 235}, {"x": 95, "y": 236}, {"x": 93, "y": 236}, {"x": 93, "y": 235}, {"x": 89, "y": 235}, {"x": 89, "y": 236}, {"x": 87, "y": 236}, {"x": 87, "y": 237}, {"x": 86, "y": 237}, {"x": 86, "y": 238}, {"x": 85, "y": 238}, {"x": 85, "y": 234}, {"x": 83, "y": 234}, {"x": 83, "y": 236}, {"x": 81, "y": 236}, {"x": 81, "y": 238}, {"x": 79, "y": 238}, {"x": 79, "y": 241}, {"x": 80, "y": 241}, {"x": 80, "y": 243}, {"x": 79, "y": 243}, {"x": 79, "y": 244}, {"x": 75, "y": 244}, {"x": 75, "y": 242}, {"x": 76, "y": 242}, {"x": 76, "y": 240}, {"x": 74, "y": 240}, {"x": 74, "y": 241}, {"x": 73, "y": 241}, {"x": 73, "y": 242}, {"x": 72, "y": 242}, {"x": 72, "y": 243}, {"x": 73, "y": 243}, {"x": 73, "y": 244}, {"x": 72, "y": 244}, {"x": 72, "y": 245}, {"x": 69, "y": 245}, {"x": 69, "y": 244}, {"x": 70, "y": 244}, {"x": 70, "y": 243}, {"x": 67, "y": 243}, {"x": 67, "y": 246}, {"x": 68, "y": 246}, {"x": 68, "y": 247}, {"x": 66, "y": 247}, {"x": 66, "y": 248}, {"x": 68, "y": 248}, {"x": 68, "y": 249}, {"x": 70, "y": 249}, {"x": 70, "y": 250}, {"x": 69, "y": 250}, {"x": 69, "y": 252}, {"x": 71, "y": 252}, {"x": 71, "y": 254}, {"x": 75, "y": 254}, {"x": 75, "y": 253}, {"x": 78, "y": 253}, {"x": 78, "y": 252}, {"x": 79, "y": 252}, {"x": 79, "y": 253}, {"x": 80, "y": 253}, {"x": 80, "y": 256}, {"x": 81, "y": 256}, {"x": 81, "y": 259}, {"x": 82, "y": 259}, {"x": 82, "y": 258}, {"x": 85, "y": 258}, {"x": 85, "y": 259}, {"x": 84, "y": 259}, {"x": 84, "y": 260}, {"x": 85, "y": 260}, {"x": 85, "y": 261}, {"x": 86, "y": 261}, {"x": 86, "y": 263}, {"x": 87, "y": 263}, {"x": 87, "y": 262}, {"x": 88, "y": 262}, {"x": 88, "y": 263}, {"x": 89, "y": 263}, {"x": 89, "y": 264}, {"x": 88, "y": 264}, {"x": 88, "y": 265}, {"x": 92, "y": 265}, {"x": 92, "y": 264}, {"x": 94, "y": 264}, {"x": 94, "y": 265}, {"x": 96, "y": 265}, {"x": 96, "y": 266}, {"x": 97, "y": 266}, {"x": 97, "y": 264}, {"x": 96, "y": 264}, {"x": 96, "y": 263}, {"x": 97, "y": 263}, {"x": 97, "y": 262}, {"x": 98, "y": 262}, {"x": 98, "y": 261}, {"x": 101, "y": 261}, {"x": 101, "y": 257}, {"x": 102, "y": 257}, {"x": 102, "y": 255}, {"x": 103, "y": 255}, {"x": 103, "y": 256}, {"x": 104, "y": 256}, {"x": 104, "y": 259}, {"x": 106, "y": 259}, {"x": 106, "y": 258}, {"x": 107, "y": 258}, {"x": 107, "y": 257}, {"x": 105, "y": 257}, {"x": 105, "y": 254}, {"x": 106, "y": 254}, {"x": 106, "y": 253}, {"x": 104, "y": 253}, {"x": 104, "y": 252}, {"x": 103, "y": 252}, {"x": 103, "y": 253}, {"x": 102, "y": 253}, {"x": 102, "y": 252}, {"x": 99, "y": 252}, {"x": 99, "y": 251}, {"x": 102, "y": 251}, {"x": 102, "y": 250}, {"x": 103, "y": 250}, {"x": 103, "y": 249}, {"x": 104, "y": 249}, {"x": 104, "y": 247}, {"x": 107, "y": 247}, {"x": 107, "y": 248}, {"x": 109, "y": 248}, {"x": 109, "y": 247}, {"x": 108, "y": 247}, {"x": 108, "y": 246}, {"x": 110, "y": 246}, {"x": 110, "y": 245}, {"x": 111, "y": 245}, {"x": 111, "y": 243}, {"x": 112, "y": 243}, {"x": 112, "y": 244}, {"x": 113, "y": 244}, {"x": 113, "y": 245}, {"x": 112, "y": 245}, {"x": 112, "y": 249}, {"x": 113, "y": 249}, {"x": 113, "y": 250}, {"x": 112, "y": 250}, {"x": 112, "y": 252}, {"x": 113, "y": 252}, {"x": 113, "y": 254}, {"x": 114, "y": 254}, {"x": 114, "y": 253}, {"x": 115, "y": 253}, {"x": 115, "y": 252}, {"x": 121, "y": 252}, {"x": 121, "y": 253}, {"x": 122, "y": 253}, {"x": 122, "y": 256}, {"x": 121, "y": 256}, {"x": 121, "y": 257}, {"x": 123, "y": 257}, {"x": 123, "y": 256}, {"x": 125, "y": 256}, {"x": 125, "y": 260}, {"x": 124, "y": 260}, {"x": 124, "y": 261}, {"x": 125, "y": 261}, {"x": 125, "y": 263}, {"x": 124, "y": 263}, {"x": 124, "y": 265}, {"x": 125, "y": 265}, {"x": 125, "y": 266}, {"x": 126, "y": 266}, {"x": 126, "y": 264}, {"x": 127, "y": 264}, {"x": 127, "y": 266}, {"x": 129, "y": 266}, {"x": 129, "y": 264}, {"x": 130, "y": 264}, {"x": 130, "y": 265}, {"x": 131, "y": 265}, {"x": 131, "y": 261}, {"x": 132, "y": 261}, {"x": 132, "y": 262}, {"x": 134, "y": 262}, {"x": 134, "y": 264}, {"x": 135, "y": 264}, {"x": 135, "y": 267}, {"x": 136, "y": 267}, {"x": 136, "y": 268}, {"x": 135, "y": 268}, {"x": 135, "y": 269}, {"x": 137, "y": 269}, {"x": 137, "y": 270}, {"x": 136, "y": 270}, {"x": 136, "y": 272}, {"x": 135, "y": 272}, {"x": 135, "y": 271}, {"x": 134, "y": 271}, {"x": 134, "y": 270}, {"x": 133, "y": 270}, {"x": 133, "y": 272}, {"x": 129, "y": 272}, {"x": 129, "y": 273}, {"x": 130, "y": 273}, {"x": 130, "y": 274}, {"x": 131, "y": 274}, {"x": 131, "y": 275}, {"x": 133, "y": 275}, {"x": 133, "y": 276}, {"x": 132, "y": 276}, {"x": 132, "y": 278}, {"x": 131, "y": 278}, {"x": 131, "y": 277}, {"x": 129, "y": 277}, {"x": 129, "y": 280}], "holes": [[{"x": 82, "y": 96}, {"x": 82, "y": 97}, {"x": 83, "y": 97}, {"x": 83, "y": 96}], [{"x": 151, "y": 159}, {"x": 151, "y": 160}, {"x": 153, "y": 160}, {"x": 153, "y": 162}, {"x": 154, "y": 162}, {"x": 154, "y": 163}, {"x": 157, "y": 163}, {"x": 157, "y": 162}, {"x": 156, "y": 162}, {"x": 156, "y": 161}, {"x": 157, "y": 161}, {"x": 157, "y": 160}, {"x": 156, "y": 160}, {"x": 156, "y": 157}, {"x": 157, "y": 157}, {"x": 157, "y": 156}, {"x": 156, "y": 156}, {"x": 156, "y": 154}, {"x": 157, "y": 154}, {"x": 157, "y": 153}, {"x": 153, "y": 153}, {"x": 153, "y": 155}, {"x": 152, "y": 155}, {"x": 152, "y": 154}, {"x": 151, "y": 154}, {"x": 151, "y": 157}, {"x": 150, "y": 157}, {"x": 150, "y": 158}, {"x": 148, "y": 158}, {"x": 148, "y": 153}, {"x": 147, "y": 153}, {"x": 147, "y": 152}, {"x": 148, "y": 152}, {"x": 148, "y": 151}, {"x": 149, "y": 151}, {"x": 149, "y": 150}, {"x": 148, "y": 150}, {"x": 148, "y": 149}, {"x": 147, "y": 149}, {"x": 147, "y": 146}, {"x": 149, "y": 146}, {"x": 149, "y": 145}, {"x": 148, "y": 145}, {"x": 148, "y": 144}, {"x": 147, "y": 144}, {"x": 147, "y": 141}, {"x": 146, "y": 141}, {"x": 146, "y": 142}, {"x": 145, "y": 142}, {"x": 145, "y": 143}, {"x": 144, "y": 143}, {"x": 144, "y": 144}, {"x": 143, "y": 144}, {"x": 143, "y": 145}, {"x": 141, "y": 145}, {"x": 141, "y": 148}, {"x": 143, "y": 148}, {"x": 143, "y": 149}, {"x": 142, "y": 149}, {"x": 142, "y": 151}, {"x": 141, "y": 151}, {"x": 141, "y": 152}, {"x": 142, "y": 152}, {"x": 142, "y": 153}, {"x": 143, "y": 153}, {"x": 143, "y": 154}, {"x": 142, "y": 154}, {"x": 142, "y": 155}, {"x": 141, "y": 155}, {"x": 141, "y": 154}, {"x": 139, "y": 154}, {"x": 139, "y": 155}, {"x": 140, "y": 155}, {"x": 140, "y": 156}, {"x": 138, "y": 156}, {"x": 138, "y": 157}, {"x": 139, "y": 157}, {"x": 139, "y": 161}, {"x": 140, "y": 161}, {"x": 140, "y": 160}, {"x": 142, "y": 160}, {"x": 142, "y": 166}, {"x": 144, "y": 166}, {"x": 144, "y": 165}, {"x": 146, "y": 165}, {"x": 146, "y": 163}, {"x": 148, "y": 163}, {"x": 148, "y": 162}, {"x": 147, "y": 162}, {"x": 147, "y": 161}, {"x": 148, "y": 161}, {"x": 148, "y": 159}]], "name": "srpg_iso_aligned_mc0003883", "type": "CGSHOP2023_Instance", "n": 3886}