{"outer_boundary": [{"x": 92, "y": 70}, {"x": 90, "y": 70}, {"x": 90, "y": 63}, {"x": 92, "y": 63}, {"x": 92, "y": 62}, {"x": 93, "y": 62}, {"x": 93, "y": 50}, {"x": 92, "y": 50}, {"x": 92, "y": 49}, {"x": 90, "y": 49}, {"x": 90, "y": 47}, {"x": 89, "y": 47}, {"x": 89, "y": 46}, {"x": 80, "y": 46}, {"x": 80, "y": 47}, {"x": 79, "y": 47}, {"x": 79, "y": 49}, {"x": 78, "y": 49}, {"x": 78, "y": 44}, {"x": 77, "y": 44}, {"x": 77, "y": 43}, {"x": 74, "y": 43}, {"x": 74, "y": 44}, {"x": 73, "y": 44}, {"x": 73, "y": 49}, {"x": 68, "y": 49}, {"x": 68, "y": 50}, {"x": 67, "y": 50}, {"x": 67, "y": 53}, {"x": 68, "y": 53}, {"x": 68, "y": 54}, {"x": 70, "y": 54}, {"x": 70, "y": 56}, {"x": 71, "y": 56}, {"x": 71, "y": 57}, {"x": 76, "y": 57}, {"x": 76, "y": 59}, {"x": 77, "y": 59}, {"x": 77, "y": 60}, {"x": 79, "y": 60}, {"x": 79, "y": 67}, {"x": 72, "y": 67}, {"x": 72, "y": 62}, {"x": 71, "y": 62}, {"x": 71, "y": 61}, {"x": 68, "y": 61}, {"x": 68, "y": 62}, {"x": 67, "y": 62}, {"x": 67, "y": 67}, {"x": 65, "y": 67}, {"x": 65, "y": 68}, {"x": 64, "y": 68}, {"x": 64, "y": 77}, {"x": 65, "y": 77}, {"x": 65, "y": 78}, {"x": 67, "y": 78}, {"x": 67, "y": 80}, {"x": 68, "y": 80}, {"x": 68, "y": 81}, {"x": 73, "y": 81}, {"x": 73, "y": 85}, {"x": 71, "y": 85}, {"x": 71, "y": 86}, {"x": 70, "y": 86}, {"x": 70, "y": 89}, {"x": 71, "y": 89}, {"x": 71, "y": 90}, {"x": 73, "y": 90}, {"x": 73, "y": 91}, {"x": 71, "y": 91}, {"x": 71, "y": 92}, {"x": 70, "y": 92}, {"x": 70, "y": 95}, {"x": 71, "y": 95}, {"x": 71, "y": 96}, {"x": 73, "y": 96}, {"x": 73, "y": 97}, {"x": 68, "y": 97}, {"x": 68, "y": 98}, {"x": 67, "y": 98}, {"x": 67, "y": 101}, {"x": 68, "y": 101}, {"x": 68, "y": 102}, {"x": 70, "y": 102}, {"x": 70, "y": 104}, {"x": 71, "y": 104}, {"x": 71, "y": 105}, {"x": 74, "y": 105}, {"x": 74, "y": 104}, {"x": 75, "y": 104}, {"x": 75, "y": 102}, {"x": 76, "y": 102}, {"x": 76, "y": 104}, {"x": 77, "y": 104}, {"x": 77, "y": 105}, {"x": 80, "y": 105}, {"x": 80, "y": 104}, {"x": 81, "y": 104}, {"x": 81, "y": 102}, {"x": 83, "y": 102}, {"x": 83, "y": 101}, {"x": 84, "y": 101}, {"x": 84, "y": 92}, {"x": 83, "y": 92}, {"x": 83, "y": 91}, {"x": 81, "y": 91}, {"x": 81, "y": 87}, {"x": 83, "y": 87}, {"x": 83, "y": 86}, {"x": 84, "y": 86}, {"x": 84, "y": 83}, {"x": 83, "y": 83}, {"x": 83, "y": 82}, {"x": 81, "y": 82}, {"x": 81, "y": 81}, {"x": 88, "y": 81}, {"x": 88, "y": 83}, {"x": 89, "y": 83}, {"x": 89, "y": 84}, {"x": 94, "y": 84}, {"x": 94, "y": 86}, {"x": 95, "y": 86}, {"x": 95, "y": 87}, {"x": 98, "y": 87}, {"x": 98, "y": 86}, {"x": 99, "y": 86}, {"x": 99, "y": 84}, {"x": 107, "y": 84}, {"x": 107, "y": 83}, {"x": 108, "y": 83}, {"x": 108, "y": 78}, {"x": 113, "y": 78}, {"x": 113, "y": 77}, {"x": 114, "y": 77}, {"x": 114, "y": 75}, {"x": 116, "y": 75}, {"x": 116, "y": 74}, {"x": 117, "y": 74}, {"x": 117, "y": 66}, {"x": 127, "y": 66}, {"x": 127, "y": 68}, {"x": 128, "y": 68}, {"x": 128, "y": 69}, {"x": 130, "y": 69}, {"x": 130, "y": 74}, {"x": 131, "y": 74}, {"x": 131, "y": 75}, {"x": 134, "y": 75}, {"x": 134, "y": 74}, {"x": 135, "y": 74}, {"x": 135, "y": 72}, {"x": 136, "y": 72}, {"x": 136, "y": 74}, {"x": 137, "y": 74}, {"x": 137, "y": 75}, {"x": 140, "y": 75}, {"x": 140, "y": 74}, {"x": 141, "y": 74}, {"x": 141, "y": 72}, {"x": 143, "y": 72}, {"x": 143, "y": 71}, {"x": 144, "y": 71}, {"x": 144, "y": 68}, {"x": 143, "y": 68}, {"x": 143, "y": 67}, {"x": 141, "y": 67}, {"x": 141, "y": 66}, {"x": 146, "y": 66}, {"x": 146, "y": 65}, {"x": 147, "y": 65}, {"x": 147, "y": 63}, {"x": 148, "y": 63}, {"x": 148, "y": 65}, {"x": 149, "y": 65}, {"x": 149, "y": 66}, {"x": 151, "y": 66}, {"x": 151, "y": 68}, {"x": 152, "y": 68}, {"x": 152, "y": 69}, {"x": 155, "y": 69}, {"x": 155, "y": 68}, {"x": 156, "y": 68}, {"x": 156, "y": 66}, {"x": 158, "y": 66}, {"x": 158, "y": 65}, {"x": 159, "y": 65}, {"x": 159, "y": 60}, {"x": 161, "y": 60}, {"x": 161, "y": 59}, {"x": 162, "y": 59}, {"x": 162, "y": 57}, {"x": 166, "y": 57}, {"x": 166, "y": 59}, {"x": 167, "y": 59}, {"x": 167, "y": 60}, {"x": 169, "y": 60}, {"x": 169, "y": 65}, {"x": 170, "y": 65}, {"x": 170, "y": 66}, {"x": 172, "y": 66}, {"x": 172, "y": 68}, {"x": 173, "y": 68}, {"x": 173, "y": 69}, {"x": 176, "y": 69}, {"x": 176, "y": 68}, {"x": 177, "y": 68}, {"x": 177, "y": 63}, {"x": 182, "y": 63}, {"x": 182, "y": 62}, {"x": 183, "y": 62}, {"x": 183, "y": 60}, {"x": 185, "y": 60}, {"x": 185, "y": 59}, {"x": 186, "y": 59}, {"x": 186, "y": 57}, {"x": 188, "y": 57}, {"x": 188, "y": 56}, {"x": 189, "y": 56}, {"x": 189, "y": 54}, {"x": 193, "y": 54}, {"x": 193, "y": 56}, {"x": 194, "y": 56}, {"x": 194, "y": 57}, {"x": 196, "y": 57}, {"x": 196, "y": 62}, {"x": 197, "y": 62}, {"x": 197, "y": 63}, {"x": 199, "y": 63}, {"x": 199, "y": 65}, {"x": 200, "y": 65}, {"x": 200, "y": 66}, {"x": 202, "y": 66}, {"x": 202, "y": 68}, {"x": 203, "y": 68}, {"x": 203, "y": 69}, {"x": 209, "y": 69}, {"x": 209, "y": 68}, {"x": 210, "y": 68}, {"x": 210, "y": 63}, {"x": 215, "y": 63}, {"x": 215, "y": 62}, {"x": 216, "y": 62}, {"x": 216, "y": 60}, {"x": 221, "y": 60}, {"x": 221, "y": 59}, {"x": 222, "y": 59}, {"x": 222, "y": 57}, {"x": 235, "y": 57}, {"x": 235, "y": 58}, {"x": 233, "y": 58}, {"x": 233, "y": 59}, {"x": 232, "y": 59}, {"x": 232, "y": 61}, {"x": 230, "y": 61}, {"x": 230, "y": 62}, {"x": 229, "y": 62}, {"x": 229, "y": 71}, {"x": 230, "y": 71}, {"x": 230, "y": 72}, {"x": 232, "y": 72}, {"x": 232, "y": 76}, {"x": 230, "y": 76}, {"x": 230, "y": 77}, {"x": 229, "y": 77}, {"x": 229, "y": 82}, {"x": 224, "y": 82}, {"x": 224, "y": 83}, {"x": 223, "y": 83}, {"x": 223, "y": 85}, {"x": 215, "y": 85}, {"x": 215, "y": 86}, {"x": 214, "y": 86}, {"x": 214, "y": 89}, {"x": 215, "y": 89}, {"x": 215, "y": 90}, {"x": 217, "y": 90}, {"x": 217, "y": 91}, {"x": 215, "y": 91}, {"x": 215, "y": 92}, {"x": 214, "y": 92}, {"x": 214, "y": 98}, {"x": 215, "y": 98}, {"x": 215, "y": 99}, {"x": 217, "y": 99}, {"x": 217, "y": 100}, {"x": 215, "y": 100}, {"x": 215, "y": 101}, {"x": 214, "y": 101}, {"x": 214, "y": 103}, {"x": 212, "y": 103}, {"x": 212, "y": 104}, {"x": 211, "y": 104}, {"x": 211, "y": 112}, {"x": 210, "y": 112}, {"x": 210, "y": 107}, {"x": 209, "y": 107}, {"x": 209, "y": 106}, {"x": 204, "y": 106}, {"x": 204, "y": 96}, {"x": 206, "y": 96}, {"x": 206, "y": 95}, {"x": 207, "y": 95}, {"x": 207, "y": 92}, {"x": 206, "y": 92}, {"x": 206, "y": 91}, {"x": 197, "y": 91}, {"x": 197, "y": 92}, {"x": 196, "y": 92}, {"x": 196, "y": 94}, {"x": 176, "y": 94}, {"x": 176, "y": 95}, {"x": 175, "y": 95}, {"x": 175, "y": 98}, {"x": 176, "y": 98}, {"x": 176, "y": 99}, {"x": 178, "y": 99}, {"x": 178, "y": 101}, {"x": 179, "y": 101}, {"x": 179, "y": 102}, {"x": 182, "y": 102}, {"x": 182, "y": 101}, {"x": 183, "y": 101}, {"x": 183, "y": 99}, {"x": 184, "y": 99}, {"x": 184, "y": 104}, {"x": 185, "y": 104}, {"x": 185, "y": 105}, {"x": 191, "y": 105}, {"x": 191, "y": 104}, {"x": 192, "y": 104}, {"x": 192, "y": 99}, {"x": 193, "y": 99}, {"x": 193, "y": 104}, {"x": 194, "y": 104}, {"x": 194, "y": 105}, {"x": 196, "y": 105}, {"x": 196, "y": 112}, {"x": 189, "y": 112}, {"x": 189, "y": 110}, {"x": 188, "y": 110}, {"x": 188, "y": 109}, {"x": 186, "y": 109}, {"x": 186, "y": 107}, {"x": 185, "y": 107}, {"x": 185, "y": 106}, {"x": 179, "y": 106}, {"x": 179, "y": 107}, {"x": 178, "y": 107}, {"x": 178, "y": 110}, {"x": 179, "y": 110}, {"x": 179, "y": 111}, {"x": 181, "y": 111}, {"x": 181, "y": 112}, {"x": 177, "y": 112}, {"x": 177, "y": 107}, {"x": 176, "y": 107}, {"x": 176, "y": 106}, {"x": 174, "y": 106}, {"x": 174, "y": 101}, {"x": 173, "y": 101}, {"x": 173, "y": 100}, {"x": 170, "y": 100}, {"x": 170, "y": 101}, {"x": 169, "y": 101}, {"x": 169, "y": 103}, {"x": 168, "y": 103}, {"x": 168, "y": 93}, {"x": 173, "y": 93}, {"x": 173, "y": 92}, {"x": 174, "y": 92}, {"x": 174, "y": 89}, {"x": 173, "y": 89}, {"x": 173, "y": 88}, {"x": 168, "y": 88}, {"x": 168, "y": 86}, {"x": 167, "y": 86}, {"x": 167, "y": 85}, {"x": 165, "y": 85}, {"x": 165, "y": 80}, {"x": 164, "y": 80}, {"x": 164, "y": 79}, {"x": 158, "y": 79}, {"x": 158, "y": 80}, {"x": 157, "y": 80}, {"x": 157, "y": 82}, {"x": 152, "y": 82}, {"x": 152, "y": 83}, {"x": 151, "y": 83}, {"x": 151, "y": 92}, {"x": 152, "y": 92}, {"x": 152, "y": 93}, {"x": 157, "y": 93}, {"x": 157, "y": 95}, {"x": 158, "y": 95}, {"x": 158, "y": 96}, {"x": 160, "y": 96}, {"x": 160, "y": 100}, {"x": 156, "y": 100}, {"x": 156, "y": 98}, {"x": 155, "y": 98}, {"x": 155, "y": 97}, {"x": 140, "y": 97}, {"x": 140, "y": 98}, {"x": 139, "y": 98}, {"x": 139, "y": 100}, {"x": 138, "y": 100}, {"x": 138, "y": 98}, {"x": 137, "y": 98}, {"x": 137, "y": 97}, {"x": 135, "y": 97}, {"x": 135, "y": 95}, {"x": 134, "y": 95}, {"x": 134, "y": 94}, {"x": 132, "y": 94}, {"x": 132, "y": 92}, {"x": 131, "y": 92}, {"x": 131, "y": 91}, {"x": 128, "y": 91}, {"x": 128, "y": 92}, {"x": 127, "y": 92}, {"x": 127, "y": 94}, {"x": 126, "y": 94}, {"x": 126, "y": 92}, {"x": 125, "y": 92}, {"x": 125, "y": 91}, {"x": 122, "y": 91}, {"x": 122, "y": 92}, {"x": 121, "y": 92}, {"x": 121, "y": 94}, {"x": 111, "y": 94}, {"x": 111, "y": 92}, {"x": 110, "y": 92}, {"x": 110, "y": 91}, {"x": 107, "y": 91}, {"x": 107, "y": 92}, {"x": 106, "y": 92}, {"x": 106, "y": 101}, {"x": 107, "y": 101}, {"x": 107, "y": 102}, {"x": 109, "y": 102}, {"x": 109, "y": 103}, {"x": 107, "y": 103}, {"x": 107, "y": 104}, {"x": 106, "y": 104}, {"x": 106, "y": 107}, {"x": 107, "y": 107}, {"x": 107, "y": 108}, {"x": 109, "y": 108}, {"x": 109, "y": 109}, {"x": 104, "y": 109}, {"x": 104, "y": 110}, {"x": 103, "y": 110}, {"x": 103, "y": 113}, {"x": 104, "y": 113}, {"x": 104, "y": 114}, {"x": 106, "y": 114}, {"x": 106, "y": 115}, {"x": 104, "y": 115}, {"x": 104, "y": 116}, {"x": 103, "y": 116}, {"x": 103, "y": 119}, {"x": 104, "y": 119}, {"x": 104, "y": 120}, {"x": 106, "y": 120}, {"x": 106, "y": 122}, {"x": 107, "y": 122}, {"x": 107, "y": 123}, {"x": 110, "y": 123}, {"x": 110, "y": 122}, {"x": 111, "y": 122}, {"x": 111, "y": 120}, {"x": 112, "y": 120}, {"x": 112, "y": 122}, {"x": 113, "y": 122}, {"x": 113, "y": 123}, {"x": 116, "y": 123}, {"x": 116, "y": 122}, {"x": 117, "y": 122}, {"x": 117, "y": 114}, {"x": 122, "y": 114}, {"x": 122, "y": 113}, {"x": 123, "y": 113}, {"x": 123, "y": 111}, {"x": 124, "y": 111}, {"x": 124, "y": 113}, {"x": 125, "y": 113}, {"x": 125, "y": 114}, {"x": 131, "y": 114}, {"x": 131, "y": 113}, {"x": 132, "y": 113}, {"x": 132, "y": 111}, {"x": 137, "y": 111}, {"x": 137, "y": 110}, {"x": 138, "y": 110}, {"x": 138, "y": 108}, {"x": 142, "y": 108}, {"x": 142, "y": 110}, {"x": 143, "y": 110}, {"x": 143, "y": 111}, {"x": 146, "y": 111}, {"x": 146, "y": 110}, {"x": 147, "y": 110}, {"x": 147, "y": 108}, {"x": 148, "y": 108}, {"x": 148, "y": 113}, {"x": 149, "y": 113}, {"x": 149, "y": 114}, {"x": 151, "y": 114}, {"x": 151, "y": 118}, {"x": 150, "y": 118}, {"x": 150, "y": 116}, {"x": 149, "y": 116}, {"x": 149, "y": 115}, {"x": 146, "y": 115}, {"x": 146, "y": 116}, {"x": 145, "y": 116}, {"x": 145, "y": 118}, {"x": 137, "y": 118}, {"x": 137, "y": 119}, {"x": 136, "y": 119}, {"x": 136, "y": 121}, {"x": 129, "y": 121}, {"x": 129, "y": 116}, {"x": 128, "y": 116}, {"x": 128, "y": 115}, {"x": 125, "y": 115}, {"x": 125, "y": 116}, {"x": 124, "y": 116}, {"x": 124, "y": 128}, {"x": 125, "y": 128}, {"x": 125, "y": 129}, {"x": 128, "y": 129}, {"x": 128, "y": 128}, {"x": 129, "y": 128}, {"x": 129, "y": 126}, {"x": 130, "y": 126}, {"x": 130, "y": 128}, {"x": 131, "y": 128}, {"x": 131, "y": 129}, {"x": 145, "y": 129}, {"x": 145, "y": 131}, {"x": 146, "y": 131}, {"x": 146, "y": 132}, {"x": 152, "y": 132}, {"x": 152, "y": 131}, {"x": 153, "y": 131}, {"x": 153, "y": 126}, {"x": 164, "y": 126}, {"x": 164, "y": 125}, {"x": 165, "y": 125}, {"x": 165, "y": 123}, {"x": 167, "y": 123}, {"x": 167, "y": 122}, {"x": 168, "y": 122}, {"x": 168, "y": 120}, {"x": 172, "y": 120}, {"x": 172, "y": 124}, {"x": 167, "y": 124}, {"x": 167, "y": 125}, {"x": 166, "y": 125}, {"x": 166, "y": 128}, {"x": 167, "y": 128}, {"x": 167, "y": 129}, {"x": 175, "y": 129}, {"x": 175, "y": 131}, {"x": 176, "y": 131}, {"x": 176, "y": 132}, {"x": 185, "y": 132}, {"x": 185, "y": 131}, {"x": 186, "y": 131}, {"x": 186, "y": 128}, {"x": 185, "y": 128}, {"x": 185, "y": 127}, {"x": 180, "y": 127}, {"x": 180, "y": 126}, {"x": 193, "y": 126}, {"x": 193, "y": 131}, {"x": 194, "y": 131}, {"x": 194, "y": 132}, {"x": 196, "y": 132}, {"x": 196, "y": 133}, {"x": 194, "y": 133}, {"x": 194, "y": 134}, {"x": 193, "y": 134}, {"x": 193, "y": 136}, {"x": 191, "y": 136}, {"x": 191, "y": 137}, {"x": 190, "y": 137}, {"x": 190, "y": 139}, {"x": 186, "y": 139}, {"x": 186, "y": 137}, {"x": 185, "y": 137}, {"x": 185, "y": 136}, {"x": 182, "y": 136}, {"x": 182, "y": 137}, {"x": 181, "y": 137}, {"x": 181, "y": 139}, {"x": 180, "y": 139}, {"x": 180, "y": 137}, {"x": 179, "y": 137}, {"x": 179, "y": 136}, {"x": 177, "y": 136}, {"x": 177, "y": 134}, {"x": 176, "y": 134}, {"x": 176, "y": 133}, {"x": 173, "y": 133}, {"x": 173, "y": 134}, {"x": 172, "y": 134}, {"x": 172, "y": 139}, {"x": 158, "y": 139}, {"x": 158, "y": 140}, {"x": 157, "y": 140}, {"x": 157, "y": 154}, {"x": 156, "y": 154}, {"x": 156, "y": 152}, {"x": 155, "y": 152}, {"x": 155, "y": 151}, {"x": 153, "y": 151}, {"x": 153, "y": 143}, {"x": 152, "y": 143}, {"x": 152, "y": 142}, {"x": 149, "y": 142}, {"x": 149, "y": 143}, {"x": 148, "y": 143}, {"x": 148, "y": 145}, {"x": 147, "y": 145}, {"x": 147, "y": 137}, {"x": 146, "y": 137}, {"x": 146, "y": 136}, {"x": 129, "y": 136}, {"x": 129, "y": 134}, {"x": 128, "y": 134}, {"x": 128, "y": 133}, {"x": 122, "y": 133}, {"x": 122, "y": 134}, {"x": 121, "y": 134}, {"x": 121, "y": 136}, {"x": 116, "y": 136}, {"x": 116, "y": 137}, {"x": 115, "y": 137}, {"x": 115, "y": 140}, {"x": 116, "y": 140}, {"x": 116, "y": 141}, {"x": 118, "y": 141}, {"x": 118, "y": 142}, {"x": 116, "y": 142}, {"x": 116, "y": 143}, {"x": 115, "y": 143}, {"x": 115, "y": 149}, {"x": 116, "y": 149}, {"x": 116, "y": 150}, {"x": 118, "y": 150}, {"x": 118, "y": 151}, {"x": 116, "y": 151}, {"x": 116, "y": 152}, {"x": 115, "y": 152}, {"x": 115, "y": 154}, {"x": 111, "y": 154}, {"x": 111, "y": 152}, {"x": 110, "y": 152}, {"x": 110, "y": 151}, {"x": 107, "y": 151}, {"x": 107, "y": 152}, {"x": 106, "y": 152}, {"x": 106, "y": 157}, {"x": 102, "y": 157}, {"x": 102, "y": 152}, {"x": 101, "y": 152}, {"x": 101, "y": 151}, {"x": 99, "y": 151}, {"x": 99, "y": 147}, {"x": 101, "y": 147}, {"x": 101, "y": 146}, {"x": 102, "y": 146}, {"x": 102, "y": 143}, {"x": 101, "y": 143}, {"x": 101, "y": 142}, {"x": 99, "y": 142}, {"x": 99, "y": 137}, {"x": 98, "y": 137}, {"x": 98, "y": 136}, {"x": 96, "y": 136}, {"x": 96, "y": 134}, {"x": 95, "y": 134}, {"x": 95, "y": 133}, {"x": 92, "y": 133}, {"x": 92, "y": 134}, {"x": 91, "y": 134}, {"x": 91, "y": 142}, {"x": 89, "y": 142}, {"x": 89, "y": 143}, {"x": 88, "y": 143}, {"x": 88, "y": 145}, {"x": 81, "y": 145}, {"x": 81, "y": 144}, {"x": 83, "y": 144}, {"x": 83, "y": 143}, {"x": 84, "y": 143}, {"x": 84, "y": 140}, {"x": 83, "y": 140}, {"x": 83, "y": 139}, {"x": 78, "y": 139}, {"x": 78, "y": 137}, {"x": 77, "y": 137}, {"x": 77, "y": 136}, {"x": 72, "y": 136}, {"x": 72, "y": 134}, {"x": 71, "y": 134}, {"x": 71, "y": 133}, {"x": 69, "y": 133}, {"x": 69, "y": 129}, {"x": 71, "y": 129}, {"x": 71, "y": 128}, {"x": 72, "y": 128}, {"x": 72, "y": 126}, {"x": 77, "y": 126}, {"x": 77, "y": 125}, {"x": 78, "y": 125}, {"x": 78, "y": 119}, {"x": 77, "y": 119}, {"x": 77, "y": 118}, {"x": 75, "y": 118}, {"x": 75, "y": 116}, {"x": 74, "y": 116}, {"x": 74, "y": 115}, {"x": 72, "y": 115}, {"x": 72, "y": 113}, {"x": 71, "y": 113}, {"x": 71, "y": 112}, {"x": 66, "y": 112}, {"x": 66, "y": 107}, {"x": 65, "y": 107}, {"x": 65, "y": 106}, {"x": 63, "y": 106}, {"x": 63, "y": 105}, {"x": 65, "y": 105}, {"x": 65, "y": 104}, {"x": 66, "y": 104}, {"x": 66, "y": 101}, {"x": 65, "y": 101}, {"x": 65, "y": 100}, {"x": 59, "y": 100}, {"x": 59, "y": 101}, {"x": 58, "y": 101}, {"x": 58, "y": 103}, {"x": 56, "y": 103}, {"x": 56, "y": 104}, {"x": 55, "y": 104}, {"x": 55, "y": 106}, {"x": 54, "y": 106}, {"x": 54, "y": 104}, {"x": 53, "y": 104}, {"x": 53, "y": 103}, {"x": 50, "y": 103}, {"x": 50, "y": 104}, {"x": 49, "y": 104}, {"x": 49, "y": 113}, {"x": 50, "y": 113}, {"x": 50, "y": 114}, {"x": 55, "y": 114}, {"x": 55, "y": 122}, {"x": 56, "y": 122}, {"x": 56, "y": 123}, {"x": 58, "y": 123}, {"x": 58, "y": 131}, {"x": 59, "y": 131}, {"x": 59, "y": 132}, {"x": 61, "y": 132}, {"x": 61, "y": 139}, {"x": 59, "y": 139}, {"x": 59, "y": 140}, {"x": 58, "y": 140}, {"x": 58, "y": 149}, {"x": 59, "y": 149}, {"x": 59, "y": 150}, {"x": 64, "y": 150}, {"x": 64, "y": 151}, {"x": 62, "y": 151}, {"x": 62, "y": 152}, {"x": 61, "y": 152}, {"x": 61, "y": 154}, {"x": 60, "y": 154}, {"x": 60, "y": 152}, {"x": 59, "y": 152}, {"x": 59, "y": 151}, {"x": 53, "y": 151}, {"x": 53, "y": 152}, {"x": 52, "y": 152}, {"x": 52, "y": 154}, {"x": 51, "y": 154}, {"x": 51, "y": 152}, {"x": 50, "y": 152}, {"x": 50, "y": 151}, {"x": 48, "y": 151}, {"x": 48, "y": 149}, {"x": 47, "y": 149}, {"x": 47, "y": 148}, {"x": 42, "y": 148}, {"x": 42, "y": 144}, {"x": 47, "y": 144}, {"x": 47, "y": 143}, {"x": 48, "y": 143}, {"x": 48, "y": 134}, {"x": 47, "y": 134}, {"x": 47, "y": 133}, {"x": 42, "y": 133}, {"x": 42, "y": 132}, {"x": 44, "y": 132}, {"x": 44, "y": 131}, {"x": 45, "y": 131}, {"x": 45, "y": 128}, {"x": 44, "y": 128}, {"x": 44, "y": 127}, {"x": 42, "y": 127}, {"x": 42, "y": 125}, {"x": 41, "y": 125}, {"x": 41, "y": 124}, {"x": 39, "y": 124}, {"x": 39, "y": 122}, {"x": 38, "y": 122}, {"x": 38, "y": 121}, {"x": 33, "y": 121}, {"x": 33, "y": 120}, {"x": 35, "y": 120}, {"x": 35, "y": 119}, {"x": 36, "y": 119}, {"x": 36, "y": 116}, {"x": 35, "y": 116}, {"x": 35, "y": 115}, {"x": 23, "y": 115}, {"x": 23, "y": 116}, {"x": 22, "y": 116}, {"x": 22, "y": 121}, {"x": 21, "y": 121}, {"x": 21, "y": 116}, {"x": 20, "y": 116}, {"x": 20, "y": 115}, {"x": 18, "y": 115}, {"x": 18, "y": 111}, {"x": 20, "y": 111}, {"x": 20, "y": 110}, {"x": 21, "y": 110}, {"x": 21, "y": 108}, {"x": 25, "y": 108}, {"x": 25, "y": 113}, {"x": 26, "y": 113}, {"x": 26, "y": 114}, {"x": 29, "y": 114}, {"x": 29, "y": 113}, {"x": 30, "y": 113}, {"x": 30, "y": 108}, {"x": 31, "y": 108}, {"x": 31, "y": 110}, {"x": 32, "y": 110}, {"x": 32, "y": 111}, {"x": 41, "y": 111}, {"x": 41, "y": 110}, {"x": 42, "y": 110}, {"x": 42, "y": 108}, {"x": 43, "y": 108}, {"x": 43, "y": 110}, {"x": 44, "y": 110}, {"x": 44, "y": 111}, {"x": 47, "y": 111}, {"x": 47, "y": 110}, {"x": 48, "y": 110}, {"x": 48, "y": 98}, {"x": 47, "y": 98}, {"x": 47, "y": 97}, {"x": 45, "y": 97}, {"x": 45, "y": 95}, {"x": 44, "y": 95}, {"x": 44, "y": 94}, {"x": 42, "y": 94}, {"x": 42, "y": 92}, {"x": 41, "y": 92}, {"x": 41, "y": 91}, {"x": 35, "y": 91}, {"x": 35, "y": 92}, {"x": 34, "y": 92}, {"x": 34, "y": 97}, {"x": 30, "y": 97}, {"x": 30, "y": 92}, {"x": 29, "y": 92}, {"x": 29, "y": 91}, {"x": 27, "y": 91}, {"x": 27, "y": 89}, {"x": 26, "y": 89}, {"x": 26, "y": 88}, {"x": 24, "y": 88}, {"x": 24, "y": 83}, {"x": 23, "y": 83}, {"x": 23, "y": 82}, {"x": 15, "y": 82}, {"x": 15, "y": 78}, {"x": 17, "y": 78}, {"x": 17, "y": 77}, {"x": 18, "y": 77}, {"x": 18, "y": 72}, {"x": 20, "y": 72}, {"x": 20, "y": 71}, {"x": 21, "y": 71}, {"x": 21, "y": 68}, {"x": 20, "y": 68}, {"x": 20, "y": 67}, {"x": 15, "y": 67}, {"x": 15, "y": 66}, {"x": 35, "y": 66}, {"x": 35, "y": 65}, {"x": 36, "y": 65}, {"x": 36, "y": 63}, {"x": 37, "y": 63}, {"x": 37, "y": 65}, {"x": 38, "y": 65}, {"x": 38, "y": 66}, {"x": 40, "y": 66}, {"x": 40, "y": 68}, {"x": 41, "y": 68}, {"x": 41, "y": 69}, {"x": 44, "y": 69}, {"x": 44, "y": 68}, {"x": 45, "y": 68}, {"x": 45, "y": 66}, {"x": 47, "y": 66}, {"x": 47, "y": 65}, {"x": 48, "y": 65}, {"x": 48, "y": 63}, {"x": 53, "y": 63}, {"x": 53, "y": 62}, {"x": 54, "y": 62}, {"x": 54, "y": 56}, {"x": 53, "y": 56}, {"x": 53, "y": 55}, {"x": 50, "y": 55}, {"x": 50, "y": 56}, {"x": 49, "y": 56}, {"x": 49, "y": 58}, {"x": 48, "y": 58}, {"x": 48, "y": 56}, {"x": 47, "y": 56}, {"x": 47, "y": 55}, {"x": 42, "y": 55}, {"x": 42, "y": 54}, {"x": 44, "y": 54}, {"x": 44, "y": 53}, {"x": 45, "y": 53}, {"x": 45, "y": 50}, {"x": 44, "y": 50}, {"x": 44, "y": 49}, {"x": 42, "y": 49}, {"x": 42, "y": 48}, {"x": 47, "y": 48}, {"x": 47, "y": 47}, {"x": 48, "y": 47}, {"x": 48, "y": 45}, {"x": 49, "y": 45}, {"x": 49, "y": 47}, {"x": 50, "y": 47}, {"x": 50, "y": 48}, {"x": 53, "y": 48}, {"x": 53, "y": 47}, {"x": 54, "y": 47}, {"x": 54, "y": 45}, {"x": 56, "y": 45}, {"x": 56, "y": 44}, {"x": 57, "y": 44}, {"x": 57, "y": 41}, {"x": 56, "y": 41}, {"x": 56, "y": 40}, {"x": 45, "y": 40}, {"x": 45, "y": 38}, {"x": 44, "y": 38}, {"x": 44, "y": 37}, {"x": 42, "y": 37}, {"x": 42, "y": 35}, {"x": 41, "y": 35}, {"x": 41, "y": 34}, {"x": 38, "y": 34}, {"x": 38, "y": 35}, {"x": 37, "y": 35}, {"x": 37, "y": 37}, {"x": 36, "y": 37}, {"x": 36, "y": 35}, {"x": 35, "y": 35}, {"x": 35, "y": 34}, {"x": 33, "y": 34}, {"x": 33, "y": 29}, {"x": 32, "y": 29}, {"x": 32, "y": 28}, {"x": 26, "y": 28}, {"x": 26, "y": 29}, {"x": 25, "y": 29}, {"x": 25, "y": 31}, {"x": 23, "y": 31}, {"x": 23, "y": 32}, {"x": 22, "y": 32}, {"x": 22, "y": 38}, {"x": 23, "y": 38}, {"x": 23, "y": 39}, {"x": 25, "y": 39}, {"x": 25, "y": 40}, {"x": 20, "y": 40}, {"x": 20, "y": 41}, {"x": 19, "y": 41}, {"x": 19, "y": 43}, {"x": 14, "y": 43}, {"x": 14, "y": 44}, {"x": 13, "y": 44}, {"x": 13, "y": 46}, {"x": 12, "y": 46}, {"x": 12, "y": 41}, {"x": 11, "y": 41}, {"x": 11, "y": 40}, {"x": 8, "y": 40}, {"x": 8, "y": 41}, {"x": 7, "y": 41}, {"x": 7, "y": 46}, {"x": 6, "y": 46}, {"x": 6, "y": 41}, {"x": 5, "y": 41}, {"x": 5, "y": 40}, {"x": 3, "y": 40}, {"x": 3, "y": 39}, {"x": 5, "y": 39}, {"x": 5, "y": 38}, {"x": 6, "y": 38}, {"x": 6, "y": 35}, {"x": 5, "y": 35}, {"x": 5, "y": 34}, {"x": 0, "y": 34}, {"x": 0, "y": 30}, {"x": 5, "y": 30}, {"x": 5, "y": 29}, {"x": 6, "y": 29}, {"x": 6, "y": 27}, {"x": 11, "y": 27}, {"x": 11, "y": 26}, {"x": 12, "y": 26}, {"x": 12, "y": 21}, {"x": 14, "y": 21}, {"x": 14, "y": 20}, {"x": 15, "y": 20}, {"x": 15, "y": 18}, {"x": 19, "y": 18}, {"x": 19, "y": 19}, {"x": 17, "y": 19}, {"x": 17, "y": 20}, {"x": 16, "y": 20}, {"x": 16, "y": 23}, {"x": 17, "y": 23}, {"x": 17, "y": 24}, {"x": 26, "y": 24}, {"x": 26, "y": 23}, {"x": 27, "y": 23}, {"x": 27, "y": 17}, {"x": 26, "y": 17}, {"x": 26, "y": 16}, {"x": 24, "y": 16}, {"x": 24, "y": 15}, {"x": 29, "y": 15}, {"x": 29, "y": 14}, {"x": 30, "y": 14}, {"x": 30, "y": 9}, {"x": 31, "y": 9}, {"x": 31, "y": 14}, {"x": 32, "y": 14}, {"x": 32, "y": 15}, {"x": 43, "y": 15}, {"x": 43, "y": 20}, {"x": 44, "y": 20}, {"x": 44, "y": 21}, {"x": 46, "y": 21}, {"x": 46, "y": 22}, {"x": 41, "y": 22}, {"x": 41, "y": 23}, {"x": 40, "y": 23}, {"x": 40, "y": 26}, {"x": 41, "y": 26}, {"x": 41, "y": 27}, {"x": 55, "y": 27}, {"x": 55, "y": 29}, {"x": 56, "y": 29}, {"x": 56, "y": 30}, {"x": 58, "y": 30}, {"x": 58, "y": 32}, {"x": 59, "y": 32}, {"x": 59, "y": 33}, {"x": 68, "y": 33}, {"x": 68, "y": 32}, {"x": 69, "y": 32}, {"x": 69, "y": 30}, {"x": 70, "y": 30}, {"x": 70, "y": 32}, {"x": 71, "y": 32}, {"x": 71, "y": 33}, {"x": 74, "y": 33}, {"x": 74, "y": 32}, {"x": 75, "y": 32}, {"x": 75, "y": 30}, {"x": 76, "y": 30}, {"x": 76, "y": 32}, {"x": 77, "y": 32}, {"x": 77, "y": 33}, {"x": 80, "y": 33}, {"x": 80, "y": 32}, {"x": 81, "y": 32}, {"x": 81, "y": 27}, {"x": 85, "y": 27}, {"x": 85, "y": 29}, {"x": 86, "y": 29}, {"x": 86, "y": 30}, {"x": 98, "y": 30}, {"x": 98, "y": 29}, {"x": 99, "y": 29}, {"x": 99, "y": 26}, {"x": 98, "y": 26}, {"x": 98, "y": 25}, {"x": 96, "y": 25}, {"x": 96, "y": 21}, {"x": 104, "y": 21}, {"x": 104, "y": 20}, {"x": 105, "y": 20}, {"x": 105, "y": 18}, {"x": 107, "y": 18}, {"x": 107, "y": 17}, {"x": 108, "y": 17}, {"x": 108, "y": 15}, {"x": 110, "y": 15}, {"x": 110, "y": 14}, {"x": 111, "y": 14}, {"x": 111, "y": 9}, {"x": 113, "y": 9}, {"x": 113, "y": 8}, {"x": 114, "y": 8}, {"x": 114, "y": 3}, {"x": 116, "y": 3}, {"x": 116, "y": 2}, {"x": 117, "y": 2}, {"x": 117, "y": 0}, {"x": 121, "y": 0}, {"x": 121, "y": 2}, {"x": 122, "y": 2}, {"x": 122, "y": 3}, {"x": 124, "y": 3}, {"x": 124, "y": 5}, {"x": 125, "y": 5}, {"x": 125, "y": 6}, {"x": 136, "y": 6}, {"x": 136, "y": 7}, {"x": 134, "y": 7}, {"x": 134, "y": 8}, {"x": 133, "y": 8}, {"x": 133, "y": 11}, {"x": 134, "y": 11}, {"x": 134, "y": 12}, {"x": 136, "y": 12}, {"x": 136, "y": 14}, {"x": 137, "y": 14}, {"x": 137, "y": 15}, {"x": 140, "y": 15}, {"x": 140, "y": 14}, {"x": 141, "y": 14}, {"x": 141, "y": 12}, {"x": 142, "y": 12}, {"x": 142, "y": 16}, {"x": 140, "y": 16}, {"x": 140, "y": 17}, {"x": 139, "y": 17}, {"x": 139, "y": 22}, {"x": 138, "y": 22}, {"x": 138, "y": 20}, {"x": 137, "y": 20}, {"x": 137, "y": 19}, {"x": 131, "y": 19}, {"x": 131, "y": 20}, {"x": 130, "y": 20}, {"x": 130, "y": 23}, {"x": 131, "y": 23}, {"x": 131, "y": 24}, {"x": 133, "y": 24}, {"x": 133, "y": 28}, {"x": 128, "y": 28}, {"x": 128, "y": 29}, {"x": 127, "y": 29}, {"x": 127, "y": 34}, {"x": 122, "y": 34}, {"x": 122, "y": 35}, {"x": 121, "y": 35}, {"x": 121, "y": 38}, {"x": 122, "y": 38}, {"x": 122, "y": 39}, {"x": 124, "y": 39}, {"x": 124, "y": 44}, {"x": 125, "y": 44}, {"x": 125, "y": 45}, {"x": 127, "y": 45}, {"x": 127, "y": 46}, {"x": 122, "y": 46}, {"x": 122, "y": 47}, {"x": 121, "y": 47}, {"x": 121, "y": 49}, {"x": 113, "y": 49}, {"x": 113, "y": 50}, {"x": 112, "y": 50}, {"x": 112, "y": 52}, {"x": 110, "y": 52}, {"x": 110, "y": 53}, {"x": 109, "y": 53}, {"x": 109, "y": 56}, {"x": 110, "y": 56}, {"x": 110, "y": 57}, {"x": 115, "y": 57}, {"x": 115, "y": 58}, {"x": 110, "y": 58}, {"x": 110, "y": 59}, {"x": 109, "y": 59}, {"x": 109, "y": 64}, {"x": 107, "y": 64}, {"x": 107, "y": 65}, {"x": 106, "y": 65}, {"x": 106, "y": 67}, {"x": 105, "y": 67}, {"x": 105, "y": 62}, {"x": 104, "y": 62}, {"x": 104, "y": 61}, {"x": 101, "y": 61}, {"x": 101, "y": 62}, {"x": 100, "y": 62}, {"x": 100, "y": 64}, {"x": 95, "y": 64}, {"x": 95, "y": 65}, {"x": 94, "y": 65}, {"x": 94, "y": 71}, {"x": 95, "y": 71}, {"x": 95, "y": 72}, {"x": 97, "y": 72}, {"x": 97, "y": 73}, {"x": 93, "y": 73}, {"x": 93, "y": 71}, {"x": 92, "y": 71}], "holes": [[{"x": 86, "y": 104}, {"x": 85, "y": 104}, {"x": 85, "y": 107}, {"x": 86, "y": 107}, {"x": 86, "y": 108}, {"x": 101, "y": 108}, {"x": 101, "y": 107}, {"x": 102, "y": 107}, {"x": 102, "y": 104}, {"x": 101, "y": 104}, {"x": 101, "y": 103}, {"x": 99, "y": 103}, {"x": 99, "y": 101}, {"x": 98, "y": 101}, {"x": 98, "y": 100}, {"x": 95, "y": 100}, {"x": 95, "y": 101}, {"x": 94, "y": 101}, {"x": 94, "y": 103}, {"x": 86, "y": 103}]], "name": "srpg_iso_aligned_mc0001258", "type": "CGSHOP2023_Instance", "n": 1260}